initiative_id,initiative_name,business_unit,product_family,region,owner,priority,lifecycle_stage,quarter,checkpoint,planned_revenue,actual_revenue,planned_otd_pct,actual_otd_pct,backlog_days,customer_adoption_pct,gross_margin_pct,budget_utilization_pct,risk_level,revenue_attainment,otd_attainment,backlog_score,adoption_score,margin_score,budget_score,aos_health,execution_score,revenue_variance_pct,otd_variance_pct,status,risk_category,priority_rank
INIT-0001,Cadence Initiative 1,Biopharma Consumables,Cadence,APAC,PMM_15,Medium,Growth,2024Q1,Month1,141239.79,136801.0,95,95.0,18,72.2,36.4,87.4,Low,0.969,1.0,0.8,0.722,0.728,0.748,0.879,0.9,-3.1427333614698862,0.0,Amber,Medium,117
INIT-0001,Cadence Initiative 1,Biopharma Consumables,Cadence,APAC,PMM_15,Medium,Growth,2024Q1,Month2,148135.81,150834.95,95,91.9,38,68.8,38.7,85.9,Low,1.018,0.967,0.578,0.688,0.774,0.718,0.855,0.773,1.8220712466486086,-3.0999999999999943,Amber,Medium,155
INIT-0001,Cadence Initiative 1,Biopharma Consumables,Cadence,APAC,PMM_15,Medium,Growth,2024Q1,Month3,146033.13,139613.3,95,94.5,39,75.1,37.9,92.8,Medium,0.956,0.995,0.567,0.751,0.758,0.856,0.855,0.781,-4.396146271739855,-0.5,Amber,Medium,154
INIT-0001,Cadence Initiative 1,Biopharma Consumables,Cadence,APAC,PMM_15,Medium,Growth,2024Q2,Month1,160598.27,166833.38,95,90.5,34,84.6,37.3,95.1,Low,1.039,0.953,0.622,0.846,0.746,0.902,0.897,0.787,3.8824266288796356,-4.5,Amber,Medium,92
INIT-0001,Cadence Initiative 1,Biopharma Consumables,Cadence,APAC,PMM_15,Medium,Growth,2024Q2,Month2,171510.02,167570.85,95,90.8,21,85.4,38.5,91.1,Low,0.977,0.956,0.767,0.854,0.77,0.822,0.893,0.861,-2.2967579386906865,-4.200000000000003,Amber,Medium,104
INIT-0001,Cadence Initiative 1,Biopharma Consumables,Cadence,APAC,PMM_15,Medium,Growth,2024Q2,Month3,166888.41,171273.85,95,90.3,41,75.0,34.6,93.1,Low,1.026,0.951,0.544,0.75,0.692,0.862,0.861,0.747,2.6277678599730216,-4.700000000000003,Amber,Medium,148
INIT-0001,Cadence Initiative 1,Biopharma Consumables,Cadence,APAC,PMM_15,Medium,Growth,2024Q3,Month1,189194.38,189446.88,95,95.9,43,83.8,40.7,99.2,Low,1.001,1.009,0.522,0.838,0.814,0.984,0.894,0.766,0.13346062393608096,0.9000000000000057,Amber,Medium,110
INIT-0001,Cadence Initiative 1,Biopharma Consumables,Cadence,APAC,PMM_15,Medium,Growth,2024Q3,Month2,189184.38,202227.65,95,90.3,29,85.5,36.6,90.5,Low,1.069,0.951,0.678,0.855,0.732,0.81,0.906,0.814,6.894475114700267,-4.700000000000003,Green,Low,89
INIT-0001,Cadence Initiative 1,Biopharma Consumables,Cadence,APAC,PMM_15,Medium,Growth,2024Q3,Month3,193866.3,199075.24,95,89.5,20,67.6,37.8,99.8,Low,1.027,0.942,0.778,0.676,0.756,0.996,0.907,0.86,2.686872344497214,-5.5,Green,Low,84
INIT-0001,Cadence Initiative 1,Biopharma Consumables,Cadence,APAC,PMM_15,Medium,Growth,2024Q4,Month1,234257.14,244186.4,95,92.4,30,86.0,33.7,100.3,Low,1.042,0.973,0.667,0.86,0.674,0.994,0.912,0.82,4.238615736536346,-2.5999999999999943,Green,Low,73
INIT-0001,Cadence Initiative 1,Biopharma Consumables,Cadence,APAC,PMM_15,Medium,Growth,2024Q4,Month2,228272.47,234795.19,95,93.5,38,94.2,40.5,94.3,Low,1.029,0.984,0.578,0.942,0.81,0.886,0.907,0.781,2.8574273542490696,-1.5,Green,Low,83
INIT-0001,Cadence Initiative 1,Biopharma Consumables,Cadence,APAC,PMM_15,Medium,Growth,2024Q4,Month3,223415.87,217663.83,95,89.5,33,87.0,40.2,90.0,Medium,0.974,0.942,0.633,0.87,0.804,0.8,0.872,0.788,-2.574588815020172,-5.5,Amber,Medium,137
INIT-0001,Cadence Initiative 1,Biopharma Consumables,Cadence,APAC,PMM_15,Medium,Growth,2025Q1,Month1,262523.3,278772.17,95,88.7,31,64.9,46.8,83.2,Low,1.062,0.934,0.656,0.649,0.936,0.664,0.882,0.795,6.189496322802584,-6.299999999999997,Amber,Medium,109
INIT-0001,Cadence Initiative 1,Biopharma Consumables,Cadence,APAC,PMM_15,Medium,Growth,2025Q1,Month2,252082.98,262517.32,95,90.0,36,87.1,35.5,85.4,Low,1.041,0.947,0.6,0.871,0.71,0.708,0.873,0.774,4.13924811583868,-5.0,Amber,Medium,123
INIT-0001,Cadence Initiative 1,Biopharma Consumables,Cadence,APAC,PMM_15,Medium,Growth,2025Q1,Month3,263780.96,260359.53,95,93.5,17,77.4,39.0,91.4,Low,0.987,0.984,0.811,0.774,0.78,0.828,0.902,0.898,-1.2970723891519775,-1.5,Green,Low,78
INIT-0001,Cadence Initiative 1,Biopharma Consumables,Cadence,APAC,PMM_15,Medium,Growth,2025Q2,Month1,305325.6,329182.08,95,91.4,44,75.6,35.7,98.2,Low,1.078,0.962,0.511,0.756,0.714,0.964,0.89,0.737,7.813455537301832,-3.5999999999999943,Amber,Medium,102
INIT-0001,Cadence Initiative 1,Biopharma Consumables,Cadence,APAC,PMM_15,Medium,Growth,2025Q2,Month2,306750.48,330629.48,95,90.5,37,68.1,36.3,92.8,Low,1.078,0.953,0.589,0.681,0.726,0.856,0.882,0.771,7.784502896295386,-4.5,Amber,Medium,121
INIT-0001,Cadence Initiative 1,Biopharma Consumables,Cadence,APAC,PMM_15,Medium,Growth,2025Q2,Month3,305231.4,322090.9,95,87.8,18,73.0,39.6,84.7,Low,1.055,0.924,0.8,0.73,0.792,0.694,0.896,0.862,5.5235142911247,-7.200000000000003,Amber,Medium,88
INIT-0001,Cadence Initiative 1,Biopharma Consumables,Cadence,APAC,PMM_15,Medium,Growth,2025Q3,Month1,357508.32,344906.71,95,88.9,43,67.7,40.2,78.3,Medium,0.965,0.936,0.522,0.677,0.804,0.566,0.808,0.729,-3.5248438413964704,-6.099999999999994,Amber,Medium,183
INIT-0001,Cadence Initiative 1,Biopharma Consumables,Cadence,APAC,PMM_15,Medium,Growth,2025Q3,Month2,359547.29,383656.5,95,95.1,23,79.2,41.9,85.1,Low,1.067,1.001,0.744,0.792,0.838,0.702,0.919,0.873,6.7054350486135,0.09999999999999432,Green,Low,65
INIT-0001,Cadence Initiative 1,Biopharma Consumables,Cadence,APAC,PMM_15,Medium,Growth,2025Q3,Month3,356151.15,379447.04,95,95.0,39,80.9,35.9,106.9,Low,1.065,1.0,0.567,0.809,0.718,0.862,0.897,0.783,6.541012151722647,0.0,Amber,Medium,104
INIT-0001,Cadence Initiative 1,Biopharma Consumables,Cadence,APAC,PMM_15,Medium,Growth,2025Q4,Month1,386561.26,392052.82,95,93.3,16,82.7,40.6,99.7,Low,1.014,0.982,0.822,0.827,0.812,0.994,0.938,0.902,1.4206182999300028,-1.7000000000000028,Green,Low,16
INIT-0001,Cadence Initiative 1,Biopharma Consumables,Cadence,APAC,PMM_15,Medium,Growth,2025Q4,Month2,389892.16,389035.59,95,92.3,45,81.2,38.2,99.3,Medium,0.998,0.972,0.5,0.812,0.764,0.986,0.875,0.736,-0.2196940815634633,-2.700000000000003,Amber,Medium,129
INIT-0001,Cadence Initiative 1,Biopharma Consumables,Cadence,APAC,PMM_15,Medium,Growth,2025Q4,Month3,394914.2,404786.07,95,91.1,13,77.7,35.1,99.8,Low,1.025,0.959,0.856,0.777,0.702,0.996,0.926,0.907,2.499750578733303,-3.9000000000000057,Green,Low,42
INIT-0002,Cadence Initiative 2,Biopharma Consumables,Cadence,APAC,PMM_17,Low,Growth,2024Q1,Month1,187968.25,192077.13,95,93.7,31,75.8,36.6,87.1,Low,1.022,0.986,0.656,0.758,0.732,0.742,0.876,0.821,2.185943636757806,-1.2999999999999972,Amber,Medium,124
INIT-0002,Cadence Initiative 2,Biopharma Consumables,Cadence,APAC,PMM_17,Low,Growth,2024Q1,Month2,183154.48,196286.68,95,89.7,31,69.9,34.6,103.1,Low,1.072,0.944,0.656,0.699,0.692,0.938,0.895,0.8,7.1700129857593335,-5.299999999999997,Amber,Medium,99
INIT-0002,Cadence Initiative 2,Biopharma Consumables,Cadence,APAC,PMM_17,Low,Growth,2024Q1,Month3,178915.24,187199.0,95,90.8,38,82.5,43.3,86.7,Low,1.046,0.956,0.578,0.825,0.866,0.734,0.887,0.767,4.629991274080402,-4.200000000000003,Amber,Medium,107
INIT-0002,Cadence Initiative 2,Biopharma Consumables,Cadence,APAC,PMM_17,Low,Growth,2024Q2,Month1,210170.48,213364.47,95,88.3,22,61.1,40.9,97.2,Low,1.015,0.929,0.756,0.611,0.818,0.944,0.892,0.843,1.5197139008294553,-6.700000000000003,Amber,Medium,105
INIT-0002,Cadence Initiative 2,Biopharma Consumables,Cadence,APAC,PMM_17,Low,Growth,2024Q2,Month2,215959.0,207799.56,95,90.0,20,68.9,36.6,88.7,Low,0.962,0.947,0.778,0.689,0.732,0.774,0.862,0.863,-3.7782356836251334,-5.0,Amber,Medium,146
INIT-0002,Cadence Initiative 2,Biopharma Consumables,Cadence,APAC,PMM_17,Low,Growth,2024Q2,Month3,198267.2,191628.79,95,89.5,23,84.0,41.6,90.8,Low,0.967,0.942,0.744,0.84,0.832,0.816,0.887,0.843,-3.3482139254501013,-5.5,Amber,Medium,110
INIT-0002,Cadence Initiative 2,Biopharma Consumables,Cadence,APAC,PMM_17,Low,Growth,2024Q3,Month1,232567.33,242891.43,95,92.9,21,88.5,36.1,88.4,Low,1.044,0.978,0.767,0.885,0.722,0.768,0.914,0.872,4.439187567746513,-2.0999999999999943,Green,Low,75
INIT-0002,Cadence Initiative 2,Biopharma Consumables,Cadence,APAC,PMM_17,Low,Growth,2024Q3,Month2,224755.97,215881.14,95,87.8,41,61.3,33.4,89.3,Medium,0.961,0.924,0.544,0.613,0.668,0.786,0.809,0.734,-3.948651508567264,-7.200000000000003,Amber,Medium,184
INIT-0002,Cadence Initiative 2,Biopharma Consumables,Cadence,APAC,PMM_17,Low,Growth,2024Q3,Month3,225117.73,222054.19,95,89.0,31,94.6,36.6,92.7,Low,0.986,0.937,0.656,0.946,0.732,0.854,0.884,0.796,-1.3608612702340273,-6.0,Amber,Medium,124
INIT-0002,Cadence Initiative 2,Biopharma Consumables,Cadence,APAC,PMM_17,Low,Growth,2024Q4,Month1,254278.03,244676.59,95,91.0,20,72.1,36.4,100.8,Low,0.962,0.958,0.778,0.721,0.728,0.984,0.888,0.868,-3.7759612971675147,-4.0,Amber,Medium,110
INIT-0002,Cadence Initiative 2,Biopharma Consumables,Cadence,APAC,PMM_17,Low,Growth,2024Q4,Month2,263384.02,271301.47,95,91.8,42,78.0,40.3,107.5,Low,1.03,0.966,0.533,0.78,0.806,0.85,0.877,0.75,3.006047975120113,-3.200000000000003,Amber,Medium,127
INIT-0002,Cadence Initiative 2,Biopharma Consumables,Cadence,APAC,PMM_17,Low,Growth,2024Q4,Month3,267379.9,254932.42,95,94.5,17,82.1,42.8,82.1,Low,0.953,0.995,0.811,0.821,0.856,0.642,0.886,0.903,-4.655353674677868,-0.5,Amber,Medium,112
INIT-0002,Cadence Initiative 2,Biopharma Consumables,Cadence,APAC,PMM_17,Low,Growth,2025Q1,Month1,304587.15,321843.68,95,93.8,22,80.8,36.1,90.3,Low,1.057,0.987,0.756,0.808,0.722,0.806,0.914,0.871,5.665547610921855,-1.2000000000000028,Green,Low,51
INIT-0002,Cadence Initiative 2,Biopharma Consumables,Cadence,APAC,PMM_17,Low,Growth,2025Q1,Month2,313660.79,308607.8,95,88.9,20,73.1,40.9,103.6,Low,0.984,0.936,0.778,0.731,0.818,0.928,0.896,0.857,-1.610972796440381,-6.099999999999994,Amber,Medium,88
INIT-0002,Cadence Initiative 2,Biopharma Consumables,Cadence,APAC,PMM_17,Low,Growth,2025Q1,Month3,314649.13,338494.97,95,93.8,36,85.5,39.8,91.8,Low,1.076,0.987,0.6,0.855,0.796,0.836,0.913,0.794,7.57854947827123,-1.2000000000000028,Green,Low,54
INIT-0002,Cadence Initiative 2,Biopharma Consumables,Cadence,APAC,PMM_17,Low,Growth,2025Q2,Month1,355571.2,348821.6,95,89.9,23,79.2,36.8,94.1,Low,0.981,0.946,0.744,0.792,0.736,0.882,0.885,0.845,-1.8982414773750054,-5.099999999999994,Amber,Medium,113
INIT-0002,Cadence Initiative 2,Biopharma Consumables,Cadence,APAC,PMM_17,Low,Growth,2025Q2,Month2,359935.73,360169.82,95,91.8,30,75.3,36.2,107.3,Low,1.001,0.966,0.667,0.753,0.724,0.854,0.877,0.816,0.06503661084161487,-3.200000000000003,Amber,Medium,132
INIT-0002,Cadence Initiative 2,Biopharma Consumables,Cadence,APAC,PMM_17,Low,Growth,2025Q2,Month3,344223.29,351789.8,95,89.5,41,88.7,39.9,97.0,Low,1.022,0.942,0.544,0.887,0.798,0.94,0.89,0.743,2.1981400503144366,-5.5,Amber,Medium,100
INIT-0002,Cadence Initiative 2,Biopharma Consumables,Cadence,APAC,PMM_17,Low,Growth,2025Q3,Month1,387931.86,390802.16,95,88.3,44,86.9,39.5,92.4,Medium,1.007,0.929,0.511,0.869,0.79,0.848,0.866,0.72,0.7398979810526489,-6.700000000000003,Amber,Medium,138
INIT-0002,Cadence Initiative 2,Biopharma Consumables,Cadence,APAC,PMM_17,Low,Growth,2025Q3,Month2,385279.69,407179.68,95,90.3,30,78.6,33.3,92.6,Low,1.057,0.951,0.667,0.786,0.666,0.852,0.89,0.809,5.684179718894601,-4.700000000000003,Amber,Medium,115
INIT-0002,Cadence Initiative 2,Biopharma Consumables,Cadence,APAC,PMM_17,Low,Growth,2025Q3,Month3,391304.29,413085.83,95,93.1,40,71.4,42.1,75.7,Low,1.056,0.98,0.556,0.714,0.842,0.514,0.856,0.768,5.566394378144956,-1.9000000000000057,Amber,Medium,148
INIT-0002,Cadence Initiative 2,Biopharma Consumables,Cadence,APAC,PMM_17,Low,Growth,2025Q4,Month1,439475.64,440651.8,95,91.0,34,93.7,39.9,96.3,Low,1.003,0.958,0.622,0.937,0.798,0.926,0.902,0.79,0.2676280305320164,-4.0,Green,Low,92
INIT-0002,Cadence Initiative 2,Biopharma Consumables,Cadence,APAC,PMM_17,Low,Growth,2025Q4,Month2,468420.45,467827.05,95,93.6,37,52.4,41.4,76.8,Low,0.999,0.985,0.589,0.524,0.828,0.536,0.824,0.787,-0.12668106185373063,-1.4000000000000057,Amber,Medium,170
INIT-0002,Cadence Initiative 2,Biopharma Consumables,Cadence,APAC,PMM_17,Low,Growth,2025Q4,Month3,436375.61,428908.67,95,93.5,19,84.0,44.8,95.2,Low,0.983,0.984,0.789,0.84,0.896,0.904,0.923,0.887,-1.7111267973936497,-1.5,Green,Low,49
INIT-0003,Pegasus Initiative 3,Biopharma Consumables,Pegasus,North America,PMM_01,Medium,Growth,2024Q1,Month1,306610.8,307005.66,95,97.3,15,68.1,36.5,82.3,Low,1.001,1.024,0.833,0.681,0.73,0.646,0.886,0.929,0.1287821564015312,2.299999999999997,Amber,Medium,109
INIT-0003,Pegasus Initiative 3,Biopharma Consumables,Pegasus,North America,PMM_01,Medium,Growth,2024Q1,Month2,304994.25,328378.56,95,93.8,12,93.9,39.0,107.0,Low,1.077,0.987,0.867,0.939,0.78,0.86,0.962,0.927,7.6671314295269495,-1.2000000000000028,Green,Low,7
INIT-0003,Pegasus Initiative 3,Biopharma Consumables,Pegasus,North America,PMM_01,Medium,Growth,2024Q1,Month3,307506.23,298631.66,95,97.6,23,85.4,42.4,97.6,Low,0.971,1.027,0.744,0.854,0.848,0.952,0.922,0.886,-2.885980553954958,2.5999999999999943,Green,Low,53
INIT-0003,Pegasus Initiative 3,Biopharma Consumables,Pegasus,North America,PMM_01,Medium,Growth,2024Q2,Month1,351661.7,369627.5,95,91.4,8,76.7,36.2,103.5,Low,1.051,0.962,0.911,0.767,0.724,0.93,0.939,0.937,5.108830446989248,-3.5999999999999943,Green,Low,22
INIT-0003,Pegasus Initiative 3,Biopharma Consumables,Pegasus,North America,PMM_01,Medium,Growth,2024Q2,Month2,380543.56,384702.94,95,95.1,8,76.9,37.8,94.1,Low,1.011,1.001,0.911,0.769,0.756,0.882,0.931,0.956,1.093010219381982,0.09999999999999432,Green,Low,33
INIT-0003,Pegasus Initiative 3,Biopharma Consumables,Pegasus,North America,PMM_01,Medium,Growth,2024Q2,Month3,386827.03,396911.39,95,98.6,28,81.0,36.1,102.8,Low,1.026,1.038,0.689,0.81,0.722,0.944,0.918,0.863,2.606942953288447,3.5999999999999943,Green,Low,58
INIT-0003,Pegasus Initiative 3,Biopharma Consumables,Pegasus,North America,PMM_01,Medium,Growth,2024Q3,Month1,404794.8,416453.98,95,92.6,20,88.6,42.6,85.4,Low,1.029,0.975,0.778,0.886,0.852,0.708,0.916,0.876,2.8802692129444334,-2.4000000000000057,Green,Low,70
INIT-0003,Pegasus Initiative 3,Biopharma Consumables,Pegasus,North America,PMM_01,Medium,Growth,2024Q3,Month2,424253.55,448893.47,95,94.6,29,75.0,36.3,110.0,Low,1.058,0.996,0.678,0.75,0.726,0.8,0.899,0.837,5.807828832546005,-0.4000000000000057,Amber,Medium,100
INIT-0003,Pegasus Initiative 3,Biopharma Consumables,Pegasus,North America,PMM_01,Medium,Growth,2024Q3,Month3,413782.84,430967.4,95,96.3,21,88.6,32.7,82.5,Low,1.042,1.014,0.767,0.886,0.654,0.65,0.901,0.89,4.153038342527688,1.2999999999999972,Green,Low,95
INIT-0003,Pegasus Initiative 3,Biopharma Consumables,Pegasus,North America,PMM_01,Medium,Growth,2024Q4,Month1,483838.33,516914.13,95,94.5,31,57.6,43.7,93.8,Low,1.068,0.995,0.656,0.576,0.874,0.876,0.904,0.825,6.836126439176489,-0.5,Green,Low,89
INIT-0003,Pegasus Initiative 3,Biopharma Consumables,Pegasus,North America,PMM_01,Medium,Growth,2024Q4,Month2,505858.9,512928.34,95,94.1,24,81.8,37.9,75.5,Low,1.014,0.991,0.733,0.818,0.758,0.51,0.872,0.862,1.3975122311775086,-0.9000000000000057,Amber,Medium,138
INIT-0003,Pegasus Initiative 3,Biopharma Consumables,Pegasus,North America,PMM_01,Medium,Growth,2024Q4,Month3,497847.33,507726.74,95,92.9,26,77.1,32.7,104.0,Low,1.02,0.978,0.711,0.771,0.654,0.92,0.894,0.845,1.9844256270290679,-2.0999999999999943,Amber,Medium,102
INIT-0003,Pegasus Initiative 3,Biopharma Consumables,Pegasus,North America,PMM_01,Medium,Growth,2025Q1,Month1,553398.06,590244.68,95,96.1,32,68.1,39.5,87.8,Low,1.067,1.012,0.644,0.681,0.79,0.756,0.895,0.828,6.6582488561669315,1.0999999999999943,Amber,Medium,91
INIT-0003,Pegasus Initiative 3,Biopharma Consumables,Pegasus,North America,PMM_01,Medium,Growth,2025Q1,Month2,553223.3,563997.36,95,91.7,8,70.1,34.3,82.7,Low,1.019,0.965,0.911,0.701,0.686,0.654,0.891,0.938,1.9475065493445303,-3.299999999999997,Amber,Medium,96
INIT-0003,Pegasus Initiative 3,Biopharma Consumables,Pegasus,North America,PMM_01,Medium,Growth,2025Q1,Month3,548379.97,526789.52,95,95.2,29,86.5,36.1,86.1,Low,0.961,1.002,0.678,0.865,0.722,0.722,0.869,0.84,-3.9371332253437252,0.20000000000000284,Amber,Medium,131
INIT-0003,Pegasus Initiative 3,Biopharma Consumables,Pegasus,North America,PMM_01,Medium,Growth,2025Q2,Month1,637609.12,668720.75,95,94.7,33,83.8,37.2,93.0,Low,1.049,0.997,0.633,0.838,0.744,0.86,0.906,0.815,4.879420482567753,-0.29999999999999716,Green,Low,71
INIT-0003,Pegasus Initiative 3,Biopharma Consumables,Pegasus,North America,PMM_01,Medium,Growth,2025Q2,Month2,623221.1,664588.58,95,92.2,10,68.3,38.2,104.2,Low,1.066,0.971,0.889,0.683,0.764,0.916,0.937,0.93,6.637689256669901,-2.799999999999997,Green,Low,23
INIT-0003,Pegasus Initiative 3,Biopharma Consumables,Pegasus,North America,PMM_01,Medium,Growth,2025Q2,Month3,629340.52,612786.92,95,93.2,12,53.4,33.3,93.7,Low,0.974,0.981,0.867,0.534,0.666,0.874,0.874,0.924,-2.6303089462601226,-1.7999999999999972,Amber,Medium,134
INIT-0003,Pegasus Initiative 3,Biopharma Consumables,Pegasus,North America,PMM_01,Medium,Growth,2025Q3,Month1,733956.17,744816.87,95,93.1,16,100.0,41.0,88.5,Low,1.015,0.98,0.822,1.0,0.82,0.77,0.934,0.901,1.4797477620495993,-1.9000000000000057,Green,Low,31
INIT-0003,Pegasus Initiative 3,Biopharma Consumables,Pegasus,North America,PMM_01,Medium,Growth,2025Q3,Month2,708466.34,755901.11,95,93.4,13,93.8,38.0,78.9,Low,1.067,0.983,0.856,0.938,0.76,0.578,0.926,0.919,6.695416185898122,-1.5999999999999943,Green,Low,49
INIT-0003,Pegasus Initiative 3,Biopharma Consumables,Pegasus,North America,PMM_01,Medium,Growth,2025Q3,Month3,723387.47,696789.76,95,97.3,28,71.5,36.5,87.3,Low,0.963,1.024,0.689,0.715,0.73,0.746,0.864,0.857,-3.6768275790013285,2.299999999999997,Amber,Medium,140
INIT-0003,Pegasus Initiative 3,Biopharma Consumables,Pegasus,North America,PMM_01,Medium,Growth,2025Q4,Month1,862586.24,821502.57,95,92.1,26,69.4,40.4,93.2,Low,0.952,0.969,0.711,0.694,0.808,0.864,0.87,0.84,-4.762847828409603,-2.9000000000000057,Amber,Medium,134
INIT-0003,Pegasus Initiative 3,Biopharma Consumables,Pegasus,North America,PMM_01,Medium,Growth,2025Q4,Month2,788624.22,823305.15,95,98.6,31,80.9,43.3,101.9,Low,1.044,1.038,0.656,0.809,0.866,0.962,0.935,0.847,4.397649618217414,3.5999999999999943,Green,Low,23
INIT-0003,Pegasus Initiative 3,Biopharma Consumables,Pegasus,North America,PMM_01,Medium,Growth,2025Q4,Month3,805199.12,809472.1,95,98.0,11,77.1,36.6,89.5,Low,1.005,1.032,0.878,0.771,0.732,0.79,0.919,0.955,0.5306737046607777,3.0,Green,Low,58
INIT-0004,Pegasus Initiative 4,Biopharma Consumables,Pegasus,APAC,PMM_06,Medium,Launch,2024Q1,Month1,202824.05,181893.51,95,82.7,43,65.1,36.3,98.7,Medium,0.897,0.871,0.522,0.651,0.726,0.974,0.801,0.696,-10.319555299285257,-12.299999999999997,Amber,Medium,190
INIT-0004,Pegasus Initiative 4,Biopharma Consumables,Pegasus,APAC,PMM_06,Medium,Launch,2024Q1,Month2,217866.35,197137.3,95,86.9,50,43.7,38.5,92.7,Medium,0.905,0.915,0.444,0.437,0.77,0.854,0.772,0.68,-9.514571662856616,-8.099999999999994,Amber,Medium,211
INIT-0004,Pegasus Initiative 4,Biopharma Consumables,Pegasus,APAC,PMM_06,Medium,Launch,2024Q1,Month3,205571.94,189336.59,95,80.1,71,62.6,39.9,88.5,Medium,0.921,0.843,0.211,0.626,0.798,0.77,0.742,0.527,-7.897648871728313,-14.900000000000006,Red,High,226
INIT-0004,Pegasus Initiative 4,Biopharma Consumables,Pegasus,APAC,PMM_06,Medium,Launch,2024Q2,Month1,228709.92,215629.56,95,89.6,57,59.6,43.3,88.8,Medium,0.943,0.943,0.367,0.596,0.866,0.776,0.797,0.655,-5.719192241420929,-5.400000000000006,Amber,Medium,190
INIT-0004,Pegasus Initiative 4,Biopharma Consumables,Pegasus,APAC,PMM_06,Medium,Launch,2024Q2,Month2,234711.25,217029.35,95,87.4,57,52.6,40.5,99.1,Medium,0.925,0.92,0.367,0.526,0.81,0.982,0.794,0.643,-7.53346931602128,-7.599999999999994,Amber,Medium,191
INIT-0004,Pegasus Initiative 4,Biopharma Consumables,Pegasus,APAC,PMM_06,Medium,Launch,2024Q2,Month3,228495.05,198012.49,95,81.6,32,56.0,39.0,88.7,Medium,0.867,0.859,0.644,0.56,0.78,0.774,0.783,0.752,-13.340577837463,-13.400000000000006,Amber,Medium,200
INIT-0004,Pegasus Initiative 4,Biopharma Consumables,Pegasus,APAC,PMM_06,Medium,Launch,2024Q3,Month1,246323.92,236391.39,95,90.2,68,63.3,35.4,92.6,Medium,0.96,0.949,0.244,0.633,0.708,0.852,0.782,0.597,-4.032304292656595,-4.799999999999997,Amber,Medium,207
INIT-0004,Pegasus Initiative 4,Biopharma Consumables,Pegasus,APAC,PMM_06,Medium,Launch,2024Q3,Month2,251945.86,210225.71,95,89.7,60,50.2,38.2,110.0,Medium,0.834,0.944,0.333,0.502,0.764,0.8,0.737,0.639,-16.559172673049677,-5.299999999999997,Red,High,227
INIT-0004,Pegasus Initiative 4,Biopharma Consumables,Pegasus,APAC,PMM_06,Medium,Launch,2024Q3,Month3,246481.03,227037.46,95,86.3,29,68.3,44.0,97.7,Medium,0.921,0.908,0.678,0.683,0.88,0.954,0.857,0.793,-7.88846508796235,-8.700000000000003,Amber,Medium,156
INIT-0004,Pegasus Initiative 4,Biopharma Consumables,Pegasus,APAC,PMM_06,Medium,Launch,2024Q4,Month1,282752.23,247724.66,95,82.9,39,70.7,38.8,83.0,Medium,0.876,0.873,0.567,0.707,0.776,0.66,0.78,0.72,-12.388079132037253,-12.099999999999994,Amber,Medium,200
INIT-0004,Pegasus Initiative 4,Biopharma Consumables,Pegasus,APAC,PMM_06,Medium,Launch,2024Q4,Month2,270500.73,249307.91,95,85.9,74,67.0,40.0,87.0,Medium,0.922,0.904,0.178,0.67,0.8,0.74,0.751,0.541,-7.834662775216902,-9.099999999999994,Amber,Medium,225
INIT-0004,Pegasus Initiative 4,Biopharma Consumables,Pegasus,APAC,PMM_06,Medium,Launch,2024Q4,Month3,258914.77,245860.18,95,81.9,71,53.2,36.1,88.0,Medium,0.95,0.862,0.211,0.532,0.722,0.76,0.738,0.537,-5.0420414408957805,-13.099999999999994,Red,High,230
INIT-0004,Pegasus Initiative 4,Biopharma Consumables,Pegasus,APAC,PMM_06,Medium,Launch,2025Q1,Month1,296142.01,268039.68,95,83.2,72,61.2,36.1,84.7,Medium,0.905,0.876,0.2,0.612,0.722,0.694,0.725,0.538,-9.489477700242533,-11.799999999999997,Red,High,239
INIT-0004,Pegasus Initiative 4,Biopharma Consumables,Pegasus,APAC,PMM_06,Medium,Launch,2025Q1,Month2,284024.56,246672.05,95,89.5,63,57.5,38.5,98.2,Medium,0.868,0.942,0.3,0.575,0.77,0.964,0.768,0.621,-13.151154956458699,-5.5,Amber,Medium,217
INIT-0004,Pegasus Initiative 4,Biopharma Consumables,Pegasus,APAC,PMM_06,Medium,Launch,2025Q1,Month3,273091.07,246019.13,95,90.2,51,52.7,40.1,106.8,Medium,0.901,0.949,0.433,0.527,0.802,0.864,0.789,0.691,-9.913154611756438,-4.799999999999997,Amber,Medium,203
INIT-0004,Pegasus Initiative 4,Biopharma Consumables,Pegasus,APAC,PMM_06,Medium,Launch,2025Q2,Month1,305264.91,269933.08,95,82.1,47,66.3,45.7,92.5,Medium,0.884,0.864,0.478,0.663,0.914,0.85,0.797,0.671,-11.574153740762396,-12.900000000000006,Amber,Medium,182
INIT-0004,Pegasus Initiative 4,Biopharma Consumables,Pegasus,APAC,PMM_06,Medium,Launch,2025Q2,Month2,287350.03,249682.51,95,89.2,43,80.7,34.7,103.1,Medium,0.869,0.939,0.522,0.807,0.694,0.938,0.814,0.731,-13.108583980311405,-5.799999999999997,Amber,Medium,177
INIT-0004,Pegasus Initiative 4,Biopharma Consumables,Pegasus,APAC,PMM_06,Medium,Launch,2025Q2,Month3,298573.81,276822.67,95,85.0,65,28.4,33.8,85.8,Medium,0.927,0.895,0.278,0.284,0.676,0.716,0.713,0.586,-7.285012707578074,-10.0,Red,High,237
INIT-0004,Pegasus Initiative 4,Biopharma Consumables,Pegasus,APAC,PMM_06,Medium,Launch,2025Q3,Month1,324197.83,303958.3,95,80.0,58,62.2,34.6,87.8,Medium,0.938,0.842,0.356,0.622,0.692,0.756,0.757,0.599,-6.242956653966507,-15.0,Amber,Medium,218
INIT-0004,Pegasus Initiative 4,Biopharma Consumables,Pegasus,APAC,PMM_06,Medium,Launch,2025Q3,Month2,332181.51,309840.34,95,82.2,65,59.9,38.7,94.0,Medium,0.933,0.865,0.278,0.599,0.774,0.88,0.766,0.572,-6.725591078202993,-12.799999999999997,Amber,Medium,212
INIT-0004,Pegasus Initiative 4,Biopharma Consumables,Pegasus,APAC,PMM_06,Medium,Launch,2025Q3,Month3,323819.91,283956.04,95,86.6,51,58.3,34.2,99.4,Medium,0.877,0.912,0.433,0.583,0.684,0.988,0.78,0.672,-12.310506169926363,-8.400000000000006,Amber,Medium,204
INIT-0004,Pegasus Initiative 4,Biopharma Consumables,Pegasus,APAC,PMM_06,Medium,Launch,2025Q4,Month1,354392.92,308615.38,95,83.3,32,53.2,34.2,106.0,Medium,0.871,0.877,0.644,0.532,0.684,0.88,0.786,0.761,-12.917171144389675,-11.700000000000003,Amber,Medium,193
INIT-0004,Pegasus Initiative 4,Biopharma Consumables,Pegasus,APAC,PMM_06,Medium,Launch,2025Q4,Month2,361963.06,307933.37,95,84.3,77,64.7,37.9,89.3,High,0.851,0.887,0.144,0.647,0.758,0.786,0.716,0.516,-14.926851927928778,-10.700000000000003,Red,High,237
INIT-0004,Pegasus Initiative 4,Biopharma Consumables,Pegasus,APAC,PMM_06,Medium,Launch,2025Q4,Month3,342893.55,314720.87,95,83.4,72,68.5,38.5,90.5,Medium,0.918,0.878,0.2,0.685,0.77,0.81,0.753,0.539,-8.216159213260207,-11.599999999999994,Amber,Medium,215
INIT-0005,Pegasus Initiative 5,Biopharma Consumables,Pegasus,EMEA,PMM_13,Medium,Mature,2024Q1,Month1,278802.81,282497.13,95,97.0,1,88.3,39.4,94.0,Low,1.013,1.021,0.989,0.883,0.788,0.88,0.962,1.005,1.3250655543966745,2.0,Green,Low,6
INIT-0005,Pegasus Initiative 5,Biopharma Consumables,Pegasus,EMEA,PMM_13,Medium,Mature,2024Q1,Month2,273004.13,276934.75,95,97.7,6,87.8,37.0,101.1,Low,1.014,1.028,0.933,0.878,0.74,0.978,0.96,0.981,1.439765764715719,2.700000000000003,Green,Low,9
INIT-0005,Pegasus Initiative 5,Biopharma Consumables,Pegasus,EMEA,PMM_13,Medium,Mature,2024Q1,Month3,277609.68,274827.2,95,96.7,1,74.5,38.6,80.5,Low,0.99,1.018,0.989,0.745,0.772,0.61,0.911,1.003,-1.0022993434522822,1.7000000000000028,Green,Low,72
INIT-0005,Pegasus Initiative 5,Biopharma Consumables,Pegasus,EMEA,PMM_13,Medium,Mature,2024Q2,Month1,268074.94,274318.93,95,96.4,0,83.8,39.6,93.1,Low,1.023,1.015,1.0,0.838,0.792,0.862,0.96,1.007,2.329195709229662,1.4000000000000057,Green,Low,5
INIT-0005,Pegasus Initiative 5,Biopharma Consumables,Pegasus,EMEA,PMM_13,Medium,Mature,2024Q2,Month2,271031.43,277523.8,95,98.8,5,84.1,33.4,92.0,Low,1.024,1.04,0.944,0.841,0.668,0.84,0.943,0.992,2.395430670162496,3.799999999999997,Green,Low,19
INIT-0005,Pegasus Initiative 5,Biopharma Consumables,Pegasus,EMEA,PMM_13,Medium,Mature,2024Q2,Month3,276513.96,278851.68,95,96.3,9,71.4,34.2,81.4,Low,1.008,1.014,0.9,0.714,0.684,0.628,0.893,0.957,0.8454256703712073,1.2999999999999972,Amber,Medium,102
INIT-0005,Pegasus Initiative 5,Biopharma Consumables,Pegasus,EMEA,PMM_13,Medium,Mature,2024Q3,Month1,283571.85,282092.78,95,97.4,8,83.0,39.6,83.3,Low,0.995,1.025,0.911,0.83,0.792,0.666,0.919,0.968,-0.5215856228324317,2.4000000000000057,Green,Low,64
INIT-0005,Pegasus Initiative 5,Biopharma Consumables,Pegasus,EMEA,PMM_13,Medium,Mature,2024Q3,Month2,280384.74,288360.51,95,96.4,11,87.3,38.7,107.6,Low,1.028,1.015,0.878,0.873,0.774,0.848,0.944,0.946,2.8445806287460647,1.4000000000000057,Green,Low,25
INIT-0005,Pegasus Initiative 5,Biopharma Consumables,Pegasus,EMEA,PMM_13,Medium,Mature,2024Q3,Month3,266392.9,272768.62,95,98.8,2,83.6,41.2,98.7,Low,1.024,1.04,0.978,0.836,0.824,0.974,0.976,1.009,2.3933520750740622,3.799999999999997,Green,Low,1
INIT-0005,Pegasus Initiative 5,Biopharma Consumables,Pegasus,EMEA,PMM_13,Medium,Mature,2024Q4,Month1,278882.58,274168.28,95,95.9,9,82.6,37.1,92.9,Low,0.983,1.009,0.9,0.826,0.742,0.858,0.924,0.955,-1.6904246941490528,0.9000000000000057,Green,Low,49
INIT-0005,Pegasus Initiative 5,Biopharma Consumables,Pegasus,EMEA,PMM_13,Medium,Mature,2024Q4,Month2,281641.94,285606.53,95,99.0,9,67.2,41.2,91.7,Low,1.014,1.042,0.9,0.672,0.824,0.834,0.931,0.971,1.4076703206915935,4.0,Green,Low,33
INIT-0005,Pegasus Initiative 5,Biopharma Consumables,Pegasus,EMEA,PMM_13,Medium,Mature,2024Q4,Month3,289285.24,292567.49,95,98.4,1,84.8,42.0,102.4,Low,1.011,1.036,0.989,0.848,0.84,0.952,0.973,1.012,1.1346067984664547,3.4000000000000057,Green,Low,2
INIT-0005,Pegasus Initiative 5,Biopharma Consumables,Pegasus,EMEA,PMM_13,Medium,Mature,2025Q1,Month1,284163.45,290351.77,95,96.9,2,90.6,35.3,90.5,Low,1.022,1.02,0.978,0.906,0.706,0.81,0.95,0.999,2.1777325690548897,1.9000000000000057,Green,Low,10
INIT-0005,Pegasus Initiative 5,Biopharma Consumables,Pegasus,EMEA,PMM_13,Medium,Mature,2025Q1,Month2,283565.06,290447.56,95,98.2,8,73.6,30.1,97.8,Low,1.024,1.034,0.911,0.736,0.602,0.956,0.931,0.972,2.4271325952499225,3.200000000000003,Green,Low,26
INIT-0005,Pegasus Initiative 5,Biopharma Consumables,Pegasus,EMEA,PMM_13,Medium,Mature,2025Q1,Month3,293088.53,302527.72,95,96.7,2,85.1,38.1,101.8,Low,1.032,1.018,0.978,0.851,0.762,0.964,0.969,0.998,3.2205934500404854,1.7000000000000028,Green,Low,1
INIT-0005,Pegasus Initiative 5,Biopharma Consumables,Pegasus,EMEA,PMM_13,Medium,Mature,2025Q2,Month1,285827.04,284769.82,95,97.5,7,71.2,35.6,90.4,Low,0.996,1.026,0.922,0.712,0.712,0.808,0.916,0.974,-0.36988103015025176,2.5,Green,Low,55
INIT-0005,Pegasus Initiative 5,Biopharma Consumables,Pegasus,EMEA,PMM_13,Medium,Mature,2025Q2,Month2,281717.0,280118.71,95,97.1,0,75.0,35.6,84.0,Low,0.994,1.022,1.0,0.75,0.712,0.68,0.917,1.011,-0.5673388542402408,2.0999999999999943,Green,Low,51
INIT-0005,Pegasus Initiative 5,Biopharma Consumables,Pegasus,EMEA,PMM_13,Medium,Mature,2025Q2,Month3,278773.84,288425.09,95,95.2,0,67.5,35.1,89.8,Low,1.035,1.002,1.0,0.675,0.702,0.796,0.93,1.001,3.4620357491219402,0.20000000000000284,Green,Low,34
INIT-0005,Pegasus Initiative 5,Biopharma Consumables,Pegasus,EMEA,PMM_13,Medium,Mature,2025Q3,Month1,309075.07,310637.4,95,96.0,11,100.0,36.0,101.3,Low,1.005,1.011,0.878,1.0,0.72,0.974,0.955,0.944,0.5054856090463771,1.0,Green,Low,7
INIT-0005,Pegasus Initiative 5,Biopharma Consumables,Pegasus,EMEA,PMM_13,Medium,Mature,2025Q3,Month2,300512.3,301427.49,95,95.9,1,94.2,39.4,96.1,Low,1.003,1.009,0.989,0.942,0.788,0.922,0.966,0.999,0.30454327493417155,0.9000000000000057,Green,Low,4
INIT-0005,Pegasus Initiative 5,Biopharma Consumables,Pegasus,EMEA,PMM_13,Medium,Mature,2025Q3,Month3,304026.52,314869.67,95,95.9,8,92.2,36.3,85.3,Low,1.036,1.009,0.911,0.922,0.726,0.706,0.936,0.96,3.5665145264301166,0.9000000000000057,Green,Low,24
INIT-0005,Pegasus Initiative 5,Biopharma Consumables,Pegasus,EMEA,PMM_13,Medium,Mature,2025Q4,Month1,303339.67,308064.61,95,95.9,8,82.7,35.5,93.3,Low,1.016,1.009,0.911,0.827,0.71,0.866,0.934,0.96,1.5576399882020056,0.9000000000000057,Green,Low,24
INIT-0005,Pegasus Initiative 5,Biopharma Consumables,Pegasus,EMEA,PMM_13,Medium,Mature,2025Q4,Month2,323709.68,326493.78,95,96.1,11,77.3,37.4,93.0,Low,1.009,1.012,0.878,0.773,0.748,0.86,0.925,0.945,0.860060780388166,1.0999999999999943,Green,Low,47
INIT-0005,Pegasus Initiative 5,Biopharma Consumables,Pegasus,EMEA,PMM_13,Medium,Mature,2025Q4,Month3,305116.16,303769.14,95,96.0,5,80.3,37.9,106.4,Low,0.996,1.011,0.944,0.803,0.758,0.872,0.936,0.977,-0.4414777637474071,1.0,Green,Low,22
INIT-0006,Pegasus Initiative 6,Biopharma Consumables,Pegasus,APAC,PMM_16,Medium,Launch,2024Q1,Month1,291209.26,252971.53,95,86.4,28,59.1,39.9,100.8,Medium,0.869,0.909,0.689,0.591,0.798,0.984,0.827,0.799,-13.130671050776341,-8.599999999999994,Amber,Medium,172
INIT-0006,Pegasus Initiative 6,Biopharma Consumables,Pegasus,APAC,PMM_16,Medium,Launch,2024Q1,Month2,284343.75,261360.48,95,80.9,80,55.6,39.0,87.0,High,0.919,0.852,0.111,0.556,0.78,0.74,0.716,0.481,-8.082917243653146,-14.099999999999994,Red,High,236
INIT-0006,Pegasus Initiative 6,Biopharma Consumables,Pegasus,APAC,PMM_16,Medium,Launch,2024Q1,Month3,282707.94,266327.3,95,88.9,71,57.3,37.5,85.5,Medium,0.942,0.936,0.211,0.573,0.75,0.71,0.752,0.573,-5.79419170186731,-6.099999999999994,Amber,Medium,222
INIT-0006,Pegasus Initiative 6,Biopharma Consumables,Pegasus,APAC,PMM_16,Medium,Launch,2024Q2,Month1,296451.3,269312.34,95,83.3,66,63.6,42.5,93.7,Medium,0.908,0.877,0.267,0.636,0.85,0.874,0.769,0.572,-9.154609880273746,-11.700000000000003,Amber,Medium,212
INIT-0006,Pegasus Initiative 6,Biopharma Consumables,Pegasus,APAC,PMM_16,Medium,Launch,2024Q2,Month2,297159.09,261652.65,95,88.7,35,61.1,38.6,88.4,Medium,0.881,0.934,0.611,0.611,0.772,0.768,0.802,0.772,-11.948629940951841,-6.299999999999997,Amber,Medium,187
INIT-0006,Pegasus Initiative 6,Biopharma Consumables,Pegasus,APAC,PMM_16,Medium,Launch,2024Q2,Month3,303159.29,278664.04,95,88.1,51,56.9,36.6,93.0,Medium,0.919,0.927,0.433,0.569,0.732,0.86,0.788,0.68,-8.079993194336879,-6.900000000000006,Amber,Medium,195
INIT-0006,Pegasus Initiative 6,Biopharma Consumables,Pegasus,APAC,PMM_16,Medium,Launch,2024Q3,Month1,357678.05,325723.21,95,90.1,63,53.7,31.9,97.9,Medium,0.911,0.948,0.3,0.537,0.638,0.958,0.767,0.624,-8.933967292653259,-4.900000000000006,Amber,Medium,218
INIT-0006,Pegasus Initiative 6,Biopharma Consumables,Pegasus,APAC,PMM_16,Medium,Launch,2024Q3,Month2,339660.56,323425.63,95,83.1,55,65.8,39.3,88.0,Medium,0.952,0.875,0.389,0.658,0.786,0.76,0.787,0.632,-4.77975129052369,-11.900000000000006,Amber,Medium,203
INIT-0006,Pegasus Initiative 6,Biopharma Consumables,Pegasus,APAC,PMM_16,Medium,Launch,2024Q3,Month3,348122.43,323125.56,95,82.1,29,52.8,34.6,91.1,Medium,0.928,0.864,0.678,0.528,0.692,0.822,0.804,0.771,-7.180482452681948,-12.900000000000006,Amber,Medium,191
INIT-0006,Pegasus Initiative 6,Biopharma Consumables,Pegasus,APAC,PMM_16,Medium,Launch,2024Q4,Month1,368085.8,317905.87,95,82.2,36,61.3,35.9,86.6,Medium,0.864,0.865,0.6,0.613,0.718,0.732,0.772,0.733,-13.632672056352076,-12.799999999999997,Amber,Medium,211
INIT-0006,Pegasus Initiative 6,Biopharma Consumables,Pegasus,APAC,PMM_16,Medium,Launch,2024Q4,Month2,354457.35,318580.97,95,87.8,43,53.4,34.4,89.0,Medium,0.899,0.924,0.522,0.534,0.688,0.78,0.778,0.723,-10.121494165659142,-7.200000000000003,Amber,Medium,206
INIT-0006,Pegasus Initiative 6,Biopharma Consumables,Pegasus,APAC,PMM_16,Medium,Launch,2024Q4,Month3,382931.94,363371.28,95,83.9,50,55.2,42.9,104.0,Medium,0.949,0.883,0.444,0.552,0.858,0.92,0.808,0.664,-5.108129658758675,-11.099999999999994,Amber,Medium,179
INIT-0006,Pegasus Initiative 6,Biopharma Consumables,Pegasus,APAC,PMM_16,Medium,Launch,2025Q1,Month1,397872.35,358672.38,95,82.3,50,58.0,37.9,91.0,Medium,0.901,0.866,0.444,0.58,0.758,0.82,0.771,0.655,-9.852398639915535,-12.700000000000003,Amber,Medium,213
INIT-0006,Pegasus Initiative 6,Biopharma Consumables,Pegasus,APAC,PMM_16,Medium,Launch,2025Q1,Month2,402699.95,364041.91,95,83.6,79,43.2,35.1,91.6,High,0.904,0.88,0.122,0.432,0.702,0.832,0.707,0.501,-9.599713136294165,-11.400000000000006,Red,High,240
INIT-0006,Pegasus Initiative 6,Biopharma Consumables,Pegasus,APAC,PMM_16,Medium,Launch,2025Q1,Month3,385358.06,316984.54,95,90.6,61,60.2,43.3,85.0,Medium,0.823,0.954,0.322,0.602,0.866,0.7,0.744,0.638,-17.742854528590897,-4.400000000000006,Red,High,234
INIT-0006,Pegasus Initiative 6,Biopharma Consumables,Pegasus,APAC,PMM_16,Medium,Launch,2025Q2,Month1,403614.77,349164.42,95,80.7,51,55.4,41.0,97.0,Medium,0.865,0.849,0.433,0.554,0.82,0.94,0.769,0.641,-13.490673297213588,-14.299999999999997,Amber,Medium,205
INIT-0006,Pegasus Initiative 6,Biopharma Consumables,Pegasus,APAC,PMM_16,Medium,Launch,2025Q2,Month2,410682.95,391469.96,95,81.0,75,72.0,42.1,79.7,Medium,0.953,0.853,0.167,0.72,0.842,0.594,0.745,0.51,-4.67830232543133,-14.0,Red,High,227
INIT-0006,Pegasus Initiative 6,Biopharma Consumables,Pegasus,APAC,PMM_16,Medium,Launch,2025Q2,Month3,441803.41,411867.66,95,90.1,58,63.6,44.5,101.4,Medium,0.932,0.948,0.356,0.636,0.89,0.972,0.819,0.652,-6.7758078191383815,-4.900000000000006,Amber,Medium,174
INIT-0006,Pegasus Initiative 6,Biopharma Consumables,Pegasus,APAC,PMM_16,Medium,Launch,2025Q3,Month1,464147.03,409101.52,95,81.3,67,48.5,36.5,89.4,High,0.881,0.856,0.256,0.485,0.73,0.788,0.718,0.556,-11.859498486934196,-13.700000000000003,Red,High,234
INIT-0006,Pegasus Initiative 6,Biopharma Consumables,Pegasus,APAC,PMM_16,Medium,Launch,2025Q3,Month2,487164.47,458936.5,95,83.4,36,59.2,46.9,91.2,Medium,0.942,0.878,0.6,0.592,0.938,0.824,0.831,0.739,-5.794340872190448,-11.599999999999994,Amber,Medium,168
INIT-0006,Pegasus Initiative 6,Biopharma Consumables,Pegasus,APAC,PMM_16,Medium,Launch,2025Q3,Month3,475228.72,425779.75,95,83.3,58,41.3,36.6,81.2,Medium,0.896,0.877,0.356,0.413,0.732,0.624,0.719,0.616,-10.405299157845507,-11.700000000000003,Red,High,233
INIT-0006,Pegasus Initiative 6,Biopharma Consumables,Pegasus,APAC,PMM_16,Medium,Launch,2025Q4,Month1,495799.66,436090.05,95,90.1,51,51.3,38.1,104.6,Medium,0.88,0.948,0.433,0.513,0.762,0.908,0.781,0.691,-12.043092163475865,-4.900000000000006,Amber,Medium,200
INIT-0006,Pegasus Initiative 6,Biopharma Consumables,Pegasus,APAC,PMM_16,Medium,Launch,2025Q4,Month2,514716.3,453674.12,95,85.9,69,70.1,42.9,96.8,Medium,0.881,0.904,0.233,0.701,0.858,0.936,0.774,0.569,-11.85938350893492,-9.099999999999994,Amber,Medium,206
INIT-0006,Pegasus Initiative 6,Biopharma Consumables,Pegasus,APAC,PMM_16,Medium,Launch,2025Q4,Month3,537718.86,469825.72,95,82.9,37,66.3,36.1,95.2,Medium,0.874,0.873,0.589,0.663,0.722,0.904,0.798,0.731,-12.626140730864455,-12.099999999999994,Amber,Medium,185
INIT-0007,Pegasus Initiative 7,Biopharma Consumables,Pegasus,North America,PMM_12,Medium,Growth,2024Q1,Month1,203282.92,208787.7,95,92.1,22,71.1,38.8,81.4,Low,1.027,0.969,0.756,0.711,0.776,0.628,0.878,0.863,2.707940244069693,-2.9000000000000057,Amber,Medium,120
INIT-0007,Pegasus Initiative 7,Biopharma Consumables,Pegasus,North America,PMM_12,Medium,Growth,2024Q1,Month2,202503.12,200938.72,95,97.7,12,88.7,33.3,89.8,Low,0.992,1.028,0.867,0.887,0.666,0.796,0.918,0.948,-0.7725313071719557,2.700000000000003,Green,Low,60
INIT-0007,Pegasus Initiative 7,Biopharma Consumables,Pegasus,North America,PMM_12,Medium,Growth,2024Q1,Month3,195843.41,197476.96,95,92.7,17,76.4,34.6,96.7,Low,1.008,0.976,0.811,0.764,0.692,0.934,0.909,0.893,0.8341102720791005,-2.299999999999997,Green,Low,74
INIT-0007,Pegasus Initiative 7,Biopharma Consumables,Pegasus,North America,PMM_12,Medium,Growth,2024Q2,Month1,228498.43,238948.18,95,94.2,18,79.2,41.6,91.3,Low,1.046,0.992,0.8,0.792,0.832,0.826,0.929,0.896,4.573226170525548,-0.7999999999999972,Green,Low,36
INIT-0007,Pegasus Initiative 7,Biopharma Consumables,Pegasus,North America,PMM_12,Medium,Growth,2024Q2,Month2,238844.67,244232.58,95,95.4,22,74.8,36.6,93.2,Low,1.023,1.004,0.756,0.748,0.732,0.864,0.906,0.88,2.255821743897393,0.4000000000000057,Green,Low,75
INIT-0007,Pegasus Initiative 7,Biopharma Consumables,Pegasus,North America,PMM_12,Medium,Growth,2024Q2,Month3,225380.1,223374.29,95,92.5,34,73.2,40.7,94.8,Low,0.991,0.974,0.622,0.732,0.814,0.896,0.879,0.798,-0.8899676590790393,-2.5,Amber,Medium,124
INIT-0007,Pegasus Initiative 7,Biopharma Consumables,Pegasus,North America,PMM_12,Medium,Growth,2024Q3,Month1,266215.27,271324.44,95,94.1,19,78.6,38.4,88.8,Low,1.019,0.991,0.789,0.786,0.768,0.776,0.906,0.89,1.9191874305331857,-0.9000000000000057,Green,Low,87
INIT-0007,Pegasus Initiative 7,Biopharma Consumables,Pegasus,North America,PMM_12,Medium,Growth,2024Q3,Month2,271936.19,289029.69,95,91.9,13,73.7,40.6,96.0,Low,1.063,0.967,0.856,0.737,0.812,0.92,0.941,0.911,6.285849632592116,-3.0999999999999943,Green,Low,33
INIT-0007,Pegasus Initiative 7,Biopharma Consumables,Pegasus,North America,PMM_12,Medium,Growth,2024Q3,Month3,277618.61,272549.06,95,96.5,25,81.7,39.5,93.6,Low,0.982,1.016,0.722,0.817,0.79,0.872,0.903,0.869,-1.8260843536389686,1.5,Green,Low,93
INIT-0007,Pegasus Initiative 7,Biopharma Consumables,Pegasus,North America,PMM_12,Medium,Growth,2024Q4,Month1,316502.09,316882.64,95,98.1,21,75.4,38.9,86.0,Low,1.001,1.033,0.767,0.754,0.778,0.72,0.897,0.9,0.12023617284801763,3.0999999999999943,Amber,Medium,97
INIT-0007,Pegasus Initiative 7,Biopharma Consumables,Pegasus,North America,PMM_12,Medium,Growth,2024Q4,Month2,328998.6,349606.09,95,92.3,16,74.7,38.6,87.2,Low,1.063,0.972,0.822,0.747,0.772,0.744,0.916,0.897,6.263701426085111,-2.700000000000003,Green,Low,68
INIT-0007,Pegasus Initiative 7,Biopharma Consumables,Pegasus,North America,PMM_12,Medium,Growth,2024Q4,Month3,318065.77,329766.5,95,97.1,11,74.7,40.2,97.1,Low,1.037,1.022,0.878,0.747,0.804,0.942,0.948,0.95,3.678713996793802,2.0999999999999943,Green,Low,12
INIT-0007,Pegasus Initiative 7,Biopharma Consumables,Pegasus,North America,PMM_12,Medium,Growth,2025Q1,Month1,370368.11,383101.26,95,91.8,29,91.4,42.8,75.8,Low,1.034,0.966,0.678,0.914,0.856,0.516,0.886,0.822,3.437971481939961,-3.200000000000003,Amber,Medium,104
INIT-0007,Pegasus Initiative 7,Biopharma Consumables,Pegasus,North America,PMM_12,Medium,Growth,2025Q1,Month2,360700.1,363504.37,95,94.7,24,88.7,34.4,94.5,Low,1.008,0.997,0.733,0.887,0.688,0.89,0.909,0.865,0.7774519607840471,-0.29999999999999716,Green,Low,58
INIT-0007,Pegasus Initiative 7,Biopharma Consumables,Pegasus,North America,PMM_12,Medium,Growth,2025Q1,Month3,364077.05,363848.47,95,97.1,16,53.0,44.9,80.9,Low,0.999,1.022,0.822,0.53,0.898,0.618,0.882,0.922,-0.06278341356589665,2.0999999999999943,Amber,Medium,107
INIT-0007,Pegasus Initiative 7,Biopharma Consumables,Pegasus,North America,PMM_12,Medium,Growth,2025Q2,Month1,416182.55,425098.79,95,95.9,23,61.5,38.5,106.6,Low,1.021,1.009,0.744,0.615,0.77,0.868,0.896,0.877,2.1423867963709653,0.9000000000000057,Amber,Medium,86
INIT-0007,Pegasus Initiative 7,Biopharma Consumables,Pegasus,North America,PMM_12,Medium,Growth,2025Q2,Month2,428161.27,442792.28,95,94.9,23,79.0,37.8,86.0,Low,1.034,0.999,0.744,0.79,0.756,0.72,0.9,0.872,3.417172692896769,-0.09999999999999432,Green,Low,80
INIT-0007,Pegasus Initiative 7,Biopharma Consumables,Pegasus,North America,PMM_12,Medium,Growth,2025Q2,Month3,414202.73,429574.83,95,93.7,27,75.2,45.4,99.8,Low,1.037,0.986,0.7,0.752,0.908,0.996,0.931,0.843,3.7112502855787635,-1.2999999999999972,Green,Low,31
INIT-0007,Pegasus Initiative 7,Biopharma Consumables,Pegasus,North America,PMM_12,Medium,Growth,2025Q3,Month1,475387.77,477175.88,95,93.5,20,83.5,35.1,92.8,Low,1.004,0.984,0.778,0.835,0.702,0.856,0.904,0.881,0.3761371479960425,-1.5,Green,Low,90
INIT-0007,Pegasus Initiative 7,Biopharma Consumables,Pegasus,North America,PMM_12,Medium,Growth,2025Q3,Month2,474988.13,462676.29,95,92.6,17,64.7,35.5,90.8,Low,0.974,0.975,0.811,0.647,0.71,0.816,0.875,0.893,-2.592031089282173,-2.4000000000000057,Amber,Medium,128
INIT-0007,Pegasus Initiative 7,Biopharma Consumables,Pegasus,North America,PMM_12,Medium,Growth,2025Q3,Month3,479952.59,495459.7,95,94.5,20,90.1,39.2,89.7,Low,1.032,0.995,0.778,0.901,0.784,0.794,0.925,0.886,3.230967041973872,-0.5,Green,Low,53
INIT-0007,Pegasus Initiative 7,Biopharma Consumables,Pegasus,North America,PMM_12,Medium,Growth,2025Q4,Month1,531642.51,567264.16,95,93.9,17,82.0,40.2,86.4,Low,1.067,0.988,0.811,0.82,0.804,0.728,0.928,0.9,6.700301298329214,-1.0999999999999943,Green,Low,40
INIT-0007,Pegasus Initiative 7,Biopharma Consumables,Pegasus,North America,PMM_12,Medium,Growth,2025Q4,Month2,513966.2,532870.64,95,96.4,14,69.6,44.4,82.5,Low,1.037,1.015,0.844,0.696,0.888,0.65,0.916,0.93,3.6781484852505866,1.4000000000000057,Green,Low,69
INIT-0007,Pegasus Initiative 7,Biopharma Consumables,Pegasus,North America,PMM_12,Medium,Growth,2025Q4,Month3,538262.04,548810.13,95,96.8,30,81.1,34.8,86.1,Low,1.02,1.019,0.667,0.811,0.696,0.722,0.884,0.843,1.959657047337012,1.7999999999999972,Amber,Medium,117
INIT-0008,Cadence Initiative 8,Biopharma Consumables,Cadence,EMEA,PMM_10,High,Mature,2024Q1,Month1,108962.76,109426.84,95,97.4,1,94.8,36.3,96.6,Low,1.004,1.025,0.989,0.948,0.726,0.932,0.965,1.007,0.4259069795955992,2.4000000000000057,Green,Low,5
INIT-0008,Cadence Initiative 8,Biopharma Consumables,Cadence,EMEA,PMM_10,High,Mature,2024Q1,Month2,108958.53,110997.95,95,95.3,7,94.3,33.1,104.6,Low,1.019,1.003,0.922,0.943,0.662,0.908,0.947,0.963,1.8717396425961312,0.29999999999999716,Green,Low,19
INIT-0008,Cadence Initiative 8,Biopharma Consumables,Cadence,EMEA,PMM_10,High,Mature,2024Q1,Month3,109992.97,108251.28,95,96.4,6,70.4,38.1,87.0,Low,0.984,1.015,0.933,0.704,0.762,0.74,0.908,0.974,-1.5834557426715565,1.4000000000000057,Green,Low,76
INIT-0008,Cadence Initiative 8,Biopharma Consumables,Cadence,EMEA,PMM_10,High,Mature,2024Q2,Month1,118310.68,117583.04,95,97.6,5,85.0,33.9,90.5,Low,0.994,1.027,0.944,0.85,0.678,0.81,0.929,0.986,-0.6150247805185461,2.5999999999999943,Green,Low,38
INIT-0008,Cadence Initiative 8,Biopharma Consumables,Cadence,EMEA,PMM_10,High,Mature,2024Q2,Month2,108876.21,110342.45,95,96.5,5,75.4,43.2,92.8,Low,1.013,1.016,0.944,0.754,0.864,0.856,0.947,0.98,1.3467037473108134,1.5,Green,Low,11
INIT-0008,Cadence Initiative 8,Biopharma Consumables,Cadence,EMEA,PMM_10,High,Mature,2024Q2,Month3,119194.54,118029.85,95,95.7,8,71.2,33.3,77.4,Low,0.99,1.007,0.911,0.712,0.666,0.548,0.877,0.959,-0.9771336841435756,0.7000000000000028,Amber,Medium,127
INIT-0008,Cadence Initiative 8,Biopharma Consumables,Cadence,EMEA,PMM_10,High,Mature,2024Q3,Month1,112592.43,115714.28,95,96.2,7,67.1,37.1,101.7,Low,1.028,1.013,0.922,0.671,0.742,0.966,0.938,0.967,2.7726997276815197,1.2000000000000028,Green,Low,35
INIT-0008,Cadence Initiative 8,Biopharma Consumables,Cadence,EMEA,PMM_10,High,Mature,2024Q3,Month2,118751.28,121990.12,95,97.5,1,79.4,38.9,100.0,Low,1.027,1.026,0.989,0.794,0.778,1.0,0.97,1.008,2.7274148118656036,2.5,Green,Low,3
INIT-0008,Cadence Initiative 8,Biopharma Consumables,Cadence,EMEA,PMM_10,High,Mature,2024Q3,Month3,118583.96,118369.05,95,95.6,3,70.1,34.0,77.3,Low,0.998,1.006,0.967,0.701,0.68,0.546,0.888,0.986,-0.1812302439554249,0.5999999999999943,Amber,Medium,118
INIT-0008,Cadence Initiative 8,Biopharma Consumables,Cadence,EMEA,PMM_10,High,Mature,2024Q4,Month1,119491.62,118261.55,95,97.4,6,83.1,39.1,103.2,Low,0.99,1.025,0.933,0.831,0.782,0.936,0.946,0.979,-1.0294194689133787,2.4000000000000057,Green,Low,15
INIT-0008,Cadence Initiative 8,Biopharma Consumables,Cadence,EMEA,PMM_10,High,Mature,2024Q4,Month2,120925.59,125259.05,95,96.6,11,78.8,37.7,99.4,Low,1.036,1.017,0.878,0.788,0.754,0.988,0.951,0.947,3.583575651770652,1.5999999999999943,Green,Low,8
INIT-0008,Cadence Initiative 8,Biopharma Consumables,Cadence,EMEA,PMM_10,High,Mature,2024Q4,Month3,124547.16,124333.04,95,98.2,6,75.1,37.5,86.0,Low,0.998,1.034,0.933,0.751,0.75,0.72,0.918,0.984,-0.17191881372486525,3.200000000000003,Green,Low,62
INIT-0008,Cadence Initiative 8,Biopharma Consumables,Cadence,EMEA,PMM_10,High,Mature,2025Q1,Month1,122470.13,124231.56,95,96.4,3,79.2,40.1,76.2,Low,1.014,1.015,0.967,0.792,0.802,0.524,0.915,0.991,1.4382527396680258,1.4000000000000057,Green,Low,48
INIT-0008,Cadence Initiative 8,Biopharma Consumables,Cadence,EMEA,PMM_10,High,Mature,2025Q1,Month2,121406.03,125019.07,95,95.6,5,75.8,38.9,91.1,Low,1.03,1.006,0.944,0.758,0.778,0.822,0.939,0.975,2.975997155989705,0.5999999999999943,Green,Low,18
INIT-0008,Cadence Initiative 8,Biopharma Consumables,Cadence,EMEA,PMM_10,High,Mature,2025Q1,Month3,124034.8,122061.44,95,97.7,1,78.6,39.6,91.4,Low,0.984,1.028,0.989,0.786,0.792,0.828,0.939,1.009,-1.5909728560049279,2.700000000000003,Green,Low,20
INIT-0008,Cadence Initiative 8,Biopharma Consumables,Cadence,EMEA,PMM_10,High,Mature,2025Q2,Month1,121221.69,124990.1,95,96.8,11,82.9,33.0,102.1,Low,1.031,1.019,0.878,0.829,0.66,0.958,0.941,0.948,3.108692842015322,1.7999999999999972,Green,Low,19
INIT-0008,Cadence Initiative 8,Biopharma Consumables,Cadence,EMEA,PMM_10,High,Mature,2025Q2,Month2,119771.79,120680.62,95,97.3,1,79.5,37.0,87.1,Low,1.008,1.024,0.989,0.795,0.74,0.742,0.934,1.007,0.7588013838651003,2.299999999999997,Green,Low,24
INIT-0008,Cadence Initiative 8,Biopharma Consumables,Cadence,EMEA,PMM_10,High,Mature,2025Q2,Month3,123475.27,125696.76,95,95.2,3,75.0,35.8,86.1,Low,1.018,1.002,0.967,0.75,0.716,0.722,0.921,0.984,1.7991375924911852,0.20000000000000284,Green,Low,45
INIT-0008,Cadence Initiative 8,Biopharma Consumables,Cadence,EMEA,PMM_10,High,Mature,2025Q3,Month1,117536.29,118190.38,95,97.6,5,64.3,37.3,82.6,Low,1.006,1.027,0.944,0.643,0.746,0.652,0.903,0.986,0.5565004646650078,2.5999999999999943,Green,Low,94
INIT-0008,Cadence Initiative 8,Biopharma Consumables,Cadence,EMEA,PMM_10,High,Mature,2025Q3,Month2,125479.79,130226.61,95,97.9,5,60.0,36.3,88.9,Low,1.038,1.031,0.944,0.6,0.726,0.778,0.921,0.987,3.7829358815471457,2.9000000000000057,Green,Low,60
INIT-0008,Cadence Initiative 8,Biopharma Consumables,Cadence,EMEA,PMM_10,High,Mature,2025Q3,Month3,120510.95,123598.13,95,98.2,4,79.1,34.6,84.0,Low,1.026,1.034,0.956,0.791,0.692,0.68,0.925,0.995,2.561742314702529,3.200000000000003,Green,Low,51
INIT-0008,Cadence Initiative 8,Biopharma Consumables,Cadence,EMEA,PMM_10,High,Mature,2025Q4,Month1,123719.79,122353.22,95,98.4,6,77.7,40.2,82.1,Low,0.989,1.036,0.933,0.777,0.804,0.642,0.916,0.985,-1.1045686385338938,3.4000000000000057,Green,Low,70
INIT-0008,Cadence Initiative 8,Biopharma Consumables,Cadence,EMEA,PMM_10,High,Mature,2025Q4,Month2,128148.24,128602.35,95,97.5,5,80.9,35.8,90.4,Low,1.004,1.026,0.944,0.809,0.716,0.808,0.931,0.985,0.35436304080337006,2.5,Green,Low,33
INIT-0008,Cadence Initiative 8,Biopharma Consumables,Cadence,EMEA,PMM_10,High,Mature,2025Q4,Month3,129635.12,130631.84,95,96.0,7,74.2,42.2,101.7,Low,1.008,1.011,0.922,0.742,0.844,0.966,0.948,0.966,0.7688657209558654,1.0,Green,Low,8
INIT-0009,Cadence Initiative 9,Biopharma Consumables,Cadence,EMEA,PMM_17,Medium,Launch,2024Q1,Month1,220472.21,182263.56,95,87.6,56,65.9,39.7,72.5,Medium,0.827,0.922,0.378,0.659,0.794,0.45,0.721,0.65,-17.33037011784841,-7.400000000000006,Red,High,234
INIT-0009,Cadence Initiative 9,Biopharma Consumables,Cadence,EMEA,PMM_17,Medium,Launch,2024Q1,Month2,214539.36,204225.2,95,92.9,34,56.9,36.2,101.6,Medium,0.952,0.978,0.622,0.569,0.724,0.968,0.848,0.8,-4.807584025607224,-2.0999999999999943,Amber,Medium,158
INIT-0009,Cadence Initiative 9,Biopharma Consumables,Cadence,EMEA,PMM_17,Medium,Launch,2024Q1,Month3,213466.53,177096.06,95,88.0,51,47.0,37.6,99.6,Medium,0.83,0.926,0.433,0.47,0.752,0.992,0.762,0.68,-17.038019965003414,-7.0,Amber,Medium,216
INIT-0009,Cadence Initiative 9,Biopharma Consumables,Cadence,EMEA,PMM_17,Medium,Launch,2024Q2,Month1,230092.39,195301.55,95,92.7,34,55.3,38.8,84.6,Medium,0.849,0.976,0.622,0.553,0.776,0.692,0.788,0.799,-15.120378383657116,-2.299999999999997,Amber,Medium,196
INIT-0009,Cadence Initiative 9,Biopharma Consumables,Cadence,EMEA,PMM_17,Medium,Launch,2024Q2,Month2,243025.63,210243.94,95,89.1,69,54.3,34.8,91.7,Medium,0.865,0.938,0.233,0.543,0.696,0.834,0.733,0.586,-13.488984680340094,-5.900000000000006,Red,High,234
INIT-0009,Cadence Initiative 9,Biopharma Consumables,Cadence,EMEA,PMM_17,Medium,Launch,2024Q2,Month3,246471.0,224758.63,95,87.7,51,44.8,36.9,85.3,Medium,0.912,0.923,0.433,0.448,0.738,0.706,0.758,0.678,-8.809300079928265,-7.299999999999997,Amber,Medium,223
INIT-0009,Cadence Initiative 9,Biopharma Consumables,Cadence,EMEA,PMM_17,Medium,Launch,2024Q3,Month1,254797.95,224608.65,95,86.1,33,60.8,38.4,88.1,Medium,0.882,0.906,0.633,0.608,0.768,0.762,0.799,0.77,-11.848329234987965,-8.900000000000006,Amber,Medium,193
INIT-0009,Cadence Initiative 9,Biopharma Consumables,Cadence,EMEA,PMM_17,Medium,Launch,2024Q3,Month2,254086.71,218521.42,95,91.8,40,51.7,38.9,94.1,Medium,0.86,0.966,0.556,0.517,0.778,0.882,0.795,0.761,-13.997304306077234,-3.200000000000003,Amber,Medium,195
INIT-0009,Cadence Initiative 9,Biopharma Consumables,Cadence,EMEA,PMM_17,Medium,Launch,2024Q3,Month3,271092.53,246436.64,95,92.1,37,58.7,42.8,101.0,Medium,0.909,0.969,0.589,0.587,0.856,0.98,0.843,0.779,-9.095008999325806,-2.9000000000000057,Amber,Medium,166
INIT-0009,Cadence Initiative 9,Biopharma Consumables,Cadence,EMEA,PMM_17,Medium,Launch,2024Q4,Month1,280161.91,234899.52,95,90.0,21,47.0,40.4,96.6,Medium,0.838,0.947,0.767,0.47,0.808,0.932,0.819,0.857,-16.155797195985702,-5.0,Amber,Medium,173
INIT-0009,Cadence Initiative 9,Biopharma Consumables,Cadence,EMEA,PMM_17,Medium,Launch,2024Q4,Month2,271063.37,235265.03,95,87.6,43,69.8,36.5,97.3,Medium,0.868,0.922,0.522,0.698,0.73,0.946,0.804,0.722,-13.206631349709847,-7.400000000000006,Amber,Medium,181
INIT-0009,Cadence Initiative 9,Biopharma Consumables,Cadence,EMEA,PMM_17,Medium,Launch,2024Q4,Month3,268061.24,252584.78,95,83.7,49,69.4,41.9,97.4,Medium,0.942,0.881,0.456,0.694,0.838,0.948,0.822,0.668,-5.773479224374248,-11.299999999999997,Amber,Medium,170
INIT-0009,Cadence Initiative 9,Biopharma Consumables,Cadence,EMEA,PMM_17,Medium,Launch,2025Q1,Month1,294100.83,271702.02,95,82.1,20,51.4,39.8,94.0,Medium,0.924,0.864,0.778,0.514,0.796,0.88,0.832,0.821,-7.61603086941305,-12.900000000000006,Amber,Medium,168
INIT-0009,Cadence Initiative 9,Biopharma Consumables,Cadence,EMEA,PMM_17,Medium,Launch,2025Q1,Month2,299887.54,276685.24,95,85.4,40,53.0,34.4,95.6,Medium,0.923,0.899,0.556,0.53,0.688,0.912,0.799,0.727,-7.737000343528774,-9.599999999999994,Amber,Medium,189
INIT-0009,Cadence Initiative 9,Biopharma Consumables,Cadence,EMEA,PMM_17,Medium,Launch,2025Q1,Month3,290966.23,238805.34,95,90.6,55,47.2,39.9,91.0,Medium,0.821,0.954,0.389,0.472,0.798,0.82,0.745,0.671,-17.926784836852026,-4.400000000000006,Red,High,233
INIT-0009,Cadence Initiative 9,Biopharma Consumables,Cadence,EMEA,PMM_17,Medium,Launch,2025Q2,Month1,304464.53,292129.7,95,85.4,38,59.2,35.5,75.2,Medium,0.959,0.899,0.578,0.592,0.71,0.504,0.783,0.738,-4.051319212783182,-9.599999999999994,Amber,Medium,195
INIT-0009,Cadence Initiative 9,Biopharma Consumables,Cadence,EMEA,PMM_17,Medium,Launch,2025Q2,Month2,322550.95,270715.46,95,91.7,54,51.1,36.8,80.4,Medium,0.839,0.965,0.4,0.511,0.736,0.608,0.732,0.683,-16.070481268153138,-3.299999999999997,Red,High,231
INIT-0009,Cadence Initiative 9,Biopharma Consumables,Cadence,EMEA,PMM_17,Medium,Launch,2025Q2,Month3,327353.25,271401.87,95,87.6,22,38.4,42.6,108.0,Medium,0.829,0.922,0.756,0.384,0.852,0.84,0.796,0.839,-17.092049643618935,-7.400000000000006,Amber,Medium,184
INIT-0009,Cadence Initiative 9,Biopharma Consumables,Cadence,EMEA,PMM_17,Medium,Launch,2025Q3,Month1,345567.02,312496.39,95,89.4,37,45.1,39.2,100.5,Medium,0.904,0.941,0.589,0.451,0.784,0.99,0.816,0.765,-9.569961276976027,-5.599999999999994,Amber,Medium,178
INIT-0009,Cadence Initiative 9,Biopharma Consumables,Cadence,EMEA,PMM_17,Medium,Launch,2025Q3,Month2,358512.13,319942.56,95,84.3,55,63.5,34.6,90.5,Medium,0.892,0.887,0.389,0.635,0.692,0.81,0.762,0.638,-10.758232922272395,-10.700000000000003,Amber,Medium,216
INIT-0009,Cadence Initiative 9,Biopharma Consumables,Cadence,EMEA,PMM_17,Medium,Launch,2025Q3,Month3,336151.18,293123.52,95,86.8,37,62.7,40.6,85.0,Medium,0.872,0.914,0.589,0.627,0.812,0.7,0.79,0.751,-12.800091911026454,-8.200000000000003,Amber,Medium,197
INIT-0009,Cadence Initiative 9,Biopharma Consumables,Cadence,EMEA,PMM_17,Medium,Launch,2025Q4,Month1,372295.53,326647.14,95,84.0,34,49.6,36.9,100.7,Medium,0.877,0.884,0.622,0.496,0.738,0.986,0.799,0.753,-12.261331743628512,-11.0,Amber,Medium,183
INIT-0009,Cadence Initiative 9,Biopharma Consumables,Cadence,EMEA,PMM_17,Medium,Launch,2025Q4,Month2,375115.1,325161.62,95,88.5,29,49.7,40.3,76.8,Medium,0.867,0.932,0.678,0.497,0.806,0.536,0.775,0.805,-13.31684061771973,-6.5,Amber,Medium,204
INIT-0009,Cadence Initiative 9,Biopharma Consumables,Cadence,EMEA,PMM_17,Medium,Launch,2025Q4,Month3,388850.89,331136.0,95,84.9,65,56.7,35.9,74.2,High,0.852,0.894,0.278,0.567,0.718,0.484,0.695,0.586,-14.842421988541677,-10.099999999999994,Red,High,239
INIT-0010,Kleenpak Initiative 10,Biopharma Consumables,Kleenpak,EMEA,PMM_05,Medium,Mature,2024Q1,Month1,119589.46,122690.51,95,98.1,3,81.5,34.7,95.2,Low,1.026,1.033,0.967,0.815,0.694,0.904,0.952,1.0,2.5930796911366505,3.0999999999999943,Green,Low,17
INIT-0010,Kleenpak Initiative 10,Biopharma Consumables,Kleenpak,EMEA,PMM_05,Medium,Mature,2024Q1,Month2,116689.33,114755.01,95,98.8,7,72.3,35.1,84.9,Low,0.983,1.04,0.922,0.723,0.702,0.698,0.903,0.981,-1.657666557859238,3.799999999999997,Green,Low,84
INIT-0010,Kleenpak Initiative 10,Biopharma Consumables,Kleenpak,EMEA,PMM_05,Medium,Mature,2024Q1,Month3,111979.27,116289.37,95,98.6,7,67.3,32.2,88.2,Low,1.038,1.038,0.922,0.673,0.644,0.764,0.917,0.98,3.8490159830475683,3.5999999999999943,Green,Low,61
INIT-0010,Kleenpak Initiative 10,Biopharma Consumables,Kleenpak,EMEA,PMM_05,Medium,Mature,2024Q2,Month1,118820.2,122905.98,95,95.2,1,85.1,38.3,83.0,Low,1.034,1.002,0.989,0.851,0.766,0.66,0.938,0.995,3.4386240723378676,0.20000000000000284,Green,Low,23
INIT-0010,Kleenpak Initiative 10,Biopharma Consumables,Kleenpak,EMEA,PMM_05,Medium,Mature,2024Q2,Month2,113747.53,116471.44,95,96.4,1,67.4,38.4,89.9,Low,1.024,1.015,0.989,0.674,0.768,0.798,0.934,1.002,2.394698153006051,1.4000000000000057,Green,Low,30
INIT-0010,Kleenpak Initiative 10,Biopharma Consumables,Kleenpak,EMEA,PMM_05,Medium,Mature,2024Q2,Month3,118530.75,119676.8,95,98.2,8,87.3,35.5,96.9,Low,1.01,1.034,0.911,0.873,0.71,0.938,0.949,0.972,0.9668799024725675,3.200000000000003,Green,Low,10
INIT-0010,Kleenpak Initiative 10,Biopharma Consumables,Kleenpak,EMEA,PMM_05,Medium,Mature,2024Q3,Month1,113709.52,113819.86,95,98.8,11,70.7,35.6,93.6,Low,1.001,1.04,0.878,0.707,0.712,0.872,0.919,0.959,0.09703673008205162,3.799999999999997,Green,Low,62
INIT-0010,Kleenpak Initiative 10,Biopharma Consumables,Kleenpak,EMEA,PMM_05,Medium,Mature,2024Q3,Month2,116198.38,116690.91,95,95.5,1,89.5,42.3,93.7,Low,1.004,1.005,0.989,0.895,0.846,0.874,0.962,0.997,0.4238699369130609,0.5,Green,Low,7
INIT-0010,Kleenpak Initiative 10,Biopharma Consumables,Kleenpak,EMEA,PMM_05,Medium,Mature,2024Q3,Month3,116493.39,120083.15,95,97.5,5,67.0,37.3,83.0,Low,1.031,1.026,0.944,0.67,0.746,0.66,0.915,0.985,3.081513895337748,2.5,Green,Low,72
INIT-0010,Kleenpak Initiative 10,Biopharma Consumables,Kleenpak,EMEA,PMM_05,Medium,Mature,2024Q4,Month1,119567.56,121089.17,95,96.8,6,84.5,38.1,86.2,Low,1.013,1.019,0.933,0.845,0.762,0.724,0.931,0.976,1.2725943391334578,1.7999999999999972,Green,Low,34
INIT-0010,Kleenpak Initiative 10,Biopharma Consumables,Kleenpak,EMEA,PMM_05,Medium,Mature,2024Q4,Month2,118926.18,122158.2,95,96.8,2,71.5,35.6,88.1,Low,1.027,1.019,0.978,0.715,0.712,0.762,0.929,0.998,2.717669061597711,1.7999999999999972,Green,Low,40
INIT-0010,Kleenpak Initiative 10,Biopharma Consumables,Kleenpak,EMEA,PMM_05,Medium,Mature,2024Q4,Month3,118353.24,116882.73,95,97.1,7,68.5,35.1,95.7,Low,0.988,1.022,0.922,0.685,0.702,0.914,0.919,0.972,-1.2424754911652687,2.0999999999999943,Green,Low,61
INIT-0010,Kleenpak Initiative 10,Biopharma Consumables,Kleenpak,EMEA,PMM_05,Medium,Mature,2025Q1,Month1,121151.44,124340.24,95,97.2,11,86.8,37.8,90.6,Low,1.026,1.023,0.878,0.868,0.756,0.812,0.939,0.95,2.6320776707235196,2.200000000000003,Green,Low,19
INIT-0010,Kleenpak Initiative 10,Biopharma Consumables,Kleenpak,EMEA,PMM_05,Medium,Mature,2025Q1,Month2,111396.31,111824.4,95,97.6,8,100.0,37.6,85.0,Low,1.004,1.027,0.911,1.0,0.752,0.7,0.939,0.969,0.3842945964727167,2.5999999999999943,Green,Low,21
INIT-0010,Kleenpak Initiative 10,Biopharma Consumables,Kleenpak,EMEA,PMM_05,Medium,Mature,2025Q1,Month3,112441.63,112129.97,95,95.7,7,81.6,42.1,101.5,Low,0.997,1.007,0.922,0.816,0.842,0.97,0.952,0.965,-0.27717492177941877,0.7000000000000028,Green,Low,9
INIT-0010,Kleenpak Initiative 10,Biopharma Consumables,Kleenpak,EMEA,PMM_05,Medium,Mature,2025Q2,Month1,122432.29,123271.71,95,97.1,9,83.4,34.3,93.7,Low,1.007,1.022,0.9,0.834,0.686,0.874,0.931,0.961,0.6856197821669536,2.0999999999999943,Green,Low,30
INIT-0010,Kleenpak Initiative 10,Biopharma Consumables,Kleenpak,EMEA,PMM_05,Medium,Mature,2025Q2,Month2,118886.7,118484.18,95,96.5,10,72.5,36.5,94.4,Low,0.997,1.016,0.889,0.725,0.73,0.888,0.92,0.952,-0.33857445786619034,1.5,Green,Low,47
INIT-0010,Kleenpak Initiative 10,Biopharma Consumables,Kleenpak,EMEA,PMM_05,Medium,Mature,2025Q2,Month3,113463.18,117782.19,95,96.8,5,85.6,35.4,101.1,Low,1.038,1.019,0.944,0.856,0.708,0.978,0.963,0.982,3.806530012643758,1.7999999999999972,Green,Low,2
INIT-0010,Kleenpak Initiative 10,Biopharma Consumables,Kleenpak,EMEA,PMM_05,Medium,Mature,2025Q3,Month1,123236.93,121999.29,95,95.5,1,76.1,41.0,101.5,Low,0.99,1.005,0.989,0.761,0.82,0.97,0.951,0.997,-1.0042768835607958,0.5,Green,Low,10
INIT-0010,Kleenpak Initiative 10,Biopharma Consumables,Kleenpak,EMEA,PMM_05,Medium,Mature,2025Q3,Month2,126124.83,130968.97,95,98.6,4,100.0,34.2,83.9,Low,1.038,1.038,0.956,1.0,0.684,0.678,0.951,0.997,3.8407504691978565,3.5999999999999943,Green,Low,11
INIT-0010,Kleenpak Initiative 10,Biopharma Consumables,Kleenpak,EMEA,PMM_05,Medium,Mature,2025Q3,Month3,128579.05,128432.6,95,95.4,11,91.2,37.6,75.0,Low,0.999,1.004,0.878,0.912,0.752,0.5,0.899,0.941,-0.11389880388756729,0.4000000000000057,Amber,Medium,102
INIT-0010,Kleenpak Initiative 10,Biopharma Consumables,Kleenpak,EMEA,PMM_05,Medium,Mature,2025Q4,Month1,129973.02,129279.02,95,96.3,9,71.9,36.2,105.1,Low,0.995,1.014,0.9,0.719,0.724,0.898,0.92,0.957,-0.5339569704543297,1.2999999999999972,Green,Low,55
INIT-0010,Kleenpak Initiative 10,Biopharma Consumables,Kleenpak,EMEA,PMM_05,Medium,Mature,2025Q4,Month2,130943.4,134207.77,95,98.0,1,90.2,42.6,100.0,Low,1.025,1.032,0.989,0.902,0.852,1.0,0.989,1.01,2.4929626082719674,3.0,Green,Low,1
INIT-0010,Kleenpak Initiative 10,Biopharma Consumables,Kleenpak,EMEA,PMM_05,Medium,Mature,2025Q4,Month3,125480.93,123205.58,95,98.9,2,73.7,36.5,94.4,Low,0.982,1.041,0.978,0.737,0.73,0.888,0.934,1.009,-1.8133034238748402,3.9000000000000057,Green,Low,25
INIT-0011,Cadence Initiative 11,Biopharma Consumables,Cadence,EMEA,PMM_15,High,Mature,2024Q1,Month1,148003.99,152737.63,95,97.6,3,72.0,34.4,103.7,Low,1.032,1.027,0.967,0.72,0.688,0.926,0.945,0.997,3.1983191804491313,2.5999999999999943,Green,Low,23
INIT-0011,Cadence Initiative 11,Biopharma Consumables,Cadence,EMEA,PMM_15,High,Mature,2024Q1,Month2,157452.91,161752.45,95,95.9,8,72.8,34.4,98.7,Low,1.027,1.009,0.911,0.728,0.688,0.974,0.937,0.96,2.7306830975686687,0.9000000000000057,Green,Low,34
INIT-0011,Cadence Initiative 11,Biopharma Consumables,Cadence,EMEA,PMM_15,High,Mature,2024Q1,Month3,157507.2,155954.94,95,97.7,6,62.4,33.7,87.4,Low,0.99,1.028,0.933,0.624,0.674,0.748,0.897,0.981,-0.9855168525629362,2.700000000000003,Amber,Medium,95
INIT-0011,Cadence Initiative 11,Biopharma Consumables,Cadence,EMEA,PMM_15,High,Mature,2024Q2,Month1,149616.98,150417.86,95,98.2,10,64.8,37.3,95.4,Low,1.005,1.034,0.889,0.648,0.746,0.908,0.922,0.961,0.5352868370956128,3.200000000000003,Green,Low,52
INIT-0011,Cadence Initiative 11,Biopharma Consumables,Cadence,EMEA,PMM_15,High,Mature,2024Q2,Month2,156342.29,160964.13,95,96.2,2,86.4,39.5,92.3,Low,1.03,1.013,0.978,0.864,0.79,0.846,0.96,0.995,2.9562314841365036,1.2000000000000028,Green,Low,6
INIT-0011,Cadence Initiative 11,Biopharma Consumables,Cadence,EMEA,PMM_15,High,Mature,2024Q2,Month3,151827.0,151355.01,95,97.5,8,79.5,39.1,106.7,Low,0.997,1.026,0.911,0.795,0.782,0.866,0.935,0.969,-0.3108735600387222,2.5,Green,Low,28
INIT-0011,Cadence Initiative 11,Biopharma Consumables,Cadence,EMEA,PMM_15,High,Mature,2024Q3,Month1,146348.1,145913.4,95,95.0,7,85.5,35.3,86.8,Low,0.997,1.0,0.922,0.855,0.706,0.736,0.917,0.961,-0.2970315296201397,0.0,Green,Low,68
INIT-0011,Cadence Initiative 11,Biopharma Consumables,Cadence,EMEA,PMM_15,High,Mature,2024Q3,Month2,155892.61,161120.96,95,98.5,5,79.5,40.2,86.8,Low,1.034,1.037,0.944,0.795,0.804,0.736,0.944,0.991,3.353815168018552,3.5,Green,Low,24
INIT-0011,Cadence Initiative 11,Biopharma Consumables,Cadence,EMEA,PMM_15,High,Mature,2024Q3,Month3,143235.07,145297.79,95,97.3,1,65.7,40.4,91.5,Low,1.014,1.024,0.989,0.657,0.808,0.83,0.938,1.007,1.4400942450755956,2.299999999999997,Green,Low,38
INIT-0011,Cadence Initiative 11,Biopharma Consumables,Cadence,EMEA,PMM_15,High,Mature,2024Q4,Month1,155806.42,160442.78,95,95.1,2,62.8,38.6,100.0,Low,1.03,1.001,0.978,0.628,0.772,1.0,0.947,0.989,2.9757182021125863,0.09999999999999432,Green,Low,13
INIT-0011,Cadence Initiative 11,Biopharma Consumables,Cadence,EMEA,PMM_15,High,Mature,2024Q4,Month2,155685.29,161078.33,95,96.7,11,66.8,37.7,84.1,Low,1.035,1.018,0.878,0.668,0.754,0.682,0.908,0.948,3.4640652305686546,1.7000000000000028,Green,Low,81
INIT-0011,Cadence Initiative 11,Biopharma Consumables,Cadence,EMEA,PMM_15,High,Mature,2024Q4,Month3,150294.53,152624.37,95,98.8,5,73.3,35.0,98.3,Low,1.016,1.04,0.944,0.733,0.7,0.966,0.945,0.992,1.5501828310052246,3.799999999999997,Green,Low,16
INIT-0011,Cadence Initiative 11,Biopharma Consumables,Cadence,EMEA,PMM_15,High,Mature,2025Q1,Month1,152361.45,155276.65,95,96.5,2,79.2,39.7,92.3,Low,1.019,1.016,0.978,0.792,0.794,0.846,0.95,0.997,1.9133448782483904,1.5,Green,Low,12
INIT-0011,Cadence Initiative 11,Biopharma Consumables,Cadence,EMEA,PMM_15,High,Mature,2025Q1,Month2,160767.46,157580.29,95,95.3,8,95.0,38.3,88.2,Low,0.98,1.003,0.911,0.95,0.766,0.764,0.928,0.957,-1.9824720748838003,0.29999999999999716,Green,Low,32
INIT-0011,Cadence Initiative 11,Biopharma Consumables,Cadence,EMEA,PMM_15,High,Mature,2025Q1,Month3,165102.71,171424.82,95,96.0,9,75.8,31.8,95.6,Low,1.038,1.011,0.9,0.758,0.636,0.912,0.931,0.955,3.829198200320283,1.0,Green,Low,27
INIT-0011,Cadence Initiative 11,Biopharma Consumables,Cadence,EMEA,PMM_15,High,Mature,2025Q2,Month1,155004.69,159848.3,95,97.1,5,65.6,36.5,98.2,Low,1.031,1.022,0.944,0.656,0.73,0.964,0.942,0.983,3.1248151265616455,2.0999999999999943,Green,Low,15
INIT-0011,Cadence Initiative 11,Biopharma Consumables,Cadence,EMEA,PMM_15,High,Mature,2025Q2,Month2,159090.34,158710.01,95,96.8,9,76.4,40.0,93.7,Low,0.998,1.019,0.9,0.764,0.8,0.874,0.932,0.959,-0.23906542659974653,1.7999999999999972,Green,Low,28
INIT-0011,Cadence Initiative 11,Biopharma Consumables,Cadence,EMEA,PMM_15,High,Mature,2025Q2,Month3,153517.17,155741.14,95,96.4,6,70.5,37.8,87.3,Low,1.014,1.015,0.933,0.705,0.756,0.746,0.919,0.974,1.4486783465328346,1.4000000000000057,Green,Low,48
INIT-0011,Cadence Initiative 11,Biopharma Consumables,Cadence,EMEA,PMM_15,High,Mature,2025Q3,Month1,161480.27,162232.97,95,96.6,2,80.7,39.5,79.4,Low,1.005,1.017,0.978,0.807,0.79,0.588,0.92,0.997,0.4661250566400537,1.5999999999999943,Green,Low,61
INIT-0011,Cadence Initiative 11,Biopharma Consumables,Cadence,EMEA,PMM_15,High,Mature,2025Q3,Month2,172483.53,176499.57,95,98.8,9,87.0,40.4,96.3,Low,1.023,1.04,0.9,0.87,0.808,0.926,0.962,0.97,2.328361438335595,3.799999999999997,Green,Low,5
INIT-0011,Cadence Initiative 11,Biopharma Consumables,Cadence,EMEA,PMM_15,High,Mature,2025Q3,Month3,159397.78,157304.76,95,98.5,1,69.7,31.4,84.9,Low,0.987,1.037,0.989,0.697,0.628,0.698,0.903,1.013,-1.3130797681121968,3.5,Green,Low,92
INIT-0011,Cadence Initiative 11,Biopharma Consumables,Cadence,EMEA,PMM_15,High,Mature,2025Q4,Month1,173846.2,173718.4,95,95.3,9,74.9,36.4,104.0,Low,0.999,1.003,0.9,0.749,0.728,0.92,0.925,0.952,-0.07351325481949991,0.29999999999999716,Green,Low,48
INIT-0011,Cadence Initiative 11,Biopharma Consumables,Cadence,EMEA,PMM_15,High,Mature,2025Q4,Month2,172064.16,174751.74,95,97.6,2,80.1,40.3,95.1,Low,1.016,1.027,0.978,0.801,0.806,0.902,0.959,1.003,1.5619638627823407,2.5999999999999943,Green,Low,4
INIT-0011,Cadence Initiative 11,Biopharma Consumables,Cadence,EMEA,PMM_15,High,Mature,2025Q4,Month3,163151.74,168004.05,95,98.6,5,84.4,39.0,107.2,Low,1.03,1.038,0.944,0.844,0.78,0.856,0.958,0.991,2.9741086426660224,3.5999999999999943,Green,Low,5
INIT-0012,Cadence Initiative 12,Biopharma Consumables,Cadence,EMEA,PMM_13,Medium,Decline,2024Q1,Month1,243474.47,225662.04,95,92.4,20,71.5,43.3,82.5,Low,0.927,0.973,0.778,0.715,0.866,0.65,0.859,0.875,-7.31593337075546,-2.5999999999999943,Amber,Medium,149
INIT-0012,Cadence Initiative 12,Biopharma Consumables,Cadence,EMEA,PMM_13,Medium,Decline,2024Q1,Month2,239558.64,199777.98,95,92.1,42,87.2,35.2,74.8,Medium,0.834,0.969,0.533,0.872,0.704,0.496,0.773,0.751,-16.605813090273013,-2.9000000000000057,Amber,Medium,210
INIT-0012,Cadence Initiative 12,Biopharma Consumables,Cadence,EMEA,PMM_13,Medium,Decline,2024Q1,Month3,246226.61,208758.31,95,91.8,37,59.6,41.5,104.7,Medium,0.848,0.966,0.589,0.596,0.83,0.906,0.812,0.778,-15.216998682636287,-3.200000000000003,Amber,Medium,182
INIT-0012,Cadence Initiative 12,Biopharma Consumables,Cadence,EMEA,PMM_13,Medium,Decline,2024Q2,Month1,231754.92,207851.97,95,86.5,19,85.8,37.5,95.4,Medium,0.897,0.911,0.789,0.858,0.75,0.908,0.866,0.85,-10.313891070791511,-8.5,Amber,Medium,142
INIT-0012,Cadence Initiative 12,Biopharma Consumables,Cadence,EMEA,PMM_13,Medium,Decline,2024Q2,Month2,235103.76,200094.61,95,88.4,17,76.5,35.9,100.9,Medium,0.851,0.931,0.811,0.765,0.718,0.982,0.852,0.871,-14.890935814892975,-6.599999999999994,Amber,Medium,153
INIT-0012,Cadence Initiative 12,Biopharma Consumables,Cadence,EMEA,PMM_13,Medium,Decline,2024Q2,Month3,237181.78,210388.12,95,88.3,34,66.2,35.2,93.1,Medium,0.887,0.929,0.622,0.662,0.704,0.862,0.812,0.776,-11.296677173094832,-6.700000000000003,Amber,Medium,178
INIT-0012,Cadence Initiative 12,Biopharma Consumables,Cadence,EMEA,PMM_13,Medium,Decline,2024Q3,Month1,228828.61,200412.27,95,87.1,38,77.0,39.2,83.2,Medium,0.876,0.917,0.578,0.77,0.784,0.664,0.798,0.747,-12.418176206200789,-7.900000000000006,Amber,Medium,194
INIT-0012,Cadence Initiative 12,Biopharma Consumables,Cadence,EMEA,PMM_13,Medium,Decline,2024Q3,Month2,208098.75,181707.19,95,91.8,29,74.4,38.1,91.6,Medium,0.873,0.966,0.678,0.744,0.762,0.832,0.834,0.822,-12.682228989842562,-3.200000000000003,Amber,Medium,171
INIT-0012,Cadence Initiative 12,Biopharma Consumables,Cadence,EMEA,PMM_13,Medium,Decline,2024Q3,Month3,215682.17,201287.67,95,88.4,17,89.7,39.1,91.1,Low,0.933,0.931,0.811,0.897,0.782,0.822,0.885,0.871,-6.673940641454043,-6.599999999999994,Amber,Medium,123
INIT-0012,Cadence Initiative 12,Biopharma Consumables,Cadence,EMEA,PMM_13,Medium,Decline,2024Q4,Month1,202871.87,176839.71,95,89.9,19,82.5,34.2,93.0,Medium,0.872,0.946,0.789,0.825,0.684,0.86,0.85,0.868,-12.831823357274718,-5.099999999999994,Amber,Medium,156
INIT-0012,Cadence Initiative 12,Biopharma Consumables,Cadence,EMEA,PMM_13,Medium,Decline,2024Q4,Month2,200944.67,169868.58,95,92.5,17,70.1,36.1,90.7,Medium,0.845,0.974,0.811,0.701,0.722,0.814,0.836,0.892,-15.464998399808277,-2.5,Amber,Medium,164
INIT-0012,Cadence Initiative 12,Biopharma Consumables,Cadence,EMEA,PMM_13,Medium,Decline,2024Q4,Month3,201425.86,177602.04,95,93.7,21,73.3,38.9,82.5,Medium,0.882,0.986,0.767,0.733,0.778,0.65,0.837,0.876,-11.827587579866846,-1.2999999999999972,Amber,Medium,163
INIT-0012,Cadence Initiative 12,Biopharma Consumables,Cadence,EMEA,PMM_13,Medium,Decline,2025Q1,Month1,194676.72,167473.92,95,92.4,18,89.0,43.9,82.2,Medium,0.86,0.973,0.8,0.89,0.878,0.644,0.857,0.886,-13.973319460077194,-2.5999999999999943,Amber,Medium,143
INIT-0012,Cadence Initiative 12,Biopharma Consumables,Cadence,EMEA,PMM_13,Medium,Decline,2025Q1,Month2,199611.28,180974.12,95,85.4,31,83.0,43.0,104.5,Medium,0.907,0.899,0.656,0.83,0.86,0.91,0.855,0.777,-9.336726862329625,-9.599999999999994,Amber,Medium,145
INIT-0012,Cadence Initiative 12,Biopharma Consumables,Cadence,EMEA,PMM_13,Medium,Decline,2025Q1,Month3,198770.55,162911.91,95,89.1,36,74.4,38.8,86.7,Medium,0.82,0.938,0.6,0.744,0.776,0.734,0.79,0.769,-18.04021772843109,-5.900000000000006,Amber,Medium,201
INIT-0012,Cadence Initiative 12,Biopharma Consumables,Cadence,EMEA,PMM_13,Medium,Decline,2025Q2,Month1,204678.42,179489.74,95,86.3,33,86.7,38.7,89.2,Medium,0.877,0.908,0.633,0.867,0.774,0.784,0.826,0.771,-12.30646591858586,-8.700000000000003,Amber,Medium,167
INIT-0012,Cadence Initiative 12,Biopharma Consumables,Cadence,EMEA,PMM_13,Medium,Decline,2025Q2,Month2,195818.12,165048.73,95,87.7,18,84.4,35.8,93.9,Medium,0.843,0.923,0.8,0.844,0.716,0.878,0.843,0.862,-15.713249621638683,-7.299999999999997,Amber,Medium,162
INIT-0012,Cadence Initiative 12,Biopharma Consumables,Cadence,EMEA,PMM_13,Medium,Decline,2025Q2,Month3,195825.85,182934.22,95,90.2,33,53.8,31.4,78.3,Medium,0.934,0.949,0.633,0.538,0.628,0.566,0.785,0.791,-6.583211562722697,-4.799999999999997,Amber,Medium,192
INIT-0012,Cadence Initiative 12,Biopharma Consumables,Cadence,EMEA,PMM_13,Medium,Decline,2025Q3,Month1,189030.36,156908.66,95,92.3,17,89.7,37.4,90.9,Medium,0.83,0.972,0.811,0.897,0.748,0.818,0.853,0.891,-16.99287881586851,-2.700000000000003,Amber,Medium,151
INIT-0012,Cadence Initiative 12,Biopharma Consumables,Cadence,EMEA,PMM_13,Medium,Decline,2025Q3,Month2,187513.57,150548.53,95,90.6,37,88.0,43.9,90.1,Medium,0.803,0.954,0.589,0.88,0.878,0.802,0.816,0.771,-19.713261285569896,-4.400000000000006,Amber,Medium,177
INIT-0012,Cadence Initiative 12,Biopharma Consumables,Cadence,EMEA,PMM_13,Medium,Decline,2025Q3,Month3,191489.85,171360.75,95,91.2,24,88.8,39.5,101.7,Medium,0.895,0.96,0.733,0.888,0.79,0.966,0.88,0.847,-10.511836528150189,-3.799999999999997,Amber,Medium,123
INIT-0012,Cadence Initiative 12,Biopharma Consumables,Cadence,EMEA,PMM_13,Medium,Decline,2025Q4,Month1,183487.34,165418.09,95,93.9,32,69.3,36.4,98.9,Medium,0.902,0.988,0.644,0.693,0.728,0.978,0.85,0.816,-9.847682134364149,-1.0999999999999943,Amber,Medium,156
INIT-0012,Cadence Initiative 12,Biopharma Consumables,Cadence,EMEA,PMM_13,Medium,Decline,2025Q4,Month2,169599.68,151780.85,95,91.6,39,79.8,38.4,87.0,Medium,0.895,0.964,0.567,0.798,0.768,0.74,0.822,0.765,-10.506405436614024,-3.4000000000000057,Amber,Medium,172
INIT-0012,Cadence Initiative 12,Biopharma Consumables,Cadence,EMEA,PMM_13,Medium,Decline,2025Q4,Month3,176458.76,151954.19,95,91.5,28,81.1,36.0,90.8,Medium,0.861,0.963,0.689,0.811,0.72,0.816,0.832,0.826,-13.886853789520002,-3.5,Amber,Medium,164
INIT-0013,Cadence Initiative 13,Biopharma Consumables,Cadence,EMEA,PMM_14,Low,Decline,2024Q1,Month1,111961.69,91465.95,95,87.7,22,73.3,39.9,82.7,Medium,0.817,0.923,0.756,0.733,0.798,0.654,0.802,0.839,-18.306029499911983,-7.299999999999997,Amber,Medium,189
INIT-0013,Cadence Initiative 13,Biopharma Consumables,Cadence,EMEA,PMM_14,Low,Decline,2024Q1,Month2,114056.62,106016.78,95,91.0,42,77.3,33.2,85.9,Medium,0.93,0.958,0.533,0.773,0.664,0.718,0.812,0.746,-7.048990229589476,-4.0,Amber,Medium,181
INIT-0013,Cadence Initiative 13,Biopharma Consumables,Cadence,EMEA,PMM_14,Low,Decline,2024Q1,Month3,107825.68,91460.37,95,87.4,36,62.6,37.6,92.6,Medium,0.848,0.92,0.6,0.626,0.752,0.852,0.794,0.76,-15.177562524994045,-7.599999999999994,Amber,Medium,196
INIT-0013,Cadence Initiative 13,Biopharma Consumables,Cadence,EMEA,PMM_14,Low,Decline,2024Q2,Month1,105264.7,87177.74,95,90.8,36,78.2,40.0,95.2,Medium,0.828,0.956,0.6,0.782,0.8,0.904,0.82,0.778,-17.182360278421914,-4.200000000000003,Amber,Medium,171
INIT-0013,Cadence Initiative 13,Biopharma Consumables,Cadence,EMEA,PMM_14,Low,Decline,2024Q2,Month2,106291.23,86177.35,95,92.4,36,66.9,40.3,98.7,Medium,0.811,0.973,0.6,0.669,0.806,0.974,0.813,0.786,-18.923367431160585,-2.5999999999999943,Amber,Medium,177
INIT-0013,Cadence Initiative 13,Biopharma Consumables,Cadence,EMEA,PMM_14,Low,Decline,2024Q2,Month3,110028.76,90381.08,95,90.0,18,83.6,35.8,99.1,Medium,0.821,0.947,0.8,0.836,0.716,0.982,0.85,0.874,-17.856858515900747,-5.0,Amber,Medium,155
INIT-0013,Cadence Initiative 13,Biopharma Consumables,Cadence,EMEA,PMM_14,Low,Decline,2024Q3,Month1,99235.76,90131.7,95,86.2,16,71.4,33.4,97.7,Medium,0.908,0.907,0.822,0.714,0.668,0.954,0.856,0.865,-9.174172697422781,-8.799999999999997,Amber,Medium,158
INIT-0013,Cadence Initiative 13,Biopharma Consumables,Cadence,EMEA,PMM_14,Low,Decline,2024Q3,Month2,102371.9,94786.22,95,93.1,38,87.3,35.4,101.0,Medium,0.926,0.98,0.578,0.873,0.708,0.98,0.863,0.779,-7.4099240123510395,-1.9000000000000057,Amber,Medium,151
INIT-0013,Cadence Initiative 13,Biopharma Consumables,Cadence,EMEA,PMM_14,Low,Decline,2024Q3,Month3,97385.98,86162.02,95,88.2,33,80.1,41.2,77.0,Medium,0.885,0.928,0.633,0.801,0.824,0.54,0.807,0.781,-11.525231866024239,-6.799999999999997,Amber,Medium,186
INIT-0013,Cadence Initiative 13,Biopharma Consumables,Cadence,EMEA,PMM_14,Low,Decline,2024Q4,Month1,100606.69,87937.5,95,86.0,37,66.1,42.7,81.4,Medium,0.874,0.905,0.589,0.661,0.854,0.628,0.79,0.747,-12.592790797510586,-9.0,Amber,Medium,190
INIT-0013,Cadence Initiative 13,Biopharma Consumables,Cadence,EMEA,PMM_14,Low,Decline,2024Q4,Month2,100890.62,84559.93,95,85.0,37,76.3,38.6,86.7,Medium,0.838,0.895,0.589,0.763,0.772,0.734,0.788,0.742,-16.18652953069374,-10.0,Amber,Medium,191
INIT-0013,Cadence Initiative 13,Biopharma Consumables,Cadence,EMEA,PMM_14,Low,Decline,2024Q4,Month3,100616.26,82083.22,95,93.5,23,74.1,39.8,101.6,Medium,0.816,0.984,0.744,0.741,0.796,0.968,0.845,0.864,-18.41952781786959,-1.5,Amber,Medium,157
INIT-0013,Cadence Initiative 13,Biopharma Consumables,Cadence,EMEA,PMM_14,Low,Decline,2025Q1,Month1,90105.94,83787.09,95,93.6,42,68.0,37.8,102.2,Medium,0.93,0.985,0.533,0.68,0.756,0.956,0.842,0.759,-7.012689729445146,-1.4000000000000057,Amber,Medium,157
INIT-0013,Cadence Initiative 13,Biopharma Consumables,Cadence,EMEA,PMM_14,Low,Decline,2025Q1,Month2,86841.96,74899.08,95,92.7,27,84.3,39.0,94.4,Medium,0.862,0.976,0.7,0.843,0.78,0.888,0.853,0.838,-13.752430276792468,-2.299999999999997,Amber,Medium,149
INIT-0013,Cadence Initiative 13,Biopharma Consumables,Cadence,EMEA,PMM_14,Low,Decline,2025Q1,Month3,88752.93,80727.4,95,90.9,25,89.5,39.7,97.4,Medium,0.91,0.957,0.722,0.895,0.794,0.948,0.882,0.84,-9.042552172643765,-4.099999999999994,Amber,Medium,108
INIT-0013,Cadence Initiative 13,Biopharma Consumables,Cadence,EMEA,PMM_14,Low,Decline,2025Q2,Month1,86878.19,74651.79,95,93.8,26,76.4,35.3,97.1,Medium,0.859,0.987,0.711,0.764,0.706,0.942,0.846,0.849,-14.073037203008038,-1.2000000000000028,Amber,Medium,159
INIT-0013,Cadence Initiative 13,Biopharma Consumables,Cadence,EMEA,PMM_14,Low,Decline,2025Q2,Month2,88177.65,79362.53,95,87.6,17,83.1,39.8,84.6,Medium,0.9,0.922,0.811,0.831,0.796,0.692,0.853,0.867,-9.997000373677452,-7.400000000000006,Amber,Medium,154
INIT-0013,Cadence Initiative 13,Biopharma Consumables,Cadence,EMEA,PMM_14,Low,Decline,2025Q2,Month3,86461.91,73544.66,95,87.2,20,79.0,37.3,70.9,Medium,0.851,0.918,0.778,0.79,0.746,0.418,0.793,0.848,-14.93981569456423,-7.799999999999997,Amber,Medium,186
INIT-0013,Cadence Initiative 13,Biopharma Consumables,Cadence,EMEA,PMM_14,Low,Decline,2025Q3,Month1,80407.76,73068.82,95,90.4,38,92.1,36.3,78.4,Medium,0.909,0.952,0.578,0.921,0.726,0.568,0.817,0.765,-9.127153896589071,-4.599999999999994,Amber,Medium,176
INIT-0013,Cadence Initiative 13,Biopharma Consumables,Cadence,EMEA,PMM_14,Low,Decline,2025Q3,Month2,77913.73,63798.3,95,86.2,26,74.7,37.3,93.5,Medium,0.819,0.907,0.711,0.747,0.746,0.87,0.811,0.809,-18.11674271017444,-8.799999999999997,Amber,Medium,181
INIT-0013,Cadence Initiative 13,Biopharma Consumables,Cadence,EMEA,PMM_14,Low,Decline,2025Q3,Month3,78280.68,66638.04,95,85.2,35,69.5,40.2,99.6,Medium,0.851,0.897,0.611,0.695,0.804,0.992,0.818,0.754,-14.872941829324937,-9.799999999999997,Amber,Medium,175
INIT-0013,Cadence Initiative 13,Biopharma Consumables,Cadence,EMEA,PMM_14,Low,Decline,2025Q4,Month1,77709.3,72041.11,95,89.9,18,97.2,40.0,97.4,Low,0.927,0.946,0.8,0.972,0.8,0.948,0.906,0.873,-7.294094786595687,-5.099999999999994,Green,Low,86
INIT-0013,Cadence Initiative 13,Biopharma Consumables,Cadence,EMEA,PMM_14,Low,Decline,2025Q4,Month2,76141.72,71186.28,95,88.6,18,81.1,38.4,87.0,Low,0.935,0.933,0.8,0.811,0.768,0.74,0.866,0.866,-6.508179746924554,-6.400000000000006,Amber,Medium,140
INIT-0013,Cadence Initiative 13,Biopharma Consumables,Cadence,EMEA,PMM_14,Low,Decline,2025Q4,Month3,73096.36,68978.73,95,91.0,18,100.0,38.1,93.8,Low,0.944,0.958,0.8,1.0,0.762,0.876,0.906,0.879,-5.6331532787679235,-4.0,Green,Low,87
INIT-0014,Cadence Initiative 14,Biopharma Consumables,Cadence,EMEA,PMM_09,High,Mature,2024Q1,Month1,241973.57,239267.76,95,96.3,2,83.0,41.4,104.6,Low,0.989,1.014,0.978,0.83,0.828,0.908,0.952,0.996,-1.1182254326371255,1.2999999999999972,Green,Low,16
INIT-0014,Cadence Initiative 14,Biopharma Consumables,Cadence,EMEA,PMM_09,High,Mature,2024Q1,Month2,228239.56,228294.43,95,96.4,3,67.8,38.9,106.0,Low,1.0,1.015,0.967,0.678,0.778,0.88,0.932,0.991,0.024040530046585854,1.4000000000000057,Green,Low,38
INIT-0014,Cadence Initiative 14,Biopharma Consumables,Cadence,EMEA,PMM_09,High,Mature,2024Q1,Month3,223579.4,221083.85,95,97.8,9,67.1,37.5,92.3,Low,0.989,1.029,0.9,0.671,0.75,0.846,0.914,0.965,-1.1161806499167581,2.799999999999997,Green,Low,67
INIT-0014,Cadence Initiative 14,Biopharma Consumables,Cadence,EMEA,PMM_09,High,Mature,2024Q2,Month1,234851.55,238903.8,95,97.7,4,83.8,34.1,93.5,Low,1.017,1.028,0.956,0.838,0.682,0.87,0.944,0.992,1.7254516736210597,2.700000000000003,Green,Low,17
INIT-0014,Cadence Initiative 14,Biopharma Consumables,Cadence,EMEA,PMM_09,High,Mature,2024Q2,Month2,233865.1,235439.59,95,97.2,5,82.5,39.1,92.4,Low,1.007,1.023,0.944,0.825,0.782,0.848,0.944,0.984,0.6732470984340932,2.200000000000003,Green,Low,16
INIT-0014,Cadence Initiative 14,Biopharma Consumables,Cadence,EMEA,PMM_09,High,Mature,2024Q2,Month3,229190.52,227028.27,95,96.7,2,81.3,35.5,102.5,Low,0.991,1.018,0.978,0.813,0.71,0.95,0.944,0.998,-0.9434290737679726,1.7000000000000028,Green,Low,15
INIT-0014,Cadence Initiative 14,Biopharma Consumables,Cadence,EMEA,PMM_09,High,Mature,2024Q3,Month1,239844.21,245945.52,95,98.8,1,77.2,34.3,84.3,Low,1.025,1.04,0.989,0.772,0.686,0.686,0.93,1.014,2.5438637855798136,3.799999999999997,Green,Low,46
INIT-0014,Cadence Initiative 14,Biopharma Consumables,Cadence,EMEA,PMM_09,High,Mature,2024Q3,Month2,245792.55,255036.82,95,97.7,10,86.3,39.7,95.3,Low,1.038,1.028,0.889,0.863,0.794,0.906,0.958,0.959,3.761004961297655,2.700000000000003,Green,Low,12
INIT-0014,Cadence Initiative 14,Biopharma Consumables,Cadence,EMEA,PMM_09,High,Mature,2024Q3,Month3,244882.37,245230.54,95,98.3,3,65.5,39.8,99.1,Low,1.001,1.035,0.967,0.655,0.796,0.982,0.946,1.001,0.14217846715548074,3.299999999999997,Green,Low,22
INIT-0014,Cadence Initiative 14,Biopharma Consumables,Cadence,EMEA,PMM_09,High,Mature,2024Q4,Month1,240486.47,241488.31,95,96.7,8,73.5,48.5,80.3,Low,1.004,1.018,0.911,0.735,0.97,0.606,0.923,0.965,0.4165889249403497,1.7000000000000028,Green,Low,51
INIT-0014,Cadence Initiative 14,Biopharma Consumables,Cadence,EMEA,PMM_09,High,Mature,2024Q4,Month2,250164.43,256482.56,95,97.5,3,59.3,41.0,86.5,Low,1.025,1.026,0.967,0.593,0.82,0.73,0.923,0.996,2.525590868374055,2.5,Green,Low,50
INIT-0014,Cadence Initiative 14,Biopharma Consumables,Cadence,EMEA,PMM_09,High,Mature,2024Q4,Month3,252232.72,260010.65,95,96.4,3,85.9,39.5,97.3,Low,1.031,1.015,0.967,0.859,0.79,0.946,0.968,0.991,3.083632448637113,1.4000000000000057,Green,Low,4
INIT-0014,Cadence Initiative 14,Biopharma Consumables,Cadence,EMEA,PMM_09,High,Mature,2025Q1,Month1,262953.45,262151.11,95,95.6,7,79.1,39.8,107.8,Low,0.997,1.006,0.922,0.791,0.796,0.844,0.932,0.964,-0.3051262495320087,0.5999999999999943,Green,Low,25
INIT-0014,Cadence Initiative 14,Biopharma Consumables,Cadence,EMEA,PMM_09,High,Mature,2025Q1,Month2,251897.94,249033.57,95,98.0,2,62.4,40.6,90.8,Low,0.989,1.032,0.978,0.624,0.812,0.816,0.924,1.005,-1.1371152935986675,3.0,Green,Low,35
INIT-0014,Cadence Initiative 14,Biopharma Consumables,Cadence,EMEA,PMM_09,High,Mature,2025Q1,Month3,260175.36,267821.83,95,96.6,3,79.1,40.9,86.7,Low,1.029,1.017,0.967,0.791,0.818,0.734,0.943,0.992,2.9389677792701163,1.5999999999999943,Green,Low,16
INIT-0014,Cadence Initiative 14,Biopharma Consumables,Cadence,EMEA,PMM_09,High,Mature,2025Q2,Month1,255739.83,256215.82,95,95.1,8,70.1,40.0,89.1,Low,1.002,1.001,0.911,0.701,0.8,0.782,0.916,0.956,0.1861227482633502,0.09999999999999432,Green,Low,54
INIT-0014,Cadence Initiative 14,Biopharma Consumables,Cadence,EMEA,PMM_09,High,Mature,2025Q2,Month2,252349.82,259958.06,95,95.4,10,90.4,34.8,97.4,Low,1.03,1.004,0.889,0.904,0.696,0.948,0.95,0.947,3.0149575696150643,0.4000000000000057,Green,Low,11
INIT-0014,Cadence Initiative 14,Biopharma Consumables,Cadence,EMEA,PMM_09,High,Mature,2025Q2,Month3,244535.92,240311.36,95,98.5,6,89.9,39.1,90.6,Low,0.983,1.037,0.933,0.899,0.782,0.812,0.941,0.985,-1.7275825980903037,3.5,Green,Low,20
INIT-0014,Cadence Initiative 14,Biopharma Consumables,Cadence,EMEA,PMM_09,High,Mature,2025Q3,Month1,257952.17,253742.36,95,97.1,8,91.7,35.5,87.3,Low,0.984,1.022,0.911,0.917,0.71,0.746,0.923,0.967,-1.6320118570818873,2.0999999999999943,Green,Low,59
INIT-0014,Cadence Initiative 14,Biopharma Consumables,Cadence,EMEA,PMM_09,High,Mature,2025Q3,Month2,244174.55,240051.43,95,96.7,2,72.1,36.2,84.3,Low,0.983,1.018,0.978,0.721,0.724,0.686,0.907,0.998,-1.688595310199198,1.7000000000000028,Green,Low,82
INIT-0014,Cadence Initiative 14,Biopharma Consumables,Cadence,EMEA,PMM_09,High,Mature,2025Q3,Month3,262702.73,270821.69,95,97.6,8,60.7,36.0,101.6,Low,1.031,1.027,0.911,0.607,0.72,0.968,0.932,0.969,3.0905502961465308,2.5999999999999943,Green,Low,35
INIT-0014,Cadence Initiative 14,Biopharma Consumables,Cadence,EMEA,PMM_09,High,Mature,2025Q4,Month1,258369.2,268696.89,95,96.5,10,68.2,33.9,88.3,Low,1.04,1.016,0.889,0.682,0.678,0.766,0.913,0.952,3.9972605093796014,1.5,Green,Low,73
INIT-0014,Cadence Initiative 14,Biopharma Consumables,Cadence,EMEA,PMM_09,High,Mature,2025Q4,Month2,273870.6,279255.13,95,97.2,7,78.9,35.6,85.4,Low,1.02,1.023,0.922,0.789,0.712,0.708,0.921,0.973,1.9660854432713946,2.200000000000003,Green,Low,53
INIT-0014,Cadence Initiative 14,Biopharma Consumables,Cadence,EMEA,PMM_09,High,Mature,2025Q4,Month3,274354.93,279212.67,95,97.3,10,83.2,31.3,89.6,Low,1.018,1.024,0.889,0.832,0.626,0.792,0.919,0.957,1.7706042315332153,2.299999999999997,Green,Low,57
INIT-0015,Cadence Initiative 15,Biopharma Consumables,Cadence,APAC,PMM_05,High,Growth,2024Q1,Month1,240191.87,233808.88,95,93.9,26,80.3,39.5,97.3,Low,0.973,0.988,0.711,0.803,0.79,0.946,0.899,0.85,-2.657454642407335,-1.0999999999999943,Amber,Medium,91
INIT-0015,Cadence Initiative 15,Biopharma Consumables,Cadence,APAC,PMM_05,High,Growth,2024Q1,Month2,225023.43,223874.56,95,93.3,26,82.2,40.2,101.1,Low,0.995,0.982,0.711,0.822,0.804,0.978,0.912,0.847,-0.5105557230195964,-1.7000000000000028,Green,Low,71
INIT-0015,Cadence Initiative 15,Biopharma Consumables,Cadence,APAC,PMM_05,High,Growth,2024Q1,Month3,228735.87,228614.02,95,91.3,32,70.9,42.3,91.5,Low,0.999,0.961,0.644,0.709,0.846,0.83,0.877,0.803,-0.05327105014181022,-3.700000000000003,Amber,Medium,122
INIT-0015,Cadence Initiative 15,Biopharma Consumables,Cadence,APAC,PMM_05,High,Growth,2024Q2,Month1,265886.39,271059.95,95,94.6,44,82.5,43.5,92.3,Low,1.019,0.996,0.511,0.825,0.87,0.846,0.887,0.753,1.9457784206254398,-0.4000000000000057,Amber,Medium,112
INIT-0015,Cadence Initiative 15,Biopharma Consumables,Cadence,APAC,PMM_05,High,Growth,2024Q2,Month2,269997.05,289928.43,95,88.6,24,88.5,42.5,99.7,Low,1.074,0.933,0.733,0.885,0.85,0.994,0.945,0.833,7.382073248578089,-6.400000000000006,Green,Low,13
INIT-0015,Cadence Initiative 15,Biopharma Consumables,Cadence,APAC,PMM_05,High,Growth,2024Q2,Month3,260588.0,268727.1,95,87.8,28,72.4,38.1,92.8,Low,1.031,0.924,0.689,0.724,0.762,0.856,0.883,0.807,3.1233594793313495,-7.200000000000003,Amber,Medium,118
INIT-0015,Cadence Initiative 15,Biopharma Consumables,Cadence,APAC,PMM_05,High,Growth,2024Q3,Month1,285141.52,281546.53,95,89.6,28,62.8,41.3,87.0,Low,0.987,0.943,0.689,0.628,0.826,0.74,0.857,0.816,-1.2607739483187121,-5.400000000000006,Amber,Medium,157
INIT-0015,Cadence Initiative 15,Biopharma Consumables,Cadence,APAC,PMM_05,High,Growth,2024Q3,Month2,282354.03,284121.48,95,93.1,32,93.3,38.5,91.7,Low,1.006,0.98,0.644,0.933,0.77,0.834,0.899,0.812,0.6259694611052491,-1.9000000000000057,Amber,Medium,101
INIT-0015,Cadence Initiative 15,Biopharma Consumables,Cadence,APAC,PMM_05,High,Growth,2024Q3,Month3,303497.59,296173.89,95,92.6,37,82.2,37.5,95.2,Medium,0.976,0.975,0.589,0.822,0.75,0.904,0.872,0.782,-2.4130998865592344,-2.4000000000000057,Amber,Medium,136
INIT-0015,Cadence Initiative 15,Biopharma Consumables,Cadence,APAC,PMM_05,High,Growth,2024Q4,Month1,332857.31,348143.8,95,94.7,30,77.6,38.3,80.4,Low,1.046,0.997,0.667,0.776,0.766,0.608,0.88,0.832,4.592505419214015,-0.29999999999999716,Amber,Medium,123
INIT-0015,Cadence Initiative 15,Biopharma Consumables,Cadence,APAC,PMM_05,High,Growth,2024Q4,Month2,317163.44,321221.59,95,92.7,15,80.1,38.2,86.2,Low,1.013,0.976,0.833,0.801,0.764,0.724,0.904,0.905,1.2795138052481785,-2.299999999999997,Green,Low,91
INIT-0015,Cadence Initiative 15,Biopharma Consumables,Cadence,APAC,PMM_05,High,Growth,2024Q4,Month3,317214.5,319101.52,95,94.5,42,79.8,42.5,102.0,Low,1.006,0.995,0.533,0.798,0.85,0.96,0.892,0.764,0.5948719242027142,-0.5,Amber,Medium,104
INIT-0015,Cadence Initiative 15,Biopharma Consumables,Cadence,APAC,PMM_05,High,Growth,2025Q1,Month1,357433.96,365753.52,95,94.3,35,62.3,40.8,97.2,Low,1.023,0.993,0.611,0.623,0.816,0.944,0.887,0.802,2.3275796177844983,-0.7000000000000028,Amber,Medium,102
INIT-0015,Cadence Initiative 15,Biopharma Consumables,Cadence,APAC,PMM_05,High,Growth,2025Q1,Month2,389401.1,392664.68,95,93.7,42,62.6,39.7,94.7,Low,1.008,0.986,0.533,0.626,0.794,0.894,0.862,0.76,0.8381024090584275,-1.2999999999999972,Amber,Medium,139
INIT-0015,Cadence Initiative 15,Biopharma Consumables,Cadence,APAC,PMM_05,High,Growth,2025Q1,Month3,364478.2,363954.12,95,93.1,14,62.7,39.5,96.6,Low,0.999,0.98,0.844,0.627,0.79,0.932,0.907,0.912,-0.143789120995444,-1.9000000000000057,Green,Low,64
INIT-0015,Cadence Initiative 15,Biopharma Consumables,Cadence,APAC,PMM_05,High,Growth,2025Q2,Month1,443969.47,478159.96,95,89.3,18,77.4,35.5,101.4,Low,1.077,0.94,0.8,0.774,0.71,0.972,0.931,0.87,7.701090347496203,-5.700000000000003,Green,Low,32
INIT-0015,Cadence Initiative 15,Biopharma Consumables,Cadence,APAC,PMM_05,High,Growth,2025Q2,Month2,446127.33,448992.69,95,88.7,40,95.5,42.1,81.7,Medium,1.006,0.934,0.556,0.955,0.842,0.634,0.865,0.745,0.6422740341866044,-6.299999999999997,Amber,Medium,145
INIT-0015,Cadence Initiative 15,Biopharma Consumables,Cadence,APAC,PMM_05,High,Growth,2025Q2,Month3,438570.07,463300.18,95,89.6,32,84.9,35.6,86.5,Low,1.056,0.943,0.644,0.849,0.712,0.73,0.884,0.794,5.638804763854493,-5.400000000000006,Amber,Medium,116
INIT-0015,Cadence Initiative 15,Biopharma Consumables,Cadence,APAC,PMM_05,High,Growth,2025Q3,Month1,474701.88,496184.68,95,88.2,39,60.8,41.8,98.1,Low,1.045,0.928,0.567,0.608,0.836,0.962,0.877,0.748,4.525535057918876,-6.799999999999997,Amber,Medium,124
INIT-0015,Cadence Initiative 15,Biopharma Consumables,Cadence,APAC,PMM_05,High,Growth,2025Q3,Month2,481311.6,506474.59,95,91.2,27,74.7,40.6,99.1,Low,1.052,0.96,0.7,0.747,0.812,0.982,0.919,0.83,5.228004062233292,-3.799999999999997,Green,Low,62
INIT-0015,Cadence Initiative 15,Biopharma Consumables,Cadence,APAC,PMM_05,High,Growth,2025Q3,Month3,488040.16,490760.71,95,87.9,27,86.5,36.8,100.0,Low,1.006,0.925,0.7,0.865,0.736,1.0,0.902,0.813,0.5574438792086386,-7.099999999999994,Green,Low,97
INIT-0015,Cadence Initiative 15,Biopharma Consumables,Cadence,APAC,PMM_05,High,Growth,2025Q4,Month1,583520.76,603600.82,95,90.9,34,75.6,38.0,70.4,Low,1.034,0.957,0.622,0.756,0.76,0.408,0.839,0.79,3.4411903357131526,-4.099999999999994,Amber,Medium,162
INIT-0015,Cadence Initiative 15,Biopharma Consumables,Cadence,APAC,PMM_05,High,Growth,2025Q4,Month2,580779.5,574469.9,95,93.1,31,85.9,38.0,94.0,Low,0.989,0.98,0.656,0.859,0.76,0.88,0.89,0.818,-1.0864019821636226,-1.9000000000000057,Amber,Medium,109
INIT-0015,Cadence Initiative 15,Biopharma Consumables,Cadence,APAC,PMM_05,High,Growth,2025Q4,Month3,559579.88,598819.58,95,93.3,17,74.2,40.4,94.7,Low,1.07,0.982,0.811,0.742,0.808,0.894,0.937,0.897,7.012350050898891,-1.7000000000000028,Green,Low,19
INIT-0016,Kleenpak Initiative 16,Biopharma Consumables,Kleenpak,APAC,PMM_19,High,Growth,2024Q1,Month1,183736.56,192285.64,95,91.1,42,71.3,41.0,82.8,Low,1.047,0.959,0.533,0.713,0.82,0.656,0.857,0.746,4.65290087068138,-3.9000000000000057,Amber,Medium,153
INIT-0016,Kleenpak Initiative 16,Biopharma Consumables,Kleenpak,APAC,PMM_19,High,Growth,2024Q1,Month2,183564.63,181989.49,95,95.4,21,64.4,36.6,100.3,Low,0.991,1.004,0.767,0.644,0.732,0.994,0.9,0.885,-0.8580846974714105,0.4000000000000057,Amber,Medium,89
INIT-0016,Kleenpak Initiative 16,Biopharma Consumables,Kleenpak,APAC,PMM_19,High,Growth,2024Q1,Month3,183857.53,194691.9,95,93.6,41,75.9,37.9,89.1,Low,1.059,0.985,0.544,0.759,0.758,0.782,0.879,0.765,5.892807327499719,-1.4000000000000057,Amber,Medium,116
INIT-0016,Kleenpak Initiative 16,Biopharma Consumables,Kleenpak,APAC,PMM_19,High,Growth,2024Q2,Month1,214512.3,207064.79,95,90.2,28,59.6,38.3,101.0,Low,0.965,0.949,0.689,0.596,0.766,0.98,0.865,0.819,-3.4718335498710244,-4.799999999999997,Amber,Medium,143
INIT-0016,Kleenpak Initiative 16,Biopharma Consumables,Kleenpak,APAC,PMM_19,High,Growth,2024Q2,Month2,215928.89,207477.87,95,90.2,34,83.7,39.0,94.5,Medium,0.961,0.949,0.622,0.837,0.78,0.89,0.87,0.786,-3.913797732207126,-4.799999999999997,Amber,Medium,137
INIT-0016,Kleenpak Initiative 16,Biopharma Consumables,Kleenpak,APAC,PMM_19,High,Growth,2024Q2,Month3,211578.83,217716.28,95,89.7,28,69.2,33.9,87.5,Low,1.029,0.944,0.689,0.692,0.678,0.75,0.864,0.817,2.9007864350133765,-5.299999999999997,Amber,Medium,144
INIT-0016,Kleenpak Initiative 16,Biopharma Consumables,Kleenpak,APAC,PMM_19,High,Growth,2024Q3,Month1,248183.67,249189.01,95,92.2,21,88.9,41.2,92.0,Low,1.004,0.971,0.767,0.889,0.824,0.84,0.916,0.869,0.4050790287692967,-2.799999999999997,Green,Low,71
INIT-0016,Kleenpak Initiative 16,Biopharma Consumables,Kleenpak,APAC,PMM_19,High,Growth,2024Q3,Month2,235183.41,224101.19,95,94.1,14,65.0,37.7,97.8,Low,0.953,0.991,0.844,0.65,0.754,0.956,0.894,0.917,-4.712160606906755,-0.9000000000000057,Amber,Medium,111
INIT-0016,Kleenpak Initiative 16,Biopharma Consumables,Kleenpak,APAC,PMM_19,High,Growth,2024Q3,Month3,248671.81,248905.99,95,91.2,25,83.4,42.0,95.4,Low,1.001,0.96,0.722,0.834,0.84,0.908,0.909,0.841,0.09417231490774648,-3.799999999999997,Green,Low,83
INIT-0016,Kleenpak Initiative 16,Biopharma Consumables,Kleenpak,APAC,PMM_19,High,Growth,2024Q4,Month1,281823.14,277011.13,95,89.1,46,86.6,41.2,98.6,Medium,0.983,0.938,0.489,0.866,0.824,0.972,0.871,0.713,-1.7074573791208234,-5.900000000000006,Amber,Medium,140
INIT-0016,Kleenpak Initiative 16,Biopharma Consumables,Kleenpak,APAC,PMM_19,High,Growth,2024Q4,Month2,270410.75,273942.93,95,94.5,23,88.4,47.4,89.1,Low,1.013,0.995,0.744,0.884,0.948,0.782,0.927,0.87,1.3062276555203494,-0.5,Green,Low,46
INIT-0016,Kleenpak Initiative 16,Biopharma Consumables,Kleenpak,APAC,PMM_19,High,Growth,2024Q4,Month3,270934.17,271047.26,95,89.1,33,90.2,35.3,86.6,Low,1.0,0.938,0.633,0.902,0.706,0.732,0.867,0.786,0.041740766770033334,-5.900000000000006,Amber,Medium,145
INIT-0016,Kleenpak Initiative 16,Biopharma Consumables,Kleenpak,APAC,PMM_19,High,Growth,2025Q1,Month1,302857.66,325828.98,95,89.0,23,76.1,36.0,89.6,Low,1.076,0.937,0.744,0.761,0.72,0.792,0.903,0.841,7.584856859819893,-6.0,Green,Low,77
INIT-0016,Kleenpak Initiative 16,Biopharma Consumables,Kleenpak,APAC,PMM_19,High,Growth,2025Q1,Month2,318575.94,311763.02,95,91.5,20,91.5,42.6,98.5,Low,0.979,0.963,0.778,0.915,0.852,0.97,0.926,0.87,-2.1385544683631736,-3.5,Green,Low,34
INIT-0016,Kleenpak Initiative 16,Biopharma Consumables,Kleenpak,APAC,PMM_19,High,Growth,2025Q1,Month3,299677.74,310278.78,95,90.3,24,76.0,38.0,96.8,Low,1.035,0.951,0.733,0.76,0.76,0.936,0.908,0.842,3.537479960974091,-4.700000000000003,Green,Low,60
INIT-0016,Kleenpak Initiative 16,Biopharma Consumables,Kleenpak,APAC,PMM_19,High,Growth,2025Q2,Month1,334849.26,341962.86,95,93.0,44,84.7,40.0,84.7,Low,1.021,0.979,0.511,0.847,0.8,0.694,0.864,0.745,2.1244186115268633,-2.0,Amber,Medium,147
INIT-0016,Kleenpak Initiative 16,Biopharma Consumables,Kleenpak,APAC,PMM_19,High,Growth,2025Q2,Month2,346055.52,362492.15,95,93.1,18,65.4,44.0,96.2,Low,1.047,0.98,0.8,0.654,0.88,0.924,0.928,0.89,4.749708948436945,-1.9000000000000057,Green,Low,35
INIT-0016,Kleenpak Initiative 16,Biopharma Consumables,Kleenpak,APAC,PMM_19,High,Growth,2025Q2,Month3,351481.81,355562.43,95,93.5,29,82.1,34.2,94.8,Low,1.012,0.984,0.678,0.821,0.684,0.896,0.893,0.831,1.1609761540718124,-1.5,Amber,Medium,93
INIT-0016,Kleenpak Initiative 16,Biopharma Consumables,Kleenpak,APAC,PMM_19,High,Growth,2025Q3,Month1,419576.38,426255.09,95,93.9,22,76.3,34.8,96.5,Low,1.016,0.988,0.756,0.763,0.696,0.93,0.905,0.872,1.591774541741368,-1.0999999999999943,Green,Low,84
INIT-0016,Kleenpak Initiative 16,Biopharma Consumables,Kleenpak,APAC,PMM_19,High,Growth,2025Q3,Month2,402146.79,395844.37,95,91.3,42,77.4,38.5,79.8,Medium,0.984,0.961,0.533,0.774,0.77,0.596,0.831,0.747,-1.5671939094677303,-3.700000000000003,Amber,Medium,167
INIT-0016,Kleenpak Initiative 16,Biopharma Consumables,Kleenpak,APAC,PMM_19,High,Growth,2025Q3,Month3,418134.96,409117.06,95,90.6,29,76.4,41.9,97.9,Low,0.978,0.954,0.678,0.764,0.838,0.958,0.891,0.816,-2.1566960103025163,-4.400000000000006,Amber,Medium,112
INIT-0016,Kleenpak Initiative 16,Biopharma Consumables,Kleenpak,APAC,PMM_19,High,Growth,2025Q4,Month1,443023.81,422812.14,95,90.5,38,86.2,39.3,100.9,Medium,0.954,0.953,0.578,0.862,0.786,0.982,0.874,0.765,-4.562208518770127,-4.5,Amber,Medium,130
INIT-0016,Kleenpak Initiative 16,Biopharma Consumables,Kleenpak,APAC,PMM_19,High,Growth,2025Q4,Month2,472242.96,503755.5,95,93.8,44,81.4,38.9,95.8,Low,1.067,0.987,0.511,0.814,0.778,0.916,0.898,0.749,6.672950720112371,-1.2000000000000028,Amber,Medium,98
INIT-0016,Kleenpak Initiative 16,Biopharma Consumables,Kleenpak,APAC,PMM_19,High,Growth,2025Q4,Month3,436186.21,465586.12,95,89.7,41,62.6,45.3,82.6,Low,1.067,0.944,0.544,0.626,0.906,0.652,0.862,0.744,6.740219962478862,-5.299999999999997,Amber,Medium,146
INIT-0017,Kleenpak Initiative 17,Biopharma Consumables,Kleenpak,North America,PMM_03,High,Growth,2024Q1,Month1,290882.36,276933.56,95,95.1,10,80.4,39.5,85.8,Low,0.952,1.001,0.889,0.804,0.79,0.716,0.898,0.945,-4.795340631862306,0.09999999999999432,Amber,Medium,94
INIT-0017,Kleenpak Initiative 17,Biopharma Consumables,Kleenpak,North America,PMM_03,High,Growth,2024Q1,Month2,296777.15,306036.54,95,91.8,10,74.0,42.9,106.0,Low,1.031,0.966,0.889,0.74,0.858,0.88,0.935,0.928,3.1199807667133252,-3.200000000000003,Green,Low,35
INIT-0017,Kleenpak Initiative 17,Biopharma Consumables,Kleenpak,North America,PMM_03,High,Growth,2024Q1,Month3,310977.54,322762.44,95,96.0,18,94.5,43.6,89.5,Low,1.038,1.011,0.8,0.945,0.872,0.79,0.946,0.905,3.7896305951870426,1.0,Green,Low,22
INIT-0017,Kleenpak Initiative 17,Biopharma Consumables,Kleenpak,North America,PMM_03,High,Growth,2024Q2,Month1,342277.85,369465.68,95,96.4,12,87.6,41.4,96.4,Low,1.079,1.015,0.867,0.876,0.828,0.928,0.974,0.941,7.94320462162539,1.4000000000000057,Green,Low,2
INIT-0017,Kleenpak Initiative 17,Biopharma Consumables,Kleenpak,North America,PMM_03,High,Growth,2024Q2,Month2,345544.62,370906.24,95,95.9,18,87.4,36.9,87.8,Low,1.073,1.009,0.8,0.874,0.738,0.756,0.934,0.905,7.339607834148885,0.9000000000000057,Green,Low,29
INIT-0017,Kleenpak Initiative 17,Biopharma Consumables,Kleenpak,North America,PMM_03,High,Growth,2024Q2,Month3,343148.21,338271.2,95,97.6,29,79.5,41.7,105.5,Low,0.986,1.027,0.678,0.795,0.834,0.89,0.904,0.853,-1.421254681759817,2.5999999999999943,Green,Low,83
INIT-0017,Kleenpak Initiative 17,Biopharma Consumables,Kleenpak,North America,PMM_03,High,Growth,2024Q3,Month1,389351.29,392808.13,95,95.1,22,79.7,36.8,76.1,Low,1.009,1.001,0.756,0.797,0.736,0.522,0.872,0.878,0.887846037443468,0.09999999999999432,Amber,Medium,137
INIT-0017,Kleenpak Initiative 17,Biopharma Consumables,Kleenpak,North America,PMM_03,High,Growth,2024Q3,Month2,388609.66,417351.06,95,98.2,31,57.5,41.6,94.4,Low,1.074,1.034,0.656,0.575,0.832,0.888,0.91,0.845,7.395956137580323,3.200000000000003,Green,Low,80
INIT-0017,Kleenpak Initiative 17,Biopharma Consumables,Kleenpak,North America,PMM_03,High,Growth,2024Q3,Month3,386964.42,397439.24,95,91.6,18,69.9,37.6,99.5,Low,1.027,0.964,0.8,0.699,0.752,0.99,0.916,0.882,2.7069207034589917,-3.4000000000000057,Green,Low,69
INIT-0017,Kleenpak Initiative 17,Biopharma Consumables,Kleenpak,North America,PMM_03,High,Growth,2024Q4,Month1,455972.24,491038.47,95,93.0,20,80.6,41.6,88.0,Low,1.077,0.979,0.778,0.806,0.832,0.76,0.929,0.878,7.69043089114372,-2.0,Green,Low,39
INIT-0017,Kleenpak Initiative 17,Biopharma Consumables,Kleenpak,North America,PMM_03,High,Growth,2024Q4,Month2,466095.14,444609.73,95,92.7,26,80.9,38.2,101.5,Low,0.954,0.976,0.711,0.809,0.764,0.97,0.89,0.843,-4.609661881477681,-2.299999999999997,Amber,Medium,109
INIT-0017,Kleenpak Initiative 17,Biopharma Consumables,Kleenpak,North America,PMM_03,High,Growth,2024Q4,Month3,429192.52,432025.69,95,93.4,14,76.8,40.2,94.5,Low,1.007,0.983,0.844,0.768,0.804,0.89,0.922,0.914,0.6601163505831796,-1.5999999999999943,Green,Low,53
INIT-0017,Kleenpak Initiative 17,Biopharma Consumables,Kleenpak,North America,PMM_03,High,Growth,2025Q1,Month1,512798.84,501211.18,95,96.4,14,60.7,37.3,78.4,Low,0.977,1.015,0.844,0.607,0.746,0.568,0.864,0.93,-2.2596891989849337,1.4000000000000057,Amber,Medium,137
INIT-0017,Kleenpak Initiative 17,Biopharma Consumables,Kleenpak,North America,PMM_03,High,Growth,2025Q1,Month2,525369.81,514106.87,95,92.8,15,73.4,36.7,100.7,Low,0.979,0.977,0.833,0.734,0.734,0.986,0.908,0.905,-2.1438118037273703,-2.200000000000003,Green,Low,59
INIT-0017,Kleenpak Initiative 17,Biopharma Consumables,Kleenpak,North America,PMM_03,High,Growth,2025Q1,Month3,502688.62,491310.72,95,93.8,11,73.9,35.2,91.7,Low,0.977,0.987,0.878,0.739,0.704,0.834,0.899,0.933,-2.2634091060187567,-1.2000000000000028,Amber,Medium,82
INIT-0017,Kleenpak Initiative 17,Biopharma Consumables,Kleenpak,North America,PMM_03,High,Growth,2025Q2,Month1,583396.14,590516.2,95,97.3,12,69.5,34.8,83.0,Low,1.012,1.024,0.867,0.695,0.696,0.66,0.894,0.945,1.2204503101443112,2.299999999999997,Amber,Medium,92
INIT-0017,Kleenpak Initiative 17,Biopharma Consumables,Kleenpak,North America,PMM_03,High,Growth,2025Q2,Month2,550916.3,529262.76,95,92.4,30,87.2,36.4,91.1,Low,0.961,0.973,0.667,0.872,0.728,0.822,0.873,0.82,-3.9304591278203307,-2.5999999999999943,Amber,Medium,137
INIT-0017,Kleenpak Initiative 17,Biopharma Consumables,Kleenpak,North America,PMM_03,High,Growth,2025Q2,Month3,577310.42,589515.26,95,97.1,23,71.6,34.8,96.7,Low,1.021,1.022,0.744,0.716,0.696,0.934,0.908,0.883,2.1140862137911816,2.0999999999999943,Green,Low,67
INIT-0017,Kleenpak Initiative 17,Biopharma Consumables,Kleenpak,North America,PMM_03,High,Growth,2025Q3,Month1,624246.5,669351.12,95,94.5,16,52.6,44.0,98.0,Low,1.072,0.995,0.822,0.526,0.88,0.96,0.934,0.908,7.225450202764453,-0.5,Green,Low,28
INIT-0017,Kleenpak Initiative 17,Biopharma Consumables,Kleenpak,North America,PMM_03,High,Growth,2025Q3,Month2,660605.45,701413.24,95,95.7,32,97.6,36.4,76.3,Low,1.062,1.007,0.644,0.976,0.728,0.526,0.893,0.826,6.1773317189557,0.7000000000000028,Amber,Medium,109
INIT-0017,Kleenpak Initiative 17,Biopharma Consumables,Kleenpak,North America,PMM_03,High,Growth,2025Q3,Month3,665495.47,709208.46,95,92.6,20,95.3,38.2,100.8,Low,1.066,0.975,0.778,0.953,0.764,0.984,0.955,0.876,6.568487986852863,-2.4000000000000057,Green,Low,9
INIT-0017,Kleenpak Initiative 17,Biopharma Consumables,Kleenpak,North America,PMM_03,High,Growth,2025Q4,Month1,776260.72,804219.1,95,97.2,20,78.4,34.1,94.3,Low,1.036,1.023,0.778,0.784,0.682,0.886,0.919,0.9,3.601673932438576,2.200000000000003,Green,Low,59
INIT-0017,Kleenpak Initiative 17,Biopharma Consumables,Kleenpak,North America,PMM_03,High,Growth,2025Q4,Month2,724986.23,727054.17,95,93.4,20,91.8,43.6,75.6,Low,1.003,0.983,0.778,0.918,0.872,0.512,0.894,0.88,0.2852385210130213,-1.5999999999999943,Amber,Medium,104
INIT-0017,Kleenpak Initiative 17,Biopharma Consumables,Kleenpak,North America,PMM_03,High,Growth,2025Q4,Month3,762575.09,760867.53,95,92.4,17,87.3,41.5,93.6,Low,0.998,0.973,0.811,0.873,0.83,0.872,0.923,0.892,-0.2239202437100246,-2.5999999999999943,Green,Low,51
INIT-0018,Cadence Initiative 18,Biopharma Consumables,Cadence,North America,PMM_20,Medium,Launch,2024Q1,Month1,154644.06,140306.53,95,86.3,32,53.5,36.4,85.9,Medium,0.907,0.908,0.644,0.535,0.728,0.718,0.794,0.776,-9.271309871197122,-8.700000000000003,Amber,Medium,195
INIT-0018,Cadence Initiative 18,Biopharma Consumables,Cadence,North America,PMM_20,Medium,Launch,2024Q1,Month2,159476.55,141624.47,95,86.1,43,46.2,36.0,86.1,Medium,0.888,0.906,0.522,0.462,0.72,0.722,0.761,0.714,-11.194172434756075,-8.900000000000006,Amber,Medium,217
INIT-0018,Cadence Initiative 18,Biopharma Consumables,Cadence,North America,PMM_20,Medium,Launch,2024Q1,Month3,165093.05,153231.49,95,88.7,68,68.7,39.8,107.1,Medium,0.928,0.934,0.244,0.687,0.796,0.858,0.782,0.589,-7.184772466194064,-6.299999999999997,Amber,Medium,206
INIT-0018,Cadence Initiative 18,Biopharma Consumables,Cadence,North America,PMM_20,Medium,Launch,2024Q2,Month1,173593.59,146495.49,95,90.3,37,56.2,36.2,83.1,Medium,0.844,0.951,0.589,0.562,0.724,0.662,0.769,0.77,-15.610080994350085,-4.700000000000003,Amber,Medium,214
INIT-0018,Cadence Initiative 18,Biopharma Consumables,Cadence,North America,PMM_20,Medium,Launch,2024Q2,Month2,175962.63,155826.57,95,90.4,28,58.1,35.3,97.8,Medium,0.886,0.952,0.689,0.581,0.706,0.956,0.828,0.82,-11.443372947994694,-4.599999999999994,Amber,Medium,170
INIT-0018,Cadence Initiative 18,Biopharma Consumables,Cadence,North America,PMM_20,Medium,Launch,2024Q2,Month3,183306.63,150952.28,95,94.1,63,50.5,36.3,94.6,Medium,0.823,0.991,0.3,0.505,0.726,0.892,0.744,0.645,-17.650398133444494,-0.9000000000000057,Red,High,230
INIT-0018,Cadence Initiative 18,Biopharma Consumables,Cadence,North America,PMM_20,Medium,Launch,2024Q3,Month1,186889.04,169229.5,95,84.7,20,56.0,36.1,82.7,Medium,0.906,0.892,0.778,0.56,0.722,0.654,0.806,0.835,-9.4492111468923,-10.299999999999997,Amber,Medium,187
INIT-0018,Cadence Initiative 18,Biopharma Consumables,Cadence,North America,PMM_20,Medium,Launch,2024Q3,Month2,192151.3,182559.16,95,92.5,59,61.1,38.3,102.4,Medium,0.95,0.974,0.344,0.611,0.766,0.952,0.812,0.659,-4.991972471692872,-2.5,Amber,Medium,182
INIT-0018,Cadence Initiative 18,Biopharma Consumables,Cadence,North America,PMM_20,Medium,Launch,2024Q3,Month3,196331.73,169032.26,95,85.6,30,67.1,43.1,83.2,Medium,0.861,0.901,0.667,0.671,0.862,0.664,0.801,0.784,-13.904767201918917,-9.400000000000006,Amber,Medium,192
INIT-0018,Cadence Initiative 18,Biopharma Consumables,Cadence,North America,PMM_20,Medium,Launch,2024Q4,Month1,206266.39,179257.43,95,90.5,23,60.5,36.3,75.8,Medium,0.869,0.953,0.744,0.605,0.726,0.516,0.791,0.849,-13.094212779891102,-4.5,Amber,Medium,188
INIT-0018,Cadence Initiative 18,Biopharma Consumables,Cadence,North America,PMM_20,Medium,Launch,2024Q4,Month2,207458.74,188201.7,95,90.0,55,44.1,34.2,91.1,Medium,0.907,0.947,0.389,0.441,0.684,0.822,0.76,0.668,-9.28234693799836,-5.0,Amber,Medium,221
INIT-0018,Cadence Initiative 18,Biopharma Consumables,Cadence,North America,PMM_20,Medium,Launch,2024Q4,Month3,198957.77,178214.51,95,87.8,59,47.0,37.8,97.6,Medium,0.896,0.924,0.344,0.47,0.756,0.952,0.768,0.634,-10.425961247957282,-7.200000000000003,Amber,Medium,214
INIT-0018,Cadence Initiative 18,Biopharma Consumables,Cadence,North America,PMM_20,Medium,Launch,2025Q1,Month1,208908.6,179288.08,95,85.7,31,63.5,37.7,81.5,Medium,0.858,0.902,0.656,0.635,0.754,0.63,0.781,0.779,-14.178698244112505,-9.299999999999997,Amber,Medium,207
INIT-0018,Cadence Initiative 18,Biopharma Consumables,Cadence,North America,PMM_20,Medium,Launch,2025Q1,Month2,209174.63,193692.94,95,85.8,22,63.5,35.2,106.0,Medium,0.926,0.903,0.756,0.635,0.704,0.88,0.84,0.829,-7.4013229998303345,-9.200000000000003,Amber,Medium,159
INIT-0018,Cadence Initiative 18,Biopharma Consumables,Cadence,North America,PMM_20,Medium,Launch,2025Q1,Month3,214042.68,198213.16,95,92.7,39,48.7,37.0,105.4,Medium,0.926,0.976,0.567,0.487,0.74,0.892,0.816,0.771,-7.395497010222443,-2.299999999999997,Amber,Medium,179
INIT-0018,Cadence Initiative 18,Biopharma Consumables,Cadence,North America,PMM_20,Medium,Launch,2025Q2,Month1,242097.47,204395.15,95,92.7,41,50.6,39.0,86.1,Medium,0.844,0.976,0.544,0.506,0.78,0.722,0.773,0.76,-15.573198679027916,-2.299999999999997,Amber,Medium,201
INIT-0018,Cadence Initiative 18,Biopharma Consumables,Cadence,North America,PMM_20,Medium,Launch,2025Q2,Month2,250390.45,220528.42,95,84.3,34,56.2,35.0,89.8,Medium,0.881,0.887,0.622,0.562,0.7,0.796,0.785,0.755,-11.926185683199977,-10.700000000000003,Amber,Medium,193
INIT-0018,Cadence Initiative 18,Biopharma Consumables,Cadence,North America,PMM_20,Medium,Launch,2025Q2,Month3,245193.31,204692.15,95,91.1,37,62.2,43.7,93.8,Medium,0.835,0.959,0.589,0.622,0.874,0.876,0.81,0.774,-16.518052633654648,-3.9000000000000057,Amber,Medium,179
INIT-0018,Cadence Initiative 18,Biopharma Consumables,Cadence,North America,PMM_20,Medium,Launch,2025Q3,Month1,258954.41,242308.09,95,94.1,27,56.8,35.3,83.8,Low,0.936,0.991,0.7,0.568,0.706,0.676,0.826,0.845,-6.42828210571892,-0.9000000000000057,Amber,Medium,170
INIT-0018,Cadence Initiative 18,Biopharma Consumables,Cadence,North America,PMM_20,Medium,Launch,2025Q3,Month2,269764.71,255034.94,95,86.0,28,54.0,40.7,104.1,Medium,0.945,0.905,0.689,0.54,0.814,0.918,0.842,0.797,-5.4602286562983045,-9.0,Amber,Medium,159
INIT-0018,Cadence Initiative 18,Biopharma Consumables,Cadence,North America,PMM_20,Medium,Launch,2025Q3,Month3,266750.55,225178.37,95,85.8,58,58.3,37.5,76.7,Medium,0.844,0.903,0.356,0.583,0.75,0.534,0.716,0.629,-15.584665148769139,-9.200000000000003,Red,High,235
INIT-0018,Cadence Initiative 18,Biopharma Consumables,Cadence,North America,PMM_20,Medium,Launch,2025Q4,Month1,258389.8,220073.96,95,91.0,41,46.4,39.5,79.6,Medium,0.852,0.958,0.544,0.464,0.79,0.592,0.756,0.751,-14.828696798403032,-4.0,Amber,Medium,214
INIT-0018,Cadence Initiative 18,Biopharma Consumables,Cadence,North America,PMM_20,Medium,Launch,2025Q4,Month2,266678.7,221530.42,95,92.9,36,50.1,39.3,92.6,Medium,0.831,0.978,0.6,0.501,0.786,0.852,0.79,0.789,-16.929841040923026,-2.0999999999999943,Amber,Medium,191
INIT-0018,Cadence Initiative 18,Biopharma Consumables,Cadence,North America,PMM_20,Medium,Launch,2025Q4,Month3,261183.14,231799.64,95,92.9,67,48.7,36.3,81.6,Medium,0.887,0.978,0.256,0.487,0.726,0.632,0.729,0.617,-11.250151904904735,-2.0999999999999943,Red,High,231
INIT-0019,Kleenpak Initiative 19,Biopharma Consumables,Kleenpak,EMEA,PMM_13,Medium,Growth,2024Q1,Month1,335912.99,345392.01,95,94.8,32,76.2,39.2,98.1,Low,1.028,0.998,0.644,0.762,0.784,0.962,0.907,0.821,2.821867650905676,-0.20000000000000284,Green,Low,77
INIT-0019,Kleenpak Initiative 19,Biopharma Consumables,Kleenpak,EMEA,PMM_13,Medium,Growth,2024Q1,Month2,325787.38,339769.49,95,92.3,32,65.6,37.6,86.3,Low,1.043,0.972,0.644,0.656,0.752,0.726,0.869,0.808,4.291789939806749,-2.700000000000003,Amber,Medium,131
INIT-0019,Kleenpak Initiative 19,Biopharma Consumables,Kleenpak,EMEA,PMM_13,Medium,Growth,2024Q1,Month3,309597.21,295889.87,95,94.3,18,88.3,42.0,97.9,Low,0.956,0.993,0.8,0.883,0.84,0.958,0.921,0.896,-4.427475299276768,-0.7000000000000028,Green,Low,54
INIT-0019,Kleenpak Initiative 19,Biopharma Consumables,Kleenpak,EMEA,PMM_13,Medium,Growth,2024Q2,Month1,362796.18,387068.64,95,92.2,24,67.1,37.8,96.2,Low,1.067,0.971,0.733,0.671,0.756,0.924,0.913,0.852,6.690384667225553,-2.799999999999997,Green,Low,66
INIT-0019,Kleenpak Initiative 19,Biopharma Consumables,Kleenpak,EMEA,PMM_13,Medium,Growth,2024Q2,Month2,389520.75,384127.03,95,93.7,21,70.9,35.2,88.3,Low,0.986,0.986,0.767,0.709,0.704,0.766,0.875,0.876,-1.3847067197318685,-1.2999999999999972,Amber,Medium,130
INIT-0019,Kleenpak Initiative 19,Biopharma Consumables,Kleenpak,EMEA,PMM_13,Medium,Growth,2024Q2,Month3,395495.43,384368.75,95,91.1,33,78.5,38.5,100.1,Low,0.972,0.959,0.633,0.785,0.77,0.998,0.882,0.796,-2.8133523565619942,-3.9000000000000057,Amber,Medium,120
INIT-0019,Kleenpak Initiative 19,Biopharma Consumables,Kleenpak,EMEA,PMM_13,Medium,Growth,2024Q3,Month1,430082.88,426081.62,95,95.1,16,55.4,36.0,82.8,Low,0.991,1.001,0.822,0.554,0.72,0.656,0.863,0.912,-0.930346262562232,0.09999999999999432,Amber,Medium,149
INIT-0019,Kleenpak Initiative 19,Biopharma Consumables,Kleenpak,EMEA,PMM_13,Medium,Growth,2024Q3,Month2,412408.48,428107.61,95,92.2,25,68.2,42.9,88.0,Low,1.038,0.971,0.722,0.682,0.858,0.76,0.896,0.846,3.8066942755396314,-2.799999999999997,Amber,Medium,107
INIT-0019,Kleenpak Initiative 19,Biopharma Consumables,Kleenpak,EMEA,PMM_13,Medium,Growth,2024Q3,Month3,443930.09,422198.69,95,91.0,12,80.5,36.9,69.3,Low,0.951,0.958,0.867,0.805,0.738,0.386,0.847,0.912,-4.895230237716039,-4.0,Amber,Medium,163
INIT-0019,Kleenpak Initiative 19,Biopharma Consumables,Kleenpak,EMEA,PMM_13,Medium,Growth,2024Q4,Month1,489355.49,501342.49,95,91.9,17,78.2,37.3,91.3,Low,1.024,0.967,0.811,0.782,0.746,0.826,0.909,0.889,2.449548486724855,-3.0999999999999943,Green,Low,78
INIT-0019,Kleenpak Initiative 19,Biopharma Consumables,Kleenpak,EMEA,PMM_13,Medium,Growth,2024Q4,Month2,475938.76,495247.77,95,90.0,24,66.8,35.8,95.6,Low,1.041,0.947,0.733,0.668,0.716,0.912,0.893,0.84,4.0570366658096955,-5.0,Amber,Medium,103
INIT-0019,Kleenpak Initiative 19,Biopharma Consumables,Kleenpak,EMEA,PMM_13,Medium,Growth,2024Q4,Month3,502649.6,503668.77,95,93.1,8,74.3,35.9,98.8,Low,1.002,0.98,0.911,0.743,0.718,0.976,0.927,0.946,0.20275953666332214,-1.9000000000000057,Green,Low,45
INIT-0019,Kleenpak Initiative 19,Biopharma Consumables,Kleenpak,EMEA,PMM_13,Medium,Growth,2025Q1,Month1,549234.96,554592.53,95,94.2,30,60.3,36.1,90.4,Low,1.01,0.992,0.667,0.603,0.722,0.808,0.865,0.829,0.9754604841614717,-0.7999999999999972,Amber,Medium,135
INIT-0019,Kleenpak Initiative 19,Biopharma Consumables,Kleenpak,EMEA,PMM_13,Medium,Growth,2025Q1,Month2,576399.04,559585.09,95,96.4,32,87.5,37.1,82.3,Low,0.971,1.015,0.644,0.875,0.742,0.646,0.866,0.83,-2.917067662014161,1.4000000000000057,Amber,Medium,134
INIT-0019,Kleenpak Initiative 19,Biopharma Consumables,Kleenpak,EMEA,PMM_13,Medium,Growth,2025Q1,Month3,591412.41,614922.68,95,96.3,32,88.8,36.3,87.4,Low,1.04,1.014,0.644,0.888,0.726,0.748,0.9,0.829,3.975275053832573,1.2999999999999972,Amber,Medium,81
INIT-0019,Kleenpak Initiative 19,Biopharma Consumables,Kleenpak,EMEA,PMM_13,Medium,Growth,2025Q2,Month1,674064.86,652231.72,95,96.6,14,75.8,39.5,89.1,Low,0.968,1.017,0.844,0.758,0.79,0.782,0.902,0.931,-3.2390265826941365,1.5999999999999943,Green,Low,79
INIT-0019,Kleenpak Initiative 19,Biopharma Consumables,Kleenpak,EMEA,PMM_13,Medium,Growth,2025Q2,Month2,680349.48,665232.63,95,92.9,29,76.4,37.9,95.5,Low,0.978,0.978,0.678,0.764,0.758,0.91,0.883,0.828,-2.2219242381136204,-2.0999999999999943,Amber,Medium,119
INIT-0019,Kleenpak Initiative 19,Biopharma Consumables,Kleenpak,EMEA,PMM_13,Medium,Growth,2025Q2,Month3,681673.59,674745.24,95,95.5,18,84.7,38.3,88.0,Low,0.99,1.005,0.8,0.847,0.766,0.76,0.905,0.903,-1.0163735403039418,0.5,Green,Low,73
INIT-0019,Kleenpak Initiative 19,Biopharma Consumables,Kleenpak,EMEA,PMM_13,Medium,Growth,2025Q3,Month1,781129.12,796437.56,95,93.8,34,93.6,39.2,92.3,Low,1.02,0.987,0.622,0.936,0.784,0.846,0.904,0.805,1.9597835502535177,-1.2000000000000028,Green,Low,89
INIT-0019,Kleenpak Initiative 19,Biopharma Consumables,Kleenpak,EMEA,PMM_13,Medium,Growth,2025Q3,Month2,723005.51,765089.68,95,90.7,20,66.9,36.2,97.2,Low,1.058,0.955,0.778,0.669,0.724,0.944,0.912,0.866,5.820726041216482,-4.299999999999997,Green,Low,76
INIT-0019,Kleenpak Initiative 19,Biopharma Consumables,Kleenpak,EMEA,PMM_13,Medium,Growth,2025Q3,Month3,725364.56,697575.2,95,95.7,12,63.6,40.6,84.5,Low,0.962,1.007,0.867,0.636,0.812,0.69,0.882,0.937,-3.8310887424662847,0.7000000000000028,Amber,Medium,121
INIT-0019,Kleenpak Initiative 19,Biopharma Consumables,Kleenpak,EMEA,PMM_13,Medium,Growth,2025Q4,Month1,898138.23,909787.85,95,95.3,10,65.8,39.5,106.7,Low,1.013,1.003,0.889,0.658,0.79,0.866,0.92,0.946,1.2970854163506653,0.29999999999999716,Green,Low,56
INIT-0019,Kleenpak Initiative 19,Biopharma Consumables,Kleenpak,EMEA,PMM_13,Medium,Growth,2025Q4,Month2,841466.03,882547.17,95,91.5,12,76.3,37.5,85.5,Low,1.049,0.963,0.867,0.763,0.75,0.71,0.912,0.915,4.882091318647767,-3.5,Green,Low,76
INIT-0019,Kleenpak Initiative 19,Biopharma Consumables,Kleenpak,EMEA,PMM_13,Medium,Growth,2025Q4,Month3,858111.75,907501.53,95,94.8,12,64.5,32.7,99.4,Low,1.058,0.998,0.867,0.645,0.654,0.988,0.928,0.932,5.755634974116137,-0.20000000000000284,Green,Low,37
INIT-0020,Pegasus Initiative 20,Biopharma Consumables,Pegasus,North America,PMM_04,Low,Mature,2024Q1,Month1,158592.41,156763.28,95,97.3,8,82.7,44.2,94.0,Low,0.988,1.024,0.911,0.827,0.884,0.88,0.947,0.968,-1.1533527991661168,2.299999999999997,Green,Low,21
INIT-0020,Pegasus Initiative 20,Biopharma Consumables,Pegasus,North America,PMM_04,Low,Mature,2024Q1,Month2,153887.69,156144.98,95,97.5,2,48.5,37.2,77.4,Low,1.015,1.026,0.978,0.485,0.744,0.548,0.885,1.002,1.466842474534518,2.5,Amber,Medium,110
INIT-0020,Pegasus Initiative 20,Biopharma Consumables,Pegasus,North America,PMM_04,Low,Mature,2024Q1,Month3,161922.03,164695.16,95,98.1,1,100.0,38.0,91.5,Low,1.017,1.033,0.989,1.0,0.76,0.83,0.97,1.011,1.7126329258594426,3.0999999999999943,Green,Low,3
INIT-0020,Pegasus Initiative 20,Biopharma Consumables,Pegasus,North America,PMM_04,Low,Mature,2024Q2,Month1,155075.05,152124.29,95,97.1,6,74.2,40.0,86.2,Low,0.981,1.022,0.933,0.742,0.8,0.724,0.914,0.978,-1.9027948080622772,2.0999999999999943,Green,Low,62
INIT-0020,Pegasus Initiative 20,Biopharma Consumables,Pegasus,North America,PMM_04,Low,Mature,2024Q2,Month2,157069.65,154503.2,95,99.4,11,84.8,37.8,101.3,Low,0.984,1.046,0.878,0.848,0.756,0.974,0.943,0.962,-1.6339566555346514,4.400000000000006,Green,Low,18
INIT-0020,Pegasus Initiative 20,Biopharma Consumables,Pegasus,North America,PMM_04,Low,Mature,2024Q2,Month3,163498.8,161513.66,95,97.4,5,65.3,35.5,102.0,Low,0.988,1.025,0.944,0.653,0.71,0.96,0.925,0.985,-1.2141618164781547,2.4000000000000057,Green,Low,48
INIT-0020,Pegasus Initiative 20,Biopharma Consumables,Pegasus,North America,PMM_04,Low,Mature,2024Q3,Month1,171092.12,167956.11,95,97.8,11,82.3,39.2,104.2,Low,0.982,1.029,0.878,0.823,0.784,0.916,0.933,0.954,-1.8329365490356946,2.799999999999997,Green,Low,43
INIT-0020,Pegasus Initiative 20,Biopharma Consumables,Pegasus,North America,PMM_04,Low,Mature,2024Q3,Month2,166892.07,166517.56,95,99.4,5,77.0,38.6,99.5,Low,0.998,1.046,0.944,0.77,0.772,0.99,0.953,0.995,-0.22440251355262675,4.400000000000006,Green,Low,15
INIT-0020,Pegasus Initiative 20,Biopharma Consumables,Pegasus,North America,PMM_04,Low,Mature,2024Q3,Month3,165105.05,167218.69,95,98.8,9,80.6,37.0,99.0,Low,1.013,1.04,0.9,0.806,0.74,0.98,0.95,0.97,1.2801788921659356,3.799999999999997,Green,Low,18
INIT-0020,Pegasus Initiative 20,Biopharma Consumables,Pegasus,North America,PMM_04,Low,Mature,2024Q4,Month1,174119.05,177056.29,95,97.6,3,85.0,40.5,85.5,Low,1.017,1.027,0.967,0.85,0.81,0.71,0.943,0.997,1.686914786176481,2.5999999999999943,Green,Low,18
INIT-0020,Pegasus Initiative 20,Biopharma Consumables,Pegasus,North America,PMM_04,Low,Mature,2024Q4,Month2,165093.65,168069.08,95,100.1,4,89.7,34.3,76.2,Low,1.018,1.054,0.956,0.897,0.686,0.524,0.921,1.005,1.8022679854736952,5.099999999999994,Green,Low,58
INIT-0020,Pegasus Initiative 20,Biopharma Consumables,Pegasus,North America,PMM_04,Low,Mature,2024Q4,Month3,166005.28,167273.59,95,96.6,8,85.1,40.0,89.5,Low,1.008,1.017,0.911,0.851,0.8,0.79,0.937,0.964,0.7640178673834939,1.5999999999999943,Green,Low,24
INIT-0020,Pegasus Initiative 20,Biopharma Consumables,Pegasus,North America,PMM_04,Low,Mature,2025Q1,Month1,173521.82,170051.7,95,97.8,10,65.0,35.7,92.2,Low,0.98,1.029,0.889,0.65,0.714,0.844,0.903,0.959,-1.9998176598193789,2.799999999999997,Green,Low,76
INIT-0020,Pegasus Initiative 20,Biopharma Consumables,Pegasus,North America,PMM_04,Low,Mature,2025Q1,Month2,183500.65,189726.32,95,100.2,2,75.0,36.7,101.6,Low,1.034,1.055,0.978,0.75,0.734,0.968,0.965,1.016,3.3927236770006064,5.200000000000003,Green,Low,2
INIT-0020,Pegasus Initiative 20,Biopharma Consumables,Pegasus,North America,PMM_04,Low,Mature,2025Q1,Month3,180223.12,179217.11,95,99.6,10,71.7,37.1,103.3,Low,0.994,1.048,0.889,0.717,0.742,0.934,0.93,0.969,-0.5582025214079134,4.599999999999994,Green,Low,29
INIT-0020,Pegasus Initiative 20,Biopharma Consumables,Pegasus,North America,PMM_04,Low,Mature,2025Q2,Month1,194036.41,193881.5,95,98.5,0,53.1,37.6,75.9,Low,0.999,1.037,1.0,0.531,0.752,0.518,0.887,1.018,-0.07983553189837077,3.5,Amber,Medium,109
INIT-0020,Pegasus Initiative 20,Biopharma Consumables,Pegasus,North America,PMM_04,Low,Mature,2025Q2,Month2,191521.88,191881.99,95,99.0,2,70.1,39.0,79.4,Low,1.002,1.042,0.978,0.701,0.78,0.588,0.913,1.01,0.18802551436942141,4.0,Green,Low,60
INIT-0020,Pegasus Initiative 20,Biopharma Consumables,Pegasus,North America,PMM_04,Low,Mature,2025Q2,Month3,190496.56,195033.22,95,98.1,2,82.7,36.6,78.1,Low,1.024,1.033,0.978,0.827,0.732,0.562,0.924,1.005,2.381491823264422,3.0999999999999943,Green,Low,40
INIT-0020,Pegasus Initiative 20,Biopharma Consumables,Pegasus,North America,PMM_04,Low,Mature,2025Q3,Month1,196542.69,199110.14,95,97.1,3,68.2,34.8,99.4,Low,1.013,1.022,0.967,0.682,0.696,0.988,0.941,0.994,1.3063065332015205,2.0999999999999943,Green,Low,18
INIT-0020,Pegasus Initiative 20,Biopharma Consumables,Pegasus,North America,PMM_04,Low,Mature,2025Q3,Month2,192781.62,195699.42,95,99.6,2,70.5,40.0,81.8,Low,1.015,1.048,0.978,0.705,0.8,0.636,0.926,1.013,1.5135260301267401,4.599999999999994,Green,Low,50
INIT-0020,Pegasus Initiative 20,Biopharma Consumables,Pegasus,North America,PMM_04,Low,Mature,2025Q3,Month3,195975.05,195251.36,95,96.3,10,94.9,41.3,83.2,Low,0.996,1.014,0.889,0.949,0.826,0.664,0.929,0.951,-0.3692765992405678,1.2999999999999972,Green,Low,44
INIT-0020,Pegasus Initiative 20,Biopharma Consumables,Pegasus,North America,PMM_04,Low,Mature,2025Q4,Month1,189836.09,188202.77,95,100.2,3,79.4,31.9,98.5,Low,0.991,1.055,0.967,0.794,0.638,0.97,0.943,1.011,-0.8603843452527953,5.200000000000003,Green,Low,12
INIT-0020,Pegasus Initiative 20,Biopharma Consumables,Pegasus,North America,PMM_04,Low,Mature,2025Q4,Month2,206425.33,213742.38,95,97.0,7,72.9,40.6,92.8,Low,1.035,1.021,0.922,0.729,0.812,0.856,0.945,0.972,3.5446473550508637,2.0,Green,Low,10
INIT-0020,Pegasus Initiative 20,Biopharma Consumables,Pegasus,North America,PMM_04,Low,Mature,2025Q4,Month3,206808.06,207787.66,95,99.6,9,81.5,36.4,89.3,Low,1.005,1.048,0.9,0.815,0.728,0.786,0.929,0.974,0.47367592926504215,4.599999999999994,Green,Low,36
INIT-0021,Cadence Initiative 21,Biopharma Consumables,Cadence,APAC,PMM_19,High,Launch,2024Q1,Month1,116422.6,109690.08,95,80.3,60,46.9,44.7,84.2,Medium,0.942,0.845,0.333,0.469,0.894,0.684,0.754,0.589,-5.782829107063408,-14.700000000000003,Amber,Medium,221
INIT-0021,Cadence Initiative 21,Biopharma Consumables,Cadence,APAC,PMM_19,High,Launch,2024Q1,Month2,120162.91,114592.07,95,88.7,49,32.6,38.5,78.3,Medium,0.954,0.934,0.456,0.326,0.77,0.566,0.755,0.695,-4.636072811485671,-6.299999999999997,Amber,Medium,219
INIT-0021,Cadence Initiative 21,Biopharma Consumables,Cadence,APAC,PMM_19,High,Launch,2024Q1,Month3,116481.64,97583.12,95,89.2,61,56.1,36.7,84.1,Medium,0.838,0.939,0.322,0.561,0.734,0.682,0.727,0.631,-16.224462498982675,-5.799999999999997,Red,High,231
INIT-0021,Cadence Initiative 21,Biopharma Consumables,Cadence,APAC,PMM_19,High,Launch,2024Q2,Month1,125556.23,109028.92,95,81.5,34,61.9,44.0,94.7,Medium,0.868,0.858,0.622,0.619,0.88,0.894,0.808,0.74,-13.163273538875767,-13.5,Amber,Medium,182
INIT-0021,Cadence Initiative 21,Biopharma Consumables,Cadence,APAC,PMM_19,High,Launch,2024Q2,Month2,128472.81,110677.48,95,82.3,54,74.7,33.8,96.0,Medium,0.861,0.866,0.4,0.747,0.676,0.92,0.769,0.633,-13.851436735913229,-12.700000000000003,Amber,Medium,213
INIT-0021,Cadence Initiative 21,Biopharma Consumables,Cadence,APAC,PMM_19,High,Launch,2024Q2,Month3,131472.67,122374.41,95,80.3,38,69.9,38.6,91.2,Medium,0.931,0.845,0.578,0.699,0.772,0.824,0.811,0.712,-6.920267155143353,-14.700000000000003,Amber,Medium,180
INIT-0021,Cadence Initiative 21,Biopharma Consumables,Cadence,APAC,PMM_19,High,Launch,2024Q3,Month1,139417.59,122015.36,95,90.1,76,30.1,35.1,96.2,Medium,0.875,0.948,0.156,0.301,0.702,0.924,0.712,0.552,-12.4820906744981,-4.900000000000006,Red,High,235
INIT-0021,Cadence Initiative 21,Biopharma Consumables,Cadence,APAC,PMM_19,High,Launch,2024Q3,Month2,132251.47,123524.74,95,89.5,36,67.8,41.6,79.2,Medium,0.934,0.942,0.6,0.678,0.832,0.584,0.815,0.771,-6.5985882803419855,-5.5,Amber,Medium,180
INIT-0021,Cadence Initiative 21,Biopharma Consumables,Cadence,APAC,PMM_19,High,Launch,2024Q3,Month3,127981.82,115685.91,95,81.5,43,52.1,33.7,94.6,Medium,0.904,0.858,0.522,0.521,0.674,0.892,0.775,0.69,-9.60754425902054,-13.5,Amber,Medium,213
INIT-0021,Cadence Initiative 21,Biopharma Consumables,Cadence,APAC,PMM_19,High,Launch,2024Q4,Month1,148160.0,140893.19,95,85.5,77,67.1,33.4,106.0,Medium,0.951,0.9,0.144,0.671,0.668,0.88,0.756,0.522,-4.904704373650107,-9.5,Amber,Medium,222
INIT-0021,Cadence Initiative 21,Biopharma Consumables,Cadence,APAC,PMM_19,High,Launch,2024Q4,Month2,150435.13,132099.72,95,85.7,54,42.1,38.9,93.2,Medium,0.878,0.902,0.4,0.421,0.778,0.864,0.754,0.651,-12.188250178000313,-9.299999999999997,Amber,Medium,223
INIT-0021,Cadence Initiative 21,Biopharma Consumables,Cadence,APAC,PMM_19,High,Launch,2024Q4,Month3,147640.84,132289.1,95,86.6,43,48.9,34.4,90.3,Medium,0.896,0.912,0.522,0.489,0.688,0.806,0.773,0.717,-10.398030788770905,-8.400000000000006,Amber,Medium,209
INIT-0021,Cadence Initiative 21,Biopharma Consumables,Cadence,APAC,PMM_19,High,Launch,2025Q1,Month1,147876.77,129231.64,95,84.2,35,31.2,37.0,90.4,Medium,0.874,0.886,0.611,0.312,0.74,0.808,0.761,0.749,-12.608559140154327,-10.799999999999997,Amber,Medium,222
INIT-0021,Cadence Initiative 21,Biopharma Consumables,Cadence,APAC,PMM_19,High,Launch,2025Q1,Month2,152501.06,136863.71,95,79.9,71,56.9,39.6,92.6,High,0.897,0.841,0.211,0.569,0.792,0.852,0.735,0.526,-10.253928726790493,-15.099999999999994,Red,High,237
INIT-0021,Cadence Initiative 21,Biopharma Consumables,Cadence,APAC,PMM_19,High,Launch,2025Q1,Month3,145535.71,136094.44,95,81.0,67,50.9,38.4,88.4,Medium,0.935,0.853,0.256,0.509,0.768,0.768,0.741,0.554,-6.48725319717064,-14.0,Red,High,236
INIT-0021,Cadence Initiative 21,Biopharma Consumables,Cadence,APAC,PMM_19,High,Launch,2025Q2,Month1,155327.89,142168.23,95,81.6,75,52.8,40.9,75.2,High,0.915,0.859,0.167,0.528,0.818,0.504,0.702,0.513,-8.472181010119948,-13.400000000000006,Red,High,238
INIT-0021,Cadence Initiative 21,Biopharma Consumables,Cadence,APAC,PMM_19,High,Launch,2025Q2,Month2,154518.15,140589.07,95,80.2,60,56.1,39.5,84.7,Medium,0.91,0.844,0.333,0.561,0.79,0.694,0.742,0.589,-9.014526772421226,-14.799999999999997,Red,High,228
INIT-0021,Cadence Initiative 21,Biopharma Consumables,Cadence,APAC,PMM_19,High,Launch,2025Q2,Month3,159623.0,132030.0,95,82.0,50,66.3,39.5,107.5,Medium,0.827,0.863,0.444,0.663,0.79,0.85,0.759,0.654,-17.286355976269082,-13.0,Amber,Medium,215
INIT-0021,Cadence Initiative 21,Biopharma Consumables,Cadence,APAC,PMM_19,High,Launch,2025Q3,Month1,181344.47,164639.81,95,80.2,80,55.5,38.2,88.0,High,0.908,0.844,0.111,0.555,0.764,0.76,0.711,0.478,-9.211562944268444,-14.799999999999997,Red,High,237
INIT-0021,Cadence Initiative 21,Biopharma Consumables,Cadence,APAC,PMM_19,High,Launch,2025Q3,Month2,172422.72,141789.17,95,91.1,49,41.3,36.3,104.8,Medium,0.822,0.959,0.456,0.413,0.726,0.904,0.752,0.707,-17.766539119670533,-3.9000000000000057,Amber,Medium,220
INIT-0021,Cadence Initiative 21,Biopharma Consumables,Cadence,APAC,PMM_19,High,Launch,2025Q3,Month3,175357.77,167292.64,95,89.9,75,67.8,31.3,96.0,Medium,0.954,0.946,0.167,0.678,0.626,0.92,0.771,0.556,-4.5992430218518265,-5.099999999999994,Amber,Medium,211
INIT-0021,Cadence Initiative 21,Biopharma Consumables,Cadence,APAC,PMM_19,High,Launch,2025Q4,Month1,186453.17,156363.61,95,86.5,75,30.1,42.1,82.7,High,0.839,0.911,0.167,0.301,0.842,0.654,0.68,0.539,-16.137864537245477,-8.5,Red,High,240
INIT-0021,Cadence Initiative 21,Biopharma Consumables,Cadence,APAC,PMM_19,High,Launch,2025Q4,Month2,193198.72,183811.78,95,84.5,55,54.0,34.3,108.8,Medium,0.951,0.889,0.389,0.54,0.686,0.824,0.774,0.639,-4.858696786396929,-10.5,Amber,Medium,205
INIT-0021,Cadence Initiative 21,Biopharma Consumables,Cadence,APAC,PMM_19,High,Launch,2025Q4,Month3,187902.38,160775.98,95,87.6,70,70.9,33.1,95.5,High,0.856,0.922,0.222,0.709,0.662,0.91,0.745,0.572,-14.436432364507567,-7.400000000000006,Red,High,227
INIT-0022,Kleenpak Initiative 22,Biopharma Consumables,Kleenpak,APAC,PMM_08,Medium,Growth,2024Q1,Month1,142385.14,138648.62,95,93.2,30,59.6,37.9,97.1,Low,0.974,0.981,0.667,0.596,0.758,0.942,0.867,0.824,-2.6242345233498514,-1.7999999999999972,Amber,Medium,134
INIT-0022,Kleenpak Initiative 22,Biopharma Consumables,Kleenpak,APAC,PMM_08,Medium,Growth,2024Q1,Month2,138872.7,132487.47,95,91.6,36,79.2,36.9,87.6,Medium,0.954,0.964,0.6,0.792,0.738,0.752,0.845,0.782,-4.597901531402507,-3.4000000000000057,Amber,Medium,161
INIT-0022,Kleenpak Initiative 22,Biopharma Consumables,Kleenpak,APAC,PMM_08,Medium,Growth,2024Q1,Month3,145586.04,154614.77,95,89.1,30,90.5,39.2,104.5,Low,1.062,0.938,0.667,0.905,0.784,0.91,0.919,0.802,6.201645432487882,-5.900000000000006,Green,Low,57
INIT-0022,Kleenpak Initiative 22,Biopharma Consumables,Kleenpak,APAC,PMM_08,Medium,Growth,2024Q2,Month1,170389.56,165883.15,95,89.8,21,73.6,39.6,77.3,Low,0.974,0.945,0.767,0.736,0.792,0.546,0.852,0.856,-2.6447688461663987,-5.200000000000003,Amber,Medium,152
INIT-0022,Kleenpak Initiative 22,Biopharma Consumables,Kleenpak,APAC,PMM_08,Medium,Growth,2024Q2,Month2,170658.01,163934.89,95,90.5,27,85.5,40.8,90.0,Low,0.961,0.953,0.7,0.855,0.816,0.8,0.879,0.826,-3.939527948321907,-4.5,Amber,Medium,125
INIT-0022,Kleenpak Initiative 22,Biopharma Consumables,Kleenpak,APAC,PMM_08,Medium,Growth,2024Q2,Month3,166807.44,172548.82,95,92.6,24,78.4,34.9,84.7,Low,1.034,0.975,0.733,0.784,0.698,0.694,0.885,0.854,3.4419208160019745,-2.4000000000000057,Amber,Medium,115
INIT-0022,Kleenpak Initiative 22,Biopharma Consumables,Kleenpak,APAC,PMM_08,Medium,Growth,2024Q3,Month1,193698.56,198230.48,95,92.2,18,69.7,40.0,94.8,Low,1.023,0.971,0.8,0.697,0.8,0.896,0.912,0.885,2.3396766604769867,-2.799999999999997,Green,Low,78
INIT-0022,Kleenpak Initiative 22,Biopharma Consumables,Kleenpak,APAC,PMM_08,Medium,Growth,2024Q3,Month2,189121.36,179688.14,95,89.1,37,68.8,38.0,101.2,Medium,0.95,0.938,0.589,0.688,0.76,0.976,0.851,0.763,-4.987918868603723,-5.900000000000006,Amber,Medium,162
INIT-0022,Kleenpak Initiative 22,Biopharma Consumables,Kleenpak,APAC,PMM_08,Medium,Growth,2024Q3,Month3,195961.3,187189.59,95,90.0,42,64.5,36.8,92.3,Medium,0.955,0.947,0.533,0.645,0.736,0.846,0.827,0.74,-4.476246075117889,-5.0,Amber,Medium,176
INIT-0022,Kleenpak Initiative 22,Biopharma Consumables,Kleenpak,APAC,PMM_08,Medium,Growth,2024Q4,Month1,222788.35,216033.02,95,93.8,36,79.1,37.8,95.9,Low,0.97,0.987,0.6,0.791,0.756,0.918,0.873,0.794,-3.032173809806489,-1.2000000000000028,Amber,Medium,135
INIT-0022,Kleenpak Initiative 22,Biopharma Consumables,Kleenpak,APAC,PMM_08,Medium,Growth,2024Q4,Month2,230256.76,228088.82,95,93.7,16,88.3,33.7,98.6,Low,0.991,0.986,0.822,0.883,0.674,0.972,0.92,0.904,-0.941531532016694,-1.2999999999999972,Green,Low,59
INIT-0022,Kleenpak Initiative 22,Biopharma Consumables,Kleenpak,APAC,PMM_08,Medium,Growth,2024Q4,Month3,234348.71,245519.24,95,93.2,33,78.5,39.2,84.7,Low,1.048,0.981,0.633,0.785,0.784,0.694,0.884,0.807,4.76662747578171,-1.7999999999999972,Amber,Medium,116
INIT-0022,Kleenpak Initiative 22,Biopharma Consumables,Kleenpak,APAC,PMM_08,Medium,Growth,2025Q1,Month1,251060.6,254375.25,95,92.9,35,79.8,35.7,110.0,Low,1.013,0.978,0.611,0.798,0.714,0.8,0.873,0.795,1.320258933500515,-2.0999999999999943,Amber,Medium,122
INIT-0022,Kleenpak Initiative 22,Biopharma Consumables,Kleenpak,APAC,PMM_08,Medium,Growth,2025Q1,Month2,274798.19,288374.49,95,93.3,30,68.9,36.8,90.8,Low,1.049,0.982,0.667,0.689,0.736,0.816,0.888,0.824,4.940461944090675,-1.7000000000000028,Amber,Medium,100
INIT-0022,Kleenpak Initiative 22,Biopharma Consumables,Kleenpak,APAC,PMM_08,Medium,Growth,2025Q1,Month3,268028.57,265290.96,95,90.3,33,77.9,37.6,94.0,Low,0.99,0.951,0.633,0.779,0.752,0.88,0.873,0.792,-1.0213873841881804,-4.700000000000003,Amber,Medium,124
INIT-0022,Kleenpak Initiative 22,Biopharma Consumables,Kleenpak,APAC,PMM_08,Medium,Growth,2025Q2,Month1,311523.15,308619.61,95,94.8,34,72.3,41.1,99.0,Low,0.991,0.998,0.622,0.723,0.822,0.98,0.892,0.81,-0.9320463021769128,-0.20000000000000284,Amber,Medium,96
INIT-0022,Kleenpak Initiative 22,Biopharma Consumables,Kleenpak,APAC,PMM_08,Medium,Growth,2025Q2,Month2,303593.03,313607.22,95,89.0,46,83.4,40.9,82.2,Medium,1.033,0.937,0.489,0.834,0.818,0.644,0.852,0.713,3.298557282425075,-6.0,Amber,Medium,155
INIT-0022,Kleenpak Initiative 22,Biopharma Consumables,Kleenpak,APAC,PMM_08,Medium,Growth,2025Q2,Month3,300613.24,303594.36,95,89.2,33,94.9,35.7,72.8,Low,1.01,0.939,0.633,0.949,0.714,0.456,0.848,0.786,0.991679541459982,-5.799999999999997,Amber,Medium,157
INIT-0022,Kleenpak Initiative 22,Biopharma Consumables,Kleenpak,APAC,PMM_08,Medium,Growth,2025Q3,Month1,361929.23,350384.45,95,89.2,37,78.7,38.6,80.9,Medium,0.968,0.939,0.589,0.787,0.772,0.618,0.833,0.764,-3.189789340860911,-5.799999999999997,Amber,Medium,166
INIT-0022,Kleenpak Initiative 22,Biopharma Consumables,Kleenpak,APAC,PMM_08,Medium,Growth,2025Q3,Month2,338544.21,327439.09,95,94.8,28,85.9,39.3,92.3,Low,0.967,0.998,0.689,0.859,0.786,0.846,0.891,0.843,-3.28025695669112,-0.20000000000000284,Amber,Medium,114
INIT-0022,Kleenpak Initiative 22,Biopharma Consumables,Kleenpak,APAC,PMM_08,Medium,Growth,2025Q3,Month3,342723.39,333232.53,95,90.6,38,78.2,41.1,82.9,Medium,0.972,0.954,0.578,0.782,0.822,0.658,0.844,0.766,-2.7692478181894695,-4.400000000000006,Amber,Medium,157
INIT-0022,Kleenpak Initiative 22,Biopharma Consumables,Kleenpak,APAC,PMM_08,Medium,Growth,2025Q4,Month1,400650.96,425889.05,95,88.7,29,78.2,36.1,96.7,Low,1.063,0.934,0.678,0.782,0.722,0.934,0.904,0.806,6.299271066266749,-6.299999999999997,Green,Low,89
INIT-0022,Kleenpak Initiative 22,Biopharma Consumables,Kleenpak,APAC,PMM_08,Medium,Growth,2025Q4,Month2,424085.22,410453.86,95,93.4,38,80.0,39.6,85.3,Medium,0.968,0.983,0.578,0.8,0.792,0.706,0.852,0.78,-3.2142973527820624,-1.5999999999999943,Amber,Medium,154
INIT-0022,Kleenpak Initiative 22,Biopharma Consumables,Kleenpak,APAC,PMM_08,Medium,Growth,2025Q4,Month3,425128.97,424675.76,95,90.4,32,89.0,33.8,88.7,Low,0.999,0.952,0.644,0.89,0.676,0.774,0.871,0.798,-0.10660529674088377,-4.599999999999994,Amber,Medium,133
INIT-0023,Kleenpak Initiative 23,Biopharma Consumables,Kleenpak,EMEA,PMM_02,High,Launch,2024Q1,Month1,129578.59,111836.48,95,86.7,43,54.2,37.8,98.9,Medium,0.863,0.913,0.522,0.542,0.756,0.978,0.791,0.717,-13.692161644913718,-8.299999999999997,Amber,Medium,198
INIT-0023,Kleenpak Initiative 23,Biopharma Consumables,Kleenpak,EMEA,PMM_02,High,Launch,2024Q1,Month2,120951.76,101009.72,95,90.2,25,65.0,40.3,85.5,Medium,0.835,0.949,0.722,0.65,0.806,0.71,0.807,0.836,-16.487598030818233,-4.799999999999997,Amber,Medium,183
INIT-0023,Kleenpak Initiative 23,Biopharma Consumables,Kleenpak,EMEA,PMM_02,High,Launch,2024Q1,Month3,121448.85,107276.78,95,88.9,37,63.7,41.3,93.6,Medium,0.883,0.936,0.589,0.637,0.826,0.872,0.818,0.762,-11.669167719579072,-6.099999999999994,Amber,Medium,174
INIT-0023,Kleenpak Initiative 23,Biopharma Consumables,Kleenpak,EMEA,PMM_02,High,Launch,2024Q2,Month1,138730.48,122707.48,95,82.3,53,56.7,38.0,94.4,Medium,0.885,0.866,0.411,0.567,0.76,0.888,0.766,0.639,-11.549732978650413,-12.700000000000003,Amber,Medium,218
INIT-0023,Kleenpak Initiative 23,Biopharma Consumables,Kleenpak,EMEA,PMM_02,High,Launch,2024Q2,Month2,143030.97,132954.44,95,90.3,41,52.6,40.7,88.7,Medium,0.93,0.951,0.544,0.526,0.814,0.774,0.809,0.747,-7.044998716012342,-4.700000000000003,Amber,Medium,181
INIT-0023,Kleenpak Initiative 23,Biopharma Consumables,Kleenpak,EMEA,PMM_02,High,Launch,2024Q2,Month3,136862.93,119958.63,95,91.4,66,61.5,40.0,87.6,Medium,0.876,0.962,0.267,0.615,0.8,0.752,0.756,0.614,-12.351262683036223,-3.5999999999999943,Amber,Medium,224
INIT-0023,Kleenpak Initiative 23,Biopharma Consumables,Kleenpak,EMEA,PMM_02,High,Launch,2024Q3,Month1,150641.1,143590.43,95,82.0,20,56.2,34.7,89.7,Medium,0.953,0.863,0.778,0.562,0.694,0.794,0.828,0.82,-4.6804424556113915,-13.0,Amber,Medium,174
INIT-0023,Kleenpak Initiative 23,Biopharma Consumables,Kleenpak,EMEA,PMM_02,High,Launch,2024Q3,Month2,139466.5,122927.26,95,84.5,49,42.1,38.8,105.5,Medium,0.881,0.889,0.456,0.421,0.776,0.89,0.763,0.673,-11.858933865838754,-10.5,Amber,Medium,219
INIT-0023,Kleenpak Initiative 23,Biopharma Consumables,Kleenpak,EMEA,PMM_02,High,Launch,2024Q3,Month3,150823.05,129959.86,95,85.7,37,44.6,34.5,95.7,Medium,0.862,0.902,0.589,0.446,0.69,0.914,0.775,0.745,-13.832892253538162,-9.299999999999997,Amber,Medium,212
INIT-0023,Kleenpak Initiative 23,Biopharma Consumables,Kleenpak,EMEA,PMM_02,High,Launch,2024Q4,Month1,156041.76,128407.72,95,83.4,63,49.5,37.7,81.7,High,0.823,0.878,0.3,0.495,0.754,0.634,0.697,0.589,-17.70938753831026,-11.599999999999994,Red,High,240
INIT-0023,Kleenpak Initiative 23,Biopharma Consumables,Kleenpak,EMEA,PMM_02,High,Launch,2024Q4,Month2,157627.2,133938.98,95,83.5,59,51.6,38.0,92.7,Medium,0.85,0.879,0.344,0.516,0.76,0.854,0.738,0.612,-15.028002781245874,-11.5,Red,High,229
INIT-0023,Kleenpak Initiative 23,Biopharma Consumables,Kleenpak,EMEA,PMM_02,High,Launch,2024Q4,Month3,159790.95,143210.68,95,92.5,33,79.9,39.5,85.1,Medium,0.896,0.974,0.633,0.799,0.79,0.702,0.833,0.804,-10.37622593770174,-2.5,Amber,Medium,166
INIT-0023,Kleenpak Initiative 23,Biopharma Consumables,Kleenpak,EMEA,PMM_02,High,Launch,2025Q1,Month1,159873.88,145750.87,95,87.5,25,72.5,35.2,90.1,Medium,0.912,0.921,0.722,0.725,0.704,0.802,0.835,0.822,-8.83384452794916,-7.5,Amber,Medium,166
INIT-0023,Kleenpak Initiative 23,Biopharma Consumables,Kleenpak,EMEA,PMM_02,High,Launch,2025Q1,Month2,167742.17,138483.51,95,84.4,52,45.6,37.6,95.3,Medium,0.826,0.888,0.422,0.456,0.752,0.906,0.741,0.655,-17.442638306157598,-10.599999999999994,Red,High,235
INIT-0023,Kleenpak Initiative 23,Biopharma Consumables,Kleenpak,EMEA,PMM_02,High,Launch,2025Q1,Month3,155519.32,148161.57,95,84.0,46,59.0,36.4,102.5,Medium,0.953,0.884,0.489,0.59,0.728,0.95,0.81,0.687,-4.731084215131599,-11.0,Amber,Medium,183
INIT-0023,Kleenpak Initiative 23,Biopharma Consumables,Kleenpak,EMEA,PMM_02,High,Launch,2025Q2,Month1,176565.93,155914.7,95,84.1,53,49.3,43.0,93.7,Medium,0.883,0.885,0.411,0.493,0.86,0.874,0.77,0.648,-11.696044644626506,-10.900000000000006,Amber,Medium,202
INIT-0023,Kleenpak Initiative 23,Biopharma Consumables,Kleenpak,EMEA,PMM_02,High,Launch,2025Q2,Month2,180022.61,149358.49,95,89.7,62,42.5,34.7,80.8,Medium,0.83,0.944,0.311,0.425,0.694,0.616,0.699,0.628,-17.033482627543282,-5.299999999999997,Red,High,239
INIT-0023,Kleenpak Initiative 23,Biopharma Consumables,Kleenpak,EMEA,PMM_02,High,Launch,2025Q2,Month3,168212.21,150931.95,95,88.6,55,68.2,36.7,79.9,Medium,0.897,0.933,0.389,0.682,0.734,0.598,0.76,0.661,-10.272892794167547,-6.400000000000006,Amber,Medium,214
INIT-0023,Kleenpak Initiative 23,Biopharma Consumables,Kleenpak,EMEA,PMM_02,High,Launch,2025Q3,Month1,196625.45,177775.44,95,88.2,31,45.1,42.2,88.1,Medium,0.904,0.928,0.656,0.451,0.844,0.762,0.806,0.792,-9.586760004872213,-6.799999999999997,Amber,Medium,186
INIT-0023,Kleenpak Initiative 23,Biopharma Consumables,Kleenpak,EMEA,PMM_02,High,Launch,2025Q3,Month2,192972.28,168455.43,95,90.8,21,60.3,30.3,96.1,Medium,0.873,0.956,0.767,0.603,0.606,0.922,0.825,0.861,-12.70485584768963,-4.200000000000003,Amber,Medium,172
INIT-0023,Kleenpak Initiative 23,Biopharma Consumables,Kleenpak,EMEA,PMM_02,High,Launch,2025Q3,Month3,187751.75,162265.23,95,86.5,45,56.4,36.3,87.2,Medium,0.864,0.911,0.5,0.564,0.726,0.744,0.763,0.705,-13.574584524511751,-8.5,Amber,Medium,214
INIT-0023,Kleenpak Initiative 23,Biopharma Consumables,Kleenpak,EMEA,PMM_02,High,Launch,2025Q4,Month1,196605.65,167591.35,95,85.3,36,41.2,37.0,100.7,Medium,0.852,0.898,0.6,0.412,0.74,0.986,0.782,0.749,-14.757612510118602,-9.700000000000003,Amber,Medium,198
INIT-0023,Kleenpak Initiative 23,Biopharma Consumables,Kleenpak,EMEA,PMM_02,High,Launch,2025Q4,Month2,198610.75,188610.36,95,90.9,23,61.6,35.6,100.0,Low,0.95,0.957,0.744,0.616,0.712,1.0,0.868,0.851,-5.0351705534569575,-4.099999999999994,Amber,Medium,137
INIT-0023,Kleenpak Initiative 23,Biopharma Consumables,Kleenpak,EMEA,PMM_02,High,Launch,2025Q4,Month3,204896.69,188923.31,95,87.9,37,56.2,40.4,79.1,Medium,0.922,0.925,0.589,0.562,0.808,0.582,0.791,0.757,-7.795821396626761,-7.099999999999994,Amber,Medium,190
INIT-0024,Kleenpak Initiative 24,Biopharma Consumables,Kleenpak,North America,PMM_17,High,Launch,2024Q1,Month1,219230.87,187659.17,95,83.8,32,62.4,35.5,90.9,Medium,0.856,0.882,0.644,0.624,0.71,0.818,0.788,0.763,-14.40111969632743,-11.200000000000003,Amber,Medium,199
INIT-0024,Kleenpak Initiative 24,Biopharma Consumables,Kleenpak,North America,PMM_17,High,Launch,2024Q1,Month2,214079.45,200402.75,95,93.4,37,62.9,38.3,98.6,Medium,0.936,0.983,0.589,0.629,0.766,0.972,0.849,0.786,-6.388609462514973,-1.5999999999999943,Amber,Medium,157
INIT-0024,Kleenpak Initiative 24,Biopharma Consumables,Kleenpak,North America,PMM_17,High,Launch,2024Q1,Month3,213146.3,187721.61,95,88.5,22,66.9,36.3,93.3,Medium,0.881,0.932,0.756,0.669,0.726,0.866,0.834,0.844,-11.9282811852704,-6.5,Amber,Medium,166
INIT-0024,Kleenpak Initiative 24,Biopharma Consumables,Kleenpak,North America,PMM_17,High,Launch,2024Q2,Month1,245591.12,203147.29,95,92.4,20,60.7,36.3,107.5,Medium,0.827,0.973,0.778,0.607,0.726,0.85,0.819,0.875,-17.282314604860304,-2.5999999999999943,Amber,Medium,172
INIT-0024,Kleenpak Initiative 24,Biopharma Consumables,Kleenpak,North America,PMM_17,High,Launch,2024Q2,Month2,244253.33,216711.61,95,87.4,35,51.6,37.3,88.8,Medium,0.887,0.92,0.611,0.516,0.746,0.776,0.79,0.766,-11.275883116926186,-7.599999999999994,Amber,Medium,194
INIT-0024,Kleenpak Initiative 24,Biopharma Consumables,Kleenpak,North America,PMM_17,High,Launch,2024Q2,Month3,227044.34,216922.25,95,87.8,22,80.2,37.7,96.4,Low,0.955,0.924,0.756,0.802,0.754,0.928,0.881,0.84,-4.4581996626738185,-7.200000000000003,Amber,Medium,121
INIT-0024,Kleenpak Initiative 24,Biopharma Consumables,Kleenpak,North America,PMM_17,High,Launch,2024Q3,Month1,267228.6,242258.95,95,89.3,32,56.4,44.3,87.0,Medium,0.907,0.94,0.644,0.564,0.886,0.74,0.821,0.792,-9.343928756128635,-5.700000000000003,Amber,Medium,179
INIT-0024,Kleenpak Initiative 24,Biopharma Consumables,Kleenpak,North America,PMM_17,High,Launch,2024Q3,Month2,244718.66,223394.73,95,87.7,32,54.0,34.5,93.4,Medium,0.913,0.923,0.644,0.54,0.69,0.868,0.811,0.784,-8.71365101459774,-7.299999999999997,Amber,Medium,183
INIT-0024,Kleenpak Initiative 24,Biopharma Consumables,Kleenpak,North America,PMM_17,High,Launch,2024Q3,Month3,262863.73,241340.76,95,90.4,31,37.8,35.8,92.2,Medium,0.918,0.952,0.656,0.378,0.716,0.844,0.804,0.804,-8.187881226519906,-4.599999999999994,Amber,Medium,190
INIT-0024,Kleenpak Initiative 24,Biopharma Consumables,Kleenpak,North America,PMM_17,High,Launch,2024Q4,Month1,268591.01,232496.53,95,84.0,49,62.3,44.3,103.2,Medium,0.866,0.884,0.456,0.623,0.886,0.936,0.793,0.67,-13.438454250572276,-11.0,Amber,Medium,186
INIT-0024,Kleenpak Initiative 24,Biopharma Consumables,Kleenpak,North America,PMM_17,High,Launch,2024Q4,Month2,269384.08,250190.95,95,93.1,56,52.2,34.2,96.1,Medium,0.929,0.98,0.378,0.522,0.684,0.922,0.791,0.679,-7.1248196998129965,-1.9000000000000057,Amber,Medium,189
INIT-0024,Kleenpak Initiative 24,Biopharma Consumables,Kleenpak,North America,PMM_17,High,Launch,2024Q4,Month3,278496.42,239536.53,95,90.3,48,46.7,40.0,96.0,Medium,0.86,0.951,0.467,0.467,0.8,0.92,0.78,0.709,-13.98936833730214,-4.700000000000003,Amber,Medium,202
INIT-0024,Kleenpak Initiative 24,Biopharma Consumables,Kleenpak,North America,PMM_17,High,Launch,2025Q1,Month1,316394.52,271185.34,95,91.7,33,68.1,38.4,93.0,Medium,0.857,0.965,0.633,0.681,0.768,0.86,0.819,0.799,-14.288863157301204,-3.299999999999997,Amber,Medium,178
INIT-0024,Kleenpak Initiative 24,Biopharma Consumables,Kleenpak,North America,PMM_17,High,Launch,2025Q1,Month2,312844.09,282836.6,95,88.1,58,53.2,42.4,80.0,Medium,0.904,0.927,0.356,0.532,0.848,0.6,0.753,0.641,-9.591835345203435,-6.900000000000006,Amber,Medium,228
INIT-0024,Kleenpak Initiative 24,Biopharma Consumables,Kleenpak,North America,PMM_17,High,Launch,2025Q1,Month3,317645.16,265868.39,95,91.6,21,49.5,35.0,88.4,Medium,0.837,0.964,0.767,0.495,0.7,0.768,0.797,0.865,-16.300191698182957,-3.4000000000000057,Amber,Medium,191
INIT-0024,Kleenpak Initiative 24,Biopharma Consumables,Kleenpak,North America,PMM_17,High,Launch,2025Q2,Month1,319751.78,271040.1,95,86.8,55,54.9,43.8,85.8,Medium,0.848,0.914,0.389,0.549,0.876,0.716,0.752,0.651,-15.234216991692758,-8.200000000000003,Amber,Medium,222
INIT-0024,Kleenpak Initiative 24,Biopharma Consumables,Kleenpak,North America,PMM_17,High,Launch,2025Q2,Month2,320714.38,269130.14,95,85.6,40,52.5,40.6,100.1,Medium,0.839,0.901,0.556,0.525,0.812,0.998,0.791,0.728,-16.084168099977305,-9.400000000000006,Amber,Medium,187
INIT-0024,Kleenpak Initiative 24,Biopharma Consumables,Kleenpak,North America,PMM_17,High,Launch,2025Q2,Month3,333581.36,289243.49,95,93.4,41,45.5,38.1,89.8,Medium,0.867,0.983,0.544,0.455,0.762,0.796,0.783,0.764,-13.291471082197157,-1.5999999999999943,Amber,Medium,194
INIT-0024,Kleenpak Initiative 24,Biopharma Consumables,Kleenpak,North America,PMM_17,High,Launch,2025Q3,Month1,353045.52,306167.21,95,83.7,27,51.6,32.7,104.0,Medium,0.867,0.881,0.7,0.516,0.654,0.92,0.794,0.791,-13.278262247882369,-11.299999999999997,Amber,Medium,195
INIT-0024,Kleenpak Initiative 24,Biopharma Consumables,Kleenpak,North America,PMM_17,High,Launch,2025Q3,Month2,362420.05,309352.62,95,87.8,31,53.7,42.7,92.2,Medium,0.854,0.924,0.656,0.537,0.854,0.844,0.805,0.79,-14.642520467617615,-7.200000000000003,Amber,Medium,187
INIT-0024,Kleenpak Initiative 24,Biopharma Consumables,Kleenpak,North America,PMM_17,High,Launch,2025Q3,Month3,338086.76,314715.16,95,89.4,30,36.0,34.3,95.0,Medium,0.931,0.941,0.667,0.36,0.686,0.9,0.809,0.804,-6.912900108835979,-5.599999999999994,Amber,Medium,182
INIT-0024,Kleenpak Initiative 24,Biopharma Consumables,Kleenpak,North America,PMM_17,High,Launch,2025Q4,Month1,382263.15,315592.31,95,84.3,56,72.5,43.1,106.8,Medium,0.826,0.887,0.378,0.725,0.862,0.864,0.768,0.633,-17.441084760589668,-10.700000000000003,Amber,Medium,207
INIT-0024,Kleenpak Initiative 24,Biopharma Consumables,Kleenpak,North America,PMM_17,High,Launch,2025Q4,Month2,385459.61,335870.91,95,86.1,49,71.0,40.4,98.9,Medium,0.871,0.906,0.456,0.71,0.808,0.978,0.804,0.681,-12.864823891665333,-8.900000000000006,Amber,Medium,181
INIT-0024,Kleenpak Initiative 24,Biopharma Consumables,Kleenpak,North America,PMM_17,High,Launch,2025Q4,Month3,390290.3,334529.21,95,88.1,42,40.8,37.5,85.1,Medium,0.857,0.927,0.533,0.408,0.75,0.702,0.751,0.73,-14.287080667902833,-6.900000000000006,Amber,Medium,220
INIT-0025,Kleenpak Initiative 25,Biopharma Consumables,Kleenpak,EMEA,PMM_16,Medium,Growth,2024Q1,Month1,176833.29,185273.58,95,93.9,33,80.4,39.2,101.0,Low,1.048,0.988,0.633,0.804,0.784,0.98,0.916,0.811,4.773020962285992,-1.0999999999999943,Green,Low,64
INIT-0025,Kleenpak Initiative 25,Biopharma Consumables,Kleenpak,EMEA,PMM_16,Medium,Growth,2024Q1,Month2,174149.2,186554.49,95,90.1,14,79.0,34.9,93.7,Low,1.071,0.948,0.844,0.79,0.698,0.874,0.927,0.896,7.12336892733356,-4.900000000000006,Green,Low,46
INIT-0025,Kleenpak Initiative 25,Biopharma Consumables,Kleenpak,EMEA,PMM_16,Medium,Growth,2024Q1,Month3,172215.58,183302.63,95,95.4,22,85.5,38.8,84.4,Low,1.064,1.004,0.756,0.855,0.776,0.688,0.919,0.88,6.437890230372896,0.4000000000000057,Green,Low,59
INIT-0025,Kleenpak Initiative 25,Biopharma Consumables,Kleenpak,EMEA,PMM_16,Medium,Growth,2024Q2,Month1,188408.35,188843.29,95,96.4,15,81.2,40.7,80.3,Low,1.002,1.015,0.833,0.812,0.814,0.606,0.902,0.924,0.23084964121813195,1.4000000000000057,Green,Low,86
INIT-0025,Kleenpak Initiative 25,Biopharma Consumables,Kleenpak,EMEA,PMM_16,Medium,Growth,2024Q2,Month2,187496.83,183625.52,95,92.6,11,73.5,38.3,89.1,Low,0.979,0.975,0.878,0.735,0.766,0.782,0.898,0.926,-2.064733574428964,-2.4000000000000057,Amber,Medium,91
INIT-0025,Kleenpak Initiative 25,Biopharma Consumables,Kleenpak,EMEA,PMM_16,Medium,Growth,2024Q2,Month3,187362.85,183012.42,95,96.9,15,57.9,37.6,95.1,Low,0.977,1.02,0.833,0.579,0.752,0.902,0.894,0.927,-2.3219277460819967,1.9000000000000057,Amber,Medium,101
INIT-0025,Kleenpak Initiative 25,Biopharma Consumables,Kleenpak,EMEA,PMM_16,Medium,Growth,2024Q3,Month1,237621.61,226804.14,95,95.7,17,91.1,37.3,98.9,Low,0.954,1.007,0.811,0.911,0.746,0.978,0.921,0.909,-4.552393193531503,0.7000000000000028,Green,Low,60
INIT-0025,Kleenpak Initiative 25,Biopharma Consumables,Kleenpak,EMEA,PMM_16,Medium,Growth,2024Q3,Month2,227264.23,244764.83,95,95.8,12,78.8,37.3,81.4,Low,1.077,1.008,0.867,0.788,0.746,0.628,0.925,0.938,7.7005519082347345,0.7999999999999972,Green,Low,52
INIT-0025,Kleenpak Initiative 25,Biopharma Consumables,Kleenpak,EMEA,PMM_16,Medium,Growth,2024Q3,Month3,229565.95,246086.33,95,95.7,18,68.9,34.3,100.1,Low,1.072,1.007,0.8,0.689,0.686,0.998,0.934,0.904,7.19635468587566,0.7000000000000028,Green,Low,42
INIT-0025,Kleenpak Initiative 25,Biopharma Consumables,Kleenpak,EMEA,PMM_16,Medium,Growth,2024Q4,Month1,263121.24,260579.47,95,95.6,13,85.7,33.7,87.5,Low,0.99,1.006,0.856,0.857,0.674,0.75,0.904,0.931,-0.9660071532043516,0.5999999999999943,Green,Low,88
INIT-0025,Kleenpak Initiative 25,Biopharma Consumables,Kleenpak,EMEA,PMM_16,Medium,Growth,2024Q4,Month2,263085.6,251538.52,95,96.7,25,67.9,32.9,97.2,Low,0.956,1.018,0.722,0.679,0.658,0.944,0.875,0.87,-4.389096172500505,1.7000000000000028,Amber,Medium,132
INIT-0025,Kleenpak Initiative 25,Biopharma Consumables,Kleenpak,EMEA,PMM_16,Medium,Growth,2024Q4,Month3,274930.85,295055.57,95,96.0,18,64.8,36.0,83.2,Low,1.073,1.011,0.8,0.648,0.72,0.664,0.901,0.905,7.319920627314117,1.0,Green,Low,94
INIT-0025,Kleenpak Initiative 25,Biopharma Consumables,Kleenpak,EMEA,PMM_16,Medium,Growth,2025Q1,Month1,313222.67,307437.69,95,94.3,20,82.3,37.4,85.9,Low,0.982,0.993,0.778,0.823,0.748,0.718,0.888,0.885,-1.8469225104300342,-0.7000000000000028,Amber,Medium,101
INIT-0025,Kleenpak Initiative 25,Biopharma Consumables,Kleenpak,EMEA,PMM_16,Medium,Growth,2025Q1,Month2,312450.17,313074.38,95,94.6,24,68.3,38.4,86.9,Low,1.002,0.996,0.733,0.683,0.768,0.738,0.879,0.865,0.19977905596915532,-0.4000000000000057,Amber,Medium,116
INIT-0025,Kleenpak Initiative 25,Biopharma Consumables,Kleenpak,EMEA,PMM_16,Medium,Growth,2025Q1,Month3,328754.02,326802.15,95,91.1,24,84.4,33.1,93.0,Low,0.994,0.959,0.733,0.844,0.662,0.86,0.886,0.846,-0.5937174547705896,-3.9000000000000057,Amber,Medium,103
INIT-0025,Kleenpak Initiative 25,Biopharma Consumables,Kleenpak,EMEA,PMM_16,Medium,Growth,2025Q2,Month1,366602.54,394931.43,95,93.6,22,77.3,38.2,70.3,Low,1.077,0.985,0.756,0.773,0.764,0.406,0.882,0.87,7.727412363264046,-1.4000000000000057,Amber,Medium,123
INIT-0025,Kleenpak Initiative 25,Biopharma Consumables,Kleenpak,EMEA,PMM_16,Medium,Growth,2025Q2,Month2,370608.98,377910.05,95,95.0,23,73.5,43.2,90.8,Low,1.02,1.0,0.744,0.735,0.864,0.816,0.91,0.872,1.9700197226737481,0.0,Green,Low,64
INIT-0025,Kleenpak Initiative 25,Biopharma Consumables,Kleenpak,EMEA,PMM_16,Medium,Growth,2025Q2,Month3,355141.32,341226.53,95,95.3,24,81.2,37.8,101.0,Low,0.961,1.003,0.733,0.812,0.756,0.98,0.902,0.868,-3.9180994202533173,0.29999999999999716,Green,Low,78
INIT-0025,Kleenpak Initiative 25,Biopharma Consumables,Kleenpak,EMEA,PMM_16,Medium,Growth,2025Q3,Month1,400806.35,391395.14,95,92.9,19,80.2,41.8,77.1,Low,0.977,0.978,0.789,0.802,0.836,0.542,0.874,0.883,-2.3480690862307854,-2.0999999999999943,Amber,Medium,131
INIT-0025,Kleenpak Initiative 25,Biopharma Consumables,Kleenpak,EMEA,PMM_16,Medium,Growth,2025Q3,Month2,397603.38,387682.36,95,96.0,20,79.1,36.8,86.2,Low,0.975,1.011,0.778,0.791,0.736,0.724,0.885,0.894,-2.4952051463948868,1.0,Amber,Medium,119
INIT-0025,Kleenpak Initiative 25,Biopharma Consumables,Kleenpak,EMEA,PMM_16,Medium,Growth,2025Q3,Month3,409992.49,390001.51,95,93.3,14,76.0,36.0,76.2,Low,0.951,0.982,0.844,0.76,0.72,0.524,0.856,0.913,-4.875938093402634,-1.7000000000000028,Amber,Medium,147
INIT-0025,Kleenpak Initiative 25,Biopharma Consumables,Kleenpak,EMEA,PMM_16,Medium,Growth,2025Q4,Month1,444110.75,478699.21,95,91.8,34,73.0,35.1,99.9,Low,1.078,0.966,0.622,0.73,0.702,0.998,0.907,0.794,7.788251016216117,-3.200000000000003,Green,Low,84
INIT-0025,Kleenpak Initiative 25,Biopharma Consumables,Kleenpak,EMEA,PMM_16,Medium,Growth,2025Q4,Month2,432241.23,413273.44,95,90.3,16,84.8,37.6,77.6,Low,0.956,0.951,0.822,0.848,0.752,0.552,0.863,0.886,-4.388241723261795,-4.700000000000003,Amber,Medium,144
INIT-0025,Kleenpak Initiative 25,Biopharma Consumables,Kleenpak,EMEA,PMM_16,Medium,Growth,2025Q4,Month3,449096.23,478794.78,95,90.8,31,74.3,41.9,72.6,Low,1.066,0.956,0.656,0.743,0.838,0.452,0.866,0.806,6.612959097875315,-4.200000000000003,Amber,Medium,139
INIT-0026,Sterile Sets Initiative 1,Medical,Sterile Sets,North America,PMM_06,Low,Mature,2024Q1,Month1,197656.64,199073.73,95,99.6,3,61.5,43.8,86.6,Low,1.007,1.048,0.967,0.615,0.876,0.732,0.929,1.008,0.7169453047466537,4.599999999999994,Green,Low,42
INIT-0026,Sterile Sets Initiative 1,Medical,Sterile Sets,North America,PMM_06,Low,Mature,2024Q1,Month2,217129.3,217897.07,95,96.4,4,62.3,39.5,102.7,Low,1.004,1.015,0.956,0.623,0.79,0.946,0.933,0.985,0.3536003662334004,1.4000000000000057,Green,Low,36
INIT-0026,Sterile Sets Initiative 1,Medical,Sterile Sets,North America,PMM_06,Low,Mature,2024Q1,Month3,197794.46,194870.67,95,96.3,11,86.0,36.4,92.4,Low,0.985,1.014,0.878,0.86,0.728,0.848,0.923,0.946,-1.478196103166883,1.2999999999999972,Green,Low,51
INIT-0026,Sterile Sets Initiative 1,Medical,Sterile Sets,North America,PMM_06,Low,Mature,2024Q2,Month1,199837.32,204817.65,95,97.6,3,83.6,43.3,89.5,Low,1.025,1.027,0.967,0.836,0.866,0.79,0.958,0.997,2.4921921490940666,2.5999999999999943,Green,Low,7
INIT-0026,Sterile Sets Initiative 1,Medical,Sterile Sets,North America,PMM_06,Low,Mature,2024Q2,Month2,196547.13,202679.21,95,96.5,8,64.3,43.6,107.0,Low,1.031,1.016,0.911,0.643,0.872,0.86,0.938,0.963,3.119903099068395,1.5,Green,Low,24
INIT-0026,Sterile Sets Initiative 1,Medical,Sterile Sets,North America,PMM_06,Low,Mature,2024Q2,Month3,205111.67,202650.25,95,100.7,11,82.2,42.5,75.2,Low,0.988,1.06,0.878,0.822,0.85,0.504,0.907,0.969,-1.200038983642429,5.700000000000003,Green,Low,73
INIT-0026,Sterile Sets Initiative 1,Medical,Sterile Sets,North America,PMM_06,Low,Mature,2024Q3,Month1,209170.4,207803.05,95,99.1,4,79.6,48.6,95.9,Low,0.993,1.043,0.956,0.796,0.972,0.918,0.968,0.999,-0.6537014797504838,4.099999999999994,Green,Low,4
INIT-0026,Sterile Sets Initiative 1,Medical,Sterile Sets,North America,PMM_06,Low,Mature,2024Q3,Month2,214128.96,221056.29,95,99.3,6,77.4,44.3,91.3,Low,1.032,1.045,0.933,0.774,0.886,0.826,0.959,0.989,3.2351205553886855,4.299999999999997,Green,Low,10
INIT-0026,Sterile Sets Initiative 1,Medical,Sterile Sets,North America,PMM_06,Low,Mature,2024Q3,Month3,216016.86,217631.38,95,97.6,11,74.2,43.6,86.0,Low,1.007,1.027,0.878,0.742,0.872,0.72,0.923,0.953,0.7474046238798299,2.5999999999999943,Green,Low,57
INIT-0026,Sterile Sets Initiative 1,Medical,Sterile Sets,North America,PMM_06,Low,Mature,2024Q4,Month1,232374.14,229966.28,95,97.5,11,65.5,40.3,89.2,Low,0.99,1.026,0.878,0.655,0.806,0.784,0.908,0.952,-1.036199639082049,2.5,Green,Low,80
INIT-0026,Sterile Sets Initiative 1,Medical,Sterile Sets,North America,PMM_06,Low,Mature,2024Q4,Month2,216027.15,213507.87,95,97.0,7,78.9,46.8,93.0,Low,0.988,1.021,0.922,0.789,0.936,0.86,0.947,0.972,-1.1661867501376557,2.0,Green,Low,14
INIT-0026,Sterile Sets Initiative 1,Medical,Sterile Sets,North America,PMM_06,Low,Mature,2024Q4,Month3,225145.41,229845.75,95,99.7,6,93.2,39.7,93.6,Low,1.021,1.049,0.933,0.932,0.794,0.872,0.967,0.991,2.0876907950288643,4.700000000000003,Green,Low,5
INIT-0026,Sterile Sets Initiative 1,Medical,Sterile Sets,North America,PMM_06,Low,Mature,2025Q1,Month1,218881.92,218158.74,95,98.5,9,87.6,43.7,78.2,Low,0.997,1.037,0.9,0.876,0.874,0.564,0.923,0.968,-0.330397321076141,3.5,Green,Low,40
INIT-0026,Sterile Sets Initiative 1,Medical,Sterile Sets,North America,PMM_06,Low,Mature,2025Q1,Month2,238877.95,235141.88,95,98.5,2,70.5,45.6,79.8,Low,0.984,1.037,0.978,0.705,0.912,0.596,0.92,1.007,-1.5640078960825001,3.5,Green,Low,44
INIT-0026,Sterile Sets Initiative 1,Medical,Sterile Sets,North America,PMM_06,Low,Mature,2025Q1,Month3,229883.27,235152.61,95,96.4,6,86.0,44.8,92.0,Low,1.023,1.015,0.933,0.86,0.896,0.84,0.961,0.974,2.292180722851209,1.4000000000000057,Green,Low,3
INIT-0026,Sterile Sets Initiative 1,Medical,Sterile Sets,North America,PMM_06,Low,Mature,2025Q2,Month1,236747.4,243378.28,95,99.3,2,75.6,41.4,88.3,Low,1.028,1.045,0.978,0.756,0.828,0.766,0.951,1.012,2.800824845383732,4.299999999999997,Green,Low,10
INIT-0026,Sterile Sets Initiative 1,Medical,Sterile Sets,North America,PMM_06,Low,Mature,2025Q2,Month2,223057.36,219820.63,95,98.6,7,72.4,40.0,86.4,Low,0.985,1.038,0.922,0.724,0.8,0.728,0.916,0.98,-1.4510751853245198,3.5999999999999943,Green,Low,53
INIT-0026,Sterile Sets Initiative 1,Medical,Sterile Sets,North America,PMM_06,Low,Mature,2025Q2,Month3,220984.33,220596.65,95,100.2,5,85.1,40.6,77.7,Low,0.998,1.055,0.944,0.851,0.812,0.554,0.924,1.0,-0.1754332535705102,5.200000000000003,Green,Low,39
INIT-0026,Sterile Sets Initiative 1,Medical,Sterile Sets,North America,PMM_06,Low,Mature,2025Q3,Month1,240679.42,237373.67,95,100.3,8,54.0,47.4,81.5,Low,0.986,1.056,0.911,0.54,0.948,0.63,0.905,0.983,-1.3735075479241223,5.299999999999997,Green,Low,85
INIT-0026,Sterile Sets Initiative 1,Medical,Sterile Sets,North America,PMM_06,Low,Mature,2025Q3,Month2,237760.4,237766.72,95,96.4,7,58.4,42.5,99.6,Low,1.0,1.015,0.922,0.584,0.85,0.992,0.934,0.968,0.002658138192906382,1.4000000000000057,Green,Low,30
INIT-0026,Sterile Sets Initiative 1,Medical,Sterile Sets,North America,PMM_06,Low,Mature,2025Q3,Month3,239234.39,234838.43,95,98.2,7,82.1,41.4,94.8,Low,0.982,1.034,0.922,0.821,0.828,0.896,0.943,0.978,-1.837511739010441,3.200000000000003,Green,Low,17
INIT-0026,Sterile Sets Initiative 1,Medical,Sterile Sets,North America,PMM_06,Low,Mature,2025Q4,Month1,233121.36,241435.57,95,99.0,6,69.5,40.2,94.5,Low,1.036,1.042,0.933,0.695,0.804,0.89,0.95,0.988,3.566472844873598,4.0,Green,Low,7
INIT-0026,Sterile Sets Initiative 1,Medical,Sterile Sets,North America,PMM_06,Low,Mature,2025Q4,Month2,240849.13,245113.22,95,99.4,5,78.0,40.3,85.8,Low,1.018,1.046,0.944,0.78,0.806,0.716,0.937,0.995,1.7704402752046464,4.400000000000006,Green,Low,17
INIT-0026,Sterile Sets Initiative 1,Medical,Sterile Sets,North America,PMM_06,Low,Mature,2025Q4,Month3,241573.29,246003.2,95,96.6,1,86.8,36.8,87.6,Low,1.018,1.017,0.989,0.868,0.736,0.752,0.944,1.003,1.8337747521673455,1.5999999999999943,Green,Low,11
INIT-0027,Sterile Sets Initiative 2,Medical,Sterile Sets,North America,PMM_16,Low,Launch,2024Q1,Month1,130809.53,115820.92,95,88.4,32,63.9,43.1,95.4,Medium,0.885,0.931,0.644,0.639,0.862,0.908,0.834,0.787,-11.45834710972511,-6.599999999999994,Amber,Medium,167
INIT-0027,Sterile Sets Initiative 2,Medical,Sterile Sets,North America,PMM_16,Low,Launch,2024Q1,Month2,125397.44,106685.72,95,84.4,46,66.1,45.5,88.7,Medium,0.851,0.888,0.489,0.661,0.91,0.774,0.783,0.689,-14.921931420609544,-10.599999999999994,Amber,Medium,204
INIT-0027,Sterile Sets Initiative 2,Medical,Sterile Sets,North America,PMM_16,Low,Launch,2024Q1,Month3,137108.01,114588.08,95,88.6,67,63.4,37.9,84.8,High,0.836,0.933,0.256,0.634,0.758,0.696,0.726,0.594,-16.424955770271925,-6.400000000000006,Red,High,232
INIT-0027,Sterile Sets Initiative 2,Medical,Sterile Sets,North America,PMM_16,Low,Launch,2024Q2,Month1,138194.12,117633.79,95,90.8,46,45.4,42.8,87.1,Medium,0.851,0.956,0.489,0.454,0.856,0.742,0.768,0.722,-14.877861662999845,-4.200000000000003,Amber,Medium,215
INIT-0027,Sterile Sets Initiative 2,Medical,Sterile Sets,North America,PMM_16,Low,Launch,2024Q2,Month2,150594.76,137195.78,95,89.6,54,53.7,44.5,91.1,Medium,0.911,0.943,0.4,0.537,0.89,0.822,0.792,0.672,-8.897374649689013,-5.400000000000006,Amber,Medium,192
INIT-0027,Sterile Sets Initiative 2,Medical,Sterile Sets,North America,PMM_16,Low,Launch,2024Q2,Month3,149826.74,124013.72,95,90.9,29,51.2,44.3,91.6,Medium,0.828,0.957,0.678,0.512,0.886,0.832,0.806,0.817,-17.22858015865525,-4.099999999999994,Amber,Medium,184
INIT-0027,Sterile Sets Initiative 2,Medical,Sterile Sets,North America,PMM_16,Low,Launch,2024Q3,Month1,155048.52,134481.69,95,89.6,68,60.7,44.2,83.5,Medium,0.867,0.943,0.244,0.607,0.884,0.67,0.745,0.594,-13.264770279651808,-5.400000000000006,Red,High,225
INIT-0027,Sterile Sets Initiative 2,Medical,Sterile Sets,North America,PMM_16,Low,Launch,2024Q3,Month2,151025.86,137701.06,95,86.3,34,66.0,45.0,94.1,Medium,0.912,0.908,0.622,0.66,0.9,0.882,0.838,0.765,-8.82285987313695,-8.700000000000003,Amber,Medium,170
INIT-0027,Sterile Sets Initiative 2,Medical,Sterile Sets,North America,PMM_16,Low,Launch,2024Q3,Month3,164200.99,136414.19,95,88.4,62,49.5,44.1,101.4,Medium,0.831,0.931,0.311,0.495,0.882,0.972,0.758,0.621,-16.9224314664607,-6.599999999999994,Amber,Medium,221
INIT-0027,Sterile Sets Initiative 2,Medical,Sterile Sets,North America,PMM_16,Low,Launch,2024Q4,Month1,170046.33,141863.37,95,89.9,57,52.3,43.7,97.4,Medium,0.834,0.946,0.367,0.523,0.874,0.948,0.771,0.656,-16.57369494537165,-5.099999999999994,Amber,Medium,212
INIT-0027,Sterile Sets Initiative 2,Medical,Sterile Sets,North America,PMM_16,Low,Launch,2024Q4,Month2,166653.26,151398.36,95,92.6,50,72.4,44.3,98.6,Medium,0.908,0.975,0.444,0.724,0.886,0.972,0.838,0.71,-9.153676321723333,-2.4000000000000057,Amber,Medium,162
INIT-0027,Sterile Sets Initiative 2,Medical,Sterile Sets,North America,PMM_16,Low,Launch,2024Q4,Month3,180979.44,149847.42,95,85.5,56,64.2,42.3,87.3,Medium,0.828,0.9,0.378,0.642,0.846,0.746,0.75,0.639,-17.201965040890826,-9.5,Red,High,227
INIT-0027,Sterile Sets Initiative 2,Medical,Sterile Sets,North America,PMM_16,Low,Launch,2025Q1,Month1,188775.77,162043.19,95,86.4,46,62.5,46.2,104.5,Medium,0.858,0.909,0.489,0.625,0.924,0.91,0.802,0.699,-14.161022889749034,-8.599999999999994,Amber,Medium,188
INIT-0027,Sterile Sets Initiative 2,Medical,Sterile Sets,North America,PMM_16,Low,Launch,2025Q1,Month2,195470.44,168052.14,95,85.8,55,60.2,45.2,85.7,Medium,0.86,0.903,0.389,0.602,0.904,0.714,0.762,0.646,-14.026826767259534,-9.200000000000003,Amber,Medium,221
INIT-0027,Sterile Sets Initiative 2,Medical,Sterile Sets,North America,PMM_16,Low,Launch,2025Q1,Month3,194404.59,164422.38,95,83.5,61,58.2,45.9,102.4,Medium,0.846,0.879,0.322,0.582,0.918,0.952,0.765,0.601,-15.422583386534233,-11.5,Amber,Medium,219
INIT-0027,Sterile Sets Initiative 2,Medical,Sterile Sets,North America,PMM_16,Low,Launch,2025Q2,Month1,217026.71,193069.58,95,84.5,56,60.4,40.6,91.4,Medium,0.89,0.889,0.378,0.604,0.812,0.828,0.77,0.634,-11.038793335622147,-10.5,Amber,Medium,204
INIT-0027,Sterile Sets Initiative 2,Medical,Sterile Sets,North America,PMM_16,Low,Launch,2025Q2,Month2,219535.79,201909.45,95,85.1,22,54.7,37.2,95.4,Medium,0.92,0.896,0.756,0.547,0.744,0.908,0.834,0.826,-8.028914100976428,-9.900000000000006,Amber,Medium,165
INIT-0027,Sterile Sets Initiative 2,Medical,Sterile Sets,North America,PMM_16,Low,Launch,2025Q2,Month3,210016.0,194374.18,95,92.9,35,49.2,42.5,99.3,Medium,0.926,0.978,0.611,0.492,0.85,0.986,0.844,0.795,-7.44791825384733,-2.0999999999999943,Amber,Medium,160
INIT-0027,Sterile Sets Initiative 2,Medical,Sterile Sets,North America,PMM_16,Low,Launch,2025Q3,Month1,232250.62,205011.35,95,88.5,23,45.4,37.9,79.3,Medium,0.883,0.932,0.744,0.454,0.758,0.586,0.787,0.838,-11.72839495541497,-6.5,Amber,Medium,200
INIT-0027,Sterile Sets Initiative 2,Medical,Sterile Sets,North America,PMM_16,Low,Launch,2025Q3,Month2,234107.16,198413.64,95,86.8,45,59.1,43.5,81.9,Medium,0.848,0.914,0.5,0.591,0.87,0.638,0.764,0.707,-15.24665883777326,-8.200000000000003,Amber,Medium,213
INIT-0027,Sterile Sets Initiative 2,Medical,Sterile Sets,North America,PMM_16,Low,Launch,2025Q3,Month3,218548.32,185029.98,95,89.3,55,47.3,41.8,87.8,Medium,0.847,0.94,0.389,0.473,0.836,0.756,0.749,0.664,-15.336809727020547,-5.700000000000003,Red,High,224
INIT-0027,Sterile Sets Initiative 2,Medical,Sterile Sets,North America,PMM_16,Low,Launch,2025Q4,Month1,244201.19,205078.62,95,88.3,24,65.3,38.6,96.3,Medium,0.84,0.929,0.733,0.653,0.772,0.926,0.825,0.831,-16.02063036629756,-6.700000000000003,Amber,Medium,169
INIT-0027,Sterile Sets Initiative 2,Medical,Sterile Sets,North America,PMM_16,Low,Launch,2025Q4,Month2,234028.79,199663.75,95,84.6,55,51.8,39.3,86.3,Medium,0.853,0.891,0.389,0.518,0.786,0.726,0.738,0.64,-14.684107882624186,-10.400000000000006,Red,High,228
INIT-0027,Sterile Sets Initiative 2,Medical,Sterile Sets,North America,PMM_16,Low,Launch,2025Q4,Month3,232982.3,192317.78,95,83.4,48,48.1,42.5,99.6,Medium,0.825,0.878,0.467,0.481,0.85,0.992,0.767,0.672,-17.45390958884001,-11.599999999999994,Amber,Medium,210
INIT-0028,IV Filters Initiative 3,Medical,IV Filters,EMEA,PMM_17,High,Mature,2024Q1,Month1,258422.3,265635.74,95,97.7,2,80.2,41.1,90.2,Low,1.028,1.028,0.978,0.802,0.822,0.804,0.955,1.003,2.791338054030168,2.700000000000003,Green,Low,11
INIT-0028,IV Filters Initiative 3,Medical,IV Filters,EMEA,PMM_17,High,Mature,2024Q1,Month2,249674.02,245853.54,95,96.7,6,85.7,39.3,93.3,Low,0.985,1.018,0.933,0.857,0.786,0.866,0.939,0.976,-1.5301872417482532,1.7000000000000028,Green,Low,31
INIT-0028,IV Filters Initiative 3,Medical,IV Filters,EMEA,PMM_17,High,Mature,2024Q1,Month3,245204.31,253169.68,95,98.8,4,69.1,44.6,91.0,Low,1.032,1.04,0.956,0.691,0.892,0.82,0.953,0.998,3.2484624760470133,3.799999999999997,Green,Low,15
INIT-0028,IV Filters Initiative 3,Medical,IV Filters,EMEA,PMM_17,High,Mature,2024Q2,Month1,261031.58,267077.93,95,97.9,5,75.6,41.8,89.6,Low,1.023,1.031,0.944,0.756,0.836,0.792,0.944,0.987,2.316328928476779,2.9000000000000057,Green,Low,14
INIT-0028,IV Filters Initiative 3,Medical,IV Filters,EMEA,PMM_17,High,Mature,2024Q2,Month2,260866.07,269706.5,95,95.6,11,76.3,42.6,92.8,Low,1.034,1.006,0.878,0.763,0.852,0.856,0.942,0.942,3.3888769053024,0.5999999999999943,Green,Low,20
INIT-0028,IV Filters Initiative 3,Medical,IV Filters,EMEA,PMM_17,High,Mature,2024Q2,Month3,268229.63,275828.51,95,95.7,8,72.4,41.5,86.0,Low,1.028,1.007,0.911,0.724,0.83,0.72,0.925,0.959,2.83297561123281,0.7000000000000028,Green,Low,46
INIT-0028,IV Filters Initiative 3,Medical,IV Filters,EMEA,PMM_17,High,Mature,2024Q3,Month1,258583.15,265747.61,95,95.3,1,72.0,41.1,98.5,Low,1.028,1.003,0.989,0.72,0.822,0.97,0.96,0.996,2.7706600372065977,0.29999999999999716,Green,Low,9
INIT-0028,IV Filters Initiative 3,Medical,IV Filters,EMEA,PMM_17,High,Mature,2024Q3,Month2,262341.49,263381.92,95,95.4,9,72.2,43.4,70.9,Low,1.004,1.004,0.9,0.722,0.868,0.418,0.888,0.952,0.39659376791676876,0.4000000000000057,Amber,Medium,119
INIT-0028,IV Filters Initiative 3,Medical,IV Filters,EMEA,PMM_17,High,Mature,2024Q3,Month3,271122.63,279053.22,95,98.6,2,74.6,41.5,97.8,Low,1.029,1.038,0.978,0.746,0.83,0.956,0.968,1.008,2.925093342448016,3.5999999999999943,Green,Low,5
INIT-0028,IV Filters Initiative 3,Medical,IV Filters,EMEA,PMM_17,High,Mature,2024Q4,Month1,280119.68,284788.85,95,96.8,11,79.4,42.0,105.2,Low,1.017,1.019,0.878,0.794,0.84,0.896,0.944,0.948,1.666848255716979,1.7999999999999972,Green,Low,17
INIT-0028,IV Filters Initiative 3,Medical,IV Filters,EMEA,PMM_17,High,Mature,2024Q4,Month2,260751.6,271122.59,95,97.3,2,91.5,41.7,103.0,Low,1.04,1.024,0.978,0.915,0.834,0.94,0.984,1.001,3.9773447219499403,2.299999999999997,Green,Low,1
INIT-0028,IV Filters Initiative 3,Medical,IV Filters,EMEA,PMM_17,High,Mature,2024Q4,Month3,273415.76,279676.21,95,98.5,0,74.8,43.0,90.4,Low,1.023,1.037,1.0,0.748,0.86,0.808,0.957,1.018,2.2897180469772525,3.5,Green,Low,7
INIT-0028,IV Filters Initiative 3,Medical,IV Filters,EMEA,PMM_17,High,Mature,2025Q1,Month1,273949.64,282828.91,95,95.1,11,70.7,40.0,85.0,Low,1.032,1.001,0.878,0.707,0.8,0.7,0.914,0.939,3.24120520837332,0.09999999999999432,Green,Low,52
INIT-0028,IV Filters Initiative 3,Medical,IV Filters,EMEA,PMM_17,High,Mature,2025Q1,Month2,270683.76,268393.99,95,95.7,8,89.5,44.8,101.9,Low,0.992,1.007,0.911,0.895,0.896,0.962,0.96,0.959,-0.8459207157459385,0.7000000000000028,Green,Low,4
INIT-0028,IV Filters Initiative 3,Medical,IV Filters,EMEA,PMM_17,High,Mature,2025Q1,Month3,266283.29,261095.33,95,95.1,2,78.6,41.1,101.2,Low,0.981,1.001,0.978,0.786,0.822,0.976,0.948,0.989,-1.948285977689397,0.09999999999999432,Green,Low,13
INIT-0028,IV Filters Initiative 3,Medical,IV Filters,EMEA,PMM_17,High,Mature,2025Q2,Month1,265706.01,274388.94,95,97.9,2,49.6,38.5,88.6,Low,1.033,1.031,0.978,0.496,0.77,0.772,0.918,1.004,3.2678711332122266,2.9000000000000057,Green,Low,49
INIT-0028,IV Filters Initiative 3,Medical,IV Filters,EMEA,PMM_17,High,Mature,2025Q2,Month2,263805.7,271666.15,95,96.8,4,62.6,40.4,95.1,Low,1.03,1.019,0.956,0.626,0.808,0.902,0.941,0.987,2.979636148877758,1.7999999999999972,Green,Low,17
INIT-0028,IV Filters Initiative 3,Medical,IV Filters,EMEA,PMM_17,High,Mature,2025Q2,Month3,266386.14,261949.12,95,97.0,1,86.4,42.8,96.2,Low,0.983,1.021,0.989,0.864,0.856,0.924,0.961,1.005,-1.665634706069925,2.0,Green,Low,4
INIT-0028,IV Filters Initiative 3,Medical,IV Filters,EMEA,PMM_17,High,Mature,2025Q3,Month1,271654.49,281163.85,95,95.5,1,75.7,46.2,97.1,Low,1.035,1.005,0.989,0.757,0.924,0.942,0.974,0.997,3.5005348153825793,0.5,Green,Low,2
INIT-0028,IV Filters Initiative 3,Medical,IV Filters,EMEA,PMM_17,High,Mature,2025Q3,Month2,273044.34,271150.37,95,95.8,6,94.2,44.1,87.9,Low,0.993,1.008,0.933,0.942,0.882,0.758,0.947,0.971,-0.6936492439286711,0.7999999999999972,Green,Low,14
INIT-0028,IV Filters Initiative 3,Medical,IV Filters,EMEA,PMM_17,High,Mature,2025Q3,Month3,272247.33,277118.56,95,96.9,11,67.3,42.4,85.6,Low,1.018,1.02,0.878,0.673,0.848,0.712,0.915,0.949,1.7892663997843363,1.9000000000000057,Green,Low,71
INIT-0028,IV Filters Initiative 3,Medical,IV Filters,EMEA,PMM_17,High,Mature,2025Q4,Month1,279282.51,274548.15,95,98.1,10,75.5,45.5,91.2,Low,0.983,1.033,0.889,0.755,0.91,0.824,0.933,0.961,-1.6951867125513824,3.0999999999999943,Green,Low,30
INIT-0028,IV Filters Initiative 3,Medical,IV Filters,EMEA,PMM_17,High,Mature,2025Q4,Month2,292947.96,296181.03,95,98.7,2,65.7,44.9,84.6,Low,1.011,1.039,0.978,0.657,0.898,0.692,0.933,1.008,1.1036328773206021,3.700000000000003,Green,Low,29
INIT-0028,IV Filters Initiative 3,Medical,IV Filters,EMEA,PMM_17,High,Mature,2025Q4,Month3,293853.63,304981.66,95,95.7,4,80.0,41.5,77.2,Low,1.038,1.007,0.956,0.8,0.83,0.544,0.925,0.981,3.7869295676218018,0.7000000000000028,Green,Low,45
INIT-0029,IV Filters Initiative 4,Medical,IV Filters,EMEA,PMM_18,High,Growth,2024Q1,Month1,116648.38,121199.33,95,93.7,18,71.3,39.8,86.8,Low,1.039,0.986,0.8,0.713,0.796,0.736,0.905,0.893,3.9014258063421,-1.2999999999999972,Green,Low,81
INIT-0029,IV Filters Initiative 4,Medical,IV Filters,EMEA,PMM_18,High,Growth,2024Q1,Month2,116811.89,112545.08,95,90.1,17,61.9,38.8,100.5,Low,0.963,0.948,0.811,0.619,0.776,0.99,0.887,0.88,-3.6527189141447827,-4.900000000000006,Amber,Medium,106
INIT-0029,IV Filters Initiative 4,Medical,IV Filters,EMEA,PMM_18,High,Growth,2024Q1,Month3,117226.28,117581.7,95,97.0,26,81.1,39.3,94.0,Low,1.003,1.021,0.711,0.811,0.786,0.88,0.91,0.866,0.30319140042659226,2.0,Green,Low,73
INIT-0029,IV Filters Initiative 4,Medical,IV Filters,EMEA,PMM_18,High,Growth,2024Q2,Month1,129783.64,130152.25,95,95.9,34,86.1,41.7,104.5,Low,1.003,1.009,0.622,0.861,0.834,0.91,0.907,0.816,0.2840188486006407,0.9000000000000057,Green,Low,74
INIT-0029,IV Filters Initiative 4,Medical,IV Filters,EMEA,PMM_18,High,Growth,2024Q2,Month2,140335.2,139548.06,95,96.4,15,84.0,40.4,93.8,Low,0.994,1.015,0.833,0.84,0.808,0.876,0.928,0.924,-0.5608999025191213,1.4000000000000057,Green,Low,39
INIT-0029,IV Filters Initiative 4,Medical,IV Filters,EMEA,PMM_18,High,Growth,2024Q2,Month3,141289.12,151715.38,95,91.0,28,63.2,49.2,101.5,Low,1.074,0.958,0.689,0.632,0.984,0.97,0.929,0.823,7.379379247319262,-4.0,Green,Low,35
INIT-0029,IV Filters Initiative 4,Medical,IV Filters,EMEA,PMM_18,High,Growth,2024Q3,Month1,149004.28,144325.25,95,96.7,18,78.4,41.2,93.6,Low,0.969,1.018,0.8,0.784,0.824,0.872,0.911,0.909,-3.140198388932183,1.7000000000000028,Green,Low,79
INIT-0029,IV Filters Initiative 4,Medical,IV Filters,EMEA,PMM_18,High,Growth,2024Q3,Month2,161618.69,172514.19,95,90.1,20,83.2,44.6,96.6,Low,1.067,0.948,0.778,0.832,0.892,0.932,0.946,0.863,6.74148515867812,-4.900000000000006,Green,Low,23
INIT-0029,IV Filters Initiative 4,Medical,IV Filters,EMEA,PMM_18,High,Growth,2024Q3,Month3,159186.81,167061.68,95,90.9,32,66.1,41.9,83.6,Low,1.049,0.957,0.644,0.661,0.838,0.672,0.872,0.801,4.946936244278025,-4.099999999999994,Amber,Medium,135
INIT-0029,IV Filters Initiative 4,Medical,IV Filters,EMEA,PMM_18,High,Growth,2024Q4,Month1,186157.2,192411.69,95,91.1,26,82.7,43.4,103.7,Low,1.034,0.959,0.711,0.827,0.868,0.926,0.922,0.835,3.359789468255856,-3.9000000000000057,Green,Low,52
INIT-0029,IV Filters Initiative 4,Medical,IV Filters,EMEA,PMM_18,High,Growth,2024Q4,Month2,179771.92,189896.11,95,90.2,29,78.0,43.2,104.8,Low,1.056,0.949,0.678,0.78,0.864,0.904,0.916,0.814,5.631685971869229,-4.799999999999997,Green,Low,67
INIT-0029,IV Filters Initiative 4,Medical,IV Filters,EMEA,PMM_18,High,Growth,2024Q4,Month3,177309.71,170506.61,95,93.8,23,75.1,45.3,89.9,Low,0.962,0.987,0.744,0.751,0.906,0.798,0.891,0.866,-3.8368457091267056,-1.2000000000000028,Amber,Medium,106
INIT-0029,IV Filters Initiative 4,Medical,IV Filters,EMEA,PMM_18,High,Growth,2025Q1,Month1,207544.96,199301.25,95,90.6,31,68.7,41.6,92.2,Medium,0.96,0.954,0.656,0.687,0.832,0.844,0.861,0.805,-3.9720116547277238,-4.400000000000006,Amber,Medium,140
INIT-0029,IV Filters Initiative 4,Medical,IV Filters,EMEA,PMM_18,High,Growth,2025Q1,Month2,226173.42,221735.84,95,96.3,22,76.7,38.2,97.4,Low,0.98,1.014,0.756,0.767,0.764,0.948,0.907,0.885,-1.9620254227928358,1.2999999999999972,Green,Low,63
INIT-0029,IV Filters Initiative 4,Medical,IV Filters,EMEA,PMM_18,High,Growth,2025Q1,Month3,220829.38,220843.46,95,96.1,24,72.5,41.7,88.7,Low,1.0,1.012,0.733,0.725,0.834,0.774,0.896,0.872,0.0063759631983693445,1.0999999999999943,Amber,Medium,90
INIT-0029,IV Filters Initiative 4,Medical,IV Filters,EMEA,PMM_18,High,Growth,2025Q2,Month1,241792.01,245611.89,95,96.0,22,60.2,43.9,92.2,Low,1.016,1.011,0.756,0.602,0.878,0.844,0.903,0.883,1.5798206069753937,1.0,Green,Low,76
INIT-0029,IV Filters Initiative 4,Medical,IV Filters,EMEA,PMM_18,High,Growth,2025Q2,Month2,243794.26,256859.68,95,92.8,26,88.8,40.3,88.5,Low,1.054,0.977,0.711,0.888,0.806,0.77,0.917,0.844,5.359199187052223,-2.200000000000003,Green,Low,50
INIT-0029,IV Filters Initiative 4,Medical,IV Filters,EMEA,PMM_18,High,Growth,2025Q2,Month3,244243.64,250217.95,95,94.1,29,76.4,44.2,86.8,Low,1.024,0.991,0.678,0.764,0.884,0.736,0.897,0.834,2.4460452685687115,-0.9000000000000057,Amber,Medium,85
INIT-0029,IV Filters Initiative 4,Medical,IV Filters,EMEA,PMM_18,High,Growth,2025Q3,Month1,274507.34,288373.2,95,90.7,17,80.2,41.1,90.4,Low,1.051,0.955,0.811,0.802,0.822,0.808,0.923,0.883,5.051180052234663,-4.299999999999997,Green,Low,55
INIT-0029,IV Filters Initiative 4,Medical,IV Filters,EMEA,PMM_18,High,Growth,2025Q3,Month2,271057.57,276677.71,95,94.8,10,65.4,35.8,97.9,Low,1.021,0.998,0.889,0.654,0.716,0.958,0.923,0.943,2.073411932380274,-0.20000000000000284,Green,Low,58
INIT-0029,IV Filters Initiative 4,Medical,IV Filters,EMEA,PMM_18,High,Growth,2025Q3,Month3,277668.8,273824.36,95,96.8,11,77.9,37.9,99.6,Low,0.986,1.019,0.878,0.779,0.758,0.992,0.934,0.948,-1.3845415833539825,1.7999999999999972,Green,Low,32
INIT-0029,IV Filters Initiative 4,Medical,IV Filters,EMEA,PMM_18,High,Growth,2025Q4,Month1,317988.11,334161.77,95,91.7,27,68.8,44.3,76.7,Low,1.051,0.965,0.7,0.688,0.886,0.534,0.877,0.833,5.086246778220743,-3.299999999999997,Amber,Medium,126
INIT-0029,IV Filters Initiative 4,Medical,IV Filters,EMEA,PMM_18,High,Growth,2025Q4,Month2,303626.33,306704.9,95,95.2,22,83.5,44.9,95.7,Low,1.01,1.002,0.756,0.835,0.898,0.914,0.932,0.879,1.013933804752706,0.20000000000000284,Green,Low,32
INIT-0029,IV Filters Initiative 4,Medical,IV Filters,EMEA,PMM_18,High,Growth,2025Q4,Month3,310631.34,305903.07,95,91.3,17,73.5,37.3,92.9,Low,0.985,0.961,0.811,0.735,0.746,0.858,0.892,0.886,-1.5221484091077282,-3.700000000000003,Amber,Medium,108
INIT-0030,Sterile Sets Initiative 5,Medical,Sterile Sets,North America,PMM_13,Medium,Mature,2024Q1,Month1,156840.38,159904.12,95,100.6,8,86.7,38.4,96.7,Low,1.02,1.059,0.911,0.867,0.768,0.934,0.962,0.985,1.953412762708169,5.599999999999994,Green,Low,8
INIT-0030,Sterile Sets Initiative 5,Medical,Sterile Sets,North America,PMM_13,Medium,Mature,2024Q1,Month2,163071.84,165564.81,95,97.7,11,84.2,42.9,90.2,Low,1.015,1.028,0.878,0.842,0.858,0.804,0.943,0.953,1.5287556698937115,2.700000000000003,Green,Low,25
INIT-0030,Sterile Sets Initiative 5,Medical,Sterile Sets,North America,PMM_13,Medium,Mature,2024Q1,Month3,157944.47,155755.35,95,97.4,3,79.9,43.8,90.7,Low,0.986,1.025,0.967,0.799,0.876,0.814,0.944,0.996,-1.3860061070830751,2.4000000000000057,Green,Low,24
INIT-0030,Sterile Sets Initiative 5,Medical,Sterile Sets,North America,PMM_13,Medium,Mature,2024Q2,Month1,158339.16,162359.76,95,99.1,4,92.0,41.8,89.0,Low,1.025,1.043,0.956,0.92,0.836,0.78,0.964,0.999,2.5392328720197868,4.099999999999994,Green,Low,4
INIT-0030,Sterile Sets Initiative 5,Medical,Sterile Sets,North America,PMM_13,Medium,Mature,2024Q2,Month2,172926.22,175072.75,95,96.3,11,71.2,43.2,89.8,Low,1.012,1.014,0.878,0.712,0.864,0.796,0.926,0.946,1.2412981675075063,1.2999999999999972,Green,Low,44
INIT-0030,Sterile Sets Initiative 5,Medical,Sterile Sets,North America,PMM_13,Medium,Mature,2024Q2,Month3,161515.95,160753.56,95,97.2,4,80.7,42.6,91.7,Low,0.995,1.023,0.956,0.807,0.852,0.834,0.946,0.989,-0.47202149385247333,2.200000000000003,Green,Low,12
INIT-0030,Sterile Sets Initiative 5,Medical,Sterile Sets,North America,PMM_13,Medium,Mature,2024Q3,Month1,157755.4,157244.33,95,96.3,2,59.5,44.4,92.5,Low,0.997,1.014,0.978,0.595,0.888,0.85,0.932,0.996,-0.3239635537040298,1.2999999999999972,Green,Low,45
INIT-0030,Sterile Sets Initiative 5,Medical,Sterile Sets,North America,PMM_13,Medium,Mature,2024Q3,Month2,163595.07,162689.39,95,96.0,11,96.0,39.9,90.0,Low,0.994,1.011,0.878,0.96,0.798,0.8,0.938,0.944,-0.5536108148002217,1.0,Green,Low,39
INIT-0030,Sterile Sets Initiative 5,Medical,Sterile Sets,North America,PMM_13,Medium,Mature,2024Q3,Month3,159631.16,162595.25,95,97.0,7,79.7,43.2,88.3,Low,1.019,1.021,0.922,0.797,0.864,0.766,0.942,0.972,1.8568367228553602,2.0,Green,Low,31
INIT-0030,Sterile Sets Initiative 5,Medical,Sterile Sets,North America,PMM_13,Medium,Mature,2024Q4,Month1,165357.45,162062.88,95,97.1,11,71.7,36.9,93.3,Low,0.98,1.022,0.878,0.717,0.738,0.866,0.911,0.95,-1.9923928435035778,2.0999999999999943,Green,Low,76
INIT-0030,Sterile Sets Initiative 5,Medical,Sterile Sets,North America,PMM_13,Medium,Mature,2024Q4,Month2,174860.19,174900.89,95,99.8,10,77.9,40.0,90.0,Low,1.0,1.051,0.889,0.779,0.8,0.8,0.931,0.97,0.02327573817688957,4.799999999999997,Green,Low,32
INIT-0030,Sterile Sets Initiative 5,Medical,Sterile Sets,North America,PMM_13,Medium,Mature,2024Q4,Month3,167765.67,167107.45,95,99.4,0,68.3,41.1,92.3,Low,0.996,1.046,1.0,0.683,0.822,0.846,0.943,1.023,-0.3923448700797971,4.400000000000006,Green,Low,19
INIT-0030,Sterile Sets Initiative 5,Medical,Sterile Sets,North America,PMM_13,Medium,Mature,2025Q1,Month1,174194.19,174543.15,95,97.3,6,69.0,42.9,102.7,Low,1.002,1.024,0.933,0.69,0.858,0.946,0.945,0.979,0.200328151013528,2.299999999999997,Green,Low,14
INIT-0030,Sterile Sets Initiative 5,Medical,Sterile Sets,North America,PMM_13,Medium,Mature,2025Q1,Month2,183904.63,190952.73,95,98.0,9,59.4,39.0,77.3,Low,1.038,1.032,0.9,0.594,0.78,0.546,0.897,0.966,3.8324755608382484,3.0,Amber,Medium,86
INIT-0030,Sterile Sets Initiative 5,Medical,Sterile Sets,North America,PMM_13,Medium,Mature,2025Q1,Month3,174707.96,172208.06,95,99.0,6,86.7,44.4,82.9,Low,0.986,1.042,0.933,0.867,0.888,0.658,0.935,0.988,-1.4309021752643636,4.0,Green,Low,23
INIT-0030,Sterile Sets Initiative 5,Medical,Sterile Sets,North America,PMM_13,Medium,Mature,2025Q2,Month1,187423.27,193704.27,95,96.3,2,81.6,39.7,89.3,Low,1.034,1.014,0.978,0.816,0.794,0.786,0.951,0.996,3.351238082656439,1.2999999999999972,Green,Low,9
INIT-0030,Sterile Sets Initiative 5,Medical,Sterile Sets,North America,PMM_13,Medium,Mature,2025Q2,Month2,181344.36,184936.68,95,96.9,11,74.3,41.2,90.5,Low,1.02,1.02,0.878,0.743,0.824,0.81,0.93,0.949,1.980938364997956,1.9000000000000057,Green,Low,33
INIT-0030,Sterile Sets Initiative 5,Medical,Sterile Sets,North America,PMM_13,Medium,Mature,2025Q2,Month3,192093.19,188837.44,95,100.2,1,79.9,44.2,89.7,Low,0.983,1.055,0.989,0.799,0.884,0.794,0.951,1.022,-1.6948804900371532,5.200000000000003,Green,Low,8
INIT-0030,Sterile Sets Initiative 5,Medical,Sterile Sets,North America,PMM_13,Medium,Mature,2025Q3,Month1,195283.21,201167.57,95,99.6,0,83.8,45.9,100.6,Low,1.03,1.048,1.0,0.838,0.918,0.988,0.995,1.024,3.013244200563897,4.599999999999994,Green,Low,1
INIT-0030,Sterile Sets Initiative 5,Medical,Sterile Sets,North America,PMM_13,Medium,Mature,2025Q3,Month2,192793.69,189660.14,95,99.3,10,81.3,38.6,90.6,Low,0.984,1.045,0.889,0.813,0.772,0.812,0.926,0.967,-1.6253384641374873,4.299999999999997,Green,Low,47
INIT-0030,Sterile Sets Initiative 5,Medical,Sterile Sets,North America,PMM_13,Medium,Mature,2025Q3,Month3,184370.39,185685.49,95,97.9,9,83.2,41.6,98.4,Low,1.007,1.031,0.9,0.832,0.832,0.968,0.957,0.965,0.7132924109993891,2.9000000000000057,Green,Low,6
INIT-0030,Sterile Sets Initiative 5,Medical,Sterile Sets,North America,PMM_13,Medium,Mature,2025Q4,Month1,197321.42,197775.97,95,95.9,7,74.1,38.8,95.3,Low,1.002,1.009,0.922,0.741,0.776,0.906,0.933,0.966,0.2303601910020657,0.9000000000000057,Green,Low,28
INIT-0030,Sterile Sets Initiative 5,Medical,Sterile Sets,North America,PMM_13,Medium,Mature,2025Q4,Month2,201636.71,202048.13,95,98.3,11,72.9,45.4,108.3,Low,1.002,1.035,0.878,0.729,0.908,0.834,0.936,0.956,0.20404022660358462,3.299999999999997,Green,Low,20
INIT-0030,Sterile Sets Initiative 5,Medical,Sterile Sets,North America,PMM_13,Medium,Mature,2025Q4,Month3,195703.88,194073.23,95,97.5,11,80.9,40.3,90.0,Low,0.992,1.026,0.878,0.809,0.806,0.8,0.926,0.952,-0.8332231328270008,2.5,Green,Low,44
INIT-0031,Sterile Sets Initiative 6,Medical,Sterile Sets,EMEA,PMM_13,Medium,Growth,2024Q1,Month1,137195.54,145879.13,95,92.9,19,63.4,39.9,85.1,Low,1.063,0.978,0.789,0.634,0.798,0.702,0.899,0.883,6.329352980424871,-2.0999999999999943,Amber,Medium,90
INIT-0031,Sterile Sets Initiative 6,Medical,Sterile Sets,EMEA,PMM_13,Medium,Growth,2024Q1,Month2,126364.58,127614.65,95,92.9,29,76.3,39.1,85.4,Low,1.01,0.978,0.678,0.763,0.782,0.708,0.876,0.828,0.9892566413784563,-2.0999999999999943,Amber,Medium,125
INIT-0031,Sterile Sets Initiative 6,Medical,Sterile Sets,EMEA,PMM_13,Medium,Growth,2024Q1,Month3,133184.9,140476.68,95,94.6,18,80.0,42.5,105.5,Low,1.055,0.996,0.8,0.8,0.85,0.89,0.942,0.898,5.474929965784408,-0.4000000000000057,Green,Low,26
INIT-0031,Sterile Sets Initiative 6,Medical,Sterile Sets,EMEA,PMM_13,Medium,Growth,2024Q2,Month1,156304.41,149251.75,95,91.2,14,70.7,44.4,93.0,Low,0.955,0.96,0.844,0.707,0.888,0.86,0.898,0.902,-4.512131167636283,-3.799999999999997,Amber,Medium,90
INIT-0031,Sterile Sets Initiative 6,Medical,Sterile Sets,EMEA,PMM_13,Medium,Growth,2024Q2,Month2,155844.14,166683.49,95,93.8,16,67.9,40.0,109.4,Low,1.07,0.987,0.822,0.679,0.8,0.812,0.924,0.905,6.95525029045043,-1.2000000000000028,Green,Low,49
INIT-0031,Sterile Sets Initiative 6,Medical,Sterile Sets,EMEA,PMM_13,Medium,Growth,2024Q2,Month3,145251.91,141091.2,95,95.6,22,85.0,45.9,92.1,Low,0.971,1.006,0.756,0.85,0.918,0.842,0.916,0.881,-2.8644786839635996,0.5999999999999943,Green,Low,60
INIT-0031,Sterile Sets Initiative 6,Medical,Sterile Sets,EMEA,PMM_13,Medium,Growth,2024Q3,Month1,170091.71,176567.14,95,96.5,23,96.0,42.6,96.8,Low,1.038,1.016,0.744,0.96,0.852,0.936,0.953,0.88,3.80702269381619,1.5,Green,Low,16
INIT-0031,Sterile Sets Initiative 6,Medical,Sterile Sets,EMEA,PMM_13,Medium,Growth,2024Q3,Month2,165170.15,168292.99,95,90.7,20,79.1,48.6,86.5,Low,1.019,0.955,0.778,0.791,0.972,0.73,0.914,0.866,1.890680610267652,-4.299999999999997,Green,Low,76
INIT-0031,Sterile Sets Initiative 6,Medical,Sterile Sets,EMEA,PMM_13,Medium,Growth,2024Q3,Month3,173875.91,184015.47,95,95.2,12,96.9,39.2,98.5,Low,1.058,1.002,0.867,0.969,0.784,0.97,0.973,0.934,5.83149212561993,0.20000000000000284,Green,Low,2
INIT-0031,Sterile Sets Initiative 6,Medical,Sterile Sets,EMEA,PMM_13,Medium,Growth,2024Q4,Month1,193420.81,192035.71,95,93.9,34,91.8,45.4,90.5,Low,0.993,0.988,0.622,0.918,0.908,0.81,0.902,0.805,-0.7161070207492182,-1.0999999999999943,Green,Low,92
INIT-0031,Sterile Sets Initiative 6,Medical,Sterile Sets,EMEA,PMM_13,Medium,Growth,2024Q4,Month2,198114.02,210701.57,95,96.2,25,65.8,38.6,97.7,Low,1.064,1.013,0.722,0.658,0.772,0.954,0.921,0.867,6.353689658106992,1.2000000000000028,Green,Low,56
INIT-0031,Sterile Sets Initiative 6,Medical,Sterile Sets,EMEA,PMM_13,Medium,Growth,2024Q4,Month3,185733.55,181022.88,95,92.5,19,78.2,40.9,86.0,Low,0.975,0.974,0.789,0.782,0.818,0.72,0.886,0.881,-2.536251528062638,-2.5,Amber,Medium,113
INIT-0031,Sterile Sets Initiative 6,Medical,Sterile Sets,EMEA,PMM_13,Medium,Growth,2025Q1,Month1,235183.1,238867.25,95,95.1,22,77.8,42.9,82.6,Low,1.016,1.001,0.756,0.778,0.858,0.652,0.898,0.878,1.5665028652143773,0.09999999999999432,Amber,Medium,84
INIT-0031,Sterile Sets Initiative 6,Medical,Sterile Sets,EMEA,PMM_13,Medium,Growth,2025Q1,Month2,239134.58,232800.79,95,95.4,33,75.8,39.3,98.8,Low,0.974,1.004,0.633,0.758,0.786,0.976,0.889,0.819,-2.6486299053863225,0.4000000000000057,Amber,Medium,99
INIT-0031,Sterile Sets Initiative 6,Medical,Sterile Sets,EMEA,PMM_13,Medium,Growth,2025Q1,Month3,228679.91,233957.57,95,90.5,13,68.1,42.4,92.7,Low,1.023,0.953,0.856,0.681,0.848,0.854,0.915,0.904,2.3078809152933477,-4.5,Green,Low,47
INIT-0031,Sterile Sets Initiative 6,Medical,Sterile Sets,EMEA,PMM_13,Medium,Growth,2025Q2,Month1,247140.72,241151.71,95,95.1,26,67.3,38.7,107.7,Low,0.976,1.001,0.711,0.673,0.774,0.846,0.878,0.856,-2.4233197993434707,0.09999999999999432,Amber,Medium,130
INIT-0031,Sterile Sets Initiative 6,Medical,Sterile Sets,EMEA,PMM_13,Medium,Growth,2025Q2,Month2,254074.64,274296.55,95,94.2,25,59.8,39.9,80.9,Low,1.08,0.992,0.722,0.598,0.798,0.618,0.886,0.857,7.9590430591577235,-0.7999999999999972,Amber,Medium,111
INIT-0031,Sterile Sets Initiative 6,Medical,Sterile Sets,EMEA,PMM_13,Medium,Growth,2025Q2,Month3,247661.05,257528.8,95,92.4,19,95.0,47.7,91.0,Low,1.04,0.973,0.789,0.95,0.954,0.82,0.949,0.881,3.9843770346608807,-2.5999999999999943,Green,Low,12
INIT-0031,Sterile Sets Initiative 6,Medical,Sterile Sets,EMEA,PMM_13,Medium,Growth,2025Q3,Month1,300442.54,315352.2,95,91.8,24,88.3,43.5,94.0,Low,1.05,0.966,0.733,0.883,0.87,0.88,0.934,0.85,4.962566219816952,-3.200000000000003,Green,Low,29
INIT-0031,Sterile Sets Initiative 6,Medical,Sterile Sets,EMEA,PMM_13,Medium,Growth,2025Q3,Month2,311335.01,320943.18,95,96.5,12,78.8,46.9,94.1,Low,1.031,1.016,0.867,0.788,0.938,0.882,0.955,0.941,3.0861193541966205,1.5,Green,Low,8
INIT-0031,Sterile Sets Initiative 6,Medical,Sterile Sets,EMEA,PMM_13,Medium,Growth,2025Q3,Month3,311749.71,321393.63,95,94.4,28,84.5,42.0,82.1,Low,1.031,0.994,0.689,0.845,0.84,0.642,0.896,0.841,3.0934816266549157,-0.5999999999999943,Amber,Medium,105
INIT-0031,Sterile Sets Initiative 6,Medical,Sterile Sets,EMEA,PMM_13,Medium,Growth,2025Q4,Month1,358735.97,351908.23,95,92.1,21,59.0,38.8,75.2,Low,0.981,0.969,0.767,0.59,0.776,0.504,0.839,0.868,-1.903277220848523,-2.9000000000000057,Amber,Medium,161
INIT-0031,Sterile Sets Initiative 6,Medical,Sterile Sets,EMEA,PMM_13,Medium,Growth,2025Q4,Month2,368944.43,361134.37,95,92.9,14,71.5,43.8,91.6,Low,0.979,0.978,0.844,0.715,0.876,0.832,0.907,0.911,-2.1168662174951383,-2.0999999999999943,Green,Low,83
INIT-0031,Sterile Sets Initiative 6,Medical,Sterile Sets,EMEA,PMM_13,Medium,Growth,2025Q4,Month3,337652.22,354633.26,95,90.6,11,69.7,41.0,93.1,Low,1.05,0.954,0.878,0.697,0.82,0.862,0.928,0.916,5.02915100039918,-4.400000000000006,Green,Low,41
INIT-0032,IV Filters Initiative 7,Medical,IV Filters,APAC,PMM_07,High,Mature,2024Q1,Month1,227253.47,225785.38,95,94.2,7,84.3,42.8,99.4,Low,0.994,0.992,0.922,0.843,0.856,0.988,0.953,0.957,-0.6460143380868932,-0.7999999999999972,Green,Low,14
INIT-0032,IV Filters Initiative 7,Medical,IV Filters,APAC,PMM_07,High,Mature,2024Q1,Month2,224224.82,227201.9,95,94.8,16,87.0,42.0,100.9,Low,1.013,0.998,0.822,0.87,0.84,0.982,0.947,0.91,1.3277209900313387,-0.20000000000000284,Green,Low,20
INIT-0032,IV Filters Initiative 7,Medical,IV Filters,APAC,PMM_07,High,Mature,2024Q1,Month3,223787.73,221843.02,95,95.7,8,80.4,35.7,82.8,Low,0.991,1.007,0.911,0.804,0.714,0.656,0.902,0.959,-0.8689975987512902,0.7000000000000028,Green,Low,87
INIT-0032,IV Filters Initiative 7,Medical,IV Filters,APAC,PMM_07,High,Mature,2024Q2,Month1,248287.39,252046.28,95,94.8,12,85.6,43.9,89.1,Low,1.015,0.998,0.867,0.856,0.878,0.782,0.936,0.932,1.5139270665336588,-0.20000000000000284,Green,Low,27
INIT-0032,IV Filters Initiative 7,Medical,IV Filters,APAC,PMM_07,High,Mature,2024Q2,Month2,244493.58,248067.14,95,96.1,10,77.2,42.2,81.7,Low,1.015,1.012,0.889,0.772,0.844,0.634,0.916,0.95,1.4616171107642284,1.0999999999999943,Green,Low,59
INIT-0032,IV Filters Initiative 7,Medical,IV Filters,APAC,PMM_07,High,Mature,2024Q2,Month3,248220.56,244425.42,95,94.9,8,90.6,41.5,87.4,Low,0.985,0.999,0.911,0.906,0.83,0.748,0.93,0.955,-1.5289386181386364,-0.09999999999999432,Green,Low,34
INIT-0032,IV Filters Initiative 7,Medical,IV Filters,APAC,PMM_07,High,Mature,2024Q3,Month1,253455.72,259633.4,95,95.3,15,70.0,34.6,90.2,Low,1.024,1.003,0.833,0.7,0.692,0.804,0.904,0.918,2.437380383445279,0.29999999999999716,Green,Low,92
INIT-0032,IV Filters Initiative 7,Medical,IV Filters,APAC,PMM_07,High,Mature,2024Q3,Month2,248353.15,254547.06,95,94.6,5,92.4,44.0,92.6,Low,1.025,0.996,0.944,0.924,0.88,0.852,0.965,0.97,2.493992929020632,-0.4000000000000057,Green,Low,6
INIT-0032,IV Filters Initiative 7,Medical,IV Filters,APAC,PMM_07,High,Mature,2024Q3,Month3,246088.33,242890.38,95,94.3,11,71.7,43.8,93.6,Low,0.987,0.993,0.878,0.717,0.876,0.872,0.922,0.935,-1.2995130650852003,-0.7000000000000028,Green,Low,58
INIT-0032,IV Filters Initiative 7,Medical,IV Filters,APAC,PMM_07,High,Mature,2024Q4,Month1,255926.06,253873.58,95,95.7,22,70.3,42.7,76.6,Low,0.992,1.007,0.756,0.703,0.854,0.532,0.871,0.881,-0.8019816348518828,0.7000000000000028,Amber,Medium,142
INIT-0032,IV Filters Initiative 7,Medical,IV Filters,APAC,PMM_07,High,Mature,2024Q4,Month2,255398.81,262831.34,95,96.5,8,75.9,40.3,88.7,Low,1.029,1.016,0.911,0.759,0.806,0.774,0.934,0.963,2.910166261150562,1.5,Green,Low,27
INIT-0032,IV Filters Initiative 7,Medical,IV Filters,APAC,PMM_07,High,Mature,2024Q4,Month3,259573.0,269143.93,95,95.5,13,94.1,42.5,98.7,Low,1.037,1.005,0.856,0.941,0.85,0.974,0.969,0.93,3.687182411113634,0.5,Green,Low,3
INIT-0032,IV Filters Initiative 7,Medical,IV Filters,APAC,PMM_07,High,Mature,2025Q1,Month1,248970.28,252983.41,95,95.2,12,72.0,37.3,98.6,Low,1.016,1.002,0.867,0.72,0.746,0.972,0.93,0.934,1.6118911863697163,0.20000000000000284,Green,Low,30
INIT-0032,IV Filters Initiative 7,Medical,IV Filters,APAC,PMM_07,High,Mature,2025Q1,Month2,239936.35,241021.97,95,97.0,9,82.2,37.4,88.0,Low,1.005,1.021,0.9,0.822,0.748,0.76,0.924,0.961,0.45246166327027787,2.0,Green,Low,38
INIT-0032,IV Filters Initiative 7,Medical,IV Filters,APAC,PMM_07,High,Mature,2025Q1,Month3,245736.45,249074.3,95,93.7,22,90.5,39.7,94.2,Low,1.014,0.986,0.756,0.905,0.794,0.884,0.924,0.871,1.3583048017499952,-1.2999999999999972,Green,Low,39
INIT-0032,IV Filters Initiative 7,Medical,IV Filters,APAC,PMM_07,High,Mature,2025Q2,Month1,258834.16,263695.56,95,94.1,8,82.2,43.1,99.7,Low,1.019,0.991,0.911,0.822,0.862,0.994,0.959,0.951,1.8781910393898527,-0.9000000000000057,Green,Low,5
INIT-0032,IV Filters Initiative 7,Medical,IV Filters,APAC,PMM_07,High,Mature,2025Q2,Month2,246422.56,251184.96,95,94.7,10,78.1,40.9,72.8,Low,1.019,0.997,0.889,0.781,0.818,0.456,0.895,0.943,1.9326152605508173,-0.29999999999999716,Amber,Medium,91
INIT-0032,IV Filters Initiative 7,Medical,IV Filters,APAC,PMM_07,High,Mature,2025Q2,Month3,247539.11,243668.63,95,96.3,16,85.2,45.1,96.8,Low,0.984,1.014,0.822,0.852,0.902,0.936,0.94,0.918,-1.5635832252931594,1.2999999999999972,Green,Low,21
INIT-0032,IV Filters Initiative 7,Medical,IV Filters,APAC,PMM_07,High,Mature,2025Q3,Month1,264898.96,269296.97,95,96.1,21,93.7,43.4,80.0,Low,1.017,1.012,0.767,0.937,0.868,0.6,0.914,0.889,1.6602594438271674,1.0999999999999943,Green,Low,74
INIT-0032,IV Filters Initiative 7,Medical,IV Filters,APAC,PMM_07,High,Mature,2025Q3,Month2,257616.49,256593.73,95,95.9,15,68.8,44.3,84.2,Low,0.996,1.009,0.833,0.688,0.886,0.684,0.901,0.921,-0.3970087473825842,0.9000000000000057,Green,Low,99
INIT-0032,IV Filters Initiative 7,Medical,IV Filters,APAC,PMM_07,High,Mature,2025Q3,Month3,267042.31,264168.35,95,96.5,19,87.3,42.7,94.5,Low,0.989,1.016,0.789,0.873,0.854,0.89,0.929,0.902,-1.0762189706942025,1.5,Green,Low,40
INIT-0032,IV Filters Initiative 7,Medical,IV Filters,APAC,PMM_07,High,Mature,2025Q4,Month1,258408.17,254630.78,95,95.4,12,82.9,41.5,91.9,Low,0.985,1.004,0.867,0.829,0.83,0.838,0.925,0.935,-1.4617920168700602,0.4000000000000057,Green,Low,46
INIT-0032,IV Filters Initiative 7,Medical,IV Filters,APAC,PMM_07,High,Mature,2025Q4,Month2,243941.08,241418.51,95,94.2,15,66.8,41.5,97.8,Low,0.99,0.992,0.833,0.668,0.83,0.956,0.915,0.912,-1.034089871209875,-0.7999999999999972,Green,Low,71
INIT-0032,IV Filters Initiative 7,Medical,IV Filters,APAC,PMM_07,High,Mature,2025Q4,Month3,260055.44,270372.84,95,96.5,18,84.6,40.3,94.7,Low,1.04,1.016,0.8,0.846,0.806,0.894,0.942,0.908,3.9673848007178867,1.5,Green,Low,13
INIT-0033,IV Filters Initiative 8,Medical,IV Filters,EMEA,PMM_12,Medium,Mature,2024Q1,Month1,220502.02,224054.22,95,96.1,2,100.0,46.9,110.0,Low,1.016,1.012,0.978,1.0,0.938,0.8,0.978,0.995,1.6109602986857046,1.0999999999999943,Green,Low,1
INIT-0033,IV Filters Initiative 8,Medical,IV Filters,EMEA,PMM_12,Medium,Mature,2024Q1,Month2,219994.03,227078.17,95,96.1,4,82.4,38.8,95.4,Low,1.032,1.012,0.956,0.824,0.776,0.908,0.958,0.984,3.2201510195526737,1.0999999999999943,Green,Low,10
INIT-0033,IV Filters Initiative 8,Medical,IV Filters,EMEA,PMM_12,Medium,Mature,2024Q1,Month3,223723.53,219450.71,95,96.1,9,86.0,36.9,90.2,Low,0.981,1.012,0.9,0.86,0.738,0.804,0.921,0.956,-1.9098661638317644,1.0999999999999943,Green,Low,55
INIT-0033,IV Filters Initiative 8,Medical,IV Filters,EMEA,PMM_12,Medium,Mature,2024Q2,Month1,232811.57,240374.41,95,96.1,3,67.2,42.5,101.3,Low,1.032,1.012,0.967,0.672,0.85,0.974,0.958,0.989,3.2484811644026093,1.0999999999999943,Green,Low,8
INIT-0033,IV Filters Initiative 8,Medical,IV Filters,EMEA,PMM_12,Medium,Mature,2024Q2,Month2,238044.76,234805.7,95,96.2,0,66.9,44.6,89.0,Low,0.986,1.013,1.0,0.669,0.892,0.78,0.932,1.006,-1.3606936779452727,1.2000000000000028,Green,Low,32
INIT-0033,IV Filters Initiative 8,Medical,IV Filters,EMEA,PMM_12,Medium,Mature,2024Q2,Month3,221280.4,219767.59,95,97.3,11,74.7,34.7,81.6,Low,0.993,1.024,0.878,0.747,0.694,0.632,0.891,0.951,-0.6836619962726015,2.299999999999997,Amber,Medium,107
INIT-0033,IV Filters Initiative 8,Medical,IV Filters,EMEA,PMM_12,Medium,Mature,2024Q3,Month1,245103.18,248507.78,95,96.7,4,79.6,40.7,92.3,Low,1.014,1.018,0.956,0.796,0.814,0.846,0.947,0.987,1.389047665558646,1.7000000000000028,Green,Low,20
INIT-0033,IV Filters Initiative 8,Medical,IV Filters,EMEA,PMM_12,Medium,Mature,2024Q3,Month2,228712.01,235932.49,95,97.1,9,91.9,41.5,106.8,Low,1.032,1.022,0.9,0.919,0.83,0.864,0.962,0.961,3.1570182956286295,2.0999999999999943,Green,Low,8
INIT-0033,IV Filters Initiative 8,Medical,IV Filters,EMEA,PMM_12,Medium,Mature,2024Q3,Month3,239857.34,238158.23,95,98.9,5,72.8,43.6,97.3,Low,0.993,1.041,0.944,0.728,0.872,0.946,0.952,0.993,-0.708383575003369,3.9000000000000057,Green,Low,17
INIT-0033,IV Filters Initiative 8,Medical,IV Filters,EMEA,PMM_12,Medium,Mature,2024Q4,Month1,253243.04,253088.98,95,95.4,4,67.3,41.5,96.6,Low,0.999,1.004,0.956,0.673,0.83,0.932,0.937,0.98,-0.06083484071269942,0.4000000000000057,Green,Low,23
INIT-0033,IV Filters Initiative 8,Medical,IV Filters,EMEA,PMM_12,Medium,Mature,2024Q4,Month2,240103.14,237597.35,95,95.4,10,74.4,38.1,109.4,Low,0.99,1.004,0.889,0.744,0.762,0.812,0.912,0.947,-1.04363066638779,0.4000000000000057,Green,Low,72
INIT-0033,IV Filters Initiative 8,Medical,IV Filters,EMEA,PMM_12,Medium,Mature,2024Q4,Month3,232369.75,240387.58,95,95.9,6,66.8,45.3,80.2,Low,1.035,1.009,0.933,0.668,0.906,0.604,0.922,0.971,3.4504620330314024,0.9000000000000057,Green,Low,55
INIT-0033,IV Filters Initiative 8,Medical,IV Filters,EMEA,PMM_12,Medium,Mature,2025Q1,Month1,254287.31,252652.01,95,97.5,9,80.0,42.7,86.4,Low,0.994,1.026,0.9,0.8,0.854,0.728,0.926,0.963,-0.6430914700383549,2.5,Green,Low,33
INIT-0033,IV Filters Initiative 8,Medical,IV Filters,EMEA,PMM_12,Medium,Mature,2025Q1,Month2,249537.25,253201.53,95,96.3,1,71.7,42.0,96.7,Low,1.015,1.014,0.989,0.717,0.84,0.934,0.955,1.001,1.4684300640485533,1.2999999999999972,Green,Low,7
INIT-0033,IV Filters Initiative 8,Medical,IV Filters,EMEA,PMM_12,Medium,Mature,2025Q1,Month3,234093.21,234026.79,95,97.5,5,76.2,36.5,91.5,Low,1.0,1.026,0.944,0.762,0.73,0.83,0.929,0.985,-0.028373313348124752,2.5,Green,Low,31
INIT-0033,IV Filters Initiative 8,Medical,IV Filters,EMEA,PMM_12,Medium,Mature,2025Q2,Month1,240360.3,240192.33,95,95.0,9,64.6,44.1,91.6,Low,0.999,1.0,0.9,0.646,0.882,0.832,0.921,0.95,-0.06988258876361911,0.0,Green,Low,44
INIT-0033,IV Filters Initiative 8,Medical,IV Filters,EMEA,PMM_12,Medium,Mature,2025Q2,Month2,263109.04,260205.36,95,95.8,0,47.3,44.3,90.6,Low,0.989,1.008,1.0,0.473,0.886,0.812,0.915,1.004,-1.1036032817420462,0.7999999999999972,Green,Low,56
INIT-0033,IV Filters Initiative 8,Medical,IV Filters,EMEA,PMM_12,Medium,Mature,2025Q2,Month3,262213.79,269579.99,95,98.2,9,53.9,36.8,110.0,Low,1.028,1.034,0.9,0.539,0.736,0.8,0.909,0.967,2.8092344037283516,3.200000000000003,Green,Low,66
INIT-0033,IV Filters Initiative 8,Medical,IV Filters,EMEA,PMM_12,Medium,Mature,2025Q3,Month1,269383.25,268238.54,95,97.5,2,82.2,43.1,71.2,Low,0.996,1.026,0.978,0.822,0.862,0.424,0.911,1.002,-0.42493733370579684,2.5,Green,Low,77
INIT-0033,IV Filters Initiative 8,Medical,IV Filters,EMEA,PMM_12,Medium,Mature,2025Q3,Month2,272478.18,277630.0,95,95.8,2,72.7,46.1,86.8,Low,1.019,1.008,0.978,0.727,0.922,0.736,0.943,0.993,1.8907275437614883,0.7999999999999972,Green,Low,16
INIT-0033,IV Filters Initiative 8,Medical,IV Filters,EMEA,PMM_12,Medium,Mature,2025Q3,Month3,264532.91,265780.65,95,97.1,5,81.2,37.8,88.5,Low,1.005,1.022,0.944,0.812,0.756,0.77,0.932,0.983,0.4716766620833865,2.0999999999999943,Green,Low,39
INIT-0033,IV Filters Initiative 8,Medical,IV Filters,EMEA,PMM_12,Medium,Mature,2025Q4,Month1,267642.73,267437.66,95,97.8,9,79.1,41.5,85.1,Low,0.999,1.029,0.9,0.791,0.83,0.702,0.923,0.965,-0.07662079967574946,2.799999999999997,Green,Low,50
INIT-0033,IV Filters Initiative 8,Medical,IV Filters,EMEA,PMM_12,Medium,Mature,2025Q4,Month2,253919.3,257514.82,95,98.8,9,91.7,40.1,98.3,Low,1.014,1.04,0.9,0.917,0.802,0.966,0.966,0.97,1.41600894457413,3.799999999999997,Green,Low,3
INIT-0033,IV Filters Initiative 8,Medical,IV Filters,EMEA,PMM_12,Medium,Mature,2025Q4,Month3,264703.15,271531.88,95,95.0,0,61.4,40.9,88.0,Low,1.026,1.0,1.0,0.614,0.818,0.76,0.928,1.0,2.579769073394095,0.0,Green,Low,38
INIT-0034,Diagnostics Initiative 9,Medical,Diagnostics,APAC,PMM_16,Medium,Growth,2024Q1,Month1,218067.03,218889.97,95,90.1,28,78.4,43.8,96.2,Low,1.004,0.948,0.689,0.784,0.876,0.924,0.903,0.819,0.37737937734099575,-4.900000000000006,Green,Low,85
INIT-0034,Diagnostics Initiative 9,Medical,Diagnostics,APAC,PMM_16,Medium,Growth,2024Q1,Month2,214320.63,227079.58,95,89.4,35,76.8,39.2,90.3,Low,1.06,0.941,0.611,0.768,0.784,0.806,0.887,0.776,5.9532066511749155,-5.599999999999994,Amber,Medium,108
INIT-0034,Diagnostics Initiative 9,Medical,Diagnostics,APAC,PMM_16,Medium,Growth,2024Q1,Month3,202349.91,203105.59,95,92.5,31,74.0,38.7,84.8,Low,1.004,0.974,0.656,0.74,0.774,0.696,0.865,0.815,0.3734521058101746,-2.5,Amber,Medium,136
INIT-0034,Diagnostics Initiative 9,Medical,Diagnostics,APAC,PMM_16,Medium,Growth,2024Q2,Month1,245740.68,260127.41,95,93.1,38,74.4,40.5,101.4,Low,1.059,0.98,0.578,0.744,0.81,0.972,0.906,0.779,5.854435659574154,-1.9000000000000057,Green,Low,77
INIT-0034,Diagnostics Initiative 9,Medical,Diagnostics,APAC,PMM_16,Medium,Growth,2024Q2,Month2,254234.13,249452.84,95,94.3,18,75.9,44.6,106.5,Low,0.981,0.993,0.8,0.759,0.892,0.87,0.914,0.896,-1.8806640949427238,-0.7000000000000028,Green,Low,63
INIT-0034,Diagnostics Initiative 9,Medical,Diagnostics,APAC,PMM_16,Medium,Growth,2024Q2,Month3,253404.77,246887.31,95,89.9,37,74.1,39.2,104.4,Medium,0.974,0.946,0.589,0.741,0.784,0.912,0.862,0.768,-2.571956321106344,-5.099999999999994,Amber,Medium,147
INIT-0034,Diagnostics Initiative 9,Medical,Diagnostics,APAC,PMM_16,Medium,Growth,2024Q3,Month1,289145.67,284037.71,95,88.1,40,69.4,40.2,100.9,Medium,0.982,0.927,0.556,0.694,0.804,0.982,0.861,0.741,-1.766569770870151,-6.900000000000006,Amber,Medium,153
INIT-0034,Diagnostics Initiative 9,Medical,Diagnostics,APAC,PMM_16,Medium,Growth,2024Q3,Month2,272513.5,290565.8,95,88.4,31,78.1,43.4,102.4,Low,1.066,0.931,0.656,0.781,0.868,0.952,0.918,0.793,6.624369067954428,-6.599999999999994,Green,Low,67
INIT-0034,Diagnostics Initiative 9,Medical,Diagnostics,APAC,PMM_16,Medium,Growth,2024Q3,Month3,279562.95,288004.36,95,89.0,33,65.7,44.9,105.5,Low,1.03,0.937,0.633,0.657,0.898,0.89,0.887,0.785,3.0195024054510706,-6.0,Amber,Medium,120
INIT-0034,Diagnostics Initiative 9,Medical,Diagnostics,APAC,PMM_16,Medium,Growth,2024Q4,Month1,331442.16,321491.91,95,90.3,27,94.7,42.5,110.0,Low,0.97,0.951,0.7,0.947,0.85,0.8,0.894,0.825,-3.0021075170400775,-4.700000000000003,Amber,Medium,101
INIT-0034,Diagnostics Initiative 9,Medical,Diagnostics,APAC,PMM_16,Medium,Growth,2024Q4,Month2,305207.65,317253.73,95,93.9,37,76.4,38.7,87.8,Low,1.039,0.988,0.589,0.764,0.774,0.756,0.879,0.789,3.9468473349209816,-1.0999999999999943,Amber,Medium,124
INIT-0034,Diagnostics Initiative 9,Medical,Diagnostics,APAC,PMM_16,Medium,Growth,2024Q4,Month3,319629.86,340539.7,95,90.4,31,86.8,42.1,97.5,Low,1.065,0.952,0.656,0.868,0.842,0.95,0.928,0.804,6.541891924615562,-4.599999999999994,Green,Low,44
INIT-0034,Diagnostics Initiative 9,Medical,Diagnostics,APAC,PMM_16,Medium,Growth,2025Q1,Month1,383061.78,380731.31,95,88.9,42,74.6,40.9,84.2,Medium,0.994,0.936,0.533,0.746,0.818,0.684,0.84,0.735,-0.6083796718116932,-6.099999999999994,Amber,Medium,160
INIT-0034,Diagnostics Initiative 9,Medical,Diagnostics,APAC,PMM_16,Medium,Growth,2025Q1,Month2,377272.41,397920.18,95,88.4,25,58.4,44.5,108.3,Low,1.055,0.931,0.722,0.584,0.89,0.834,0.894,0.826,5.472907494083657,-6.599999999999994,Amber,Medium,93
INIT-0034,Diagnostics Initiative 9,Medical,Diagnostics,APAC,PMM_16,Medium,Growth,2025Q1,Month3,381562.84,383951.31,95,90.1,33,62.8,44.8,93.8,Low,1.006,0.948,0.633,0.628,0.896,0.876,0.877,0.791,0.6259702857856839,-4.900000000000006,Amber,Medium,120
INIT-0034,Diagnostics Initiative 9,Medical,Diagnostics,APAC,PMM_16,Medium,Growth,2025Q2,Month1,412991.98,427467.31,95,91.4,36,83.0,42.3,95.7,Low,1.035,0.962,0.6,0.83,0.846,0.914,0.904,0.781,3.5049905811730335,-3.5999999999999943,Green,Low,75
INIT-0034,Diagnostics Initiative 9,Medical,Diagnostics,APAC,PMM_16,Medium,Growth,2025Q2,Month2,409009.36,423869.93,95,87.7,47,94.2,40.1,90.6,Medium,1.036,0.923,0.478,0.942,0.802,0.812,0.875,0.7,3.633308049478381,-7.299999999999997,Amber,Medium,133
INIT-0034,Diagnostics Initiative 9,Medical,Diagnostics,APAC,PMM_16,Medium,Growth,2025Q2,Month3,406059.88,402175.83,95,92.6,44,85.7,40.0,94.7,Medium,0.99,0.975,0.511,0.857,0.8,0.894,0.873,0.743,-0.9565214864369237,-2.4000000000000057,Amber,Medium,136
INIT-0034,Diagnostics Initiative 9,Medical,Diagnostics,APAC,PMM_16,Medium,Growth,2025Q3,Month1,489335.4,490951.72,95,94.3,31,68.6,38.4,91.3,Low,1.003,0.993,0.656,0.686,0.768,0.826,0.876,0.824,0.33030923166399745,-0.7000000000000028,Amber,Medium,126
INIT-0034,Diagnostics Initiative 9,Medical,Diagnostics,APAC,PMM_16,Medium,Growth,2025Q3,Month2,487817.27,511874.08,95,92.2,24,79.7,43.0,99.6,Low,1.049,0.971,0.733,0.797,0.86,0.992,0.936,0.852,4.931520772112065,-2.799999999999997,Green,Low,25
INIT-0034,Diagnostics Initiative 9,Medical,Diagnostics,APAC,PMM_16,Medium,Growth,2025Q3,Month3,498012.78,515595.81,95,88.3,19,80.0,41.7,99.6,Low,1.035,0.929,0.789,0.8,0.834,0.992,0.929,0.859,3.530638310125288,-6.700000000000003,Green,Low,42
INIT-0034,Diagnostics Initiative 9,Medical,Diagnostics,APAC,PMM_16,Medium,Growth,2025Q4,Month1,550546.38,569943.13,95,91.5,36,86.3,44.4,87.5,Low,1.035,0.963,0.6,0.863,0.888,0.75,0.895,0.782,3.523181825298715,-3.5,Amber,Medium,103
INIT-0034,Diagnostics Initiative 9,Medical,Diagnostics,APAC,PMM_16,Medium,Growth,2025Q4,Month2,554714.86,547727.33,95,90.8,35,95.7,38.3,100.6,Low,0.987,0.956,0.611,0.957,0.766,0.988,0.9,0.783,-1.2596615854134552,-4.200000000000003,Amber,Medium,97
INIT-0034,Diagnostics Initiative 9,Medical,Diagnostics,APAC,PMM_16,Medium,Growth,2025Q4,Month3,528892.61,554443.61,95,94.5,27,88.1,45.0,91.6,Low,1.048,0.995,0.7,0.881,0.9,0.832,0.932,0.847,4.831037438772306,-0.5,Green,Low,31
INIT-0035,Diagnostics Initiative 10,Medical,Diagnostics,APAC,PMM_19,High,Decline,2024Q1,Month1,216184.74,186228.91,95,86.5,26,79.6,44.2,92.3,Medium,0.861,0.911,0.711,0.796,0.884,0.846,0.843,0.811,-13.856588582524369,-8.5,Amber,Medium,162
INIT-0035,Diagnostics Initiative 10,Medical,Diagnostics,APAC,PMM_19,High,Decline,2024Q1,Month2,220712.49,201645.97,95,88.7,44,54.1,42.5,102.8,Medium,0.914,0.934,0.511,0.541,0.85,0.944,0.817,0.722,-8.6386230339751,-6.299999999999997,Amber,Medium,176
INIT-0035,Diagnostics Initiative 10,Medical,Diagnostics,APAC,PMM_19,High,Decline,2024Q1,Month3,210359.68,176652.36,95,90.2,29,78.6,38.6,87.4,Medium,0.84,0.949,0.678,0.786,0.772,0.748,0.816,0.814,-16.023660047400725,-4.799999999999997,Amber,Medium,178
INIT-0035,Diagnostics Initiative 10,Medical,Diagnostics,APAC,PMM_19,High,Decline,2024Q2,Month1,203923.59,190746.07,95,90.6,49,70.6,38.5,92.2,Medium,0.935,0.954,0.456,0.706,0.77,0.844,0.818,0.705,-6.461989022456886,-4.400000000000006,Amber,Medium,173
INIT-0035,Diagnostics Initiative 10,Medical,Diagnostics,APAC,PMM_19,High,Decline,2024Q2,Month2,208638.15,170076.52,95,87.3,50,74.0,39.8,91.2,Medium,0.815,0.919,0.444,0.74,0.796,0.824,0.772,0.682,-18.482540225744913,-7.700000000000003,Amber,Medium,210
INIT-0035,Diagnostics Initiative 10,Medical,Diagnostics,APAC,PMM_19,High,Decline,2024Q2,Month3,196209.7,165346.53,95,86.8,55,84.1,43.1,98.8,Medium,0.843,0.914,0.389,0.841,0.862,0.976,0.804,0.651,-15.729686147015162,-8.200000000000003,Amber,Medium,185
INIT-0035,Diagnostics Initiative 10,Medical,Diagnostics,APAC,PMM_19,High,Decline,2024Q3,Month1,201478.51,179312.42,95,91.6,33,79.3,41.0,90.9,Medium,0.89,0.964,0.633,0.793,0.82,0.818,0.842,0.799,-11.00171427712067,-3.4000000000000057,Amber,Medium,168
INIT-0035,Diagnostics Initiative 10,Medical,Diagnostics,APAC,PMM_19,High,Decline,2024Q3,Month2,201341.57,186237.21,95,90.4,25,79.4,37.6,87.0,Medium,0.925,0.952,0.722,0.794,0.752,0.74,0.851,0.837,-7.5018586574049335,-4.599999999999994,Amber,Medium,161
INIT-0035,Diagnostics Initiative 10,Medical,Diagnostics,APAC,PMM_19,High,Decline,2024Q3,Month3,204655.24,177368.97,95,91.2,45,60.9,39.3,89.7,Medium,0.867,0.96,0.5,0.609,0.786,0.794,0.789,0.73,-13.332798124299183,-3.799999999999997,Amber,Medium,202
INIT-0035,Diagnostics Initiative 10,Medical,Diagnostics,APAC,PMM_19,High,Decline,2024Q4,Month1,179516.69,152249.33,95,87.8,48,79.7,42.6,87.5,Medium,0.848,0.924,0.467,0.797,0.852,0.75,0.792,0.695,-15.18931749465747,-7.200000000000003,Amber,Medium,187
INIT-0035,Diagnostics Initiative 10,Medical,Diagnostics,APAC,PMM_19,High,Decline,2024Q4,Month2,179221.29,159668.62,95,90.8,25,91.0,42.3,92.6,Medium,0.891,0.956,0.722,0.91,0.846,0.852,0.872,0.839,-10.90979202303477,-4.200000000000003,Amber,Medium,136
INIT-0035,Diagnostics Initiative 10,Medical,Diagnostics,APAC,PMM_19,High,Decline,2024Q4,Month3,177587.01,144896.7,95,91.4,33,84.2,44.7,93.6,Medium,0.816,0.962,0.633,0.842,0.894,0.872,0.834,0.798,-18.408052480865575,-3.5999999999999943,Amber,Medium,165
INIT-0035,Diagnostics Initiative 10,Medical,Diagnostics,APAC,PMM_19,High,Decline,2025Q1,Month1,170397.25,139615.92,95,91.9,31,72.7,42.6,99.0,Medium,0.819,0.967,0.656,0.727,0.852,0.98,0.834,0.811,-18.0644523312436,-3.0999999999999943,Amber,Medium,167
INIT-0035,Diagnostics Initiative 10,Medical,Diagnostics,APAC,PMM_19,High,Decline,2025Q1,Month2,172663.08,163171.76,95,87.0,24,68.1,40.2,90.5,Medium,0.945,0.916,0.733,0.681,0.804,0.81,0.853,0.825,-5.497017660057946,-8.0,Amber,Medium,148
INIT-0035,Diagnostics Initiative 10,Medical,Diagnostics,APAC,PMM_19,High,Decline,2025Q1,Month3,181474.96,148444.39,95,82.5,56,80.1,37.1,107.1,High,0.818,0.868,0.378,0.801,0.742,0.858,0.757,0.623,-18.20117221681712,-12.5,Amber,Medium,225
INIT-0035,Diagnostics Initiative 10,Medical,Diagnostics,APAC,PMM_19,High,Decline,2025Q2,Month1,155195.89,129658.48,95,85.6,53,76.4,45.9,92.3,Medium,0.835,0.901,0.411,0.764,0.918,0.846,0.787,0.656,-16.454952511951195,-9.400000000000006,Amber,Medium,191
INIT-0035,Diagnostics Initiative 10,Medical,Diagnostics,APAC,PMM_19,High,Decline,2025Q2,Month2,157693.65,132488.87,95,86.6,38,89.0,44.1,108.1,Medium,0.84,0.912,0.578,0.89,0.882,0.838,0.824,0.745,-15.983382970715688,-8.400000000000006,Amber,Medium,172
INIT-0035,Diagnostics Initiative 10,Medical,Diagnostics,APAC,PMM_19,High,Decline,2025Q2,Month3,152309.77,125696.09,95,84.1,43,85.8,43.7,85.4,Medium,0.825,0.885,0.522,0.858,0.874,0.708,0.788,0.704,-17.473389921079914,-10.900000000000006,Amber,Medium,189
INIT-0035,Diagnostics Initiative 10,Medical,Diagnostics,APAC,PMM_19,High,Decline,2025Q3,Month1,149880.53,132058.48,95,86.0,35,70.9,43.4,92.4,Medium,0.881,0.905,0.611,0.709,0.868,0.848,0.824,0.758,-11.890837322232573,-9.0,Amber,Medium,173
INIT-0035,Diagnostics Initiative 10,Medical,Diagnostics,APAC,PMM_19,High,Decline,2025Q3,Month2,147901.99,132370.86,95,89.6,38,89.6,39.8,87.9,Medium,0.895,0.943,0.578,0.896,0.796,0.758,0.834,0.76,-10.500960805192685,-5.400000000000006,Amber,Medium,165
INIT-0035,Diagnostics Initiative 10,Medical,Diagnostics,APAC,PMM_19,High,Decline,2025Q3,Month3,151860.13,123520.5,95,85.9,31,78.3,42.8,83.1,Medium,0.813,0.904,0.656,0.783,0.856,0.662,0.794,0.78,-18.661665836846055,-9.099999999999994,Amber,Medium,194
INIT-0035,Diagnostics Initiative 10,Medical,Diagnostics,APAC,PMM_19,High,Decline,2025Q4,Month1,149509.25,134181.5,95,86.5,30,90.0,38.7,98.6,Medium,0.897,0.911,0.667,0.9,0.774,0.972,0.861,0.789,-10.252041261661068,-8.5,Amber,Medium,148
INIT-0035,Diagnostics Initiative 10,Medical,Diagnostics,APAC,PMM_19,High,Decline,2025Q4,Month2,136518.08,118819.33,95,89.0,46,66.2,52.8,87.7,Medium,0.87,0.937,0.489,0.662,1.0,0.754,0.807,0.713,-12.964400026721727,-6.0,Amber,Medium,179
INIT-0035,Diagnostics Initiative 10,Medical,Diagnostics,APAC,PMM_19,High,Decline,2025Q4,Month3,136859.45,114704.93,95,87.3,36,75.9,44.4,95.3,Medium,0.838,0.919,0.6,0.759,0.888,0.906,0.822,0.759,-16.1877897361125,-7.700000000000003,Amber,Medium,171
INIT-0036,Diagnostics Initiative 11,Medical,Diagnostics,North America,PMM_12,High,Mature,2024Q1,Month1,191835.73,192231.4,95,96.2,4,88.8,38.2,82.1,Low,1.002,1.013,0.956,0.888,0.764,0.642,0.926,0.984,0.20625459084185394,1.2000000000000028,Green,Low,48
INIT-0036,Diagnostics Initiative 11,Medical,Diagnostics,North America,PMM_12,High,Mature,2024Q1,Month2,188188.5,184684.96,95,97.6,10,87.6,40.0,86.4,Low,0.981,1.027,0.889,0.876,0.8,0.728,0.923,0.958,-1.861718436567595,2.5999999999999943,Green,Low,52
INIT-0036,Diagnostics Initiative 11,Medical,Diagnostics,North America,PMM_12,High,Mature,2024Q1,Month3,184778.07,189678.37,95,96.7,9,83.7,43.4,86.8,Low,1.027,1.018,0.9,0.837,0.868,0.736,0.942,0.959,2.6519921979918872,1.7000000000000028,Green,Low,28
INIT-0036,Diagnostics Initiative 11,Medical,Diagnostics,North America,PMM_12,High,Mature,2024Q2,Month1,190584.88,189836.35,95,100.0,9,83.1,37.6,105.4,Low,0.996,1.053,0.9,0.831,0.752,0.892,0.942,0.976,-0.392754136634553,5.0,Green,Low,21
INIT-0036,Diagnostics Initiative 11,Medical,Diagnostics,North America,PMM_12,High,Mature,2024Q2,Month2,191176.55,197051.99,95,97.4,0,88.7,42.5,94.7,Low,1.031,1.025,1.0,0.887,0.85,0.894,0.979,1.013,3.0733058003191305,2.4000000000000057,Green,Low,1
INIT-0036,Diagnostics Initiative 11,Medical,Diagnostics,North America,PMM_12,High,Mature,2024Q2,Month3,200474.06,196926.03,95,98.0,4,81.4,34.5,94.5,Low,0.982,1.032,0.956,0.814,0.69,0.89,0.933,0.994,-1.7698199956642764,3.0,Green,Low,31
INIT-0036,Diagnostics Initiative 11,Medical,Diagnostics,North America,PMM_12,High,Mature,2024Q3,Month1,203832.15,200918.5,95,95.6,2,74.1,42.6,84.2,Low,0.986,1.006,0.978,0.741,0.852,0.684,0.921,0.992,-1.4294359354007669,0.5999999999999943,Green,Low,61
INIT-0036,Diagnostics Initiative 11,Medical,Diagnostics,North America,PMM_12,High,Mature,2024Q3,Month2,208048.11,211367.86,95,100.0,7,86.4,41.3,84.9,Low,1.016,1.053,0.922,0.864,0.826,0.698,0.943,0.987,1.5956645796974558,5.0,Green,Low,28
INIT-0036,Diagnostics Initiative 11,Medical,Diagnostics,North America,PMM_12,High,Mature,2024Q3,Month3,197205.06,195778.01,95,98.7,1,89.1,42.0,91.1,Low,0.993,1.039,0.989,0.891,0.84,0.822,0.959,1.014,-0.7236376186290495,3.700000000000003,Green,Low,11
INIT-0036,Diagnostics Initiative 11,Medical,Diagnostics,North America,PMM_12,High,Mature,2024Q4,Month1,214208.8,217081.15,95,98.0,5,83.5,36.7,85.1,Low,1.013,1.032,0.944,0.835,0.734,0.702,0.93,0.988,1.3409112977618127,3.0,Green,Low,37
INIT-0036,Diagnostics Initiative 11,Medical,Diagnostics,North America,PMM_12,High,Mature,2024Q4,Month2,206745.78,205394.11,95,100.0,3,56.9,41.5,104.9,Low,0.993,1.053,0.967,0.569,0.83,0.902,0.933,1.01,-0.6537835983883263,5.0,Green,Low,28
INIT-0036,Diagnostics Initiative 11,Medical,Diagnostics,North America,PMM_12,High,Mature,2024Q4,Month3,210371.44,212548.48,95,97.6,9,81.2,39.5,102.6,Low,1.01,1.027,0.9,0.812,0.79,0.948,0.949,0.964,1.0348553016512168,2.5999999999999943,Green,Low,11
INIT-0036,Diagnostics Initiative 11,Medical,Diagnostics,North America,PMM_12,High,Mature,2025Q1,Month1,211858.74,210919.56,95,97.8,1,75.1,40.8,101.9,Low,0.996,1.029,0.989,0.751,0.816,0.962,0.956,1.009,-0.44330481716260234,2.799999999999997,Green,Low,6
INIT-0036,Diagnostics Initiative 11,Medical,Diagnostics,North America,PMM_12,High,Mature,2025Q1,Month2,214293.77,220637.84,95,99.9,3,78.0,44.1,89.0,Low,1.03,1.052,0.967,0.78,0.882,0.78,0.96,1.009,2.9604547066393985,4.900000000000006,Green,Low,5
INIT-0036,Diagnostics Initiative 11,Medical,Diagnostics,North America,PMM_12,High,Mature,2025Q1,Month3,215774.52,213618.88,95,97.2,8,70.8,44.4,96.2,Low,0.99,1.023,0.911,0.708,0.888,0.924,0.94,0.967,-0.9990243519021546,2.200000000000003,Green,Low,17
INIT-0036,Diagnostics Initiative 11,Medical,Diagnostics,North America,PMM_12,High,Mature,2025Q2,Month1,217992.62,220574.02,95,98.5,7,86.6,43.4,107.7,Low,1.012,1.037,0.922,0.866,0.868,0.846,0.958,0.98,1.1841685282740277,3.5,Green,Low,6
INIT-0036,Diagnostics Initiative 11,Medical,Diagnostics,North America,PMM_12,High,Mature,2025Q2,Month2,214123.27,210207.86,95,98.7,7,64.8,39.1,79.0,Low,0.982,1.039,0.922,0.648,0.782,0.58,0.891,0.981,-1.828577529196151,3.700000000000003,Amber,Medium,99
INIT-0036,Diagnostics Initiative 11,Medical,Diagnostics,North America,PMM_12,High,Mature,2025Q2,Month3,227305.32,223273.34,95,97.1,11,67.0,38.5,93.1,Low,0.982,1.022,0.878,0.67,0.77,0.862,0.91,0.95,-1.7738168204774134,2.0999999999999943,Green,Low,63
INIT-0036,Diagnostics Initiative 11,Medical,Diagnostics,North America,PMM_12,High,Mature,2025Q3,Month1,216517.04,224301.3,95,96.9,10,91.8,44.3,103.3,Low,1.036,1.02,0.889,0.918,0.886,0.934,0.974,0.954,3.595218186984258,1.9000000000000057,Green,Low,3
INIT-0036,Diagnostics Initiative 11,Medical,Diagnostics,North America,PMM_12,High,Mature,2025Q3,Month2,231719.99,236472.05,95,98.9,11,69.7,42.5,106.0,Low,1.021,1.041,0.878,0.697,0.85,0.88,0.94,0.959,2.0507768880880746,3.9000000000000057,Green,Low,20
INIT-0036,Diagnostics Initiative 11,Medical,Diagnostics,North America,PMM_12,High,Mature,2025Q3,Month3,218015.88,214281.34,95,97.5,6,73.2,45.5,98.1,Low,0.983,1.026,0.933,0.732,0.91,0.962,0.95,0.98,-1.7129669636909053,2.5,Green,Low,13
INIT-0036,Diagnostics Initiative 11,Medical,Diagnostics,North America,PMM_12,High,Mature,2025Q4,Month1,222106.94,229851.03,95,99.9,0,69.3,43.3,96.5,Low,1.035,1.052,1.0,0.693,0.866,0.93,0.971,1.026,3.486649269041299,4.900000000000006,Green,Low,2
INIT-0036,Diagnostics Initiative 11,Medical,Diagnostics,North America,PMM_12,High,Mature,2025Q4,Month2,238286.1,237749.81,95,100.1,10,77.0,45.7,92.9,Low,0.998,1.054,0.889,0.77,0.914,0.858,0.947,0.971,-0.2250613862915244,5.099999999999994,Green,Low,9
INIT-0036,Diagnostics Initiative 11,Medical,Diagnostics,North America,PMM_12,High,Mature,2025Q4,Month3,219227.48,220604.67,95,100.5,10,74.3,38.5,93.8,Low,1.006,1.058,0.889,0.743,0.77,0.876,0.936,0.973,0.6282013550491035,5.5,Green,Low,21
INIT-0037,Diagnostics Initiative 12,Medical,Diagnostics,North America,PMM_18,Medium,Launch,2024Q1,Month1,192641.1,181870.84,95,84.2,53,64.5,42.4,82.5,Medium,0.944,0.886,0.411,0.645,0.848,0.65,0.784,0.649,-5.590842244983032,-10.799999999999997,Amber,Medium,203
INIT-0037,Diagnostics Initiative 12,Medical,Diagnostics,North America,PMM_18,Medium,Launch,2024Q1,Month2,196064.64,174045.23,95,90.6,55,49.0,42.5,99.6,Medium,0.888,0.954,0.389,0.49,0.85,0.992,0.793,0.671,-11.230689021743034,-4.400000000000006,Amber,Medium,197
INIT-0037,Diagnostics Initiative 12,Medical,Diagnostics,North America,PMM_18,Medium,Launch,2024Q1,Month3,197134.12,181419.68,95,92.4,31,77.0,40.9,92.9,Medium,0.92,0.973,0.656,0.77,0.818,0.858,0.86,0.814,-7.9714460388693755,-2.5999999999999943,Amber,Medium,148
INIT-0037,Diagnostics Initiative 12,Medical,Diagnostics,North America,PMM_18,Medium,Launch,2024Q2,Month1,209914.86,173054.32,95,87.5,44,50.8,41.1,101.4,Medium,0.824,0.921,0.511,0.508,0.822,0.972,0.78,0.716,-17.559757322564007,-7.5,Amber,Medium,207
INIT-0037,Diagnostics Initiative 12,Medical,Diagnostics,North America,PMM_18,Medium,Launch,2024Q2,Month2,215467.34,203314.36,95,85.2,66,81.4,43.8,92.4,Medium,0.944,0.897,0.267,0.814,0.876,0.848,0.803,0.582,-5.6402886859790495,-9.799999999999997,Amber,Medium,186
INIT-0037,Diagnostics Initiative 12,Medical,Diagnostics,North America,PMM_18,Medium,Launch,2024Q2,Month3,212319.23,188941.61,95,88.2,48,62.2,43.2,83.1,Medium,0.89,0.928,0.467,0.622,0.864,0.662,0.782,0.698,-11.01059946383567,-6.799999999999997,Amber,Medium,201
INIT-0037,Diagnostics Initiative 12,Medical,Diagnostics,North America,PMM_18,Medium,Launch,2024Q3,Month1,231275.39,197956.15,95,91.5,50,56.8,43.4,105.7,Medium,0.856,0.963,0.444,0.568,0.868,0.886,0.791,0.704,-14.406738218017932,-3.5,Amber,Medium,199
INIT-0037,Diagnostics Initiative 12,Medical,Diagnostics,North America,PMM_18,Medium,Launch,2024Q3,Month2,226095.18,188562.91,95,85.6,52,47.3,47.4,96.5,Medium,0.834,0.901,0.422,0.473,0.948,0.93,0.771,0.662,-16.600207930129248,-9.400000000000006,Amber,Medium,215
INIT-0037,Diagnostics Initiative 12,Medical,Diagnostics,North America,PMM_18,Medium,Launch,2024Q3,Month3,236472.22,209782.24,95,86.3,23,52.3,40.1,78.4,Medium,0.887,0.908,0.744,0.523,0.802,0.568,0.793,0.826,-11.28672957863719,-8.700000000000003,Amber,Medium,196
INIT-0037,Diagnostics Initiative 12,Medical,Diagnostics,North America,PMM_18,Medium,Launch,2024Q4,Month1,238187.48,226069.24,95,84.7,25,50.2,42.1,94.4,Medium,0.949,0.892,0.722,0.502,0.842,0.888,0.842,0.807,-5.087689747588756,-10.299999999999997,Amber,Medium,160
INIT-0037,Diagnostics Initiative 12,Medical,Diagnostics,North America,PMM_18,Medium,Launch,2024Q4,Month2,260010.77,233849.68,95,84.0,41,53.9,40.1,89.4,Medium,0.899,0.884,0.544,0.539,0.802,0.788,0.786,0.714,-10.061540912324515,-11.0,Amber,Medium,192
INIT-0037,Diagnostics Initiative 12,Medical,Diagnostics,North America,PMM_18,Medium,Launch,2024Q4,Month3,256911.4,210695.75,95,85.7,30,73.3,42.7,86.3,Medium,0.82,0.902,0.667,0.733,0.854,0.726,0.799,0.784,-17.988944826893626,-9.299999999999997,Amber,Medium,183
INIT-0037,Diagnostics Initiative 12,Medical,Diagnostics,North America,PMM_18,Medium,Launch,2025Q1,Month1,267871.66,225749.43,95,90.8,33,57.8,41.0,87.2,Medium,0.843,0.956,0.633,0.578,0.82,0.744,0.795,0.795,-15.72478029217424,-4.200000000000003,Amber,Medium,193
INIT-0037,Diagnostics Initiative 12,Medical,Diagnostics,North America,PMM_18,Medium,Launch,2025Q1,Month2,262493.66,221061.56,95,93.7,55,54.3,41.4,83.8,Medium,0.842,0.986,0.389,0.543,0.828,0.676,0.755,0.688,-15.784038364964692,-1.2999999999999972,Amber,Medium,226
INIT-0037,Diagnostics Initiative 12,Medical,Diagnostics,North America,PMM_18,Medium,Launch,2025Q1,Month3,268935.41,256724.01,95,91.6,41,52.1,42.1,93.2,Medium,0.955,0.964,0.544,0.521,0.842,0.864,0.831,0.754,-4.540644164336696,-3.4000000000000057,Amber,Medium,169
INIT-0037,Diagnostics Initiative 12,Medical,Diagnostics,North America,PMM_18,Medium,Launch,2025Q2,Month1,316995.4,272475.21,95,93.9,69,47.1,42.9,87.6,Medium,0.86,0.988,0.233,0.471,0.858,0.752,0.742,0.611,-14.04442777403079,-1.0999999999999943,Red,High,229
INIT-0037,Diagnostics Initiative 12,Medical,Diagnostics,North America,PMM_18,Medium,Launch,2025Q2,Month2,305901.52,263624.93,95,91.7,20,62.5,39.6,102.7,Medium,0.862,0.965,0.778,0.625,0.792,0.946,0.848,0.872,-13.820326881670944,-3.299999999999997,Amber,Medium,158
INIT-0037,Diagnostics Initiative 12,Medical,Diagnostics,North America,PMM_18,Medium,Launch,2025Q2,Month3,303866.81,250482.1,95,94.1,25,62.0,35.6,90.8,Medium,0.824,0.991,0.722,0.62,0.712,0.816,0.81,0.856,-17.568457048665497,-0.9000000000000057,Amber,Medium,178
INIT-0037,Diagnostics Initiative 12,Medical,Diagnostics,North America,PMM_18,Medium,Launch,2025Q3,Month1,322544.44,276389.87,95,90.3,38,61.6,42.5,88.5,Medium,0.857,0.951,0.578,0.616,0.85,0.77,0.8,0.764,-14.309522743594652,-4.700000000000003,Amber,Medium,190
INIT-0037,Diagnostics Initiative 12,Medical,Diagnostics,North America,PMM_18,Medium,Launch,2025Q3,Month2,350700.97,300510.85,95,90.0,42,51.3,39.8,89.2,Medium,0.857,0.947,0.533,0.513,0.796,0.784,0.779,0.74,-14.311371879011341,-5.0,Amber,Medium,205
INIT-0037,Diagnostics Initiative 12,Medical,Diagnostics,North America,PMM_18,Medium,Launch,2025Q3,Month3,325341.71,289848.19,95,91.7,49,50.2,37.6,88.9,Medium,0.891,0.965,0.456,0.502,0.752,0.778,0.776,0.71,-10.909612542455752,-3.299999999999997,Amber,Medium,207
INIT-0037,Diagnostics Initiative 12,Medical,Diagnostics,North America,PMM_18,Medium,Launch,2025Q4,Month1,359837.97,342448.88,95,90.3,21,78.8,36.2,99.1,Low,0.952,0.951,0.767,0.788,0.724,0.982,0.888,0.859,-4.832477795492224,-4.700000000000003,Amber,Medium,114
INIT-0037,Diagnostics Initiative 12,Medical,Diagnostics,North America,PMM_18,Medium,Launch,2025Q4,Month2,360517.95,323724.4,95,88.3,61,34.7,38.4,84.1,Medium,0.898,0.929,0.322,0.347,0.768,0.682,0.728,0.626,-10.20574703700606,-6.700000000000003,Red,High,233
INIT-0037,Diagnostics Initiative 12,Medical,Diagnostics,North America,PMM_18,Medium,Launch,2025Q4,Month3,376296.77,332568.27,95,83.8,66,52.5,39.2,104.2,Medium,0.884,0.882,0.267,0.525,0.784,0.916,0.748,0.574,-11.620748166400684,-11.200000000000003,Red,High,222
INIT-0038,Sterile Sets Initiative 13,Medical,Sterile Sets,EMEA,PMM_03,Medium,Launch,2024Q1,Month1,214815.54,177150.91,95,91.2,35,42.2,44.2,92.4,Medium,0.825,0.96,0.611,0.422,0.884,0.848,0.788,0.786,-17.53347546457766,-3.799999999999997,Amber,Medium,200
INIT-0038,Sterile Sets Initiative 13,Medical,Sterile Sets,EMEA,PMM_03,Medium,Launch,2024Q1,Month2,204636.03,186751.39,95,88.3,32,67.6,41.3,99.7,Medium,0.913,0.929,0.644,0.676,0.826,0.994,0.852,0.787,-8.73973170804769,-6.700000000000003,Amber,Medium,156
INIT-0038,Sterile Sets Initiative 13,Medical,Sterile Sets,EMEA,PMM_03,Medium,Launch,2024Q1,Month3,207920.31,182204.41,95,82.2,63,43.5,40.6,94.3,Medium,0.876,0.865,0.3,0.435,0.812,0.886,0.738,0.583,-12.368152009777205,-12.799999999999997,Red,High,229
INIT-0038,Sterile Sets Initiative 13,Medical,Sterile Sets,EMEA,PMM_03,Medium,Launch,2024Q2,Month1,228849.33,217778.78,95,90.5,26,54.6,42.3,99.8,Low,0.952,0.953,0.711,0.546,0.846,0.996,0.869,0.832,-4.837484121102731,-4.5,Amber,Medium,138
INIT-0038,Sterile Sets Initiative 13,Medical,Sterile Sets,EMEA,PMM_03,Medium,Launch,2024Q2,Month2,227577.96,207235.02,95,89.2,41,76.6,36.4,88.0,Medium,0.911,0.939,0.544,0.766,0.728,0.76,0.814,0.742,-8.938888458267225,-5.799999999999997,Amber,Medium,176
INIT-0038,Sterile Sets Initiative 13,Medical,Sterile Sets,EMEA,PMM_03,Medium,Launch,2024Q2,Month3,224190.17,201764.41,95,85.5,67,60.6,40.4,98.4,Medium,0.9,0.9,0.256,0.606,0.808,0.968,0.772,0.578,-10.003007714388195,-9.5,Amber,Medium,211
INIT-0038,Sterile Sets Initiative 13,Medical,Sterile Sets,EMEA,PMM_03,Medium,Launch,2024Q3,Month1,243435.24,223680.02,95,87.3,58,38.0,41.8,93.5,Medium,0.919,0.919,0.356,0.38,0.836,0.87,0.767,0.637,-8.115184966646572,-7.700000000000003,Amber,Medium,217
INIT-0038,Sterile Sets Initiative 13,Medical,Sterile Sets,EMEA,PMM_03,Medium,Launch,2024Q3,Month2,231829.94,205635.54,95,85.0,32,64.6,41.7,90.3,Medium,0.887,0.895,0.644,0.646,0.834,0.806,0.815,0.77,-11.298971996455675,-10.0,Amber,Medium,181
INIT-0038,Sterile Sets Initiative 13,Medical,Sterile Sets,EMEA,PMM_03,Medium,Launch,2024Q3,Month3,233526.85,207584.42,95,90.9,47,52.8,44.9,86.9,Medium,0.889,0.957,0.478,0.528,0.898,0.738,0.791,0.717,-11.108970981281164,-4.099999999999994,Amber,Medium,200
INIT-0038,Sterile Sets Initiative 13,Medical,Sterile Sets,EMEA,PMM_03,Medium,Launch,2024Q4,Month1,243491.3,215780.92,95,89.5,42,55.5,39.6,94.3,Medium,0.886,0.942,0.533,0.555,0.792,0.886,0.802,0.738,-11.38043946539362,-5.5,Amber,Medium,182
INIT-0038,Sterile Sets Initiative 13,Medical,Sterile Sets,EMEA,PMM_03,Medium,Launch,2024Q4,Month2,248274.89,214569.25,95,92.7,39,65.3,37.7,94.1,Medium,0.864,0.976,0.567,0.653,0.754,0.882,0.812,0.771,-13.575935931338048,-2.299999999999997,Amber,Medium,176
INIT-0038,Sterile Sets Initiative 13,Medical,Sterile Sets,EMEA,PMM_03,Medium,Launch,2024Q4,Month3,239749.29,222414.24,95,83.0,55,46.8,36.9,100.1,Medium,0.928,0.874,0.389,0.468,0.738,0.998,0.778,0.631,-7.230490651296617,-12.0,Amber,Medium,205
INIT-0038,Sterile Sets Initiative 13,Medical,Sterile Sets,EMEA,PMM_03,Medium,Launch,2025Q1,Month1,255953.84,245651.99,95,87.6,48,74.6,44.5,88.4,Medium,0.96,0.922,0.467,0.746,0.89,0.768,0.831,0.694,-4.024885893487672,-7.400000000000006,Amber,Medium,170
INIT-0038,Sterile Sets Initiative 13,Medical,Sterile Sets,EMEA,PMM_03,Medium,Launch,2025Q1,Month2,276769.07,255192.67,95,92.7,63,51.3,41.5,94.5,Medium,0.922,0.976,0.3,0.513,0.83,0.89,0.786,0.638,-7.795813311075546,-2.299999999999997,Amber,Medium,206
INIT-0038,Sterile Sets Initiative 13,Medical,Sterile Sets,EMEA,PMM_03,Medium,Launch,2025Q1,Month3,277988.2,254932.32,95,82.7,34,60.7,43.5,95.8,Medium,0.917,0.871,0.622,0.607,0.87,0.916,0.828,0.746,-8.293834054826789,-12.299999999999997,Amber,Medium,172
INIT-0038,Sterile Sets Initiative 13,Medical,Sterile Sets,EMEA,PMM_03,Medium,Launch,2025Q2,Month1,296823.92,244682.61,95,91.9,63,69.6,44.7,90.5,Medium,0.824,0.967,0.3,0.696,0.894,0.81,0.767,0.634,-17.566411089780097,-3.0999999999999943,Amber,Medium,208
INIT-0038,Sterile Sets Initiative 13,Medical,Sterile Sets,EMEA,PMM_03,Medium,Launch,2025Q2,Month2,296845.08,244199.56,95,89.0,49,44.4,36.7,95.7,Medium,0.823,0.937,0.456,0.444,0.734,0.914,0.753,0.696,-17.73501518030887,-6.0,Amber,Medium,221
INIT-0038,Sterile Sets Initiative 13,Medical,Sterile Sets,EMEA,PMM_03,Medium,Launch,2025Q2,Month3,290363.94,255930.86,95,86.9,51,67.2,44.0,97.3,Medium,0.881,0.915,0.433,0.672,0.88,0.946,0.806,0.674,-11.858593735847506,-8.099999999999994,Amber,Medium,180
INIT-0038,Sterile Sets Initiative 13,Medical,Sterile Sets,EMEA,PMM_03,Medium,Launch,2025Q3,Month1,313885.04,287569.33,95,91.2,60,57.0,44.3,96.3,Medium,0.916,0.96,0.333,0.57,0.886,0.926,0.801,0.647,-8.383868820253417,-3.799999999999997,Amber,Medium,189
INIT-0038,Sterile Sets Initiative 13,Medical,Sterile Sets,EMEA,PMM_03,Medium,Launch,2025Q3,Month2,308859.27,292545.71,95,84.9,42,55.7,42.9,87.6,Medium,0.947,0.894,0.533,0.557,0.858,0.752,0.807,0.714,-5.281874816320066,-10.099999999999994,Amber,Medium,185
INIT-0038,Sterile Sets Initiative 13,Medical,Sterile Sets,EMEA,PMM_03,Medium,Launch,2025Q3,Month3,310685.65,259196.76,95,83.1,45,48.5,41.6,88.7,Medium,0.834,0.875,0.5,0.485,0.832,0.774,0.751,0.687,-16.572664363481227,-11.900000000000006,Amber,Medium,223
INIT-0038,Sterile Sets Initiative 13,Medical,Sterile Sets,EMEA,PMM_03,Medium,Launch,2025Q4,Month1,344203.79,314874.3,95,86.4,63,56.6,41.5,104.4,Medium,0.915,0.909,0.3,0.566,0.83,0.912,0.778,0.605,-8.520966605277644,-8.599999999999994,Amber,Medium,203
INIT-0038,Sterile Sets Initiative 13,Medical,Sterile Sets,EMEA,PMM_03,Medium,Launch,2025Q4,Month2,336705.75,285818.6,95,87.0,40,47.1,38.4,82.8,Medium,0.849,0.916,0.556,0.471,0.768,0.656,0.753,0.736,-15.113240566874794,-8.0,Amber,Medium,217
INIT-0038,Sterile Sets Initiative 13,Medical,Sterile Sets,EMEA,PMM_03,Medium,Launch,2025Q4,Month3,340946.06,290441.23,95,84.3,39,77.6,46.2,92.9,Medium,0.852,0.887,0.567,0.776,0.924,0.858,0.816,0.727,-14.813143756522665,-10.700000000000003,Amber,Medium,174
INIT-0039,Sterile Sets Initiative 14,Medical,Sterile Sets,North America,PMM_14,Medium,Growth,2024Q1,Month1,288818.73,275916.38,95,94.8,33,68.7,41.7,90.9,Low,0.955,0.998,0.633,0.687,0.834,0.818,0.863,0.816,-4.467282990961139,-0.20000000000000284,Amber,Medium,141
INIT-0039,Sterile Sets Initiative 14,Medical,Sterile Sets,North America,PMM_14,Medium,Growth,2024Q1,Month2,316256.44,332257.15,95,95.9,20,76.3,43.5,83.2,Low,1.051,1.009,0.778,0.763,0.87,0.664,0.916,0.894,5.059410015492497,0.9000000000000057,Green,Low,65
INIT-0039,Sterile Sets Initiative 14,Medical,Sterile Sets,North America,PMM_14,Medium,Growth,2024Q1,Month3,297133.54,292208.67,95,97.9,11,77.9,41.0,87.2,Low,0.983,1.031,0.878,0.779,0.82,0.744,0.916,0.954,-1.6574601440147065,2.9000000000000057,Green,Low,63
INIT-0039,Sterile Sets Initiative 14,Medical,Sterile Sets,North America,PMM_14,Medium,Growth,2024Q2,Month1,346916.98,332690.84,95,93.9,33,58.4,43.3,78.1,Low,0.959,0.988,0.633,0.584,0.866,0.562,0.83,0.811,-4.100733264771288,-1.0999999999999943,Amber,Medium,168
INIT-0039,Sterile Sets Initiative 14,Medical,Sterile Sets,North America,PMM_14,Medium,Growth,2024Q2,Month2,357211.34,361922.06,95,94.7,17,74.3,40.6,94.5,Low,1.013,0.997,0.811,0.743,0.812,0.89,0.92,0.904,1.3187487272940361,-0.29999999999999716,Green,Low,55
INIT-0039,Sterile Sets Initiative 14,Medical,Sterile Sets,North America,PMM_14,Medium,Growth,2024Q2,Month3,354778.05,339439.56,95,98.5,13,71.2,41.5,100.8,Low,0.957,1.037,0.856,0.712,0.83,0.984,0.923,0.946,-4.3234044496270245,3.5,Green,Low,50
INIT-0039,Sterile Sets Initiative 14,Medical,Sterile Sets,North America,PMM_14,Medium,Growth,2024Q3,Month1,422824.52,406247.7,95,94.5,10,98.6,37.7,87.9,Low,0.961,0.995,0.889,0.986,0.754,0.758,0.918,0.942,-3.920496379916663,-0.5,Green,Low,65
INIT-0039,Sterile Sets Initiative 14,Medical,Sterile Sets,North America,PMM_14,Medium,Growth,2024Q3,Month2,415765.11,418105.42,95,95.0,26,76.7,46.4,100.1,Low,1.006,1.0,0.711,0.767,0.928,0.998,0.928,0.856,0.5628923504427772,0.0,Green,Low,49
INIT-0039,Sterile Sets Initiative 14,Medical,Sterile Sets,North America,PMM_14,Medium,Growth,2024Q3,Month3,388492.02,402569.85,95,96.6,17,87.7,39.2,86.7,Low,1.036,1.017,0.811,0.877,0.784,0.734,0.927,0.914,3.623711498629999,1.5999999999999943,Green,Low,50
INIT-0039,Sterile Sets Initiative 14,Medical,Sterile Sets,North America,PMM_14,Medium,Growth,2024Q4,Month1,455216.61,490743.33,95,94.9,18,72.8,39.8,89.5,Low,1.078,0.999,0.8,0.728,0.796,0.79,0.929,0.899,7.8043549421450225,-0.09999999999999432,Green,Low,41
INIT-0039,Sterile Sets Initiative 14,Medical,Sterile Sets,North America,PMM_14,Medium,Growth,2024Q4,Month2,453929.43,445018.42,95,97.5,11,81.6,42.2,103.9,Low,0.98,1.026,0.878,0.816,0.844,0.922,0.938,0.952,-1.9630826756485056,2.5,Green,Low,22
INIT-0039,Sterile Sets Initiative 14,Medical,Sterile Sets,North America,PMM_14,Medium,Growth,2024Q4,Month3,444687.02,462396.1,95,93.9,16,67.7,41.3,100.0,Low,1.04,0.988,0.822,0.677,0.826,1.0,0.935,0.905,3.9823694426700285,-1.0999999999999943,Green,Low,26
INIT-0039,Sterile Sets Initiative 14,Medical,Sterile Sets,North America,PMM_14,Medium,Growth,2025Q1,Month1,506954.11,483069.66,95,94.8,12,75.7,43.6,93.8,Low,0.953,0.998,0.867,0.757,0.872,0.876,0.914,0.932,-4.711363322411966,-0.20000000000000284,Green,Low,53
INIT-0039,Sterile Sets Initiative 14,Medical,Sterile Sets,North America,PMM_14,Medium,Growth,2025Q1,Month2,548823.4,528916.37,95,92.3,23,61.5,45.3,92.0,Low,0.964,0.972,0.744,0.615,0.906,0.84,0.879,0.858,-3.627219611991768,-2.700000000000003,Amber,Medium,114
INIT-0039,Sterile Sets Initiative 14,Medical,Sterile Sets,North America,PMM_14,Medium,Growth,2025Q1,Month3,511737.95,550201.21,95,95.4,34,71.7,34.1,80.1,Low,1.075,1.004,0.622,0.717,0.682,0.602,0.871,0.813,7.5162023844430434,0.4000000000000057,Amber,Medium,127
INIT-0039,Sterile Sets Initiative 14,Medical,Sterile Sets,North America,PMM_14,Medium,Growth,2025Q2,Month1,605966.2,624457.42,95,94.5,34,64.6,40.1,86.2,Low,1.031,0.995,0.622,0.646,0.802,0.724,0.87,0.808,3.051526636304152,-0.5,Amber,Medium,140
INIT-0039,Sterile Sets Initiative 14,Medical,Sterile Sets,North America,PMM_14,Medium,Growth,2025Q2,Month2,604408.18,592731.64,95,98.0,8,70.3,40.6,74.0,Low,0.981,1.032,0.911,0.703,0.812,0.48,0.886,0.971,-1.9318964213886114,3.0,Amber,Medium,112
INIT-0039,Sterile Sets Initiative 14,Medical,Sterile Sets,North America,PMM_14,Medium,Growth,2025Q2,Month3,617142.09,595932.54,95,93.6,12,81.4,45.7,86.2,Low,0.966,0.985,0.867,0.814,0.914,0.724,0.91,0.926,-3.4367369109437877,-1.4000000000000057,Green,Low,62
INIT-0039,Sterile Sets Initiative 14,Medical,Sterile Sets,North America,PMM_14,Medium,Growth,2025Q3,Month1,700544.44,665776.05,95,95.9,13,75.8,39.2,89.2,Low,0.95,1.009,0.856,0.758,0.784,0.784,0.895,0.933,-4.96305273652588,0.9000000000000057,Amber,Medium,107
INIT-0039,Sterile Sets Initiative 14,Medical,Sterile Sets,North America,PMM_14,Medium,Growth,2025Q3,Month2,718272.4,697080.44,95,94.0,14,92.9,35.8,99.9,Low,0.97,0.989,0.844,0.929,0.716,0.998,0.929,0.917,-2.9504071157405014,-1.0,Green,Low,45
INIT-0039,Sterile Sets Initiative 14,Medical,Sterile Sets,North America,PMM_14,Medium,Growth,2025Q3,Month3,688000.09,741130.92,95,95.5,33,73.0,40.0,84.0,Low,1.077,1.005,0.633,0.73,0.8,0.68,0.894,0.819,7.722503350253933,0.5,Amber,Medium,108
INIT-0039,Sterile Sets Initiative 14,Medical,Sterile Sets,North America,PMM_14,Medium,Growth,2025Q4,Month1,832333.02,847538.34,95,96.1,34,73.2,46.2,90.2,Low,1.018,1.012,0.622,0.732,0.924,0.804,0.898,0.817,1.8268312844298726,1.0999999999999943,Amber,Medium,100
INIT-0039,Sterile Sets Initiative 14,Medical,Sterile Sets,North America,PMM_14,Medium,Growth,2025Q4,Month2,801740.68,834897.46,95,92.4,28,67.7,43.1,100.0,Low,1.041,0.973,0.689,0.677,0.862,1.0,0.916,0.831,4.135599056792267,-2.5999999999999943,Green,Low,68
INIT-0039,Sterile Sets Initiative 14,Medical,Sterile Sets,North America,PMM_14,Medium,Growth,2025Q4,Month3,756768.89,786254.66,95,93.9,29,89.8,41.2,92.8,Low,1.039,0.988,0.678,0.898,0.824,0.856,0.921,0.833,3.8962714231025033,-1.0999999999999943,Green,Low,52
INIT-0040,Diagnostics Initiative 15,Medical,Diagnostics,APAC,PMM_18,High,Launch,2024Q1,Month1,305390.97,284348.07,95,81.4,39,64.3,41.8,91.7,Medium,0.931,0.857,0.567,0.643,0.836,0.834,0.814,0.712,-6.890478785276449,-13.599999999999994,Amber,Medium,180
INIT-0040,Diagnostics Initiative 15,Medical,Diagnostics,APAC,PMM_18,High,Launch,2024Q1,Month2,318514.16,288449.38,95,87.5,67,54.1,41.9,102.9,Medium,0.906,0.921,0.256,0.541,0.838,0.942,0.772,0.588,-9.43907171976278,-7.5,Amber,Medium,213
INIT-0040,Diagnostics Initiative 15,Medical,Diagnostics,APAC,PMM_18,High,Launch,2024Q1,Month3,303911.37,280786.19,95,90.7,62,58.1,38.9,87.7,Medium,0.924,0.955,0.311,0.581,0.778,0.754,0.772,0.633,-7.609185533269122,-4.299999999999997,Amber,Medium,212
INIT-0040,Diagnostics Initiative 15,Medical,Diagnostics,APAC,PMM_18,High,Launch,2024Q2,Month1,338373.87,283509.78,95,88.6,44,48.7,41.6,99.4,Medium,0.838,0.933,0.511,0.487,0.832,0.988,0.787,0.722,-16.21404454191453,-6.400000000000006,Amber,Medium,197
INIT-0040,Diagnostics Initiative 15,Medical,Diagnostics,APAC,PMM_18,High,Launch,2024Q2,Month2,328908.22,278424.27,95,88.4,57,52.8,42.2,95.9,Medium,0.847,0.931,0.367,0.528,0.844,0.918,0.766,0.649,-15.348947496660301,-6.599999999999994,Amber,Medium,216
INIT-0040,Diagnostics Initiative 15,Medical,Diagnostics,APAC,PMM_18,High,Launch,2024Q2,Month3,323019.16,270514.87,95,88.4,71,60.5,40.5,83.8,High,0.837,0.931,0.211,0.605,0.81,0.676,0.72,0.571,-16.25423395937256,-6.599999999999994,Red,High,236
INIT-0040,Diagnostics Initiative 15,Medical,Diagnostics,APAC,PMM_18,High,Launch,2024Q3,Month1,356029.19,323841.98,95,85.0,51,39.2,39.5,95.1,Medium,0.91,0.895,0.433,0.392,0.79,0.902,0.771,0.664,-9.040609844378215,-10.0,Amber,Medium,214
INIT-0040,Diagnostics Initiative 15,Medical,Diagnostics,APAC,PMM_18,High,Launch,2024Q3,Month2,368452.07,311655.62,95,86.0,70,60.8,39.9,91.2,High,0.846,0.905,0.222,0.608,0.798,0.824,0.733,0.564,-15.414881506840228,-9.0,Red,High,229
INIT-0040,Diagnostics Initiative 15,Medical,Diagnostics,APAC,PMM_18,High,Launch,2024Q3,Month3,367297.49,329909.22,95,81.5,75,61.9,46.2,89.6,High,0.898,0.858,0.167,0.619,0.924,0.792,0.744,0.512,-10.179288184082068,-13.5,Red,High,226
INIT-0040,Diagnostics Initiative 15,Medical,Diagnostics,APAC,PMM_18,High,Launch,2024Q4,Month1,389304.57,337506.57,95,89.8,39,68.5,42.7,102.3,Medium,0.867,0.945,0.567,0.685,0.854,0.954,0.827,0.756,-13.30526379384655,-5.200000000000003,Amber,Medium,168
INIT-0040,Diagnostics Initiative 15,Medical,Diagnostics,APAC,PMM_18,High,Launch,2024Q4,Month2,378259.06,350047.77,95,86.1,62,76.4,40.6,93.3,Medium,0.925,0.906,0.311,0.764,0.812,0.866,0.796,0.609,-7.458192805745348,-8.900000000000006,Amber,Medium,184
INIT-0040,Diagnostics Initiative 15,Medical,Diagnostics,APAC,PMM_18,High,Launch,2024Q4,Month3,378943.54,358064.29,95,83.4,72,66.6,46.4,99.2,Medium,0.945,0.878,0.2,0.666,0.928,0.984,0.794,0.539,-5.5098577482017514,-11.599999999999994,Amber,Medium,185
INIT-0040,Diagnostics Initiative 15,Medical,Diagnostics,APAC,PMM_18,High,Launch,2025Q1,Month1,445776.02,372594.74,95,89.5,31,64.0,46.8,76.6,Medium,0.836,0.942,0.656,0.64,0.936,0.532,0.79,0.799,-16.41660311831041,-5.5,Amber,Medium,200
INIT-0040,Diagnostics Initiative 15,Medical,Diagnostics,APAC,PMM_18,High,Launch,2025Q1,Month2,417069.32,375600.18,95,83.4,55,78.6,44.6,78.1,Medium,0.901,0.878,0.389,0.786,0.892,0.562,0.773,0.633,-9.942985017454657,-11.599999999999994,Amber,Medium,209
INIT-0040,Diagnostics Initiative 15,Medical,Diagnostics,APAC,PMM_18,High,Launch,2025Q1,Month3,407399.09,362101.2,95,89.2,63,36.4,45.1,98.8,Medium,0.889,0.939,0.3,0.364,0.902,0.976,0.768,0.619,-11.118799995355907,-5.799999999999997,Amber,Medium,218
INIT-0040,Diagnostics Initiative 15,Medical,Diagnostics,APAC,PMM_18,High,Launch,2025Q2,Month1,447900.5,389624.76,95,88.6,53,48.8,39.9,91.0,Medium,0.87,0.933,0.411,0.488,0.798,0.82,0.763,0.672,-13.010867368980387,-6.400000000000006,Amber,Medium,211
INIT-0040,Diagnostics Initiative 15,Medical,Diagnostics,APAC,PMM_18,High,Launch,2025Q2,Month2,433509.63,414994.76,95,85.9,30,58.7,46.4,87.3,Medium,0.957,0.904,0.667,0.587,0.928,0.746,0.842,0.785,-4.2709247312453,-9.099999999999994,Amber,Medium,163
INIT-0040,Diagnostics Initiative 15,Medical,Diagnostics,APAC,PMM_18,High,Launch,2025Q2,Month3,459527.01,435219.03,95,83.5,61,59.4,39.9,89.2,Medium,0.947,0.879,0.322,0.594,0.798,0.784,0.773,0.601,-5.289782639762564,-11.5,Amber,Medium,200
INIT-0040,Diagnostics Initiative 15,Medical,Diagnostics,APAC,PMM_18,High,Launch,2025Q3,Month1,497409.7,411097.25,95,80.7,43,51.0,41.9,83.2,Medium,0.826,0.849,0.522,0.51,0.838,0.664,0.739,0.686,-17.352385769718605,-14.299999999999997,Red,High,228
INIT-0040,Diagnostics Initiative 15,Medical,Diagnostics,APAC,PMM_18,High,Launch,2025Q3,Month2,495453.55,443931.18,95,82.9,74,73.0,43.9,106.5,High,0.896,0.873,0.178,0.73,0.878,0.87,0.763,0.525,-10.399031352182257,-12.099999999999994,Amber,Medium,215
INIT-0040,Diagnostics Initiative 15,Medical,Diagnostics,APAC,PMM_18,High,Launch,2025Q3,Month3,525302.98,451227.45,95,81.0,47,58.8,42.6,93.8,Medium,0.859,0.853,0.478,0.588,0.852,0.876,0.774,0.665,-14.101486726764803,-14.0,Amber,Medium,208
INIT-0040,Diagnostics Initiative 15,Medical,Diagnostics,APAC,PMM_18,High,Launch,2025Q4,Month1,556218.58,531025.23,95,82.7,60,58.8,40.8,79.3,Medium,0.955,0.871,0.333,0.588,0.816,0.586,0.757,0.602,-4.529397417828074,-12.299999999999997,Amber,Medium,213
INIT-0040,Diagnostics Initiative 15,Medical,Diagnostics,APAC,PMM_18,High,Launch,2025Q4,Month2,538838.78,449057.69,95,84.1,31,64.4,45.5,104.0,Medium,0.833,0.885,0.656,0.644,0.91,0.92,0.814,0.77,-16.66195777519948,-10.900000000000006,Amber,Medium,176
INIT-0040,Diagnostics Initiative 15,Medical,Diagnostics,APAC,PMM_18,High,Launch,2025Q4,Month3,519235.9,443796.4,95,84.5,77,56.2,41.8,91.8,High,0.855,0.889,0.144,0.562,0.836,0.836,0.722,0.517,-14.52894532138475,-10.5,Red,High,235
INIT-0041,IV Filters Initiative 16,Medical,IV Filters,North America,PMM_05,High,Decline,2024Q1,Month1,117942.31,97641.47,95,95.4,44,78.2,42.4,87.9,Medium,0.828,1.004,0.511,0.782,0.848,0.758,0.806,0.758,-17.21251686523691,0.4000000000000057,Amber,Medium,185
INIT-0041,IV Filters Initiative 16,Medical,IV Filters,North America,PMM_05,High,Decline,2024Q1,Month2,112564.75,105703.73,95,89.3,36,68.7,45.0,97.4,Medium,0.939,0.94,0.6,0.687,0.9,0.948,0.86,0.77,-6.095176331844565,-5.700000000000003,Amber,Medium,145
INIT-0041,IV Filters Initiative 16,Medical,IV Filters,North America,PMM_05,High,Decline,2024Q1,Month3,109069.74,91966.53,95,89.0,38,91.1,44.8,83.1,Medium,0.843,0.937,0.578,0.911,0.896,0.662,0.816,0.757,-15.680985395215947,-6.0,Amber,Medium,179
INIT-0041,IV Filters Initiative 16,Medical,IV Filters,North America,PMM_05,High,Decline,2024Q2,Month1,110987.58,94724.74,95,94.1,34,89.6,46.4,91.6,Medium,0.853,0.991,0.622,0.896,0.928,0.832,0.856,0.806,-14.652846741950762,-0.9000000000000057,Amber,Medium,151
INIT-0041,IV Filters Initiative 16,Medical,IV Filters,North America,PMM_05,High,Decline,2024Q2,Month2,107860.9,86652.82,95,87.1,24,84.8,45.2,97.8,Medium,0.803,0.917,0.733,0.848,0.904,0.956,0.845,0.825,-19.66243559992545,-7.900000000000006,Amber,Medium,157
INIT-0041,IV Filters Initiative 16,Medical,IV Filters,North America,PMM_05,High,Decline,2024Q2,Month3,101032.09,89569.5,95,90.7,23,80.4,40.3,85.3,Medium,0.887,0.955,0.744,0.804,0.806,0.706,0.845,0.85,-11.345494288002946,-4.299999999999997,Amber,Medium,160
INIT-0041,IV Filters Initiative 16,Medical,IV Filters,North America,PMM_05,High,Decline,2024Q3,Month1,106024.24,95541.5,95,92.7,34,67.4,47.0,103.3,Medium,0.901,0.976,0.622,0.674,0.94,0.934,0.859,0.799,-9.887116380178727,-2.299999999999997,Amber,Medium,155
INIT-0041,IV Filters Initiative 16,Medical,IV Filters,North America,PMM_05,High,Decline,2024Q3,Month2,102289.93,96705.33,95,90.4,26,78.6,40.3,90.5,Low,0.945,0.952,0.711,0.786,0.806,0.81,0.868,0.831,-5.459579452249104,-4.599999999999994,Amber,Medium,142
INIT-0041,IV Filters Initiative 16,Medical,IV Filters,North America,PMM_05,High,Decline,2024Q3,Month3,100149.63,81127.62,95,95.3,30,84.1,43.5,98.5,Medium,0.81,1.003,0.667,0.841,0.87,0.97,0.852,0.835,-18.99358989144544,0.29999999999999716,Amber,Medium,159
INIT-0041,IV Filters Initiative 16,Medical,IV Filters,North America,PMM_05,High,Decline,2024Q4,Month1,98745.36,83655.81,95,94.1,19,81.3,41.8,96.8,Medium,0.847,0.991,0.789,0.813,0.836,0.936,0.871,0.89,-15.28127498851592,-0.9000000000000057,Amber,Medium,139
INIT-0041,IV Filters Initiative 16,Medical,IV Filters,North America,PMM_05,High,Decline,2024Q4,Month2,95133.38,88394.08,95,87.4,28,68.5,43.6,88.0,Medium,0.929,0.92,0.689,0.685,0.872,0.76,0.844,0.804,-7.084053988200568,-7.599999999999994,Amber,Medium,158
INIT-0041,IV Filters Initiative 16,Medical,IV Filters,North America,PMM_05,High,Decline,2024Q4,Month3,96070.14,78382.41,95,92.4,23,76.2,40.9,94.4,Medium,0.816,0.973,0.744,0.762,0.818,0.888,0.839,0.859,-18.411267018034945,-2.5999999999999943,Amber,Medium,161
INIT-0041,IV Filters Initiative 16,Medical,IV Filters,North America,PMM_05,High,Decline,2025Q1,Month1,97787.79,90659.38,95,90.4,17,86.2,41.4,94.4,Low,0.927,0.952,0.811,0.862,0.828,0.888,0.894,0.881,-7.289672872247127,-4.599999999999994,Amber,Medium,94
INIT-0041,IV Filters Initiative 16,Medical,IV Filters,North America,PMM_05,High,Decline,2025Q1,Month2,95243.77,81948.39,95,88.6,36,94.7,47.0,91.8,Medium,0.86,0.933,0.6,0.947,0.94,0.836,0.85,0.766,-13.95931723408261,-6.400000000000006,Amber,Medium,154
INIT-0041,IV Filters Initiative 16,Medical,IV Filters,North America,PMM_05,High,Decline,2025Q1,Month3,98032.09,84425.54,95,94.4,39,85.3,38.1,90.3,Medium,0.861,0.994,0.567,0.853,0.762,0.806,0.827,0.78,-13.879689803614308,-0.5999999999999943,Amber,Medium,173
INIT-0041,IV Filters Initiative 16,Medical,IV Filters,North America,PMM_05,High,Decline,2025Q2,Month1,96997.67,83337.75,95,87.9,44,87.9,42.2,105.0,Medium,0.859,0.925,0.511,0.879,0.844,0.9,0.825,0.718,-14.082730028463569,-7.099999999999994,Amber,Medium,171
INIT-0041,IV Filters Initiative 16,Medical,IV Filters,North America,PMM_05,High,Decline,2025Q2,Month2,93770.28,77548.02,95,87.2,42,62.8,44.1,88.6,Medium,0.827,0.918,0.533,0.628,0.882,0.772,0.781,0.726,-17.300001663640117,-7.799999999999997,Amber,Medium,198
INIT-0041,IV Filters Initiative 16,Medical,IV Filters,North America,PMM_05,High,Decline,2025Q2,Month3,94165.26,87968.22,95,92.4,36,85.1,43.9,92.6,Medium,0.934,0.973,0.6,0.851,0.878,0.852,0.87,0.786,-6.581025741340271,-2.5999999999999943,Amber,Medium,141
INIT-0041,IV Filters Initiative 16,Medical,IV Filters,North America,PMM_05,High,Decline,2025Q3,Month1,91243.1,78811.26,95,89.1,38,80.6,36.9,75.4,Medium,0.864,0.938,0.578,0.806,0.738,0.508,0.782,0.758,-13.624964517864925,-5.900000000000006,Amber,Medium,203
INIT-0041,IV Filters Initiative 16,Medical,IV Filters,North America,PMM_05,High,Decline,2025Q3,Month2,84251.1,75630.23,95,93.1,26,60.4,42.0,96.6,Medium,0.898,0.98,0.711,0.604,0.84,0.932,0.854,0.846,-10.2323530493964,-1.9000000000000057,Amber,Medium,150
INIT-0041,IV Filters Initiative 16,Medical,IV Filters,North America,PMM_05,High,Decline,2025Q3,Month3,84435.23,74351.58,95,89.8,18,58.4,37.6,92.0,Medium,0.881,0.945,0.8,0.584,0.752,0.84,0.835,0.873,-11.942467616894032,-5.200000000000003,Amber,Medium,162
INIT-0041,IV Filters Initiative 16,Medical,IV Filters,North America,PMM_05,High,Decline,2025Q4,Month1,84214.38,75629.96,95,91.9,29,72.6,50.9,98.4,Medium,0.898,0.967,0.678,0.726,1.0,0.968,0.879,0.823,-10.19353226847956,-3.0999999999999943,Amber,Medium,124
INIT-0041,IV Filters Initiative 16,Medical,IV Filters,North America,PMM_05,High,Decline,2025Q4,Month2,79822.5,70969.48,95,87.3,24,86.3,41.4,89.9,Medium,0.889,0.919,0.733,0.863,0.828,0.798,0.854,0.826,-11.090882896426452,-7.700000000000003,Amber,Medium,153
INIT-0041,IV Filters Initiative 16,Medical,IV Filters,North America,PMM_05,High,Decline,2025Q4,Month3,85283.78,69339.21,95,89.6,36,87.3,41.1,81.6,Medium,0.813,0.943,0.6,0.873,0.822,0.632,0.796,0.772,-18.69589973615146,-5.400000000000006,Amber,Medium,187
INIT-0042,IV Filters Initiative 17,Medical,IV Filters,North America,PMM_10,High,Growth,2024Q1,Month1,131621.29,139214.41,95,94.2,16,70.1,39.4,105.5,Low,1.058,0.992,0.822,0.701,0.788,0.89,0.93,0.907,5.7689147401609535,-0.7999999999999972,Green,Low,41
INIT-0042,IV Filters Initiative 17,Medical,IV Filters,North America,PMM_10,High,Growth,2024Q1,Month2,132783.3,137152.05,95,91.7,15,78.3,44.4,96.2,Low,1.033,0.965,0.833,0.783,0.888,0.924,0.939,0.899,3.2901351299448054,-3.299999999999997,Green,Low,32
INIT-0042,IV Filters Initiative 17,Medical,IV Filters,North America,PMM_10,High,Growth,2024Q1,Month3,135962.47,138451.42,95,97.5,14,77.9,45.1,100.8,Low,1.018,1.026,0.844,0.779,0.902,0.984,0.955,0.935,1.8306154632230582,2.5,Green,Low,12
INIT-0042,IV Filters Initiative 17,Medical,IV Filters,North America,PMM_10,High,Growth,2024Q2,Month1,148414.7,153021.61,95,97.6,19,69.9,43.9,82.9,Low,1.031,1.027,0.789,0.699,0.878,0.658,0.908,0.908,3.104079312898233,2.5999999999999943,Green,Low,70
INIT-0042,IV Filters Initiative 17,Medical,IV Filters,North America,PMM_10,High,Growth,2024Q2,Month2,148957.24,146390.57,95,92.3,17,79.9,41.9,86.2,Low,0.983,0.972,0.811,0.799,0.838,0.724,0.896,0.891,-1.7230918080920297,-2.700000000000003,Amber,Medium,96
INIT-0042,IV Filters Initiative 17,Medical,IV Filters,North America,PMM_10,High,Growth,2024Q2,Month3,143931.5,144570.37,95,95.3,10,76.1,42.1,86.6,Low,1.004,1.003,0.889,0.761,0.842,0.732,0.919,0.946,0.44387086912871426,0.29999999999999716,Green,Low,56
INIT-0042,IV Filters Initiative 17,Medical,IV Filters,North America,PMM_10,High,Growth,2024Q3,Month1,166599.42,178445.22,95,92.3,10,70.3,43.9,96.7,Low,1.071,0.972,0.889,0.703,0.878,0.934,0.954,0.93,7.110348883567534,-2.700000000000003,Green,Low,13
INIT-0042,IV Filters Initiative 17,Medical,IV Filters,North America,PMM_10,High,Growth,2024Q3,Month2,170254.72,168992.04,95,92.3,13,82.9,40.8,91.9,Low,0.993,0.972,0.856,0.829,0.816,0.838,0.918,0.914,-0.741641700153742,-2.700000000000003,Green,Low,66
INIT-0042,IV Filters Initiative 17,Medical,IV Filters,North America,PMM_10,High,Growth,2024Q3,Month3,175608.62,172511.02,95,95.0,32,80.7,37.0,87.6,Low,0.982,1.0,0.644,0.807,0.74,0.752,0.87,0.822,-1.7639225227098796,0.0,Amber,Medium,141
INIT-0042,IV Filters Initiative 17,Medical,IV Filters,North America,PMM_10,High,Growth,2024Q4,Month1,203042.17,198977.88,95,94.0,12,77.9,39.3,88.7,Low,0.98,0.989,0.867,0.779,0.786,0.774,0.905,0.928,-2.001697479888049,-1.0,Green,Low,87
INIT-0042,IV Filters Initiative 17,Medical,IV Filters,North America,PMM_10,High,Growth,2024Q4,Month2,206088.24,207460.84,95,93.3,20,77.2,41.8,94.1,Low,1.007,0.982,0.778,0.772,0.836,0.882,0.914,0.88,0.666025387960034,-1.7000000000000028,Green,Low,69
INIT-0042,IV Filters Initiative 17,Medical,IV Filters,North America,PMM_10,High,Growth,2024Q4,Month3,199150.91,197568.33,95,94.9,27,77.1,30.9,92.6,Low,0.992,0.999,0.7,0.771,0.618,0.852,0.876,0.849,-0.794663705026513,-0.09999999999999432,Amber,Medium,130
INIT-0042,IV Filters Initiative 17,Medical,IV Filters,North America,PMM_10,High,Growth,2025Q1,Month1,230038.86,232914.85,95,95.4,13,86.8,43.4,103.6,Low,1.013,1.004,0.856,0.868,0.868,0.928,0.95,0.93,1.25021920209482,0.4000000000000057,Green,Low,11
INIT-0042,IV Filters Initiative 17,Medical,IV Filters,North America,PMM_10,High,Growth,2025Q1,Month2,213817.08,219952.5,95,91.5,20,73.4,42.3,88.8,Low,1.029,0.963,0.778,0.734,0.846,0.776,0.905,0.87,2.869471419214973,-3.5,Green,Low,70
INIT-0042,IV Filters Initiative 17,Medical,IV Filters,North America,PMM_10,High,Growth,2025Q1,Month3,219504.78,218723.66,95,92.0,22,71.6,41.3,100.1,Low,0.996,0.968,0.756,0.716,0.826,0.998,0.91,0.862,-0.3558555763569228,-3.0,Green,Low,57
INIT-0042,IV Filters Initiative 17,Medical,IV Filters,North America,PMM_10,High,Growth,2025Q2,Month1,252319.09,253174.72,95,93.4,26,64.7,44.1,92.1,Low,1.003,0.983,0.711,0.647,0.882,0.842,0.892,0.847,0.33910632762665904,-1.5999999999999943,Amber,Medium,97
INIT-0042,IV Filters Initiative 17,Medical,IV Filters,North America,PMM_10,High,Growth,2025Q2,Month2,243401.88,256490.94,95,95.2,28,64.6,39.0,90.5,Low,1.054,1.002,0.689,0.646,0.78,0.81,0.896,0.845,5.37755090470131,0.20000000000000284,Amber,Medium,87
INIT-0042,IV Filters Initiative 17,Medical,IV Filters,North America,PMM_10,High,Growth,2025Q2,Month3,244442.3,261872.19,95,92.4,12,78.2,40.3,91.4,Low,1.071,0.973,0.867,0.782,0.806,0.828,0.941,0.92,7.1304720991416035,-2.5999999999999943,Green,Low,18
INIT-0042,IV Filters Initiative 17,Medical,IV Filters,North America,PMM_10,High,Growth,2025Q3,Month1,299852.28,320732.62,95,91.4,16,69.4,42.7,79.5,Low,1.07,0.962,0.822,0.694,0.854,0.59,0.904,0.892,6.963542181503494,-3.5999999999999943,Green,Low,91
INIT-0042,IV Filters Initiative 17,Medical,IV Filters,North America,PMM_10,High,Growth,2025Q3,Month2,310837.57,324535.94,95,97.2,21,75.3,41.3,80.8,Low,1.044,1.023,0.767,0.753,0.826,0.616,0.905,0.895,4.406922239161758,2.200000000000003,Green,Low,87
INIT-0042,IV Filters Initiative 17,Medical,IV Filters,North America,PMM_10,High,Growth,2025Q3,Month3,306515.32,300125.57,95,95.1,20,79.2,44.5,95.2,Low,0.979,1.001,0.778,0.792,0.89,0.904,0.918,0.889,-2.084642947047475,0.09999999999999432,Green,Low,66
INIT-0042,IV Filters Initiative 17,Medical,IV Filters,North America,PMM_10,High,Growth,2025Q4,Month1,342754.94,345352.62,95,96.3,20,73.3,45.0,87.4,Low,1.008,1.014,0.778,0.733,0.9,0.748,0.91,0.896,0.7578825851496095,1.2999999999999972,Green,Low,79
INIT-0042,IV Filters Initiative 17,Medical,IV Filters,North America,PMM_10,High,Growth,2025Q4,Month2,361192.16,363268.68,95,96.2,19,74.0,38.4,94.5,Low,1.006,1.013,0.789,0.74,0.768,0.89,0.913,0.901,0.5749072737348504,1.2000000000000028,Green,Low,74
INIT-0042,IV Filters Initiative 17,Medical,IV Filters,North America,PMM_10,High,Growth,2025Q4,Month3,347314.5,332291.3,95,96.1,16,75.0,36.0,94.5,Low,0.957,1.012,0.822,0.75,0.72,0.89,0.897,0.917,-4.325532046603298,1.0999999999999943,Amber,Medium,101
INIT-0043,Sterile Sets Initiative 18,Medical,Sterile Sets,APAC,PMM_04,Medium,Mature,2024Q1,Month1,234750.56,236085.68,95,94.7,20,74.9,43.2,91.7,Low,1.006,0.997,0.778,0.749,0.864,0.834,0.913,0.887,0.5687398573191883,-0.29999999999999716,Green,Low,69
INIT-0043,Sterile Sets Initiative 18,Medical,Sterile Sets,APAC,PMM_04,Medium,Mature,2024Q1,Month2,232093.56,237686.78,95,97.2,13,69.5,45.4,95.2,Low,1.024,1.023,0.856,0.695,0.908,0.904,0.942,0.939,2.4098988356247375,2.200000000000003,Green,Low,27
INIT-0043,Sterile Sets Initiative 18,Medical,Sterile Sets,APAC,PMM_04,Medium,Mature,2024Q1,Month3,223829.2,227308.95,95,96.1,19,77.4,42.8,87.1,Low,1.016,1.012,0.789,0.774,0.856,0.742,0.913,0.9,1.5546452384228688,1.0999999999999943,Green,Low,68
INIT-0043,Sterile Sets Initiative 18,Medical,Sterile Sets,APAC,PMM_04,Medium,Mature,2024Q2,Month1,241393.18,237476.23,95,95.8,19,72.9,40.8,76.6,Low,0.984,1.008,0.789,0.729,0.816,0.532,0.872,0.899,-1.6226431914936383,0.7999999999999972,Amber,Medium,133
INIT-0043,Sterile Sets Initiative 18,Medical,Sterile Sets,APAC,PMM_04,Medium,Mature,2024Q2,Month2,236154.85,242910.65,95,97.0,16,60.9,43.3,82.7,Low,1.029,1.021,0.822,0.609,0.866,0.654,0.9,0.922,2.8607500544663758,2.0,Green,Low,89
INIT-0043,Sterile Sets Initiative 18,Medical,Sterile Sets,APAC,PMM_04,Medium,Mature,2024Q2,Month3,245033.19,240523.64,95,95.4,13,74.4,45.2,94.6,Low,0.982,1.004,0.856,0.744,0.904,0.892,0.927,0.93,-1.8403833374572596,0.4000000000000057,Green,Low,43
INIT-0043,Sterile Sets Initiative 18,Medical,Sterile Sets,APAC,PMM_04,Medium,Mature,2024Q3,Month1,240583.7,249544.39,95,94.5,22,93.4,43.8,86.3,Low,1.037,0.995,0.756,0.934,0.876,0.726,0.929,0.875,3.7245623872273983,-0.5,Green,Low,48
INIT-0043,Sterile Sets Initiative 18,Medical,Sterile Sets,APAC,PMM_04,Medium,Mature,2024Q3,Month2,230905.69,231745.88,95,96.0,8,79.2,45.1,102.9,Low,1.004,1.011,0.911,0.792,0.902,0.942,0.954,0.961,0.36386717018536974,1.0,Green,Low,14
INIT-0043,Sterile Sets Initiative 18,Medical,Sterile Sets,APAC,PMM_04,Medium,Mature,2024Q3,Month3,244614.53,250872.57,95,94.2,22,75.4,42.1,84.5,Low,1.026,0.992,0.756,0.754,0.842,0.69,0.899,0.874,2.5583271770487257,-0.7999999999999972,Amber,Medium,99
INIT-0043,Sterile Sets Initiative 18,Medical,Sterile Sets,APAC,PMM_04,Medium,Mature,2024Q4,Month1,259416.75,264226.12,95,95.4,8,92.8,42.4,76.9,Low,1.019,1.004,0.911,0.928,0.848,0.538,0.925,0.958,1.853916526207346,0.4000000000000057,Green,Low,47
INIT-0043,Sterile Sets Initiative 18,Medical,Sterile Sets,APAC,PMM_04,Medium,Mature,2024Q4,Month2,243008.59,251736.65,95,97.8,12,86.3,38.7,93.5,Low,1.036,1.029,0.867,0.863,0.774,0.87,0.949,0.948,3.591667273984017,2.799999999999997,Green,Low,10
INIT-0043,Sterile Sets Initiative 18,Medical,Sterile Sets,APAC,PMM_04,Medium,Mature,2024Q4,Month3,252229.8,254723.79,95,94.1,19,89.4,41.8,98.2,Low,1.01,0.991,0.789,0.894,0.836,0.964,0.939,0.89,0.9887769010640377,-0.9000000000000057,Green,Low,21
INIT-0043,Sterile Sets Initiative 18,Medical,Sterile Sets,APAC,PMM_04,Medium,Mature,2025Q1,Month1,269634.21,265920.4,95,93.2,10,88.2,38.6,89.9,Low,0.986,0.981,0.889,0.882,0.772,0.798,0.92,0.935,-1.3773511899695507,-1.7999999999999972,Green,Low,43
INIT-0043,Sterile Sets Initiative 18,Medical,Sterile Sets,APAC,PMM_04,Medium,Mature,2025Q1,Month2,259771.63,260529.51,95,92.8,18,80.0,39.3,89.5,Low,1.003,0.977,0.8,0.8,0.786,0.79,0.904,0.888,0.29174856392131987,-2.200000000000003,Green,Low,71
INIT-0043,Sterile Sets Initiative 18,Medical,Sterile Sets,APAC,PMM_04,Medium,Mature,2025Q1,Month3,247032.99,247486.04,95,95.1,22,53.8,43.4,105.7,Low,1.002,1.001,0.756,0.538,0.868,0.886,0.893,0.878,0.18339655768244456,0.09999999999999432,Amber,Medium,95
INIT-0043,Sterile Sets Initiative 18,Medical,Sterile Sets,APAC,PMM_04,Medium,Mature,2025Q2,Month1,279108.04,289871.63,95,93.7,10,84.5,41.6,108.9,Low,1.039,0.986,0.889,0.845,0.832,0.822,0.944,0.938,3.8564242004637443,-1.2999999999999972,Green,Low,14
INIT-0043,Sterile Sets Initiative 18,Medical,Sterile Sets,APAC,PMM_04,Medium,Mature,2025Q2,Month2,266670.56,269605.05,95,95.1,23,83.2,41.5,83.9,Low,1.011,1.001,0.744,0.832,0.83,0.678,0.9,0.873,1.1004176839018116,0.09999999999999432,Amber,Medium,81
INIT-0043,Sterile Sets Initiative 18,Medical,Sterile Sets,APAC,PMM_04,Medium,Mature,2025Q2,Month3,268364.01,275473.77,95,96.8,19,88.5,42.1,78.6,Low,1.026,1.019,0.789,0.885,0.842,0.572,0.911,0.904,2.6492971244542103,1.7999999999999972,Green,Low,61
INIT-0043,Sterile Sets Initiative 18,Medical,Sterile Sets,APAC,PMM_04,Medium,Mature,2025Q3,Month1,254165.71,256928.9,95,96.2,20,83.1,44.4,87.1,Low,1.011,1.013,0.778,0.831,0.888,0.742,0.919,0.895,1.0871608133134885,1.2000000000000028,Green,Low,63
INIT-0043,Sterile Sets Initiative 18,Medical,Sterile Sets,APAC,PMM_04,Medium,Mature,2025Q3,Month2,275319.26,277574.32,95,95.3,11,78.3,47.0,88.7,Low,1.008,1.003,0.878,0.783,0.94,0.774,0.935,0.94,0.8190709215185299,0.29999999999999716,Green,Low,27
INIT-0043,Sterile Sets Initiative 18,Medical,Sterile Sets,APAC,PMM_04,Medium,Mature,2025Q3,Month3,267180.78,265458.23,95,96.7,20,87.8,42.8,90.9,Low,0.994,1.018,0.778,0.878,0.856,0.818,0.923,0.898,-0.644713291128219,1.7000000000000028,Green,Low,57
INIT-0043,Sterile Sets Initiative 18,Medical,Sterile Sets,APAC,PMM_04,Medium,Mature,2025Q4,Month1,284462.95,288611.65,95,95.8,8,67.8,40.4,83.2,Low,1.015,1.008,0.911,0.678,0.808,0.664,0.908,0.96,1.4584324601850651,0.7999999999999972,Green,Low,81
INIT-0043,Sterile Sets Initiative 18,Medical,Sterile Sets,APAC,PMM_04,Medium,Mature,2025Q4,Month2,287668.46,285758.04,95,95.8,16,71.8,44.1,93.0,Low,0.993,1.008,0.822,0.718,0.882,0.86,0.919,0.915,-0.664104782290016,0.7999999999999972,Green,Low,62
INIT-0043,Sterile Sets Initiative 18,Medical,Sterile Sets,APAC,PMM_04,Medium,Mature,2025Q4,Month3,277518.74,287583.2,95,94.8,16,73.6,45.0,90.5,Low,1.036,0.998,0.822,0.736,0.9,0.81,0.93,0.91,3.6265875234227503,-0.20000000000000284,Green,Low,35
INIT-0044,IV Filters Initiative 19,Medical,IV Filters,APAC,PMM_11,Medium,Mature,2024Q1,Month1,246999.26,252125.68,95,95.4,20,97.8,43.9,90.3,Low,1.021,1.004,0.778,0.978,0.878,0.806,0.941,0.891,2.0754799022474737,0.4000000000000057,Green,Low,29
INIT-0044,IV Filters Initiative 19,Medical,IV Filters,APAC,PMM_11,Medium,Mature,2024Q1,Month2,256447.14,260487.95,95,94.6,23,57.8,40.2,104.4,Low,1.016,0.996,0.744,0.578,0.804,0.912,0.896,0.87,1.5756892434050922,-0.4000000000000057,Amber,Medium,98
INIT-0044,IV Filters Initiative 19,Medical,IV Filters,APAC,PMM_11,Medium,Mature,2024Q1,Month3,249800.52,252960.7,95,95.3,6,89.2,43.4,80.9,Low,1.013,1.003,0.933,0.892,0.868,0.618,0.933,0.968,1.2650814337776488,0.29999999999999716,Green,Low,37
INIT-0044,IV Filters Initiative 19,Medical,IV Filters,APAC,PMM_11,Medium,Mature,2024Q2,Month1,253407.76,254448.67,95,95.1,24,88.3,41.4,96.1,Low,1.004,1.001,0.733,0.883,0.828,0.922,0.925,0.867,0.41076484792731033,0.09999999999999432,Green,Low,47
INIT-0044,IV Filters Initiative 19,Medical,IV Filters,APAC,PMM_11,Medium,Mature,2024Q2,Month2,253629.8,261552.41,95,95.4,21,68.0,39.2,90.5,Low,1.031,1.004,0.767,0.68,0.784,0.81,0.904,0.885,3.1236905127078978,0.4000000000000057,Green,Low,82
INIT-0044,IV Filters Initiative 19,Medical,IV Filters,APAC,PMM_11,Medium,Mature,2024Q2,Month3,253131.44,262264.19,95,94.1,9,74.5,39.2,90.2,Low,1.036,0.991,0.9,0.745,0.784,0.804,0.929,0.945,3.6079082076884643,-0.9000000000000057,Green,Low,37
INIT-0044,IV Filters Initiative 19,Medical,IV Filters,APAC,PMM_11,Medium,Mature,2024Q3,Month1,274432.43,272679.67,95,95.0,15,82.4,43.2,94.0,Low,0.994,1.0,0.833,0.824,0.864,0.88,0.93,0.917,-0.6386854498209302,0.0,Green,Low,47
INIT-0044,IV Filters Initiative 19,Medical,IV Filters,APAC,PMM_11,Medium,Mature,2024Q3,Month2,281367.67,282716.04,95,96.5,11,73.8,42.1,100.6,Low,1.005,1.016,0.878,0.738,0.842,0.988,0.943,0.947,0.4792199473379424,1.5,Green,Low,27
INIT-0044,IV Filters Initiative 19,Medical,IV Filters,APAC,PMM_11,Medium,Mature,2024Q3,Month3,266423.53,272076.28,95,93.9,9,81.3,37.3,102.0,Low,1.021,0.988,0.9,0.813,0.746,0.96,0.942,0.944,2.1217157508572906,-1.0999999999999943,Green,Low,30
INIT-0044,IV Filters Initiative 19,Medical,IV Filters,APAC,PMM_11,Medium,Mature,2024Q4,Month1,270064.04,266728.74,95,93.8,19,95.1,36.8,93.9,Low,0.988,0.987,0.789,0.951,0.736,0.878,0.918,0.888,-1.235003371792849,-1.2000000000000028,Green,Low,64
INIT-0044,IV Filters Initiative 19,Medical,IV Filters,APAC,PMM_11,Medium,Mature,2024Q4,Month2,282222.78,285397.71,95,97.5,24,80.3,40.9,88.3,Low,1.011,1.026,0.733,0.803,0.818,0.766,0.908,0.88,1.124972973478609,2.5,Green,Low,79
INIT-0044,IV Filters Initiative 19,Medical,IV Filters,APAC,PMM_11,Medium,Mature,2024Q4,Month3,274778.57,280658.25,95,94.0,16,81.9,45.2,100.4,Low,1.021,0.989,0.822,0.819,0.904,0.992,0.95,0.906,2.1397884121749353,-1.0,Green,Low,9
INIT-0044,IV Filters Initiative 19,Medical,IV Filters,APAC,PMM_11,Medium,Mature,2025Q1,Month1,288165.09,285849.06,95,94.3,17,93.7,39.9,89.7,Low,0.992,0.993,0.811,0.937,0.798,0.794,0.92,0.902,-0.8037163696685214,-0.7000000000000028,Green,Low,42
INIT-0044,IV Filters Initiative 19,Medical,IV Filters,APAC,PMM_11,Medium,Mature,2025Q1,Month2,285185.34,282374.4,95,96.5,18,81.9,44.5,86.0,Low,0.99,1.016,0.8,0.819,0.89,0.72,0.913,0.908,-0.9856537506451076,1.5,Green,Low,55
INIT-0044,IV Filters Initiative 19,Medical,IV Filters,APAC,PMM_11,Medium,Mature,2025Q1,Month3,274877.84,282751.23,95,94.7,14,70.7,40.6,83.9,Low,1.029,0.997,0.844,0.707,0.812,0.678,0.906,0.921,2.8643232935765046,-0.29999999999999716,Green,Low,67
INIT-0044,IV Filters Initiative 19,Medical,IV Filters,APAC,PMM_11,Medium,Mature,2025Q2,Month1,287216.19,295439.47,95,94.9,12,66.8,40.7,92.3,Low,1.029,0.999,0.867,0.668,0.814,0.846,0.923,0.933,2.863097654766596,-0.09999999999999432,Green,Low,43
INIT-0044,IV Filters Initiative 19,Medical,IV Filters,APAC,PMM_11,Medium,Mature,2025Q2,Month2,270715.32,278706.64,95,93.8,18,82.3,45.0,86.4,Low,1.03,0.987,0.8,0.823,0.9,0.728,0.923,0.894,2.9519275082030845,-1.2000000000000028,Green,Low,42
INIT-0044,IV Filters Initiative 19,Medical,IV Filters,APAC,PMM_11,Medium,Mature,2025Q2,Month3,286164.42,290290.68,95,95.4,11,100.0,42.7,94.4,Low,1.014,1.004,0.878,1.0,0.854,0.888,0.962,0.941,1.4419192994013754,0.4000000000000057,Green,Low,3
INIT-0044,IV Filters Initiative 19,Medical,IV Filters,APAC,PMM_11,Medium,Mature,2025Q3,Month1,284029.76,292775.63,95,94.9,16,83.5,40.0,100.4,Low,1.031,0.999,0.822,0.835,0.8,0.992,0.947,0.911,3.0792090237304692,-0.09999999999999432,Green,Low,15
INIT-0044,IV Filters Initiative 19,Medical,IV Filters,APAC,PMM_11,Medium,Mature,2025Q3,Month2,292870.02,293160.46,95,94.3,9,77.8,39.3,93.0,Low,1.001,0.993,0.9,0.778,0.786,0.86,0.926,0.946,0.09917027355685033,-0.7000000000000028,Green,Low,48
INIT-0044,IV Filters Initiative 19,Medical,IV Filters,APAC,PMM_11,Medium,Mature,2025Q3,Month3,304936.54,305348.43,95,95.1,18,80.7,44.7,81.8,Low,1.001,1.001,0.8,0.807,0.894,0.636,0.904,0.901,0.1350740058898858,0.09999999999999432,Green,Low,88
INIT-0044,IV Filters Initiative 19,Medical,IV Filters,APAC,PMM_11,Medium,Mature,2025Q4,Month1,317741.91,326823.12,95,93.9,10,75.1,39.6,104.0,Low,1.029,0.988,0.889,0.751,0.792,0.92,0.937,0.939,2.8580460160260324,-1.0999999999999943,Green,Low,18
INIT-0044,IV Filters Initiative 19,Medical,IV Filters,APAC,PMM_11,Medium,Mature,2025Q4,Month2,300892.71,305530.63,95,95.6,14,82.7,47.9,95.7,Low,1.015,1.006,0.844,0.827,0.958,0.914,0.953,0.925,1.541386629140993,0.5999999999999943,Green,Low,6
INIT-0044,IV Filters Initiative 19,Medical,IV Filters,APAC,PMM_11,Medium,Mature,2025Q4,Month3,296153.24,305864.43,95,96.7,16,84.1,44.5,89.3,Low,1.033,1.018,0.822,0.841,0.89,0.786,0.94,0.92,3.2791098284118054,1.7000000000000028,Green,Low,14
INIT-0045,IV Filters Initiative 20,Medical,IV Filters,North America,PMM_09,Low,Launch,2024Q1,Month1,296411.02,272491.13,95,91.7,57,49.0,44.2,83.8,Medium,0.919,0.965,0.367,0.49,0.884,0.676,0.775,0.666,-8.069838294136302,-3.299999999999997,Amber,Medium,209
INIT-0045,IV Filters Initiative 20,Medical,IV Filters,North America,PMM_09,Low,Launch,2024Q1,Month2,299742.31,282449.8,95,92.1,59,75.9,44.4,83.5,Medium,0.942,0.969,0.344,0.759,0.888,0.67,0.807,0.657,-5.769125486488714,-2.9000000000000057,Amber,Medium,184
INIT-0045,IV Filters Initiative 20,Medical,IV Filters,North America,PMM_09,Low,Launch,2024Q1,Month3,293138.26,241583.06,95,92.4,55,50.0,42.4,93.3,Medium,0.824,0.973,0.389,0.5,0.848,0.866,0.763,0.681,-17.587332339354138,-2.5999999999999943,Amber,Medium,215
INIT-0045,IV Filters Initiative 20,Medical,IV Filters,North America,PMM_09,Low,Launch,2024Q2,Month1,317451.03,292295.34,95,83.4,56,57.0,37.8,99.0,Medium,0.921,0.878,0.378,0.57,0.756,0.98,0.785,0.628,-7.924274178603233,-11.599999999999994,Amber,Medium,199
INIT-0045,IV Filters Initiative 20,Medical,IV Filters,North America,PMM_09,Low,Launch,2024Q2,Month2,331166.95,294197.75,95,88.5,23,43.7,45.1,77.6,Medium,0.888,0.932,0.744,0.437,0.902,0.552,0.798,0.838,-11.163312039441136,-6.5,Amber,Medium,188
INIT-0045,IV Filters Initiative 20,Medical,IV Filters,North America,PMM_09,Low,Launch,2024Q2,Month3,311901.72,279112.15,95,87.3,68,60.4,38.3,92.2,Medium,0.895,0.919,0.244,0.604,0.766,0.844,0.755,0.582,-10.512789092666738,-7.700000000000003,Amber,Medium,226
INIT-0045,IV Filters Initiative 20,Medical,IV Filters,North America,PMM_09,Low,Launch,2024Q3,Month1,360966.54,341301.09,95,84.7,48,49.8,43.2,96.2,Medium,0.946,0.892,0.467,0.498,0.864,0.924,0.808,0.679,-5.447998033280302,-10.299999999999997,Amber,Medium,185
INIT-0045,IV Filters Initiative 20,Medical,IV Filters,North America,PMM_09,Low,Launch,2024Q3,Month2,347635.57,322886.02,95,93.8,44,42.2,41.3,101.3,Medium,0.929,0.987,0.511,0.422,0.826,0.974,0.821,0.749,-7.119395175815867,-1.2000000000000028,Amber,Medium,178
INIT-0045,IV Filters Initiative 20,Medical,IV Filters,North America,PMM_09,Low,Launch,2024Q3,Month3,363597.22,316182.12,95,92.5,58,72.3,44.0,90.0,Medium,0.87,0.974,0.356,0.723,0.88,0.8,0.793,0.665,-13.040556250677598,-2.5,Amber,Medium,197
INIT-0045,IV Filters Initiative 20,Medical,IV Filters,North America,PMM_09,Low,Launch,2024Q4,Month1,374862.84,327325.01,95,91.1,67,52.6,39.1,101.5,Medium,0.873,0.959,0.256,0.526,0.782,0.97,0.764,0.607,-12.681393012975095,-3.9000000000000057,Amber,Medium,218
INIT-0045,IV Filters Initiative 20,Medical,IV Filters,North America,PMM_09,Low,Launch,2024Q4,Month2,372317.88,320052.78,95,88.1,59,48.9,41.4,99.8,Medium,0.86,0.927,0.344,0.489,0.828,0.996,0.769,0.636,-14.037762569984547,-6.900000000000006,Amber,Medium,213
INIT-0045,IV Filters Initiative 20,Medical,IV Filters,North America,PMM_09,Low,Launch,2024Q4,Month3,371793.91,340458.35,95,93.4,69,60.2,41.7,105.8,Medium,0.916,0.983,0.233,0.602,0.834,0.884,0.784,0.608,-8.42820690634766,-1.5999999999999943,Amber,Medium,195
INIT-0045,IV Filters Initiative 20,Medical,IV Filters,North America,PMM_09,Low,Launch,2025Q1,Month1,436192.13,374922.66,95,93.9,23,66.4,39.2,98.8,Medium,0.86,0.988,0.744,0.664,0.784,0.976,0.853,0.866,-14.0464409571076,-1.0999999999999943,Amber,Medium,150
INIT-0045,IV Filters Initiative 20,Medical,IV Filters,North America,PMM_09,Low,Launch,2025Q1,Month2,423294.66,363691.06,95,87.0,20,38.3,41.0,87.0,Medium,0.859,0.916,0.778,0.383,0.82,0.74,0.795,0.847,-14.080876900266112,-8.0,Amber,Medium,194
INIT-0045,IV Filters Initiative 20,Medical,IV Filters,North America,PMM_09,Low,Launch,2025Q1,Month3,421987.59,352313.87,95,91.5,54,77.7,42.2,100.4,Medium,0.835,0.963,0.4,0.777,0.844,0.992,0.806,0.682,-16.51084573363876,-3.5,Amber,Medium,187
INIT-0045,IV Filters Initiative 20,Medical,IV Filters,North America,PMM_09,Low,Launch,2025Q2,Month1,456324.21,405829.42,95,89.4,68,44.8,47.2,93.0,Medium,0.889,0.941,0.244,0.448,0.944,0.86,0.761,0.593,-11.065551398204368,-5.599999999999994,Amber,Medium,213
INIT-0045,IV Filters Initiative 20,Medical,IV Filters,North America,PMM_09,Low,Launch,2025Q2,Month2,444172.09,423300.3,95,93.0,56,48.4,42.4,99.3,Medium,0.953,0.979,0.378,0.484,0.848,0.986,0.818,0.678,-4.699032305249084,-2.0,Amber,Medium,175
INIT-0045,IV Filters Initiative 20,Medical,IV Filters,North America,PMM_09,Low,Launch,2025Q2,Month3,429239.33,395262.98,95,86.0,48,49.5,37.1,84.4,Medium,0.921,0.905,0.467,0.495,0.742,0.688,0.766,0.686,-7.915479226938508,-9.0,Amber,Medium,209
INIT-0045,IV Filters Initiative 20,Medical,IV Filters,North America,PMM_09,Low,Launch,2025Q3,Month1,501237.82,443342.79,95,91.2,45,53.1,43.8,89.8,Medium,0.884,0.96,0.5,0.531,0.876,0.796,0.797,0.73,-11.550411339671063,-3.799999999999997,Amber,Medium,192
INIT-0045,IV Filters Initiative 20,Medical,IV Filters,North America,PMM_09,Low,Launch,2025Q3,Month2,477313.98,393655.39,95,90.4,28,66.4,40.4,83.4,Medium,0.825,0.952,0.689,0.664,0.808,0.668,0.796,0.82,-17.526951546652786,-4.599999999999994,Amber,Medium,193
INIT-0045,IV Filters Initiative 20,Medical,IV Filters,North America,PMM_09,Low,Launch,2025Q3,Month3,472854.0,390659.17,95,88.3,37,42.0,35.4,84.0,Medium,0.826,0.929,0.589,0.42,0.708,0.68,0.744,0.759,-17.382707981744897,-6.700000000000003,Red,High,227
INIT-0045,IV Filters Initiative 20,Medical,IV Filters,North America,PMM_09,Low,Launch,2025Q4,Month1,534828.37,446564.99,95,86.0,52,67.6,44.2,105.4,Medium,0.835,0.905,0.422,0.676,0.884,0.892,0.782,0.664,-16.503122300711162,-9.0,Amber,Medium,197
INIT-0045,IV Filters Initiative 20,Medical,IV Filters,North America,PMM_09,Low,Launch,2025Q4,Month2,529713.93,452817.63,95,84.3,50,66.8,41.4,76.2,Medium,0.855,0.887,0.444,0.668,0.828,0.524,0.745,0.666,-14.516571236856096,-10.700000000000003,Red,High,226
INIT-0045,IV Filters Initiative 20,Medical,IV Filters,North America,PMM_09,Low,Launch,2025Q4,Month3,531714.24,439827.01,95,84.8,20,53.9,45.8,84.5,Medium,0.827,0.893,0.778,0.539,0.916,0.69,0.799,0.835,-17.28131825094622,-10.200000000000003,Amber,Medium,184
INIT-0046,Membranes Initiative 1,Industrial,Membranes,North America,PMM_03,High,Growth,2024Q1,Month1,227179.41,217843.55,95,97.9,29,93.4,29.2,86.7,Low,0.959,1.031,0.678,0.934,0.584,0.734,0.869,0.854,-4.10946573019096,2.9000000000000057,Amber,Medium,132
INIT-0046,Membranes Initiative 1,Industrial,Membranes,North America,PMM_03,High,Growth,2024Q1,Month2,229318.68,225690.89,95,96.2,13,97.7,23.5,91.8,Low,0.984,1.013,0.856,0.977,0.47,0.836,0.904,0.934,-1.5819862559822773,1.2000000000000028,Green,Low,83
INIT-0046,Membranes Initiative 1,Industrial,Membranes,North America,PMM_03,High,Growth,2024Q1,Month3,229725.34,233768.45,95,94.5,16,77.4,25.3,100.5,Low,1.018,0.995,0.822,0.774,0.506,0.99,0.905,0.908,1.7599756300284572,-0.5,Green,Low,80
INIT-0046,Membranes Initiative 1,Industrial,Membranes,North America,PMM_03,High,Growth,2024Q2,Month1,256667.94,267181.75,95,91.9,15,73.4,31.2,93.4,Low,1.041,0.967,0.833,0.734,0.624,0.868,0.905,0.9,4.096269288638074,-3.0999999999999943,Green,Low,80
INIT-0046,Membranes Initiative 1,Industrial,Membranes,North America,PMM_03,High,Growth,2024Q2,Month2,269271.54,265565.9,95,92.5,28,76.0,32.2,102.9,Low,0.986,0.974,0.689,0.76,0.644,0.942,0.878,0.831,-1.3761721717787019,-2.5,Amber,Medium,126
INIT-0046,Membranes Initiative 1,Industrial,Membranes,North America,PMM_03,High,Growth,2024Q2,Month3,261496.08,261525.15,95,92.4,11,80.8,28.1,94.5,Low,1.0,0.973,0.878,0.808,0.562,0.89,0.902,0.925,0.011116801444980355,-2.5999999999999943,Green,Low,85
INIT-0046,Membranes Initiative 1,Industrial,Membranes,North America,PMM_03,High,Growth,2024Q3,Month1,299382.11,320151.32,95,92.8,10,83.8,31.8,96.6,Low,1.069,0.977,0.889,0.838,0.636,0.932,0.944,0.933,6.937358414636072,-2.200000000000003,Green,Low,26
INIT-0046,Membranes Initiative 1,Industrial,Membranes,North America,PMM_03,High,Growth,2024Q3,Month2,293486.58,304461.27,95,95.2,9,67.5,37.3,98.7,Low,1.037,1.002,0.9,0.675,0.746,0.974,0.938,0.951,3.739417999964428,0.20000000000000284,Green,Low,36
INIT-0046,Membranes Initiative 1,Industrial,Membranes,North America,PMM_03,High,Growth,2024Q3,Month3,296764.5,318746.5,95,93.2,15,82.8,30.7,98.3,Low,1.074,0.981,0.833,0.828,0.614,0.966,0.938,0.907,7.407220203225116,-1.7999999999999972,Green,Low,37
INIT-0046,Membranes Initiative 1,Industrial,Membranes,North America,PMM_03,High,Growth,2024Q4,Month1,376154.52,369816.49,95,92.8,16,75.5,32.1,84.2,Low,0.983,0.977,0.822,0.755,0.642,0.684,0.871,0.9,-1.6849538322708517,-2.200000000000003,Amber,Medium,141
INIT-0046,Membranes Initiative 1,Industrial,Membranes,North America,PMM_03,High,Growth,2024Q4,Month2,370816.89,385331.39,95,94.7,20,60.5,24.7,92.3,Low,1.039,0.997,0.778,0.605,0.494,0.846,0.874,0.887,3.9141960335194006,-0.29999999999999716,Amber,Medium,134
INIT-0046,Membranes Initiative 1,Industrial,Membranes,North America,PMM_03,High,Growth,2024Q4,Month3,363767.69,379705.92,95,93.9,30,66.5,29.9,96.4,Low,1.044,0.988,0.667,0.665,0.598,0.928,0.882,0.828,4.381430907181443,-1.0999999999999943,Amber,Medium,120
INIT-0046,Membranes Initiative 1,Industrial,Membranes,North America,PMM_03,High,Growth,2025Q1,Month1,402496.57,432980.75,95,91.2,31,88.8,29.0,104.2,Low,1.076,0.96,0.656,0.888,0.58,0.916,0.905,0.808,7.573773858495239,-3.799999999999997,Green,Low,68
INIT-0046,Membranes Initiative 1,Industrial,Membranes,North America,PMM_03,High,Growth,2025Q1,Month2,401444.49,402291.49,95,96.0,18,56.6,30.1,80.6,Low,1.002,1.011,0.8,0.566,0.602,0.612,0.851,0.905,0.21098807459033753,1.0,Amber,Medium,152
INIT-0046,Membranes Initiative 1,Industrial,Membranes,North America,PMM_03,High,Growth,2025Q1,Month3,419635.65,408070.15,95,96.9,21,57.5,28.0,81.4,Low,0.972,1.02,0.767,0.575,0.56,0.628,0.836,0.893,-2.7560813767848367,1.9000000000000057,Amber,Medium,165
INIT-0046,Membranes Initiative 1,Industrial,Membranes,North America,PMM_03,High,Growth,2025Q2,Month1,472923.34,478725.73,95,92.1,20,80.3,29.1,93.3,Low,1.012,0.969,0.778,0.803,0.582,0.866,0.89,0.874,1.2269197794297815,-2.9000000000000057,Amber,Medium,101
INIT-0046,Membranes Initiative 1,Industrial,Membranes,North America,PMM_03,High,Growth,2025Q2,Month2,490921.74,495881.38,95,97.1,20,71.6,31.3,87.5,Low,1.01,1.022,0.778,0.716,0.626,0.75,0.884,0.9,1.0102710057207924,2.0999999999999943,Amber,Medium,117
INIT-0046,Membranes Initiative 1,Industrial,Membranes,North America,PMM_03,High,Growth,2025Q2,Month3,466521.21,494262.03,95,91.9,10,72.7,29.2,101.5,Low,1.059,0.967,0.889,0.727,0.584,0.97,0.926,0.928,5.946314852437257,-3.0999999999999943,Green,Low,38
INIT-0046,Membranes Initiative 1,Industrial,Membranes,North America,PMM_03,High,Growth,2025Q3,Month1,565509.46,584124.27,95,94.9,10,66.7,32.7,100.1,Low,1.033,0.999,0.889,0.667,0.654,0.998,0.927,0.944,3.291688524538574,-0.09999999999999432,Green,Low,46
INIT-0046,Membranes Initiative 1,Industrial,Membranes,North America,PMM_03,High,Growth,2025Q3,Month2,554026.14,586926.5,95,91.7,14,84.5,33.5,86.8,Low,1.059,0.965,0.844,0.845,0.67,0.736,0.916,0.905,5.938412942031938,-3.299999999999997,Green,Low,70
INIT-0046,Membranes Initiative 1,Industrial,Membranes,North America,PMM_03,High,Growth,2025Q3,Month3,569189.95,558690.07,95,98.9,26,81.3,26.0,90.0,Low,0.982,1.041,0.711,0.813,0.52,0.8,0.872,0.876,-1.8447057963690339,3.9000000000000057,Amber,Medium,135
INIT-0046,Membranes Initiative 1,Industrial,Membranes,North America,PMM_03,High,Growth,2025Q4,Month1,671993.87,680050.34,95,98.6,10,81.3,27.6,87.3,Low,1.012,1.038,0.889,0.813,0.552,0.746,0.906,0.963,1.1988904005924894,3.5999999999999943,Green,Low,85
INIT-0046,Membranes Initiative 1,Industrial,Membranes,North America,PMM_03,High,Growth,2025Q4,Month2,666782.22,680036.52,95,95.7,25,94.4,25.7,81.7,Low,1.02,1.007,0.722,0.944,0.514,0.634,0.876,0.865,1.9878004545472203,0.7000000000000028,Amber,Medium,127
INIT-0046,Membranes Initiative 1,Industrial,Membranes,North America,PMM_03,High,Growth,2025Q4,Month3,667720.55,701034.46,95,97.2,25,61.8,30.0,80.1,Low,1.05,1.023,0.722,0.618,0.6,0.602,0.862,0.873,4.989199448781367,2.200000000000003,Amber,Medium,147
INIT-0047,Membranes Initiative 2,Industrial,Membranes,North America,PMM_20,Medium,Launch,2024Q1,Month1,166490.04,146188.75,95,94.1,24,48.7,31.8,95.1,Medium,0.878,0.991,0.733,0.487,0.636,0.902,0.818,0.862,-12.193696391688059,-0.9000000000000057,Amber,Medium,175
INIT-0047,Membranes Initiative 2,Industrial,Membranes,North America,PMM_20,Medium,Launch,2024Q1,Month2,166270.78,150895.65,95,92.7,26,46.9,27.0,92.7,Medium,0.908,0.976,0.711,0.469,0.54,0.854,0.806,0.843,-9.247042685431563,-2.299999999999997,Amber,Medium,186
INIT-0047,Membranes Initiative 2,Industrial,Membranes,North America,PMM_20,Medium,Launch,2024Q1,Month3,170706.76,146991.4,95,86.6,46,37.1,30.0,102.5,Medium,0.861,0.912,0.489,0.371,0.6,0.95,0.749,0.7,-13.89245510839759,-8.400000000000006,Red,High,224
INIT-0047,Membranes Initiative 2,Industrial,Membranes,North America,PMM_20,Medium,Launch,2024Q2,Month1,181941.46,169356.49,95,94.2,48,63.8,34.6,93.7,Medium,0.931,0.992,0.467,0.638,0.692,0.874,0.815,0.729,-6.9170435369706285,-0.7999999999999972,Amber,Medium,175
INIT-0047,Membranes Initiative 2,Industrial,Membranes,North America,PMM_20,Medium,Launch,2024Q2,Month2,185331.15,170622.0,95,87.9,58,59.2,28.5,85.2,Medium,0.921,0.925,0.356,0.592,0.57,0.704,0.747,0.64,-7.9366852253385325,-7.099999999999994,Red,High,227
INIT-0047,Membranes Initiative 2,Industrial,Membranes,North America,PMM_20,Medium,Launch,2024Q2,Month3,191444.59,164865.49,95,92.2,65,51.8,29.3,84.5,Medium,0.861,0.971,0.278,0.518,0.586,0.69,0.717,0.624,-13.88344272355777,-2.799999999999997,Red,High,237
INIT-0047,Membranes Initiative 2,Industrial,Membranes,North America,PMM_20,Medium,Launch,2024Q3,Month1,198432.34,163921.76,95,90.4,69,72.1,30.6,91.6,High,0.826,0.952,0.233,0.721,0.612,0.832,0.731,0.592,-17.39161066185078,-4.599999999999994,Red,High,231
INIT-0047,Membranes Initiative 2,Industrial,Membranes,North America,PMM_20,Medium,Launch,2024Q3,Month2,197795.12,185702.88,95,85.0,56,66.0,26.0,89.4,Medium,0.939,0.895,0.378,0.66,0.52,0.788,0.761,0.636,-6.11351786636596,-10.0,Amber,Medium,220
INIT-0047,Membranes Initiative 2,Industrial,Membranes,North America,PMM_20,Medium,Launch,2024Q3,Month3,209354.54,177687.17,95,85.5,47,42.8,30.9,91.8,Medium,0.849,0.9,0.478,0.428,0.618,0.836,0.737,0.689,-15.126192152317305,-9.5,Red,High,228
INIT-0047,Membranes Initiative 2,Industrial,Membranes,North America,PMM_20,Medium,Launch,2024Q4,Month1,222137.75,195304.11,95,91.4,49,37.8,31.7,90.6,Medium,0.879,0.962,0.456,0.378,0.634,0.812,0.751,0.709,-12.079729807293003,-3.5999999999999943,Amber,Medium,226
INIT-0047,Membranes Initiative 2,Industrial,Membranes,North America,PMM_20,Medium,Launch,2024Q4,Month2,206498.21,177393.38,95,90.2,45,40.5,30.8,97.0,Medium,0.859,0.949,0.5,0.405,0.616,0.94,0.762,0.725,-14.094470843112871,-4.799999999999997,Amber,Medium,219
INIT-0047,Membranes Initiative 2,Industrial,Membranes,North America,PMM_20,Medium,Launch,2024Q4,Month3,222472.66,203601.32,95,94.4,48,62.7,27.0,89.1,Medium,0.915,0.994,0.467,0.627,0.54,0.782,0.784,0.73,-8.482543428032908,-0.5999999999999943,Amber,Medium,196
INIT-0047,Membranes Initiative 2,Industrial,Membranes,North America,PMM_20,Medium,Launch,2025Q1,Month1,243999.87,219886.6,95,87.4,35,53.2,34.9,88.3,Medium,0.901,0.92,0.611,0.532,0.698,0.766,0.791,0.766,-9.882492970180676,-7.599999999999994,Amber,Medium,199
INIT-0047,Membranes Initiative 2,Industrial,Membranes,North America,PMM_20,Medium,Launch,2025Q1,Month2,244713.98,215532.07,95,87.0,34,48.2,30.8,99.9,Medium,0.881,0.916,0.622,0.482,0.616,0.998,0.794,0.769,-11.924905148451266,-8.0,Amber,Medium,197
INIT-0047,Membranes Initiative 2,Industrial,Membranes,North America,PMM_20,Medium,Launch,2025Q1,Month3,236896.82,213456.17,95,89.3,54,65.5,32.1,97.2,Medium,0.901,0.94,0.4,0.655,0.642,0.944,0.787,0.67,-9.89487744073559,-5.700000000000003,Amber,Medium,205
INIT-0047,Membranes Initiative 2,Industrial,Membranes,North America,PMM_20,Medium,Launch,2025Q2,Month1,270634.36,226035.18,95,93.7,42,37.0,32.4,95.0,Medium,0.835,0.986,0.533,0.37,0.648,0.9,0.761,0.76,-16.479496542863217,-1.2999999999999972,Amber,Medium,212
INIT-0047,Membranes Initiative 2,Industrial,Membranes,North America,PMM_20,Medium,Launch,2025Q2,Month2,266758.21,221719.66,95,94.1,48,44.3,29.4,91.5,Medium,0.831,0.991,0.467,0.443,0.588,0.83,0.745,0.729,-16.88366030046461,-0.9000000000000057,Red,High,226
INIT-0047,Membranes Initiative 2,Industrial,Membranes,North America,PMM_20,Medium,Launch,2025Q2,Month3,262071.59,227871.97,95,93.9,66,63.6,24.4,87.3,Medium,0.87,0.988,0.267,0.636,0.488,0.746,0.729,0.628,-13.04972431387927,-1.0999999999999943,Red,High,234
INIT-0047,Membranes Initiative 2,Industrial,Membranes,North America,PMM_20,Medium,Launch,2025Q3,Month1,293449.93,264789.28,95,92.1,38,83.7,27.3,110.0,Medium,0.902,0.969,0.578,0.837,0.546,0.8,0.815,0.774,-9.766793946756085,-2.9000000000000057,Amber,Medium,179
INIT-0047,Membranes Initiative 2,Industrial,Membranes,North America,PMM_20,Medium,Launch,2025Q3,Month2,290997.3,244153.74,95,83.8,65,51.5,29.7,86.5,High,0.839,0.882,0.278,0.515,0.594,0.73,0.696,0.58,-16.09759265807621,-11.200000000000003,Red,High,239
INIT-0047,Membranes Initiative 2,Industrial,Membranes,North America,PMM_20,Medium,Launch,2025Q3,Month3,275920.86,262976.21,95,88.8,41,66.7,25.0,96.7,Medium,0.953,0.935,0.544,0.667,0.5,0.934,0.812,0.74,-4.691435797931322,-6.200000000000003,Amber,Medium,180
INIT-0047,Membranes Initiative 2,Industrial,Membranes,North America,PMM_20,Medium,Launch,2025Q4,Month1,316315.56,289288.49,95,86.6,65,52.3,30.5,85.8,Medium,0.915,0.912,0.278,0.523,0.61,0.716,0.729,0.595,-8.54433781253126,-8.400000000000006,Red,High,232
INIT-0047,Membranes Initiative 2,Industrial,Membranes,North America,PMM_20,Medium,Launch,2025Q4,Month2,328569.08,275158.86,95,89.1,25,41.6,28.5,80.1,Medium,0.837,0.938,0.722,0.416,0.57,0.602,0.748,0.83,-16.255400538602117,-5.900000000000006,Red,High,223
INIT-0047,Membranes Initiative 2,Industrial,Membranes,North America,PMM_20,Medium,Launch,2025Q4,Month3,304299.82,286406.42,95,89.2,38,43.7,33.8,97.5,Medium,0.941,0.939,0.578,0.437,0.676,0.95,0.81,0.758,-5.880187507176318,-5.799999999999997,Amber,Medium,178
INIT-0048,Membranes Initiative 3,Industrial,Membranes,APAC,PMM_04,Medium,Growth,2024Q1,Month1,122287.5,117775.7,95,92.6,42,81.0,32.3,94.4,Medium,0.963,0.975,0.533,0.81,0.646,0.888,0.846,0.754,-3.689502197689873,-2.4000000000000057,Amber,Medium,160
INIT-0048,Membranes Initiative 3,Industrial,Membranes,APAC,PMM_04,Medium,Growth,2024Q1,Month2,121399.06,127481.03,95,94.2,20,85.4,32.7,80.2,Low,1.05,0.992,0.778,0.854,0.654,0.604,0.894,0.885,5.009898758688907,-0.7999999999999972,Amber,Medium,100
INIT-0048,Membranes Initiative 3,Industrial,Membranes,APAC,PMM_04,Medium,Growth,2024Q1,Month3,122934.34,117194.31,95,87.8,17,76.3,34.1,90.5,Low,0.953,0.924,0.811,0.763,0.682,0.81,0.866,0.868,-4.66918356579618,-7.200000000000003,Amber,Medium,135
INIT-0048,Membranes Initiative 3,Industrial,Membranes,APAC,PMM_04,Medium,Growth,2024Q2,Month1,141697.34,149739.52,95,91.5,30,86.5,25.7,95.6,Low,1.057,0.963,0.667,0.865,0.514,0.912,0.892,0.815,5.675604072736999,-3.5,Amber,Medium,106
INIT-0048,Membranes Initiative 3,Industrial,Membranes,APAC,PMM_04,Medium,Growth,2024Q2,Month2,137024.87,145802.51,95,92.6,37,83.1,33.5,85.1,Low,1.064,0.975,0.589,0.831,0.67,0.702,0.876,0.782,6.405873619876461,-2.4000000000000057,Amber,Medium,129
INIT-0048,Membranes Initiative 3,Industrial,Membranes,APAC,PMM_04,Medium,Growth,2024Q2,Month3,141200.61,150823.03,95,88.7,21,71.5,32.8,98.2,Low,1.068,0.934,0.767,0.715,0.656,0.964,0.909,0.85,6.814715602149321,-6.299999999999997,Green,Low,69
INIT-0048,Membranes Initiative 3,Industrial,Membranes,APAC,PMM_04,Medium,Growth,2024Q3,Month1,154653.09,162145.79,95,92.0,32,67.3,26.0,95.3,Low,1.048,0.968,0.644,0.673,0.52,0.906,0.867,0.806,4.8448433846359045,-3.0,Amber,Medium,143
INIT-0048,Membranes Initiative 3,Industrial,Membranes,APAC,PMM_04,Medium,Growth,2024Q3,Month2,170067.07,168253.64,95,91.6,32,77.9,30.2,94.6,Low,0.989,0.964,0.644,0.779,0.604,0.892,0.863,0.804,-1.0663028415789093,-3.4000000000000057,Amber,Medium,150
INIT-0048,Membranes Initiative 3,Industrial,Membranes,APAC,PMM_04,Medium,Growth,2024Q3,Month3,170326.65,172494.18,95,90.3,37,89.0,34.3,110.0,Low,1.013,0.951,0.589,0.89,0.686,0.8,0.87,0.77,1.272572436550592,-4.700000000000003,Amber,Medium,140
INIT-0048,Membranes Initiative 3,Industrial,Membranes,APAC,PMM_04,Medium,Growth,2024Q4,Month1,175690.46,170827.39,95,91.9,15,62.3,33.2,103.0,Low,0.972,0.967,0.833,0.623,0.664,0.94,0.881,0.9,-2.767976132568597,-3.0999999999999943,Amber,Medium,121
INIT-0048,Membranes Initiative 3,Industrial,Membranes,APAC,PMM_04,Medium,Growth,2024Q4,Month2,175523.94,185854.04,95,93.8,43,84.1,26.0,87.5,Low,1.059,0.987,0.522,0.841,0.52,0.75,0.858,0.755,5.8852940516262375,-1.2000000000000028,Amber,Medium,152
INIT-0048,Membranes Initiative 3,Industrial,Membranes,APAC,PMM_04,Medium,Growth,2024Q4,Month3,175510.25,182219.02,95,89.2,39,77.5,31.4,90.1,Low,1.038,0.939,0.567,0.775,0.628,0.802,0.857,0.753,3.8224377208738463,-5.799999999999997,Amber,Medium,153
INIT-0048,Membranes Initiative 3,Industrial,Membranes,APAC,PMM_04,Medium,Growth,2025Q1,Month1,214002.42,217748.83,95,87.8,38,64.8,29.8,85.5,Low,1.018,0.924,0.578,0.648,0.596,0.71,0.823,0.751,1.7506390815580377,-7.200000000000003,Amber,Medium,176
INIT-0048,Membranes Initiative 3,Industrial,Membranes,APAC,PMM_04,Medium,Growth,2025Q1,Month2,216599.54,212221.02,95,91.0,30,43.9,30.6,101.9,Low,0.98,0.958,0.667,0.439,0.612,0.962,0.836,0.812,-2.0214816707367054,-4.0,Amber,Medium,164
INIT-0048,Membranes Initiative 3,Industrial,Membranes,APAC,PMM_04,Medium,Growth,2025Q1,Month3,219335.33,223161.65,95,92.1,35,59.9,27.1,66.9,Low,1.017,0.969,0.611,0.599,0.542,0.338,0.79,0.79,1.744506915506958,-2.9000000000000057,Amber,Medium,202
INIT-0048,Membranes Initiative 3,Industrial,Membranes,APAC,PMM_04,Medium,Growth,2025Q2,Month1,240634.66,241879.1,95,92.5,20,76.6,28.8,104.0,Low,1.005,0.974,0.778,0.766,0.576,0.92,0.889,0.876,0.5171491089438248,-2.5,Amber,Medium,104
INIT-0048,Membranes Initiative 3,Industrial,Membranes,APAC,PMM_04,Medium,Growth,2025Q2,Month2,252784.43,253648.91,95,93.3,40,92.8,26.1,101.6,Low,1.003,0.982,0.556,0.928,0.522,0.968,0.873,0.769,0.3419830881197906,-1.7000000000000028,Amber,Medium,138
INIT-0048,Membranes Initiative 3,Industrial,Membranes,APAC,PMM_04,Medium,Growth,2025Q2,Month3,258976.54,252344.0,95,89.6,25,77.8,32.9,98.3,Low,0.974,0.943,0.722,0.778,0.658,0.966,0.878,0.833,-2.5610582333056144,-5.400000000000006,Amber,Medium,128
INIT-0048,Membranes Initiative 3,Industrial,Membranes,APAC,PMM_04,Medium,Growth,2025Q3,Month1,274430.84,268265.45,95,92.0,17,73.8,28.5,87.7,Low,0.978,0.968,0.811,0.738,0.57,0.754,0.864,0.89,-2.2466097469220343,-3.0,Amber,Medium,142
INIT-0048,Membranes Initiative 3,Industrial,Membranes,APAC,PMM_04,Medium,Growth,2025Q3,Month2,268630.61,284924.93,95,91.6,42,82.7,30.1,107.3,Low,1.061,0.964,0.533,0.827,0.602,0.854,0.872,0.749,6.065697427407848,-3.4000000000000057,Amber,Medium,134
INIT-0048,Membranes Initiative 3,Industrial,Membranes,APAC,PMM_04,Medium,Growth,2025Q3,Month3,272517.06,282944.36,95,93.5,29,73.4,36.7,100.0,Low,1.038,0.984,0.678,0.734,0.734,1.0,0.909,0.831,3.8262925631151266,-1.5,Green,Low,81
INIT-0048,Membranes Initiative 3,Industrial,Membranes,APAC,PMM_04,Medium,Growth,2025Q4,Month1,318691.24,338407.55,95,90.1,22,94.1,34.3,95.4,Low,1.062,0.948,0.756,0.941,0.686,0.908,0.928,0.852,6.186649498116107,-4.900000000000006,Green,Low,39
INIT-0048,Membranes Initiative 3,Industrial,Membranes,APAC,PMM_04,Medium,Growth,2025Q4,Month2,317176.5,316365.93,95,94.4,48,58.2,29.2,95.5,Medium,0.997,0.994,0.467,0.582,0.584,0.91,0.825,0.73,-0.25555802526353844,-0.5999999999999943,Amber,Medium,168
INIT-0048,Membranes Initiative 3,Industrial,Membranes,APAC,PMM_04,Medium,Growth,2025Q4,Month3,338191.94,335458.63,95,89.1,37,72.8,32.0,90.8,Medium,0.992,0.938,0.589,0.728,0.64,0.816,0.841,0.763,-0.8082126380658268,-5.900000000000006,Amber,Medium,159
INIT-0049,Cartridges Initiative 4,Industrial,Cartridges,North America,PMM_14,Low,Launch,2024Q1,Month1,262329.28,218357.98,95,94.3,25,66.2,28.5,102.6,Medium,0.832,0.993,0.722,0.662,0.57,0.948,0.816,0.857,-16.76187271203581,-0.7000000000000028,Amber,Medium,177
INIT-0049,Cartridges Initiative 4,Industrial,Cartridges,North America,PMM_14,Low,Launch,2024Q1,Month2,263617.92,233890.55,95,88.9,47,60.3,28.7,100.5,Medium,0.887,0.936,0.478,0.603,0.574,0.99,0.786,0.707,-11.276687867046368,-6.099999999999994,Amber,Medium,201
INIT-0049,Cartridges Initiative 4,Industrial,Cartridges,North America,PMM_14,Low,Launch,2024Q1,Month3,256172.68,226410.87,95,88.1,34,46.9,31.5,93.0,Medium,0.884,0.927,0.622,0.469,0.63,0.86,0.784,0.775,-11.617870414596904,-6.900000000000006,Amber,Medium,202
INIT-0049,Cartridges Initiative 4,Industrial,Cartridges,North America,PMM_14,Low,Launch,2024Q2,Month1,275512.6,239575.49,95,93.4,31,58.2,30.7,103.8,Medium,0.87,0.983,0.656,0.582,0.614,0.924,0.811,0.819,-13.043726493815525,-1.5999999999999943,Amber,Medium,179
INIT-0049,Cartridges Initiative 4,Industrial,Cartridges,North America,PMM_14,Low,Launch,2024Q2,Month2,261863.69,248134.91,95,86.5,34,63.8,27.2,90.5,Medium,0.948,0.911,0.622,0.638,0.544,0.81,0.806,0.766,-5.242719981529321,-8.5,Amber,Medium,183
INIT-0049,Cartridges Initiative 4,Industrial,Cartridges,North America,PMM_14,Low,Launch,2024Q2,Month3,282312.29,243256.23,95,87.3,31,57.8,28.7,82.2,Medium,0.862,0.919,0.656,0.578,0.574,0.644,0.763,0.787,-13.834346354528163,-7.700000000000003,Amber,Medium,220
INIT-0049,Cartridges Initiative 4,Industrial,Cartridges,North America,PMM_14,Low,Launch,2024Q3,Month1,298485.14,252731.35,95,89.4,52,50.1,25.6,91.6,Medium,0.847,0.941,0.422,0.501,0.512,0.832,0.732,0.682,-15.328665942967884,-5.599999999999994,Red,High,230
INIT-0049,Cartridges Initiative 4,Industrial,Cartridges,North America,PMM_14,Low,Launch,2024Q3,Month2,311876.05,259624.48,95,91.4,32,39.2,31.4,87.6,Medium,0.832,0.962,0.644,0.392,0.628,0.752,0.758,0.803,-16.75395401474399,-3.5999999999999943,Amber,Medium,222
INIT-0049,Cartridges Initiative 4,Industrial,Cartridges,North America,PMM_14,Low,Launch,2024Q3,Month3,293161.66,252164.11,95,87.7,39,67.7,29.5,110.0,Medium,0.86,0.923,0.567,0.677,0.59,0.8,0.777,0.745,-13.984622000025512,-7.299999999999997,Amber,Medium,210
INIT-0049,Cartridges Initiative 4,Industrial,Cartridges,North America,PMM_14,Low,Launch,2024Q4,Month1,312043.28,274900.98,95,91.0,44,46.9,28.4,102.1,Medium,0.881,0.958,0.511,0.469,0.568,0.958,0.776,0.735,-11.902932182997192,-4.0,Amber,Medium,207
INIT-0049,Cartridges Initiative 4,Industrial,Cartridges,North America,PMM_14,Low,Launch,2024Q4,Month2,306165.54,276749.15,95,89.6,49,49.5,33.9,87.2,Medium,0.904,0.943,0.456,0.495,0.678,0.744,0.765,0.699,-9.608001605928596,-5.400000000000006,Amber,Medium,215
INIT-0049,Cartridges Initiative 4,Industrial,Cartridges,North America,PMM_14,Low,Launch,2024Q4,Month3,314004.6,284137.85,95,86.8,35,35.5,30.0,99.4,Medium,0.905,0.914,0.611,0.355,0.6,0.988,0.785,0.762,-9.511564480265577,-8.200000000000003,Amber,Medium,194
INIT-0049,Cartridges Initiative 4,Industrial,Cartridges,North America,PMM_14,Low,Launch,2025Q1,Month1,360794.61,298529.98,95,88.3,33,59.1,32.8,76.6,Medium,0.827,0.929,0.633,0.591,0.656,0.532,0.748,0.781,-17.257638632683566,-6.700000000000003,Red,High,232
INIT-0049,Cartridges Initiative 4,Industrial,Cartridges,North America,PMM_14,Low,Launch,2025Q1,Month2,327172.11,312967.84,95,92.9,40,46.8,36.3,96.8,Medium,0.957,0.978,0.556,0.468,0.726,0.936,0.827,0.767,-4.341528377831461,-2.0999999999999943,Amber,Medium,174
INIT-0049,Cartridges Initiative 4,Industrial,Cartridges,North America,PMM_14,Low,Launch,2025Q1,Month3,345254.4,299206.26,95,83.7,29,73.9,26.6,80.0,Medium,0.867,0.881,0.678,0.739,0.532,0.6,0.768,0.779,-13.337452035368704,-11.299999999999997,Amber,Medium,216
INIT-0049,Cartridges Initiative 4,Industrial,Cartridges,North America,PMM_14,Low,Launch,2025Q2,Month1,370504.25,305990.52,95,91.8,41,71.2,30.6,100.6,Medium,0.826,0.966,0.544,0.712,0.612,0.988,0.795,0.755,-17.41241294802961,-3.200000000000003,Amber,Medium,185
INIT-0049,Cartridges Initiative 4,Industrial,Cartridges,North America,PMM_14,Low,Launch,2025Q2,Month2,391282.29,372234.0,95,84.5,23,49.9,30.7,103.9,Medium,0.951,0.889,0.744,0.499,0.614,0.922,0.826,0.817,-4.868170752118625,-10.5,Amber,Medium,168
INIT-0049,Cartridges Initiative 4,Industrial,Cartridges,North America,PMM_14,Low,Launch,2025Q2,Month3,362716.54,335296.39,95,87.7,55,34.5,27.1,81.6,Medium,0.924,0.923,0.389,0.345,0.542,0.632,0.718,0.656,-7.559663532299897,-7.299999999999997,Red,High,236
INIT-0049,Cartridges Initiative 4,Industrial,Cartridges,North America,PMM_14,Low,Launch,2025Q3,Month1,424596.66,357249.29,95,86.8,23,50.7,36.6,90.0,Medium,0.841,0.914,0.744,0.507,0.732,0.8,0.793,0.829,-15.861493116785233,-8.200000000000003,Amber,Medium,196
INIT-0049,Cartridges Initiative 4,Industrial,Cartridges,North America,PMM_14,Low,Launch,2025Q3,Month2,401625.9,337437.65,95,89.2,62,62.4,30.5,97.1,Medium,0.84,0.939,0.311,0.624,0.61,0.942,0.746,0.625,-15.982099262024684,-5.799999999999997,Red,High,225
INIT-0049,Cartridges Initiative 4,Industrial,Cartridges,North America,PMM_14,Low,Launch,2025Q3,Month3,403944.24,371730.93,95,84.8,49,52.3,36.0,78.9,Medium,0.92,0.893,0.456,0.523,0.72,0.578,0.751,0.674,-7.974692249603558,-10.200000000000003,Amber,Medium,222
INIT-0049,Cartridges Initiative 4,Industrial,Cartridges,North America,PMM_14,Low,Launch,2025Q4,Month1,418643.63,370305.4,95,88.3,32,52.3,30.0,89.1,Medium,0.885,0.929,0.644,0.523,0.6,0.782,0.783,0.787,-11.546390900537524,-6.700000000000003,Amber,Medium,196
INIT-0049,Cartridges Initiative 4,Industrial,Cartridges,North America,PMM_14,Low,Launch,2025Q4,Month2,448361.24,390287.08,95,94.1,59,81.0,32.6,94.7,Medium,0.87,0.991,0.344,0.81,0.652,0.894,0.79,0.667,-12.95253800261592,-0.9000000000000057,Amber,Medium,192
INIT-0049,Cartridges Initiative 4,Industrial,Cartridges,North America,PMM_14,Low,Launch,2025Q4,Month3,423567.64,364797.99,95,90.4,45,58.9,23.4,90.4,Medium,0.861,0.952,0.5,0.589,0.468,0.808,0.753,0.726,-13.874914995867016,-4.599999999999994,Amber,Medium,216
INIT-0050,Gas Filters Initiative 5,Industrial,Gas Filters,APAC,PMM_07,Medium,Launch,2024Q1,Month1,115226.53,103093.72,95,90.8,67,58.1,27.0,92.9,Medium,0.895,0.956,0.256,0.581,0.54,0.858,0.741,0.606,-10.529528225834795,-4.200000000000003,Red,High,227
INIT-0050,Gas Filters Initiative 5,Industrial,Gas Filters,APAC,PMM_07,Medium,Launch,2024Q1,Month2,122255.95,103933.56,95,82.8,78,42.4,33.1,87.0,High,0.85,0.872,0.133,0.424,0.662,0.74,0.674,0.502,-14.986910657518102,-12.200000000000003,Red,High,240
INIT-0050,Gas Filters Initiative 5,Industrial,Gas Filters,APAC,PMM_07,Medium,Launch,2024Q1,Month3,120336.91,99808.35,95,84.4,46,60.2,27.4,86.6,Medium,0.829,0.888,0.489,0.602,0.548,0.732,0.73,0.689,-17.05923810076227,-10.599999999999994,Red,High,230
INIT-0050,Gas Filters Initiative 5,Industrial,Gas Filters,APAC,PMM_07,Medium,Launch,2024Q2,Month1,130210.29,119641.27,95,89.3,76,66.1,30.3,90.9,Medium,0.919,0.94,0.156,0.661,0.606,0.818,0.741,0.548,-8.11688538593992,-5.700000000000003,Red,High,231
INIT-0050,Gas Filters Initiative 5,Industrial,Gas Filters,APAC,PMM_07,Medium,Launch,2024Q2,Month2,134184.17,126790.04,95,85.8,55,66.2,30.7,79.2,Medium,0.945,0.903,0.389,0.662,0.614,0.584,0.756,0.646,-5.510433905877287,-9.200000000000003,Amber,Medium,225
INIT-0050,Gas Filters Initiative 5,Industrial,Gas Filters,APAC,PMM_07,Medium,Launch,2024Q2,Month3,133290.24,110983.4,95,83.5,73,46.8,31.3,95.4,High,0.833,0.879,0.189,0.468,0.626,0.908,0.696,0.534,-16.73553892618094,-11.5,Red,High,240
INIT-0050,Gas Filters Initiative 5,Industrial,Gas Filters,APAC,PMM_07,Medium,Launch,2024Q3,Month1,131699.2,120139.97,95,82.7,31,46.7,28.5,75.9,Medium,0.912,0.871,0.656,0.467,0.57,0.518,0.747,0.763,-8.77699333025562,-12.299999999999997,Red,High,224
INIT-0050,Gas Filters Initiative 5,Industrial,Gas Filters,APAC,PMM_07,Medium,Launch,2024Q3,Month2,137212.64,113917.67,95,87.2,69,41.8,28.7,98.5,High,0.83,0.918,0.233,0.418,0.574,0.97,0.705,0.576,-16.977277020542726,-7.799999999999997,Red,High,238
INIT-0050,Gas Filters Initiative 5,Industrial,Gas Filters,APAC,PMM_07,Medium,Launch,2024Q3,Month3,142599.68,120732.54,95,81.3,64,55.1,30.4,74.1,High,0.847,0.856,0.289,0.551,0.608,0.482,0.675,0.572,-15.334634692027361,-13.700000000000003,Red,High,240
INIT-0050,Gas Filters Initiative 5,Industrial,Gas Filters,APAC,PMM_07,Medium,Launch,2024Q4,Month1,141787.17,120076.56,95,83.0,65,64.1,29.0,101.7,High,0.847,0.874,0.278,0.641,0.58,0.966,0.732,0.576,-15.312111808141749,-12.0,Red,High,232
INIT-0050,Gas Filters Initiative 5,Industrial,Gas Filters,APAC,PMM_07,Medium,Launch,2024Q4,Month2,152535.92,139555.36,95,85.6,45,51.2,30.9,96.7,Medium,0.915,0.901,0.5,0.512,0.618,0.934,0.782,0.701,-8.50983820728916,-9.400000000000006,Amber,Medium,198
INIT-0050,Gas Filters Initiative 5,Industrial,Gas Filters,APAC,PMM_07,Medium,Launch,2024Q4,Month3,144078.64,118505.01,95,82.7,35,67.8,27.6,93.7,Medium,0.823,0.871,0.611,0.678,0.552,0.874,0.764,0.741,-17.74977193010707,-12.299999999999997,Amber,Medium,217
INIT-0050,Gas Filters Initiative 5,Industrial,Gas Filters,APAC,PMM_07,Medium,Launch,2025Q1,Month1,151983.59,144015.98,95,82.5,26,65.7,26.3,89.6,Medium,0.948,0.868,0.711,0.657,0.526,0.792,0.81,0.79,-5.242414658056167,-12.5,Amber,Medium,185
INIT-0050,Gas Filters Initiative 5,Industrial,Gas Filters,APAC,PMM_07,Medium,Launch,2025Q1,Month2,163535.22,145804.96,95,87.1,59,59.9,29.3,92.0,Medium,0.892,0.917,0.344,0.599,0.586,0.84,0.75,0.631,-10.841860242704911,-7.900000000000006,Red,High,231
INIT-0050,Gas Filters Initiative 5,Industrial,Gas Filters,APAC,PMM_07,Medium,Launch,2025Q1,Month3,150667.88,143845.76,95,86.7,53,52.9,30.3,110.0,Medium,0.955,0.913,0.411,0.529,0.606,0.8,0.772,0.662,-4.527919288437586,-8.299999999999997,Amber,Medium,211
INIT-0050,Gas Filters Initiative 5,Industrial,Gas Filters,APAC,PMM_07,Medium,Launch,2025Q2,Month1,168903.2,147108.58,95,83.5,34,51.2,32.4,98.6,Medium,0.871,0.879,0.622,0.512,0.648,0.972,0.787,0.751,-12.903615798871792,-11.5,Amber,Medium,190
INIT-0050,Gas Filters Initiative 5,Industrial,Gas Filters,APAC,PMM_07,Medium,Launch,2025Q2,Month2,166522.51,147856.62,95,85.4,61,57.3,33.5,97.0,Medium,0.888,0.899,0.322,0.573,0.67,0.94,0.757,0.611,-11.20922931080009,-9.599999999999994,Amber,Medium,217
INIT-0050,Gas Filters Initiative 5,Industrial,Gas Filters,APAC,PMM_07,Medium,Launch,2025Q2,Month3,169362.92,156201.58,95,85.5,59,53.3,30.3,106.1,Medium,0.922,0.9,0.344,0.533,0.606,0.878,0.756,0.622,-7.771087083288375,-9.5,Amber,Medium,219
INIT-0050,Gas Filters Initiative 5,Industrial,Gas Filters,APAC,PMM_07,Medium,Launch,2025Q3,Month1,185064.01,158107.7,95,87.3,42,38.4,29.2,89.4,Medium,0.854,0.919,0.533,0.384,0.584,0.788,0.738,0.726,-14.565938563635358,-7.700000000000003,Red,High,229
INIT-0050,Gas Filters Initiative 5,Industrial,Gas Filters,APAC,PMM_07,Medium,Launch,2025Q3,Month2,181335.03,170909.14,95,88.1,55,56.7,30.4,96.4,Medium,0.943,0.927,0.389,0.567,0.608,0.928,0.784,0.658,-5.749517895135862,-6.900000000000006,Amber,Medium,202
INIT-0050,Gas Filters Initiative 5,Industrial,Gas Filters,APAC,PMM_07,Medium,Launch,2025Q3,Month3,177457.96,163692.62,95,84.7,64,41.6,28.4,88.3,Medium,0.922,0.892,0.289,0.416,0.568,0.766,0.719,0.59,-7.756958324101099,-10.299999999999997,Red,High,232
INIT-0050,Gas Filters Initiative 5,Industrial,Gas Filters,APAC,PMM_07,Medium,Launch,2025Q4,Month1,197803.47,167543.91,95,80.7,57,63.5,28.2,95.2,Medium,0.847,0.849,0.367,0.635,0.564,0.904,0.732,0.608,-15.29779027637887,-14.299999999999997,Red,High,230
INIT-0050,Gas Filters Initiative 5,Industrial,Gas Filters,APAC,PMM_07,Medium,Launch,2025Q4,Month2,199760.68,168439.18,95,81.1,33,65.8,28.7,101.5,Medium,0.843,0.854,0.633,0.658,0.574,0.97,0.781,0.744,-15.679512104183868,-13.900000000000006,Amber,Medium,199
INIT-0050,Gas Filters Initiative 5,Industrial,Gas Filters,APAC,PMM_07,Medium,Launch,2025Q4,Month3,198950.1,171138.82,95,88.0,68,46.0,29.2,95.1,Medium,0.86,0.926,0.244,0.46,0.584,0.902,0.718,0.585,-13.979022880611772,-7.0,Red,High,236
INIT-0051,Cartridges Initiative 6,Industrial,Cartridges,North America,PMM_04,Medium,Growth,2024Q1,Month1,316620.44,329344.95,95,98.1,17,70.5,23.5,95.7,Low,1.04,1.033,0.811,0.705,0.47,0.914,0.901,0.922,4.018852983717668,3.0999999999999943,Green,Low,88
INIT-0051,Cartridges Initiative 6,Industrial,Cartridges,North America,PMM_04,Medium,Growth,2024Q1,Month2,325506.46,335065.51,95,97.0,30,67.0,31.9,86.5,Low,1.029,1.021,0.667,0.67,0.638,0.73,0.868,0.844,2.9366698283038644,2.0,Amber,Medium,133
INIT-0051,Cartridges Initiative 6,Industrial,Cartridges,North America,PMM_04,Medium,Growth,2024Q1,Month3,329540.79,329940.44,95,93.0,12,80.3,28.2,92.5,Low,1.001,0.979,0.867,0.803,0.564,0.85,0.898,0.923,0.1212748200306321,-2.0,Amber,Medium,93
INIT-0051,Cartridges Initiative 6,Industrial,Cartridges,North America,PMM_04,Medium,Growth,2024Q2,Month1,382385.31,395644.02,95,93.0,27,64.9,26.7,96.0,Low,1.035,0.979,0.7,0.649,0.534,0.92,0.873,0.839,3.4673690785872555,-2.0,Amber,Medium,132
INIT-0051,Cartridges Initiative 6,Industrial,Cartridges,North America,PMM_04,Medium,Growth,2024Q2,Month2,383428.06,373529.64,95,94.3,24,69.5,27.4,85.3,Low,0.974,0.993,0.733,0.695,0.548,0.706,0.844,0.863,-2.581558584940284,-0.7000000000000028,Amber,Medium,161
INIT-0051,Cartridges Initiative 6,Industrial,Cartridges,North America,PMM_04,Medium,Growth,2024Q2,Month3,390826.36,396472.0,95,93.2,32,81.2,32.7,82.3,Low,1.014,0.981,0.644,0.812,0.654,0.646,0.859,0.813,1.4445392066185132,-1.7999999999999972,Amber,Medium,150
INIT-0051,Cartridges Initiative 6,Industrial,Cartridges,North America,PMM_04,Medium,Growth,2024Q3,Month1,423359.83,454974.53,95,94.4,21,80.4,31.4,88.5,Low,1.075,0.994,0.767,0.804,0.628,0.77,0.91,0.88,7.4675719706331165,-0.5999999999999943,Green,Low,81
INIT-0051,Cartridges Initiative 6,Industrial,Cartridges,North America,PMM_04,Medium,Growth,2024Q3,Month2,425806.18,452275.36,95,91.3,28,80.3,24.0,83.4,Low,1.062,0.961,0.689,0.803,0.48,0.668,0.862,0.825,6.216250783396331,-3.700000000000003,Amber,Medium,152
INIT-0051,Cartridges Initiative 6,Industrial,Cartridges,North America,PMM_04,Medium,Growth,2024Q3,Month3,447152.44,444609.91,95,95.8,17,90.2,27.9,89.8,Low,0.994,1.008,0.811,0.902,0.558,0.796,0.897,0.91,-0.5686047469628094,0.7999999999999972,Amber,Medium,104
INIT-0051,Cartridges Initiative 6,Industrial,Cartridges,North America,PMM_04,Medium,Growth,2024Q4,Month1,491711.6,509179.61,95,97.2,14,70.7,28.5,85.1,Low,1.036,1.023,0.844,0.707,0.57,0.702,0.892,0.934,3.5524909316762123,2.200000000000003,Amber,Medium,105
INIT-0051,Cartridges Initiative 6,Industrial,Cartridges,North America,PMM_04,Medium,Growth,2024Q4,Month2,516001.25,541015.07,95,96.1,18,83.2,32.5,99.5,Low,1.048,1.012,0.8,0.832,0.65,0.99,0.936,0.906,4.847627791599332,1.0999999999999943,Green,Low,25
INIT-0051,Cartridges Initiative 6,Industrial,Cartridges,North America,PMM_04,Medium,Growth,2024Q4,Month3,524272.53,543482.47,95,92.1,27,79.9,27.3,90.3,Low,1.037,0.969,0.7,0.799,0.546,0.806,0.877,0.835,3.664113395374719,-2.9000000000000057,Amber,Medium,128
INIT-0051,Cartridges Initiative 6,Industrial,Cartridges,North America,PMM_04,Medium,Growth,2025Q1,Month1,611648.65,654596.89,95,95.3,16,62.5,30.4,89.5,Low,1.07,1.003,0.822,0.625,0.608,0.79,0.901,0.913,7.021717451677525,0.29999999999999716,Green,Low,79
INIT-0051,Cartridges Initiative 6,Industrial,Cartridges,North America,PMM_04,Medium,Growth,2025Q1,Month2,587571.98,561536.4,95,94.9,21,69.2,34.1,87.9,Low,0.956,0.999,0.767,0.692,0.682,0.758,0.862,0.883,-4.431045197219915,-0.09999999999999432,Amber,Medium,138
INIT-0051,Cartridges Initiative 6,Industrial,Cartridges,North America,PMM_04,Medium,Growth,2025Q1,Month3,574501.85,584814.53,95,94.1,33,89.7,33.6,101.3,Low,1.018,0.991,0.633,0.897,0.672,0.974,0.904,0.812,1.795064715631473,-0.9000000000000057,Green,Low,74
INIT-0051,Cartridges Initiative 6,Industrial,Cartridges,North America,PMM_04,Medium,Growth,2025Q2,Month1,672781.66,701129.12,95,92.7,12,77.8,31.2,101.7,Low,1.042,0.976,0.867,0.778,0.624,0.966,0.927,0.921,4.213470979574557,-2.299999999999997,Green,Low,37
INIT-0051,Cartridges Initiative 6,Industrial,Cartridges,North America,PMM_04,Medium,Growth,2025Q2,Month2,706608.51,733091.71,95,93.5,32,73.0,31.6,96.6,Low,1.037,0.984,0.644,0.73,0.632,0.932,0.886,0.814,3.747931085630422,-1.5,Amber,Medium,110
INIT-0051,Cartridges Initiative 6,Industrial,Cartridges,North America,PMM_04,Medium,Growth,2025Q2,Month3,699607.43,721212.5,95,94.7,25,66.4,31.4,90.0,Low,1.031,0.997,0.722,0.664,0.628,0.8,0.878,0.86,3.088170461540116,-0.29999999999999716,Amber,Medium,129
INIT-0051,Cartridges Initiative 6,Industrial,Cartridges,North America,PMM_04,Medium,Growth,2025Q3,Month1,764638.33,822031.47,95,94.4,13,95.5,24.0,81.3,Low,1.075,0.994,0.856,0.955,0.48,0.626,0.909,0.925,7.505919824866747,-0.5999999999999943,Green,Low,80
INIT-0051,Cartridges Initiative 6,Industrial,Cartridges,North America,PMM_04,Medium,Growth,2025Q3,Month2,775648.12,765557.16,95,97.0,31,73.6,33.8,79.4,Low,0.987,1.021,0.656,0.736,0.676,0.588,0.848,0.838,-1.3009713734624875,2.0,Amber,Medium,156
INIT-0051,Cartridges Initiative 6,Industrial,Cartridges,North America,PMM_04,Medium,Growth,2025Q3,Month3,741826.25,717064.82,95,91.4,25,100.0,31.3,96.9,Low,0.967,0.962,0.722,1.0,0.626,0.938,0.895,0.842,-3.337901563876993,-3.5999999999999943,Amber,Medium,106
INIT-0051,Cartridges Initiative 6,Industrial,Cartridges,North America,PMM_04,Medium,Growth,2025Q4,Month1,881696.94,944143.43,95,94.0,15,89.4,29.2,81.8,Low,1.071,0.989,0.833,0.894,0.584,0.636,0.909,0.911,7.082534504429619,-1.0,Green,Low,80
INIT-0051,Cartridges Initiative 6,Industrial,Cartridges,North America,PMM_04,Medium,Growth,2025Q4,Month2,916844.37,944895.79,95,93.4,25,72.8,36.4,91.9,Low,1.031,0.983,0.722,0.728,0.728,0.838,0.895,0.853,3.0595617880055306,-1.5999999999999943,Amber,Medium,102
INIT-0051,Cartridges Initiative 6,Industrial,Cartridges,North America,PMM_04,Medium,Growth,2025Q4,Month3,881934.08,886024.26,95,92.1,30,75.2,26.3,87.7,Low,1.005,0.969,0.667,0.752,0.526,0.754,0.849,0.818,0.463773891128014,-2.9000000000000057,Amber,Medium,157
INIT-0052,Gas Filters Initiative 7,Industrial,Gas Filters,EMEA,PMM_07,High,Growth,2024Q1,Month1,296540.11,293703.83,95,91.7,16,66.6,26.2,88.8,Low,0.99,0.965,0.822,0.666,0.524,0.776,0.86,0.894,-0.9564574586554143,-3.299999999999997,Amber,Medium,147
INIT-0052,Gas Filters Initiative 7,Industrial,Gas Filters,EMEA,PMM_07,High,Growth,2024Q1,Month2,325440.75,323979.28,95,91.6,18,79.6,31.0,78.7,Low,0.996,0.964,0.8,0.796,0.62,0.574,0.86,0.882,-0.44907406340477396,-3.4000000000000057,Amber,Medium,144
INIT-0052,Gas Filters Initiative 7,Industrial,Gas Filters,EMEA,PMM_07,High,Growth,2024Q1,Month3,302287.75,320920.06,95,90.2,26,94.2,27.7,101.1,Low,1.062,0.949,0.711,0.942,0.554,0.978,0.916,0.83,6.1637661466599285,-4.799999999999997,Green,Low,66
INIT-0052,Gas Filters Initiative 7,Industrial,Gas Filters,EMEA,PMM_07,High,Growth,2024Q2,Month1,355715.65,379153.46,95,93.4,18,79.8,29.2,90.0,Low,1.066,0.983,0.8,0.798,0.584,0.8,0.908,0.892,6.588917299534051,-1.5999999999999943,Green,Low,71
INIT-0052,Gas Filters Initiative 7,Industrial,Gas Filters,EMEA,PMM_07,High,Growth,2024Q2,Month2,357604.91,346256.19,95,94.6,17,64.0,24.7,89.2,Low,0.968,0.996,0.811,0.64,0.494,0.784,0.852,0.903,-3.1735358443484385,-0.4000000000000057,Amber,Medium,154
INIT-0052,Gas Filters Initiative 7,Industrial,Gas Filters,EMEA,PMM_07,High,Growth,2024Q2,Month3,362125.13,370434.29,95,91.8,16,85.3,27.6,79.1,Low,1.023,0.966,0.822,0.853,0.552,0.582,0.873,0.894,2.2945549235978113,-3.200000000000003,Amber,Medium,131
INIT-0052,Gas Filters Initiative 7,Industrial,Gas Filters,EMEA,PMM_07,High,Growth,2024Q3,Month1,429518.55,456624.25,95,90.9,33,89.5,33.8,100.4,Low,1.063,0.957,0.633,0.895,0.676,0.992,0.915,0.795,6.310716964377909,-4.099999999999994,Green,Low,74
INIT-0052,Gas Filters Initiative 7,Industrial,Gas Filters,EMEA,PMM_07,High,Growth,2024Q3,Month2,411942.11,440972.48,95,96.1,15,81.5,26.8,98.9,Low,1.07,1.012,0.833,0.815,0.536,0.978,0.935,0.922,7.047196510208678,1.0999999999999943,Green,Low,41
INIT-0052,Gas Filters Initiative 7,Industrial,Gas Filters,EMEA,PMM_07,High,Growth,2024Q3,Month3,415401.75,426560.1,95,93.7,24,74.7,29.6,93.2,Low,1.027,0.986,0.733,0.747,0.592,0.864,0.887,0.86,2.6861586404005227,-1.2999999999999972,Amber,Medium,121
INIT-0052,Gas Filters Initiative 7,Industrial,Gas Filters,EMEA,PMM_07,High,Growth,2024Q4,Month1,493950.67,484707.6,95,92.5,27,82.7,29.2,99.6,Low,0.981,0.974,0.7,0.827,0.584,0.992,0.883,0.837,-1.871253661828216,-2.5,Amber,Medium,118
INIT-0052,Gas Filters Initiative 7,Industrial,Gas Filters,EMEA,PMM_07,High,Growth,2024Q4,Month2,483769.16,471748.39,95,96.0,27,72.6,30.6,91.0,Low,0.975,1.011,0.7,0.726,0.612,0.82,0.864,0.855,-2.484815278427414,1.0,Amber,Medium,146
INIT-0052,Gas Filters Initiative 7,Industrial,Gas Filters,EMEA,PMM_07,High,Growth,2024Q4,Month3,465670.88,458908.98,95,94.9,19,90.2,32.5,97.2,Low,0.985,0.999,0.789,0.902,0.65,0.944,0.913,0.894,-1.4520770549363156,-0.09999999999999432,Green,Low,71
INIT-0052,Gas Filters Initiative 7,Industrial,Gas Filters,EMEA,PMM_07,High,Growth,2025Q1,Month1,579344.95,555573.47,95,91.8,27,72.4,28.9,91.5,Low,0.959,0.966,0.7,0.724,0.578,0.83,0.847,0.833,-4.103165135037422,-3.200000000000003,Amber,Medium,155
INIT-0052,Gas Filters Initiative 7,Industrial,Gas Filters,EMEA,PMM_07,High,Growth,2025Q1,Month2,562303.74,563890.56,95,93.4,29,84.9,31.1,85.0,Low,1.003,0.983,0.678,0.849,0.622,0.7,0.866,0.83,0.2821997947230558,-1.5999999999999943,Amber,Medium,133
INIT-0052,Gas Filters Initiative 7,Industrial,Gas Filters,EMEA,PMM_07,High,Growth,2025Q1,Month3,590451.23,595419.64,95,96.9,17,62.5,28.5,85.3,Low,1.008,1.02,0.811,0.625,0.57,0.706,0.869,0.916,0.8414598441940806,1.9000000000000057,Amber,Medium,132
INIT-0052,Gas Filters Initiative 7,Industrial,Gas Filters,EMEA,PMM_07,High,Growth,2025Q2,Month1,634466.34,605498.12,95,95.0,22,75.3,30.4,75.2,Low,0.954,1.0,0.756,0.753,0.608,0.504,0.834,0.878,-4.565761518570074,0.0,Amber,Medium,166
INIT-0052,Gas Filters Initiative 7,Industrial,Gas Filters,EMEA,PMM_07,High,Growth,2025Q2,Month2,651372.25,700602.44,95,91.9,11,77.4,31.6,105.1,Low,1.076,0.967,0.878,0.774,0.632,0.898,0.932,0.923,7.5579194538913725,-3.0999999999999943,Green,Low,27
INIT-0052,Gas Filters Initiative 7,Industrial,Gas Filters,EMEA,PMM_07,High,Growth,2025Q2,Month3,630893.92,626377.02,95,90.4,10,81.2,34.4,80.1,Low,0.993,0.952,0.889,0.812,0.688,0.602,0.881,0.92,-0.7159523743706427,-4.599999999999994,Amber,Medium,126
INIT-0052,Gas Filters Initiative 7,Industrial,Gas Filters,EMEA,PMM_07,High,Growth,2025Q3,Month1,748281.52,721105.02,95,96.3,9,85.4,33.2,99.0,Low,0.964,1.014,0.9,0.854,0.664,0.98,0.925,0.957,-3.631855026968994,1.2999999999999972,Green,Low,52
INIT-0052,Gas Filters Initiative 7,Industrial,Gas Filters,EMEA,PMM_07,High,Growth,2025Q3,Month2,754224.35,747351.32,95,91.5,22,87.0,32.6,96.3,Low,0.991,0.963,0.756,0.87,0.652,0.926,0.898,0.859,-0.9112712948077091,-3.5,Amber,Medium,103
INIT-0052,Gas Filters Initiative 7,Industrial,Gas Filters,EMEA,PMM_07,High,Growth,2025Q3,Month3,773949.01,742490.32,95,96.9,21,76.7,28.8,106.1,Low,0.959,1.02,0.767,0.767,0.576,0.878,0.877,0.893,-4.064698008981246,1.9000000000000057,Amber,Medium,125
INIT-0052,Gas Filters Initiative 7,Industrial,Gas Filters,EMEA,PMM_07,High,Growth,2025Q4,Month1,878691.4,858686.41,95,93.6,34,66.1,29.8,88.4,Low,0.977,0.985,0.622,0.661,0.596,0.768,0.835,0.804,-2.276679844596179,-1.4000000000000057,Amber,Medium,163
INIT-0052,Gas Filters Initiative 7,Industrial,Gas Filters,EMEA,PMM_07,High,Growth,2025Q4,Month2,850951.59,853014.17,95,96.1,19,92.3,26.1,102.9,Low,1.002,1.012,0.789,0.923,0.522,0.942,0.91,0.9,0.24238511617330366,1.0999999999999943,Green,Low,78
INIT-0052,Gas Filters Initiative 7,Industrial,Gas Filters,EMEA,PMM_07,High,Growth,2025Q4,Month3,879064.3,923751.62,95,93.6,8,91.4,27.0,82.5,Low,1.051,0.985,0.911,0.914,0.54,0.65,0.912,0.948,5.083509818337515,-1.4000000000000057,Green,Low,77
INIT-0053,Cartridges Initiative 8,Industrial,Cartridges,APAC,PMM_20,Medium,Growth,2024Q1,Month1,272354.75,265975.98,95,88.6,33,76.0,29.4,88.6,Medium,0.977,0.933,0.633,0.76,0.588,0.772,0.835,0.783,-2.3420814213814953,-6.400000000000006,Amber,Medium,165
INIT-0053,Cartridges Initiative 8,Industrial,Cartridges,APAC,PMM_20,Medium,Growth,2024Q1,Month2,271121.5,286891.37,95,90.1,35,81.9,31.6,83.8,Low,1.058,0.948,0.611,0.819,0.632,0.676,0.864,0.78,5.8165324402528,-4.900000000000006,Amber,Medium,139
INIT-0053,Cartridges Initiative 8,Industrial,Cartridges,APAC,PMM_20,Medium,Growth,2024Q1,Month3,269336.38,287458.75,95,89.2,29,82.0,24.0,85.1,Low,1.067,0.939,0.678,0.82,0.48,0.702,0.863,0.808,6.728526610478687,-5.799999999999997,Amber,Medium,140
INIT-0053,Cartridges Initiative 8,Industrial,Cartridges,APAC,PMM_20,Medium,Growth,2024Q2,Month1,317543.86,324853.27,95,94.5,31,77.7,30.9,92.5,Low,1.023,0.995,0.656,0.777,0.618,0.85,0.88,0.825,2.3018583952465757,-0.5,Amber,Medium,123
INIT-0053,Cartridges Initiative 8,Industrial,Cartridges,APAC,PMM_20,Medium,Growth,2024Q2,Month2,315185.84,307598.45,95,87.6,34,95.6,32.6,82.2,Medium,0.976,0.922,0.622,0.956,0.652,0.644,0.845,0.772,-2.407275022253542,-7.400000000000006,Amber,Medium,159
INIT-0053,Cartridges Initiative 8,Industrial,Cartridges,APAC,PMM_20,Medium,Growth,2024Q2,Month3,315122.48,313771.41,95,92.0,27,87.5,28.9,87.2,Low,0.996,0.968,0.7,0.875,0.578,0.744,0.867,0.834,-0.42874440439793665,-3.0,Amber,Medium,140
INIT-0053,Cartridges Initiative 8,Industrial,Cartridges,APAC,PMM_20,Medium,Growth,2024Q3,Month1,358269.15,364222.27,95,91.2,31,81.7,30.7,92.4,Low,1.017,0.96,0.656,0.817,0.614,0.848,0.874,0.808,1.6616334395523575,-3.799999999999997,Amber,Medium,133
INIT-0053,Cartridges Initiative 8,Industrial,Cartridges,APAC,PMM_20,Medium,Growth,2024Q3,Month2,354668.61,382948.13,95,89.1,31,78.7,32.3,87.9,Low,1.08,0.938,0.656,0.787,0.646,0.758,0.883,0.797,7.97350518276766,-5.900000000000006,Amber,Medium,127
INIT-0053,Cartridges Initiative 8,Industrial,Cartridges,APAC,PMM_20,Medium,Growth,2024Q3,Month3,357058.72,370209.69,95,87.5,35,72.3,24.9,91.9,Low,1.037,0.921,0.611,0.723,0.498,0.838,0.845,0.766,3.683139288686195,-7.5,Amber,Medium,164
INIT-0053,Cartridges Initiative 8,Industrial,Cartridges,APAC,PMM_20,Medium,Growth,2024Q4,Month1,414495.24,444571.17,95,90.2,26,68.5,31.4,102.2,Low,1.073,0.949,0.711,0.685,0.628,0.956,0.899,0.83,7.256037487909389,-4.799999999999997,Amber,Medium,95
INIT-0053,Cartridges Initiative 8,Industrial,Cartridges,APAC,PMM_20,Medium,Growth,2024Q4,Month2,407684.07,388947.85,95,92.3,19,77.0,33.2,84.5,Low,0.954,0.972,0.789,0.77,0.664,0.69,0.859,0.88,-4.595769464330561,-2.700000000000003,Amber,Medium,149
INIT-0053,Cartridges Initiative 8,Industrial,Cartridges,APAC,PMM_20,Medium,Growth,2024Q4,Month3,440079.0,456312.4,95,89.2,36,70.4,26.1,80.9,Low,1.037,0.939,0.6,0.704,0.522,0.618,0.825,0.769,3.68874679318941,-5.799999999999997,Amber,Medium,169
INIT-0053,Cartridges Initiative 8,Industrial,Cartridges,APAC,PMM_20,Medium,Growth,2025Q1,Month1,500821.61,513520.21,95,93.4,39,86.3,29.2,84.4,Low,1.025,0.983,0.567,0.863,0.584,0.688,0.854,0.775,2.535553527732167,-1.5999999999999943,Amber,Medium,147
INIT-0053,Cartridges Initiative 8,Industrial,Cartridges,APAC,PMM_20,Medium,Growth,2025Q1,Month2,488310.67,479821.88,95,91.5,38,68.6,26.8,97.0,Medium,0.983,0.963,0.578,0.686,0.536,0.94,0.839,0.77,-1.7383994496782098,-3.5,Amber,Medium,161
INIT-0053,Cartridges Initiative 8,Industrial,Cartridges,APAC,PMM_20,Medium,Growth,2025Q1,Month3,519696.64,544997.46,95,90.6,33,73.8,27.7,97.9,Low,1.049,0.954,0.633,0.738,0.554,0.958,0.878,0.794,4.868382447113753,-4.400000000000006,Amber,Medium,117
INIT-0053,Cartridges Initiative 8,Industrial,Cartridges,APAC,PMM_20,Medium,Growth,2025Q2,Month1,599007.78,623117.54,95,89.6,36,62.6,28.5,93.0,Low,1.04,0.943,0.6,0.626,0.57,0.86,0.848,0.772,4.024949392143122,-5.400000000000006,Amber,Medium,156
INIT-0053,Cartridges Initiative 8,Industrial,Cartridges,APAC,PMM_20,Medium,Growth,2025Q2,Month2,590331.62,585214.7,95,90.1,40,73.6,31.9,99.0,Medium,0.991,0.948,0.556,0.736,0.638,0.98,0.855,0.752,-0.866787382996703,-4.900000000000006,Amber,Medium,152
INIT-0053,Cartridges Initiative 8,Industrial,Cartridges,APAC,PMM_20,Medium,Growth,2025Q2,Month3,572589.66,576180.17,95,90.8,17,72.9,31.3,86.0,Low,1.006,0.956,0.811,0.729,0.626,0.72,0.873,0.883,0.6270651132610409,-4.200000000000003,Amber,Medium,139
INIT-0053,Cartridges Initiative 8,Industrial,Cartridges,APAC,PMM_20,Medium,Growth,2025Q3,Month1,628287.92,601656.78,95,90.9,35,86.7,33.7,94.8,Medium,0.958,0.957,0.611,0.867,0.674,0.896,0.862,0.784,-4.238684073378335,-4.099999999999994,Amber,Medium,143
INIT-0053,Cartridges Initiative 8,Industrial,Cartridges,APAC,PMM_20,Medium,Growth,2025Q3,Month2,671707.07,639789.36,95,94.4,18,68.9,27.0,90.8,Low,0.952,0.994,0.8,0.689,0.54,0.816,0.857,0.897,-4.751730542303204,-0.5999999999999943,Amber,Medium,146
INIT-0053,Cartridges Initiative 8,Industrial,Cartridges,APAC,PMM_20,Medium,Growth,2025Q3,Month3,675942.58,665161.84,95,87.7,18,80.4,26.4,84.5,Low,0.984,0.923,0.8,0.804,0.528,0.69,0.851,0.862,-1.5949194974519865,-7.299999999999997,Amber,Medium,153
INIT-0053,Cartridges Initiative 8,Industrial,Cartridges,APAC,PMM_20,Medium,Growth,2025Q4,Month1,760792.18,773195.01,95,90.8,23,72.5,29.5,84.1,Low,1.016,0.956,0.744,0.725,0.59,0.682,0.858,0.85,1.6302520354507268,-4.200000000000003,Amber,Medium,151
INIT-0053,Cartridges Initiative 8,Industrial,Cartridges,APAC,PMM_20,Medium,Growth,2025Q4,Month2,794512.88,795354.21,95,91.2,17,95.1,26.8,90.8,Low,1.001,0.96,0.811,0.951,0.536,0.816,0.894,0.886,0.10589255645546718,-3.799999999999997,Amber,Medium,105
INIT-0053,Cartridges Initiative 8,Industrial,Cartridges,APAC,PMM_20,Medium,Growth,2025Q4,Month3,757515.32,756253.59,95,87.7,25,77.4,30.9,91.6,Low,0.998,0.923,0.722,0.774,0.618,0.832,0.865,0.823,-0.16656164788851816,-7.299999999999997,Amber,Medium,142
INIT-0054,Membranes Initiative 9,Industrial,Membranes,North America,PMM_08,Low,Launch,2024Q1,Month1,290950.8,274545.99,95,88.5,65,51.9,32.9,84.2,Medium,0.944,0.932,0.278,0.519,0.658,0.684,0.744,0.605,-5.638345039779921,-6.5,Red,High,225
INIT-0054,Membranes Initiative 9,Industrial,Membranes,North America,PMM_08,Low,Launch,2024Q1,Month2,265843.3,235909.6,95,90.5,20,39.8,29.6,91.8,Medium,0.887,0.953,0.778,0.398,0.592,0.836,0.8,0.865,-11.259903860657758,-4.5,Amber,Medium,192
INIT-0054,Membranes Initiative 9,Industrial,Membranes,North America,PMM_08,Low,Launch,2024Q1,Month3,270067.4,245431.32,95,89.9,41,45.9,32.8,100.0,Medium,0.909,0.946,0.544,0.459,0.656,1.0,0.801,0.745,-9.122196903439665,-5.099999999999994,Amber,Medium,191
INIT-0054,Membranes Initiative 9,Industrial,Membranes,North America,PMM_08,Low,Launch,2024Q2,Month1,307809.6,288583.61,95,92.6,46,53.7,31.0,81.6,Medium,0.938,0.975,0.489,0.537,0.62,0.632,0.775,0.732,-6.246065749736198,-2.4000000000000057,Amber,Medium,208
INIT-0054,Membranes Initiative 9,Industrial,Membranes,North America,PMM_08,Low,Launch,2024Q2,Month2,310334.56,272579.01,95,87.0,45,53.2,27.4,95.7,Medium,0.878,0.916,0.5,0.532,0.548,0.914,0.765,0.708,-12.16607973021116,-8.0,Amber,Medium,219
INIT-0054,Membranes Initiative 9,Industrial,Membranes,North America,PMM_08,Low,Launch,2024Q2,Month3,306294.01,262588.8,95,92.0,40,52.9,28.9,79.0,Medium,0.857,0.968,0.556,0.529,0.578,0.58,0.746,0.762,-14.269038431407791,-3.0,Red,High,229
INIT-0054,Membranes Initiative 9,Industrial,Membranes,North America,PMM_08,Low,Launch,2024Q3,Month1,324629.92,297293.49,95,89.6,23,35.5,28.2,89.6,Medium,0.916,0.943,0.744,0.355,0.564,0.792,0.792,0.844,-8.420798058293578,-5.400000000000006,Amber,Medium,198
INIT-0054,Membranes Initiative 9,Industrial,Membranes,North America,PMM_08,Low,Launch,2024Q3,Month2,354564.09,311900.25,95,90.0,34,57.5,28.9,86.6,Medium,0.88,0.947,0.622,0.575,0.578,0.732,0.779,0.785,-12.032758308942123,-5.0,Amber,Medium,209
INIT-0054,Membranes Initiative 9,Industrial,Membranes,North America,PMM_08,Low,Launch,2024Q3,Month3,354456.36,331923.43,95,90.8,43,52.2,29.8,90.2,Medium,0.936,0.956,0.522,0.522,0.596,0.804,0.789,0.739,-6.357039269940026,-4.200000000000003,Amber,Medium,201
INIT-0054,Membranes Initiative 9,Industrial,Membranes,North America,PMM_08,Low,Launch,2024Q4,Month1,351149.66,319804.71,95,87.4,59,57.4,29.5,79.6,Medium,0.911,0.92,0.344,0.574,0.59,0.592,0.73,0.632,-8.926379139880117,-7.599999999999994,Red,High,233
INIT-0054,Membranes Initiative 9,Industrial,Membranes,North America,PMM_08,Low,Launch,2024Q4,Month2,370909.42,308361.59,95,85.0,58,67.5,26.4,83.7,Medium,0.831,0.895,0.356,0.675,0.528,0.674,0.711,0.625,-16.863370577107467,-10.0,Red,High,238
INIT-0054,Membranes Initiative 9,Industrial,Membranes,North America,PMM_08,Low,Launch,2024Q4,Month3,381845.09,321367.74,95,84.4,22,61.7,25.5,93.8,Medium,0.842,0.888,0.756,0.617,0.51,0.876,0.786,0.822,-15.838189774811568,-10.599999999999994,Amber,Medium,193
INIT-0054,Membranes Initiative 9,Industrial,Membranes,North America,PMM_08,Low,Launch,2025Q1,Month1,415258.27,388700.68,95,92.0,32,65.9,23.7,82.4,Medium,0.936,0.968,0.644,0.659,0.474,0.648,0.796,0.806,-6.395439156455578,-3.0,Amber,Medium,192
INIT-0054,Membranes Initiative 9,Industrial,Membranes,North America,PMM_08,Low,Launch,2025Q1,Month2,392085.65,352995.43,95,87.7,29,57.7,32.8,100.9,Medium,0.9,0.923,0.678,0.577,0.656,0.982,0.823,0.8,-9.969816543910758,-7.299999999999997,Amber,Medium,177
INIT-0054,Membranes Initiative 9,Industrial,Membranes,North America,PMM_08,Low,Launch,2025Q1,Month3,414472.94,371551.55,95,92.1,62,53.7,28.3,97.6,Medium,0.896,0.969,0.311,0.537,0.566,0.952,0.76,0.64,-10.355655546535804,-2.9000000000000057,Amber,Medium,223
INIT-0054,Membranes Initiative 9,Industrial,Membranes,North America,PMM_08,Low,Launch,2025Q2,Month1,425258.83,355217.26,95,89.9,51,51.5,32.7,61.9,Medium,0.835,0.946,0.433,0.515,0.654,0.238,0.687,0.69,-16.470338781677974,-5.099999999999994,Red,High,240
INIT-0054,Membranes Initiative 9,Industrial,Membranes,North America,PMM_08,Low,Launch,2025Q2,Month2,437370.82,410986.34,95,83.1,21,62.3,34.1,84.1,Medium,0.94,0.875,0.767,0.623,0.682,0.682,0.818,0.821,-6.032519499128904,-11.900000000000006,Amber,Medium,176
INIT-0054,Membranes Initiative 9,Industrial,Membranes,North America,PMM_08,Low,Launch,2025Q2,Month3,441178.94,405540.95,95,92.7,55,51.6,31.9,99.2,Medium,0.919,0.976,0.389,0.516,0.638,0.984,0.789,0.682,-8.077899185305624,-2.299999999999997,Amber,Medium,188
INIT-0054,Membranes Initiative 9,Industrial,Membranes,North America,PMM_08,Low,Launch,2025Q3,Month1,455442.93,434919.76,95,85.6,34,48.8,33.5,86.8,Medium,0.955,0.901,0.622,0.488,0.67,0.736,0.797,0.762,-4.506200151136386,-9.400000000000006,Amber,Medium,191
INIT-0054,Membranes Initiative 9,Industrial,Membranes,North America,PMM_08,Low,Launch,2025Q3,Month2,469733.9,431751.51,95,89.8,43,42.9,30.6,90.2,Medium,0.919,0.945,0.522,0.429,0.612,0.804,0.774,0.734,-8.085937591474664,-5.200000000000003,Amber,Medium,209
INIT-0054,Membranes Initiative 9,Industrial,Membranes,North America,PMM_08,Low,Launch,2025Q3,Month3,462138.09,418601.02,95,87.5,69,72.2,31.6,91.0,Medium,0.906,0.921,0.233,0.722,0.632,0.82,0.754,0.577,-9.420792386968149,-7.5,Amber,Medium,219
INIT-0054,Membranes Initiative 9,Industrial,Membranes,North America,PMM_08,Low,Launch,2025Q4,Month1,509126.58,426200.26,95,86.2,39,67.2,25.4,87.7,Medium,0.837,0.907,0.567,0.672,0.508,0.754,0.753,0.737,-16.287957309162685,-8.799999999999997,Amber,Medium,218
INIT-0054,Membranes Initiative 9,Industrial,Membranes,North America,PMM_08,Low,Launch,2025Q4,Month2,526657.67,440040.32,95,87.8,23,42.5,31.1,92.9,Medium,0.836,0.924,0.744,0.425,0.622,0.858,0.779,0.834,-16.44661322410818,-7.200000000000003,Amber,Medium,201
INIT-0054,Membranes Initiative 9,Industrial,Membranes,North America,PMM_08,Low,Launch,2025Q4,Month3,508920.46,437738.93,95,91.6,38,56.5,31.2,84.2,Medium,0.86,0.964,0.578,0.565,0.624,0.684,0.768,0.771,-13.986769170176421,-3.4000000000000057,Amber,Medium,208
INIT-0055,Cartridges Initiative 10,Industrial,Cartridges,EMEA,PMM_14,Medium,Growth,2024Q1,Month1,122174.14,121387.87,95,93.6,27,78.8,33.4,96.5,Low,0.994,0.985,0.7,0.788,0.668,0.93,0.888,0.843,-0.6435649966515042,-1.4000000000000057,Amber,Medium,104
INIT-0055,Cartridges Initiative 10,Industrial,Cartridges,EMEA,PMM_14,Medium,Growth,2024Q1,Month2,117175.15,124611.49,95,93.4,12,78.3,30.2,103.5,Low,1.063,0.983,0.867,0.783,0.604,0.93,0.931,0.925,6.346345620210439,-1.5999999999999943,Green,Low,39
INIT-0055,Cartridges Initiative 10,Industrial,Cartridges,EMEA,PMM_14,Medium,Growth,2024Q1,Month3,114906.46,122943.93,95,91.5,30,74.1,27.6,93.0,Low,1.07,0.963,0.667,0.741,0.552,0.86,0.882,0.815,6.9947938523212585,-3.5,Amber,Medium,114
INIT-0055,Cartridges Initiative 10,Industrial,Cartridges,EMEA,PMM_14,Medium,Growth,2024Q2,Month1,142338.27,136844.78,95,96.6,10,75.3,30.6,93.5,Low,0.961,1.017,0.889,0.753,0.612,0.87,0.897,0.953,-3.859460986844923,1.5999999999999943,Amber,Medium,93
INIT-0055,Cartridges Initiative 10,Industrial,Cartridges,EMEA,PMM_14,Medium,Growth,2024Q2,Month2,145078.97,141926.42,95,95.6,10,76.0,31.4,104.8,Low,0.978,1.006,0.889,0.76,0.628,0.904,0.906,0.948,-2.172988959047606,0.5999999999999943,Green,Low,76
INIT-0055,Cartridges Initiative 10,Industrial,Cartridges,EMEA,PMM_14,Medium,Growth,2024Q2,Month3,137528.27,131817.42,95,95.7,32,69.9,23.6,90.4,Low,0.958,1.007,0.644,0.699,0.472,0.808,0.832,0.826,-4.152491702251455,0.7000000000000028,Amber,Medium,167
INIT-0055,Cartridges Initiative 10,Industrial,Cartridges,EMEA,PMM_14,Medium,Growth,2024Q3,Month1,167597.06,162378.36,95,96.4,30,82.4,32.4,96.9,Low,0.969,1.015,0.667,0.824,0.648,0.938,0.883,0.841,-3.113837438437173,1.4000000000000057,Amber,Medium,126
INIT-0055,Cartridges Initiative 10,Industrial,Cartridges,EMEA,PMM_14,Medium,Growth,2024Q3,Month2,154640.54,155653.04,95,95.8,15,82.9,27.2,99.4,Low,1.007,1.008,0.833,0.829,0.544,0.988,0.915,0.921,0.6547442216639957,0.7999999999999972,Green,Low,73
INIT-0055,Cartridges Initiative 10,Industrial,Cartridges,EMEA,PMM_14,Medium,Growth,2024Q3,Month3,154278.3,160169.69,95,92.5,11,68.1,27.4,92.2,Low,1.038,0.974,0.878,0.681,0.548,0.844,0.897,0.926,3.8186770271645556,-2.5,Amber,Medium,103
INIT-0055,Cartridges Initiative 10,Industrial,Cartridges,EMEA,PMM_14,Medium,Growth,2024Q4,Month1,194786.97,210338.28,95,93.0,24,54.0,25.6,84.6,Low,1.08,0.979,0.733,0.54,0.512,0.692,0.858,0.856,7.983752712001217,-2.0,Amber,Medium,150
INIT-0055,Cartridges Initiative 10,Industrial,Cartridges,EMEA,PMM_14,Medium,Growth,2024Q4,Month2,196613.87,210139.62,95,97.0,34,88.9,26.7,80.4,Low,1.069,1.021,0.622,0.889,0.534,0.608,0.875,0.822,6.879346813121577,2.0,Amber,Medium,131
INIT-0055,Cartridges Initiative 10,Industrial,Cartridges,EMEA,PMM_14,Medium,Growth,2024Q4,Month3,183591.93,187159.72,95,90.8,10,60.1,28.3,88.3,Low,1.019,0.956,0.889,0.601,0.566,0.766,0.875,0.922,1.9433261581813581,-4.200000000000003,Amber,Medium,133
INIT-0055,Cartridges Initiative 10,Industrial,Cartridges,EMEA,PMM_14,Medium,Growth,2025Q1,Month1,214890.8,217104.71,95,91.9,34,78.7,29.6,101.4,Low,1.01,0.967,0.622,0.787,0.592,0.972,0.876,0.795,1.0302488519750514,-3.0999999999999943,Amber,Medium,121
INIT-0055,Cartridges Initiative 10,Industrial,Cartridges,EMEA,PMM_14,Medium,Growth,2025Q1,Month2,210101.34,223215.81,95,94.0,19,64.9,25.4,110.0,Low,1.062,0.989,0.789,0.649,0.508,0.8,0.884,0.889,6.241973516208893,-1.0,Amber,Medium,106
INIT-0055,Cartridges Initiative 10,Industrial,Cartridges,EMEA,PMM_14,Medium,Growth,2025Q1,Month3,225244.58,218327.35,95,93.9,30,82.8,30.4,100.5,Low,0.969,0.988,0.667,0.828,0.608,0.99,0.88,0.828,-3.0709862141854787,-1.0999999999999943,Amber,Medium,113
INIT-0055,Cartridges Initiative 10,Industrial,Cartridges,EMEA,PMM_14,Medium,Growth,2025Q2,Month1,245967.21,242261.61,95,92.9,32,80.9,27.3,95.0,Low,0.985,0.978,0.644,0.809,0.546,0.9,0.862,0.811,-1.5065422744763441,-2.0999999999999943,Amber,Medium,148
INIT-0055,Cartridges Initiative 10,Industrial,Cartridges,EMEA,PMM_14,Medium,Growth,2025Q2,Month2,241840.65,233555.32,95,95.4,19,77.8,33.4,106.1,Low,0.966,1.004,0.789,0.778,0.668,0.878,0.89,0.897,-3.4259459689675773,0.4000000000000057,Amber,Medium,103
INIT-0055,Cartridges Initiative 10,Industrial,Cartridges,EMEA,PMM_14,Medium,Growth,2025Q2,Month3,239230.68,231220.59,95,91.3,34,96.3,30.9,87.3,Medium,0.967,0.961,0.622,0.963,0.618,0.746,0.857,0.792,-3.3482703807053498,-3.700000000000003,Amber,Medium,151
INIT-0055,Cartridges Initiative 10,Industrial,Cartridges,EMEA,PMM_14,Medium,Growth,2025Q3,Month1,267480.1,282106.51,95,93.3,28,84.1,28.9,104.3,Low,1.055,0.982,0.689,0.841,0.578,0.914,0.902,0.835,5.468223617383138,-1.7000000000000028,Green,Low,96
INIT-0055,Cartridges Initiative 10,Industrial,Cartridges,EMEA,PMM_14,Medium,Growth,2025Q3,Month2,275250.36,290616.69,95,92.2,27,75.6,30.3,83.9,Low,1.056,0.971,0.7,0.756,0.606,0.678,0.873,0.835,5.582673897320249,-2.799999999999997,Amber,Medium,133
INIT-0055,Cartridges Initiative 10,Industrial,Cartridges,EMEA,PMM_14,Medium,Growth,2025Q3,Month3,282514.71,289804.45,95,95.2,8,71.8,29.3,92.2,Low,1.026,1.002,0.911,0.718,0.586,0.844,0.911,0.957,2.5803045795385273,0.20000000000000284,Green,Low,78
INIT-0055,Cartridges Initiative 10,Industrial,Cartridges,EMEA,PMM_14,Medium,Growth,2025Q4,Month1,315329.43,317260.25,95,96.1,15,84.8,26.0,97.9,Low,1.006,1.012,0.833,0.848,0.52,0.958,0.912,0.922,0.6123183617843748,1.0999999999999943,Green,Low,75
INIT-0055,Cartridges Initiative 10,Industrial,Cartridges,EMEA,PMM_14,Medium,Growth,2025Q4,Month2,291965.59,296888.63,95,90.1,24,75.3,31.0,81.6,Low,1.017,0.948,0.733,0.753,0.62,0.632,0.856,0.841,1.6861713053240208,-4.900000000000006,Amber,Medium,152
INIT-0055,Cartridges Initiative 10,Industrial,Cartridges,EMEA,PMM_14,Medium,Growth,2025Q4,Month3,299700.71,310684.74,95,96.8,19,72.6,25.0,106.9,Low,1.037,1.019,0.789,0.726,0.5,0.862,0.894,0.904,3.6649996591599567,1.7999999999999972,Amber,Medium,106
INIT-0056,Membranes Initiative 11,Industrial,Membranes,APAC,PMM_17,Medium,Mature,2024Q1,Month1,226882.43,224149.61,95,92.7,9,67.8,27.1,97.7,Low,0.988,0.976,0.9,0.678,0.542,0.954,0.893,0.938,-1.204509313480117,-2.299999999999997,Amber,Medium,101
INIT-0056,Membranes Initiative 11,Industrial,Membranes,APAC,PMM_17,Medium,Mature,2024Q1,Month2,222877.29,219111.72,95,94.7,18,81.0,28.8,104.4,Low,0.983,0.997,0.8,0.81,0.576,0.912,0.893,0.898,-1.6895261064956448,-0.29999999999999716,Amber,Medium,102
INIT-0056,Membranes Initiative 11,Industrial,Membranes,APAC,PMM_17,Medium,Mature,2024Q1,Month3,222446.55,222573.82,95,96.1,15,76.5,27.4,98.6,Low,1.001,1.012,0.833,0.765,0.548,0.972,0.906,0.922,0.05721374415562689,1.0999999999999943,Green,Low,79
INIT-0056,Membranes Initiative 11,Industrial,Membranes,APAC,PMM_17,Medium,Mature,2024Q2,Month1,228132.87,236381.54,95,92.8,18,79.7,31.8,87.0,Low,1.036,0.977,0.8,0.797,0.636,0.74,0.895,0.888,3.6157306047129523,-2.200000000000003,Amber,Medium,99
INIT-0056,Membranes Initiative 11,Industrial,Membranes,APAC,PMM_17,Medium,Mature,2024Q2,Month2,220514.83,223159.26,95,96.3,23,88.3,31.2,88.5,Low,1.012,1.014,0.744,0.883,0.624,0.77,0.896,0.879,1.1992073276885833,1.2999999999999972,Amber,Medium,95
INIT-0056,Membranes Initiative 11,Industrial,Membranes,APAC,PMM_17,Medium,Mature,2024Q2,Month3,223926.56,232642.32,95,94.5,20,75.4,31.6,74.4,Low,1.039,0.995,0.778,0.754,0.632,0.488,0.867,0.886,3.892240384526074,-0.5,Amber,Medium,141
INIT-0056,Membranes Initiative 11,Industrial,Membranes,APAC,PMM_17,Medium,Mature,2024Q3,Month1,241271.71,244147.26,95,96.6,17,89.1,31.3,90.5,Low,1.012,1.017,0.811,0.891,0.626,0.81,0.912,0.914,1.191830571433351,1.5999999999999943,Green,Low,77
INIT-0056,Membranes Initiative 11,Industrial,Membranes,APAC,PMM_17,Medium,Mature,2024Q3,Month2,233902.11,230364.75,95,96.5,21,96.6,33.2,99.9,Low,0.985,1.016,0.767,0.966,0.664,0.998,0.926,0.891,-1.5123249636354226,1.5,Green,Low,51
INIT-0056,Membranes Initiative 11,Industrial,Membranes,APAC,PMM_17,Medium,Mature,2024Q3,Month3,230882.29,234914.77,95,95.4,22,71.2,28.7,94.9,Low,1.017,1.004,0.756,0.712,0.574,0.898,0.889,0.88,1.7465523232639373,0.4000000000000057,Amber,Medium,117
INIT-0056,Membranes Initiative 11,Industrial,Membranes,APAC,PMM_17,Medium,Mature,2024Q4,Month1,228908.74,225856.44,95,92.6,13,71.1,36.0,85.6,Low,0.987,0.975,0.856,0.711,0.72,0.712,0.883,0.915,-1.3334134817220122,-2.4000000000000057,Amber,Medium,119
INIT-0056,Membranes Initiative 11,Industrial,Membranes,APAC,PMM_17,Medium,Mature,2024Q4,Month2,231856.38,228943.42,95,93.8,13,75.6,25.2,110.0,Low,0.987,0.987,0.856,0.756,0.504,0.8,0.877,0.921,-1.256363961172857,-1.2000000000000028,Amber,Medium,126
INIT-0056,Membranes Initiative 11,Industrial,Membranes,APAC,PMM_17,Medium,Mature,2024Q4,Month3,236864.92,245982.4,95,95.4,24,69.3,32.3,97.7,Low,1.038,1.004,0.733,0.693,0.646,0.954,0.904,0.869,3.849231874437118,0.4000000000000057,Green,Low,90
INIT-0056,Membranes Initiative 11,Industrial,Membranes,APAC,PMM_17,Medium,Mature,2025Q1,Month1,232208.36,239498.38,95,92.2,20,84.4,28.6,87.7,Low,1.031,0.971,0.778,0.844,0.572,0.754,0.889,0.874,3.1394304666722674,-2.799999999999997,Amber,Medium,98
INIT-0056,Membranes Initiative 11,Industrial,Membranes,APAC,PMM_17,Medium,Mature,2025Q1,Month2,224457.58,226034.72,95,96.2,21,84.4,31.5,110.0,Low,1.007,1.013,0.767,0.844,0.63,0.8,0.897,0.89,0.7026450164881997,1.2000000000000028,Amber,Medium,85
INIT-0056,Membranes Initiative 11,Industrial,Membranes,APAC,PMM_17,Medium,Mature,2025Q1,Month3,239539.41,237085.98,95,95.7,16,69.6,29.5,84.9,Low,0.99,1.007,0.822,0.696,0.59,0.698,0.87,0.915,-1.0242281217942355,0.7000000000000028,Amber,Medium,130
INIT-0056,Membranes Initiative 11,Industrial,Membranes,APAC,PMM_17,Medium,Mature,2025Q2,Month1,227141.86,227642.36,95,96.8,16,77.7,31.1,78.3,Low,1.002,1.019,0.822,0.777,0.622,0.566,0.874,0.921,0.2203468792586272,1.7999999999999972,Amber,Medium,135
INIT-0056,Membranes Initiative 11,Industrial,Membranes,APAC,PMM_17,Medium,Mature,2025Q2,Month2,238388.47,234325.74,95,96.3,17,73.5,32.8,94.1,Low,0.983,1.014,0.811,0.735,0.656,0.882,0.896,0.912,-1.704247692851928,1.2999999999999972,Amber,Medium,89
INIT-0056,Membranes Initiative 11,Industrial,Membranes,APAC,PMM_17,Medium,Mature,2025Q2,Month3,229952.6,237041.91,95,93.0,15,72.8,30.4,93.4,Low,1.031,0.979,0.833,0.728,0.608,0.868,0.902,0.906,3.082944050208607,-2.0,Green,Low,77
INIT-0056,Membranes Initiative 11,Industrial,Membranes,APAC,PMM_17,Medium,Mature,2025Q3,Month1,236685.8,242628.5,95,95.1,9,74.9,32.8,90.1,Low,1.025,1.001,0.9,0.749,0.656,0.802,0.915,0.951,2.510797014438556,0.09999999999999432,Green,Low,73
INIT-0056,Membranes Initiative 11,Industrial,Membranes,APAC,PMM_17,Medium,Mature,2025Q3,Month2,236189.18,238095.74,95,92.8,16,89.8,24.3,103.3,Low,1.008,0.977,0.822,0.898,0.486,0.934,0.903,0.9,0.807217333156412,-2.200000000000003,Green,Low,93
INIT-0056,Membranes Initiative 11,Industrial,Membranes,APAC,PMM_17,Medium,Mature,2025Q3,Month3,236851.41,234604.51,95,97.8,13,83.0,32.5,88.7,Low,0.991,1.029,0.856,0.83,0.65,0.774,0.906,0.943,-0.9486538416638493,2.799999999999997,Green,Low,83
INIT-0056,Membranes Initiative 11,Industrial,Membranes,APAC,PMM_17,Medium,Mature,2025Q4,Month1,262302.17,262044.25,95,94.4,15,77.2,33.5,99.6,Low,0.999,0.994,0.833,0.772,0.67,0.992,0.917,0.914,-0.09832934283387122,-0.5999999999999943,Green,Low,66
INIT-0056,Membranes Initiative 11,Industrial,Membranes,APAC,PMM_17,Medium,Mature,2025Q4,Month2,239755.66,241128.28,95,93.4,14,75.0,30.7,95.5,Low,1.006,0.983,0.844,0.75,0.614,0.91,0.903,0.914,0.5725078607111905,-1.5999999999999943,Green,Low,91
INIT-0056,Membranes Initiative 11,Industrial,Membranes,APAC,PMM_17,Medium,Mature,2025Q4,Month3,244219.93,251596.01,95,93.0,20,74.8,33.6,83.9,Low,1.03,0.979,0.778,0.748,0.672,0.678,0.883,0.878,3.020261286619817,-2.0,Amber,Medium,119
INIT-0057,Gas Filters Initiative 12,Industrial,Gas Filters,APAC,PMM_12,Medium,Launch,2024Q1,Month1,269452.59,257078.94,95,82.9,62,65.4,30.4,79.4,Medium,0.954,0.873,0.311,0.654,0.608,0.588,0.74,0.592,-4.592143649463537,-12.099999999999994,Red,High,228
INIT-0057,Gas Filters Initiative 12,Industrial,Gas Filters,APAC,PMM_12,Medium,Launch,2024Q1,Month2,280373.84,237631.02,95,86.2,30,57.6,34.4,97.7,Medium,0.848,0.907,0.667,0.576,0.688,0.954,0.8,0.787,-15.244938686148476,-8.799999999999997,Amber,Medium,193
INIT-0057,Gas Filters Initiative 12,Industrial,Gas Filters,APAC,PMM_12,Medium,Launch,2024Q1,Month3,284228.08,239431.38,95,87.8,41,67.4,32.2,92.5,Medium,0.842,0.924,0.544,0.674,0.644,0.85,0.778,0.734,-15.760828416390108,-7.200000000000003,Amber,Medium,208
INIT-0057,Gas Filters Initiative 12,Industrial,Gas Filters,APAC,PMM_12,Medium,Launch,2024Q2,Month1,296113.66,266646.65,95,80.8,67,71.7,35.5,99.9,Medium,0.9,0.851,0.256,0.717,0.71,0.998,0.766,0.553,-9.951249800498887,-14.200000000000003,Amber,Medium,217
INIT-0057,Gas Filters Initiative 12,Industrial,Gas Filters,APAC,PMM_12,Medium,Launch,2024Q2,Month2,310818.93,272338.17,95,84.0,43,51.0,24.1,83.1,Medium,0.876,0.884,0.522,0.51,0.482,0.662,0.727,0.703,-12.380442851405482,-11.0,Red,High,235
INIT-0057,Gas Filters Initiative 12,Industrial,Gas Filters,APAC,PMM_12,Medium,Launch,2024Q2,Month3,311631.16,287123.8,95,84.6,37,52.3,29.6,92.4,Medium,0.921,0.891,0.589,0.523,0.592,0.848,0.785,0.74,-7.864219996485584,-10.400000000000006,Amber,Medium,198
INIT-0057,Gas Filters Initiative 12,Industrial,Gas Filters,APAC,PMM_12,Medium,Launch,2024Q3,Month1,325232.63,270075.23,95,84.7,50,39.0,28.8,97.8,Medium,0.83,0.892,0.444,0.39,0.576,0.956,0.728,0.668,-16.959368437293644,-10.299999999999997,Red,High,232
INIT-0057,Gas Filters Initiative 12,Industrial,Gas Filters,APAC,PMM_12,Medium,Launch,2024Q3,Month2,332309.31,301174.29,95,83.9,61,68.4,32.1,89.7,Medium,0.906,0.883,0.322,0.684,0.642,0.794,0.754,0.603,-9.369289112002315,-11.099999999999994,Amber,Medium,223
INIT-0057,Gas Filters Initiative 12,Industrial,Gas Filters,APAC,PMM_12,Medium,Launch,2024Q3,Month3,308929.03,264652.26,95,84.6,42,73.0,28.0,98.2,Medium,0.857,0.891,0.533,0.73,0.56,0.964,0.783,0.712,-14.332343580659938,-10.400000000000006,Amber,Medium,205
INIT-0057,Gas Filters Initiative 12,Industrial,Gas Filters,APAC,PMM_12,Medium,Launch,2024Q4,Month1,364362.08,346339.56,95,89.7,77,50.4,27.9,82.3,Medium,0.951,0.944,0.144,0.504,0.558,0.646,0.714,0.544,-4.946321527201738,-5.299999999999997,Red,High,237
INIT-0057,Gas Filters Initiative 12,Industrial,Gas Filters,APAC,PMM_12,Medium,Launch,2024Q4,Month2,356868.32,330602.67,95,85.1,75,51.6,31.0,93.8,Medium,0.926,0.896,0.167,0.516,0.62,0.876,0.73,0.531,-7.360039691951369,-9.900000000000006,Red,High,234
INIT-0057,Gas Filters Initiative 12,Industrial,Gas Filters,APAC,PMM_12,Medium,Launch,2024Q4,Month3,338543.19,309373.26,95,85.8,50,34.2,25.7,100.4,Medium,0.914,0.903,0.444,0.342,0.514,0.992,0.752,0.674,-8.6163097831033,-9.200000000000003,Amber,Medium,224
INIT-0057,Gas Filters Initiative 12,Industrial,Gas Filters,APAC,PMM_12,Medium,Launch,2025Q1,Month1,383878.24,347454.32,95,89.0,52,56.9,27.4,104.1,Medium,0.905,0.937,0.422,0.569,0.548,0.918,0.771,0.68,-9.488404448243793,-6.0,Amber,Medium,215
INIT-0057,Gas Filters Initiative 12,Industrial,Gas Filters,APAC,PMM_12,Medium,Launch,2025Q1,Month2,359109.37,295890.7,95,84.4,49,52.4,32.7,100.8,Medium,0.824,0.888,0.456,0.524,0.654,0.984,0.751,0.672,-17.60429420151303,-10.599999999999994,Amber,Medium,230
INIT-0057,Gas Filters Initiative 12,Industrial,Gas Filters,APAC,PMM_12,Medium,Launch,2025Q1,Month3,367033.88,335569.83,95,90.6,78,44.2,29.0,103.7,Medium,0.914,0.954,0.133,0.442,0.58,0.926,0.726,0.544,-8.572519245362304,-4.400000000000006,Red,High,238
INIT-0057,Gas Filters Initiative 12,Industrial,Gas Filters,APAC,PMM_12,Medium,Launch,2025Q2,Month1,389822.29,340223.37,95,83.3,42,40.9,23.8,98.4,Medium,0.873,0.877,0.533,0.409,0.476,0.968,0.746,0.705,-12.723469455787145,-11.700000000000003,Red,High,225
INIT-0057,Gas Filters Initiative 12,Industrial,Gas Filters,APAC,PMM_12,Medium,Launch,2025Q2,Month2,395185.22,370388.42,95,89.9,74,68.8,30.2,101.4,Medium,0.937,0.946,0.178,0.688,0.604,0.972,0.77,0.562,-6.274728594353804,-5.099999999999994,Amber,Medium,203
INIT-0057,Gas Filters Initiative 12,Industrial,Gas Filters,APAC,PMM_12,Medium,Launch,2025Q2,Month3,401334.32,333177.92,95,85.8,63,56.8,33.3,95.8,High,0.83,0.903,0.3,0.568,0.666,0.916,0.731,0.602,-16.98244994347855,-9.200000000000003,Red,High,232
INIT-0057,Gas Filters Initiative 12,Industrial,Gas Filters,APAC,PMM_12,Medium,Launch,2025Q3,Month1,438295.97,417159.7,95,81.1,30,54.3,33.6,81.5,Medium,0.952,0.854,0.667,0.543,0.672,0.63,0.788,0.76,-4.822373794584505,-13.900000000000006,Amber,Medium,199
INIT-0057,Gas Filters Initiative 12,Industrial,Gas Filters,APAC,PMM_12,Medium,Launch,2025Q3,Month2,427871.95,351609.32,95,90.6,49,55.1,26.3,86.6,Medium,0.822,0.954,0.456,0.551,0.526,0.732,0.728,0.705,-17.823704031077522,-4.400000000000006,Red,High,230
INIT-0057,Gas Filters Initiative 12,Industrial,Gas Filters,APAC,PMM_12,Medium,Launch,2025Q3,Month3,426114.04,380523.42,95,85.3,34,50.5,21.3,86.7,Medium,0.893,0.898,0.622,0.505,0.426,0.734,0.752,0.76,-10.699159314253057,-9.700000000000003,Amber,Medium,221
INIT-0057,Gas Filters Initiative 12,Industrial,Gas Filters,APAC,PMM_12,Medium,Launch,2025Q4,Month1,431080.07,359538.07,95,80.2,49,58.0,23.7,90.5,Medium,0.834,0.844,0.456,0.58,0.474,0.81,0.715,0.65,-16.595988768397483,-14.799999999999997,Red,High,238
INIT-0057,Gas Filters Initiative 12,Industrial,Gas Filters,APAC,PMM_12,Medium,Launch,2025Q4,Month2,431398.85,390886.52,95,86.7,73,50.2,29.4,92.7,Medium,0.906,0.913,0.189,0.502,0.588,0.854,0.722,0.551,-9.39092211302834,-8.299999999999997,Red,High,234
INIT-0057,Gas Filters Initiative 12,Industrial,Gas Filters,APAC,PMM_12,Medium,Launch,2025Q4,Month3,455565.39,436835.0,95,85.0,35,50.9,30.8,86.8,Medium,0.959,0.895,0.611,0.509,0.616,0.736,0.792,0.753,-4.11146026698824,-10.0,Amber,Medium,189
INIT-0058,Membranes Initiative 13,Industrial,Membranes,North America,PMM_06,High,Mature,2024Q1,Month1,107168.32,108465.53,95,97.5,4,61.4,32.6,102.8,Low,1.012,1.026,0.956,0.614,0.652,0.944,0.924,0.991,1.210441667836159,2.5,Green,Low,49
INIT-0058,Membranes Initiative 13,Industrial,Membranes,North America,PMM_06,High,Mature,2024Q1,Month2,108993.43,108396.73,95,100.1,4,100.0,28.9,105.1,Low,0.995,1.054,0.956,1.0,0.578,0.898,0.95,1.005,-0.547464191190237,5.099999999999994,Green,Low,18
INIT-0058,Membranes Initiative 13,Industrial,Membranes,North America,PMM_06,High,Mature,2024Q1,Month3,101022.83,102932.4,95,97.0,1,81.3,29.0,95.5,Low,1.019,1.021,0.989,0.813,0.58,0.91,0.939,1.005,1.890236098117616,2.0,Green,Low,30
INIT-0058,Membranes Initiative 13,Industrial,Membranes,North America,PMM_06,High,Mature,2024Q2,Month1,112184.14,111380.38,95,97.0,2,89.8,33.0,85.8,Low,0.993,1.021,0.978,0.898,0.66,0.716,0.926,0.999,-0.7164649120633226,2.0,Green,Low,45
INIT-0058,Membranes Initiative 13,Industrial,Membranes,North America,PMM_06,High,Mature,2024Q2,Month2,113484.19,113799.76,95,98.0,5,95.1,26.1,90.4,Low,1.003,1.032,0.944,0.951,0.522,0.808,0.927,0.988,0.2780739766481943,3.0,Green,Low,42
INIT-0058,Membranes Initiative 13,Industrial,Membranes,North America,PMM_06,High,Mature,2024Q2,Month3,115893.01,117741.57,95,98.5,10,80.8,31.7,90.8,Low,1.016,1.037,0.889,0.808,0.634,0.816,0.922,0.963,1.5950573723126291,3.5,Green,Low,53
INIT-0058,Membranes Initiative 13,Industrial,Membranes,North America,PMM_06,High,Mature,2024Q3,Month1,111619.01,111221.58,95,98.8,11,85.7,34.5,83.1,Low,0.996,1.04,0.878,0.857,0.69,0.662,0.909,0.959,-0.3560594203442523,3.799999999999997,Green,Low,82
INIT-0058,Membranes Initiative 13,Industrial,Membranes,North America,PMM_06,High,Mature,2024Q3,Month2,111271.8,111848.11,95,98.5,4,91.5,31.4,91.5,Low,1.005,1.037,0.956,0.915,0.628,0.83,0.94,0.996,0.5179299696778498,3.5,Green,Low,34
INIT-0058,Membranes Initiative 13,Industrial,Membranes,North America,PMM_06,High,Mature,2024Q3,Month3,109303.99,112299.41,95,99.0,7,82.5,26.3,91.0,Low,1.027,1.042,0.922,0.825,0.526,0.82,0.923,0.982,2.7404489076748235,4.0,Green,Low,56
INIT-0058,Membranes Initiative 13,Industrial,Membranes,North America,PMM_06,High,Mature,2024Q4,Month1,109393.85,108518.81,95,99.0,6,81.5,32.9,88.6,Low,0.992,1.042,0.933,0.815,0.658,0.772,0.92,0.988,-0.79989871459868,4.0,Green,Low,60
INIT-0058,Membranes Initiative 13,Industrial,Membranes,North America,PMM_06,High,Mature,2024Q4,Month2,117941.57,121329.09,95,99.2,1,83.6,26.7,88.5,Low,1.029,1.044,0.989,0.836,0.534,0.77,0.931,1.017,2.8722018877652635,4.200000000000003,Green,Low,35
INIT-0058,Membranes Initiative 13,Industrial,Membranes,North America,PMM_06,High,Mature,2024Q4,Month3,110961.59,111362.68,95,98.4,3,84.2,29.7,103.7,Low,1.004,1.036,0.967,0.842,0.594,0.926,0.94,1.001,0.3614674230965837,3.4000000000000057,Green,Low,20
INIT-0058,Membranes Initiative 13,Industrial,Membranes,North America,PMM_06,High,Mature,2025Q1,Month1,116328.58,114352.48,95,97.4,3,80.8,29.1,81.3,Low,0.983,1.025,0.967,0.808,0.582,0.626,0.896,0.996,-1.6987227042572046,2.4000000000000057,Amber,Medium,89
INIT-0058,Membranes Initiative 13,Industrial,Membranes,North America,PMM_06,High,Mature,2025Q1,Month2,121121.38,121387.87,95,96.1,2,69.1,30.6,94.6,Low,1.002,1.012,0.978,0.691,0.612,0.892,0.919,0.995,0.22001895949335343,1.0999999999999943,Green,Low,45
INIT-0058,Membranes Initiative 13,Industrial,Membranes,North America,PMM_06,High,Mature,2025Q1,Month3,112020.89,113980.69,95,98.4,0,74.4,30.7,94.8,Low,1.017,1.036,1.0,0.744,0.614,0.896,0.939,1.018,1.7494951164912214,3.4000000000000057,Green,Low,22
INIT-0058,Membranes Initiative 13,Industrial,Membranes,North America,PMM_06,High,Mature,2025Q2,Month1,113356.83,117608.95,95,99.2,3,61.5,31.2,93.3,Low,1.038,1.044,0.967,0.615,0.624,0.866,0.927,1.005,3.751092898416439,4.200000000000003,Green,Low,36
INIT-0058,Membranes Initiative 13,Industrial,Membranes,North America,PMM_06,High,Mature,2025Q2,Month2,121072.37,121424.78,95,99.9,6,80.7,25.0,109.5,Low,1.003,1.052,0.933,0.807,0.5,0.81,0.913,0.992,0.2910738428594431,4.900000000000006,Green,Low,59
INIT-0058,Membranes Initiative 13,Industrial,Membranes,North America,PMM_06,High,Mature,2025Q2,Month3,116788.58,115762.28,95,98.5,11,83.2,27.8,94.9,Low,0.991,1.037,0.878,0.832,0.556,0.898,0.915,0.957,-0.8787674274316916,3.5,Green,Low,57
INIT-0058,Membranes Initiative 13,Industrial,Membranes,North America,PMM_06,High,Mature,2025Q3,Month1,119533.16,118166.55,95,96.7,11,79.8,27.1,87.3,Low,0.989,1.018,0.878,0.798,0.542,0.746,0.89,0.948,-1.1432894436991379,1.7000000000000028,Amber,Medium,116
INIT-0058,Membranes Initiative 13,Industrial,Membranes,North America,PMM_06,High,Mature,2025Q3,Month2,124433.02,126914.27,95,97.6,8,90.5,25.0,108.2,Low,1.02,1.027,0.911,0.905,0.5,0.836,0.923,0.969,1.9940446675649277,2.5999999999999943,Green,Low,56
INIT-0058,Membranes Initiative 13,Industrial,Membranes,North America,PMM_06,High,Mature,2025Q3,Month3,119427.66,121709.69,95,97.9,10,76.8,28.0,80.9,Low,1.019,1.031,0.889,0.768,0.56,0.618,0.891,0.96,1.9108052523175945,2.9000000000000057,Amber,Medium,113
INIT-0058,Membranes Initiative 13,Industrial,Membranes,North America,PMM_06,High,Mature,2025Q4,Month1,122172.97,124233.37,95,97.9,11,63.3,28.7,89.5,Low,1.017,1.031,0.878,0.633,0.574,0.79,0.893,0.954,1.6864614161381148,2.9000000000000057,Amber,Medium,107
INIT-0058,Membranes Initiative 13,Industrial,Membranes,North America,PMM_06,High,Mature,2025Q4,Month2,118461.72,116394.74,95,98.2,11,92.5,29.4,110.0,Low,0.983,1.034,0.878,0.925,0.588,0.8,0.914,0.956,-1.7448505728263914,3.200000000000003,Green,Low,72
INIT-0058,Membranes Initiative 13,Industrial,Membranes,North America,PMM_06,High,Mature,2025Q4,Month3,128245.59,127422.23,95,98.4,3,66.2,24.9,87.2,Low,0.994,1.036,0.967,0.662,0.498,0.744,0.89,1.001,-0.642018177779057,3.4000000000000057,Amber,Medium,110
INIT-0059,Gas Filters Initiative 14,Industrial,Gas Filters,APAC,PMM_03,High,Launch,2024Q1,Month1,152415.11,129507.51,95,86.3,50,32.6,33.1,86.8,Medium,0.85,0.908,0.444,0.326,0.662,0.736,0.718,0.676,-15.029743442103605,-8.700000000000003,Red,High,235
INIT-0059,Gas Filters Initiative 14,Industrial,Gas Filters,APAC,PMM_03,High,Launch,2024Q1,Month2,150953.02,141810.64,95,89.6,64,54.0,27.5,97.5,Medium,0.939,0.943,0.289,0.54,0.55,0.95,0.765,0.616,-6.056440606488016,-5.400000000000006,Amber,Medium,214
INIT-0059,Gas Filters Initiative 14,Industrial,Gas Filters,APAC,PMM_03,High,Launch,2024Q1,Month3,150020.84,129810.01,95,81.3,36,46.4,28.8,96.4,Medium,0.865,0.856,0.6,0.464,0.576,0.928,0.761,0.728,-13.472014954722292,-13.700000000000003,Amber,Medium,218
INIT-0059,Gas Filters Initiative 14,Industrial,Gas Filters,APAC,PMM_03,High,Launch,2024Q2,Month1,172034.58,148439.72,95,88.6,67,75.5,30.3,91.8,Medium,0.863,0.933,0.256,0.755,0.606,0.836,0.747,0.594,-13.715184470470987,-6.400000000000006,Red,High,228
INIT-0059,Gas Filters Initiative 14,Industrial,Gas Filters,APAC,PMM_03,High,Launch,2024Q2,Month2,169128.44,140581.74,95,90.9,78,69.6,30.2,82.5,High,0.831,0.957,0.133,0.696,0.604,0.65,0.697,0.545,-16.878710641450965,-4.099999999999994,Red,High,239
INIT-0059,Gas Filters Initiative 14,Industrial,Gas Filters,APAC,PMM_03,High,Launch,2024Q2,Month3,174468.31,164817.27,95,83.9,30,30.1,31.2,90.2,Medium,0.945,0.883,0.667,0.301,0.624,0.804,0.78,0.775,-5.531686528057736,-11.099999999999994,Amber,Medium,205
INIT-0059,Gas Filters Initiative 14,Industrial,Gas Filters,APAC,PMM_03,High,Launch,2024Q3,Month1,192033.41,162549.06,95,82.7,57,62.4,24.3,78.8,Medium,0.846,0.871,0.367,0.624,0.486,0.576,0.694,0.619,-15.3537605773912,-12.299999999999997,Red,High,239
INIT-0059,Gas Filters Initiative 14,Industrial,Gas Filters,APAC,PMM_03,High,Launch,2024Q3,Month2,177610.06,151986.68,95,85.1,72,39.7,33.3,104.4,High,0.856,0.896,0.2,0.397,0.666,0.912,0.706,0.548,-14.426761637263116,-9.900000000000006,Red,High,237
INIT-0059,Gas Filters Initiative 14,Industrial,Gas Filters,APAC,PMM_03,High,Launch,2024Q3,Month3,185535.08,154759.34,95,82.9,54,64.3,31.1,83.1,Medium,0.834,0.873,0.4,0.643,0.622,0.662,0.719,0.636,-16.587558536100016,-12.099999999999994,Red,High,234
INIT-0059,Gas Filters Initiative 14,Industrial,Gas Filters,APAC,PMM_03,High,Launch,2024Q4,Month1,198559.71,181804.26,95,86.2,74,54.6,33.0,85.5,Medium,0.916,0.907,0.178,0.546,0.66,0.71,0.72,0.543,-8.438494395464208,-8.799999999999997,Red,High,235
INIT-0059,Gas Filters Initiative 14,Industrial,Gas Filters,APAC,PMM_03,High,Launch,2024Q4,Month2,193090.31,182722.74,95,83.7,28,60.4,29.1,95.0,Medium,0.946,0.881,0.689,0.604,0.582,0.9,0.819,0.785,-5.3692854913330486,-11.299999999999997,Amber,Medium,172
INIT-0059,Gas Filters Initiative 14,Industrial,Gas Filters,APAC,PMM_03,High,Launch,2024Q4,Month3,196316.69,164325.96,95,85.7,40,46.4,30.5,84.9,Medium,0.837,0.902,0.556,0.464,0.61,0.698,0.734,0.729,-16.29547136313271,-9.299999999999997,Red,High,231
INIT-0059,Gas Filters Initiative 14,Industrial,Gas Filters,APAC,PMM_03,High,Launch,2025Q1,Month1,198905.48,186548.32,95,81.5,57,46.7,28.0,97.0,Medium,0.938,0.858,0.367,0.467,0.56,0.94,0.752,0.612,-6.212578959614387,-13.5,Amber,Medium,229
INIT-0059,Gas Filters Initiative 14,Industrial,Gas Filters,APAC,PMM_03,High,Launch,2025Q1,Month2,208754.75,189461.2,95,85.2,51,58.6,28.3,106.4,Medium,0.908,0.897,0.433,0.586,0.566,0.872,0.764,0.665,-9.242208859918152,-9.799999999999997,Amber,Medium,220
INIT-0059,Gas Filters Initiative 14,Industrial,Gas Filters,APAC,PMM_03,High,Launch,2025Q1,Month3,206974.06,183359.65,95,86.9,30,61.2,23.0,97.2,Medium,0.886,0.915,0.667,0.612,0.46,0.944,0.795,0.791,-11.409357288541377,-8.099999999999994,Amber,Medium,196
INIT-0059,Gas Filters Initiative 14,Industrial,Gas Filters,APAC,PMM_03,High,Launch,2025Q2,Month1,218203.68,186902.22,95,81.5,62,56.5,30.0,94.6,High,0.857,0.858,0.311,0.565,0.6,0.892,0.724,0.585,-14.345065124474523,-13.5,Red,High,235
INIT-0059,Gas Filters Initiative 14,Industrial,Gas Filters,APAC,PMM_03,High,Launch,2025Q2,Month2,233450.42,212033.46,95,85.6,53,44.3,27.6,97.5,Medium,0.908,0.901,0.411,0.443,0.552,0.95,0.754,0.656,-9.174093582697354,-9.400000000000006,Amber,Medium,220
INIT-0059,Gas Filters Initiative 14,Industrial,Gas Filters,APAC,PMM_03,High,Launch,2025Q2,Month3,227769.2,197039.61,95,88.0,35,52.7,27.3,97.6,Medium,0.865,0.926,0.611,0.527,0.546,0.952,0.782,0.769,-13.491547584133423,-7.0,Amber,Medium,197
INIT-0059,Gas Filters Initiative 14,Industrial,Gas Filters,APAC,PMM_03,High,Launch,2025Q3,Month1,255093.77,229456.18,95,84.2,74,44.9,24.7,88.4,Medium,0.899,0.886,0.178,0.449,0.494,0.768,0.69,0.532,-10.050261125546108,-10.799999999999997,Red,High,240
INIT-0059,Gas Filters Initiative 14,Industrial,Gas Filters,APAC,PMM_03,High,Launch,2025Q3,Month2,252192.4,209252.36,95,90.5,62,50.0,24.6,88.9,Medium,0.83,0.953,0.311,0.5,0.492,0.778,0.705,0.632,-17.026698663401437,-4.5,Red,High,238
INIT-0059,Gas Filters Initiative 14,Industrial,Gas Filters,APAC,PMM_03,High,Launch,2025Q3,Month3,240816.2,214503.6,95,88.3,72,61.4,31.1,102.6,Medium,0.891,0.929,0.2,0.614,0.622,0.948,0.746,0.565,-10.926424385070442,-6.700000000000003,Red,High,226
INIT-0059,Gas Filters Initiative 14,Industrial,Gas Filters,APAC,PMM_03,High,Launch,2025Q4,Month1,263363.27,227802.84,95,90.0,53,30.7,33.6,108.7,Medium,0.865,0.947,0.411,0.307,0.672,0.826,0.734,0.679,-13.50242575587705,-5.0,Red,High,229
INIT-0059,Gas Filters Initiative 14,Industrial,Gas Filters,APAC,PMM_03,High,Launch,2025Q4,Month2,270833.35,250642.17,95,90.2,31,50.6,29.0,99.8,Medium,0.925,0.949,0.656,0.506,0.58,0.996,0.82,0.803,-7.455204464295097,-4.799999999999997,Amber,Medium,173
INIT-0059,Gas Filters Initiative 14,Industrial,Gas Filters,APAC,PMM_03,High,Launch,2025Q4,Month3,267336.65,243155.07,95,83.6,51,53.5,32.1,84.6,Medium,0.91,0.88,0.433,0.535,0.642,0.692,0.746,0.657,-9.045366581798648,-11.400000000000006,Red,High,225
INIT-0060,Cartridges Initiative 15,Industrial,Cartridges,APAC,PMM_06,Medium,Mature,2024Q1,Month1,119789.76,118378.39,95,95.3,24,84.0,28.2,90.7,Low,0.988,1.003,0.733,0.84,0.564,0.814,0.878,0.868,-1.1782058833743347,0.29999999999999716,Amber,Medium,119
INIT-0060,Cartridges Initiative 15,Industrial,Cartridges,APAC,PMM_06,Medium,Mature,2024Q1,Month2,118674.37,118554.71,95,95.1,16,94.9,26.9,93.1,Low,0.999,1.001,0.822,0.949,0.538,0.862,0.908,0.912,-0.10083053316397546,0.09999999999999432,Green,Low,75
INIT-0060,Cartridges Initiative 15,Industrial,Cartridges,APAC,PMM_06,Medium,Mature,2024Q1,Month3,119453.71,120827.88,95,92.6,14,66.6,31.2,105.9,Low,1.012,0.975,0.844,0.666,0.624,0.882,0.893,0.91,1.1503786696955651,-2.4000000000000057,Amber,Medium,103
INIT-0060,Cartridges Initiative 15,Industrial,Cartridges,APAC,PMM_06,Medium,Mature,2024Q2,Month1,120415.95,119581.22,95,94.2,14,78.5,30.2,92.2,Low,0.993,0.992,0.844,0.785,0.604,0.844,0.896,0.918,-0.6932055097352102,-0.7999999999999972,Amber,Medium,98
INIT-0060,Cartridges Initiative 15,Industrial,Cartridges,APAC,PMM_06,Medium,Mature,2024Q2,Month2,129205.15,133992.5,95,94.8,16,86.9,35.3,81.1,Low,1.037,0.998,0.822,0.869,0.706,0.622,0.906,0.91,3.7052315639121245,-0.20000000000000284,Green,Low,78
INIT-0060,Cartridges Initiative 15,Industrial,Cartridges,APAC,PMM_06,Medium,Mature,2024Q2,Month3,128757.57,126914.57,95,94.6,18,77.5,29.1,91.4,Low,0.986,0.996,0.8,0.775,0.582,0.828,0.883,0.898,-1.4313721515558269,-0.4000000000000057,Amber,Medium,119
INIT-0060,Cartridges Initiative 15,Industrial,Cartridges,APAC,PMM_06,Medium,Mature,2024Q3,Month1,119555.41,122854.99,95,93.5,13,75.1,31.2,84.9,Low,1.028,0.984,0.856,0.751,0.624,0.698,0.892,0.92,2.759875107282892,-1.5,Amber,Medium,112
INIT-0060,Cartridges Initiative 15,Industrial,Cartridges,APAC,PMM_06,Medium,Mature,2024Q3,Month2,125084.48,125835.15,95,94.6,12,73.6,31.8,93.4,Low,1.006,0.996,0.867,0.736,0.636,0.868,0.905,0.931,0.600130407865147,-0.4000000000000057,Green,Low,90
INIT-0060,Cartridges Initiative 15,Industrial,Cartridges,APAC,PMM_06,Medium,Mature,2024Q3,Month3,121110.98,122951.3,95,95.1,13,72.1,23.2,82.1,Low,1.015,1.001,0.856,0.721,0.464,0.642,0.867,0.928,1.5195319202272222,0.09999999999999432,Amber,Medium,144
INIT-0060,Cartridges Initiative 15,Industrial,Cartridges,APAC,PMM_06,Medium,Mature,2024Q4,Month1,132667.87,130975.19,95,95.7,18,74.9,30.8,79.0,Low,0.987,1.007,0.8,0.749,0.616,0.58,0.862,0.904,-1.275877874575052,0.7000000000000028,Amber,Medium,148
INIT-0060,Cartridges Initiative 15,Industrial,Cartridges,APAC,PMM_06,Medium,Mature,2024Q4,Month2,133142.21,134113.4,95,93.6,16,82.9,28.4,91.2,Low,1.007,0.985,0.822,0.829,0.568,0.824,0.895,0.904,0.7294380948010419,-1.4000000000000057,Amber,Medium,100
INIT-0060,Cartridges Initiative 15,Industrial,Cartridges,APAC,PMM_06,Medium,Mature,2024Q4,Month3,135125.45,135517.66,95,96.4,18,83.4,28.0,92.7,Low,1.003,1.015,0.8,0.834,0.56,0.854,0.899,0.907,0.2902562026620387,1.4000000000000057,Amber,Medium,96
INIT-0060,Cartridges Initiative 15,Industrial,Cartridges,APAC,PMM_06,Medium,Mature,2025Q1,Month1,127449.03,129432.94,95,97.1,16,94.5,29.5,85.3,Low,1.016,1.022,0.822,0.945,0.59,0.706,0.907,0.922,1.556630128922914,2.0999999999999943,Green,Low,62
INIT-0060,Cartridges Initiative 15,Industrial,Cartridges,APAC,PMM_06,Medium,Mature,2025Q1,Month2,132035.59,130196.21,95,94.1,11,80.3,26.4,88.0,Low,0.986,0.991,0.878,0.803,0.528,0.76,0.884,0.934,-1.3930940892527464,-0.9000000000000057,Amber,Medium,105
INIT-0060,Cartridges Initiative 15,Industrial,Cartridges,APAC,PMM_06,Medium,Mature,2025Q1,Month3,132269.11,131936.63,95,94.5,13,69.4,28.7,95.6,Low,0.997,0.995,0.856,0.694,0.574,0.912,0.894,0.925,-0.2513663243065455,-0.5,Amber,Medium,92
INIT-0060,Cartridges Initiative 15,Industrial,Cartridges,APAC,PMM_06,Medium,Mature,2025Q2,Month1,138754.64,140613.6,95,92.9,18,91.1,29.8,96.5,Low,1.013,0.978,0.8,0.911,0.596,0.93,0.914,0.889,1.3397461879472943,-2.0999999999999943,Green,Low,58
INIT-0060,Cartridges Initiative 15,Industrial,Cartridges,APAC,PMM_06,Medium,Mature,2025Q2,Month2,133125.53,134097.43,95,94.1,9,79.7,29.7,79.7,Low,1.007,0.991,0.9,0.797,0.594,0.594,0.884,0.945,0.7300628211583415,-0.9000000000000057,Amber,Medium,115
INIT-0060,Cartridges Initiative 15,Industrial,Cartridges,APAC,PMM_06,Medium,Mature,2025Q2,Month3,131635.53,131739.14,95,97.1,12,78.9,31.5,101.7,Low,1.001,1.022,0.867,0.789,0.63,0.966,0.923,0.944,0.07870975260251935,2.0999999999999943,Green,Low,41
INIT-0060,Cartridges Initiative 15,Industrial,Cartridges,APAC,PMM_06,Medium,Mature,2025Q3,Month1,131397.32,136437.02,95,94.5,21,93.2,30.3,83.8,Low,1.038,0.995,0.767,0.932,0.606,0.676,0.899,0.881,3.835466355021535,-0.5,Amber,Medium,101
INIT-0060,Cartridges Initiative 15,Industrial,Cartridges,APAC,PMM_06,Medium,Mature,2025Q3,Month2,136365.91,140854.97,95,96.3,15,72.9,30.1,96.2,Low,1.033,1.014,0.833,0.729,0.602,0.924,0.915,0.924,3.291922446013082,1.2999999999999972,Green,Low,72
INIT-0060,Cartridges Initiative 15,Industrial,Cartridges,APAC,PMM_06,Medium,Mature,2025Q3,Month3,135941.63,137680.44,95,97.0,6,89.1,30.0,90.8,Low,1.013,1.021,0.933,0.891,0.6,0.816,0.929,0.977,1.2790857370181583,2.0,Green,Low,41
INIT-0060,Cartridges Initiative 15,Industrial,Cartridges,APAC,PMM_06,Medium,Mature,2025Q4,Month1,137823.57,140524.28,95,93.7,14,75.1,29.7,106.7,Low,1.02,0.986,0.844,0.751,0.594,0.866,0.902,0.915,1.9595414630458285,-1.2999999999999972,Green,Low,93
INIT-0060,Cartridges Initiative 15,Industrial,Cartridges,APAC,PMM_06,Medium,Mature,2025Q4,Month2,133444.0,137772.91,95,95.7,8,74.7,31.7,94.2,Low,1.032,1.007,0.911,0.747,0.634,0.884,0.926,0.959,3.2439899883097056,0.7000000000000028,Green,Low,43
INIT-0060,Cartridges Initiative 15,Industrial,Cartridges,APAC,PMM_06,Medium,Mature,2025Q4,Month3,135448.61,139973.45,95,96.1,20,88.3,27.7,79.2,Low,1.033,1.012,0.778,0.883,0.554,0.584,0.883,0.895,3.3406322885115074,1.0999999999999943,Amber,Medium,120
INIT-0061,Membranes Initiative 16,Industrial,Membranes,APAC,PMM_03,Low,Growth,2024Q1,Month1,248111.45,249458.86,95,93.0,18,63.5,34.9,97.5,Low,1.005,0.979,0.8,0.635,0.698,0.95,0.896,0.889,0.5430664324439578,-2.0,Amber,Medium,97
INIT-0061,Membranes Initiative 16,Industrial,Membranes,APAC,PMM_03,Low,Growth,2024Q1,Month2,252990.68,242770.65,95,93.8,35,59.4,28.2,93.4,Medium,0.96,0.987,0.611,0.594,0.564,0.868,0.828,0.799,-4.03968636314982,-1.2000000000000028,Amber,Medium,170
INIT-0061,Membranes Initiative 16,Industrial,Membranes,APAC,PMM_03,Low,Growth,2024Q1,Month3,244430.15,253607.21,95,93.9,45,75.5,29.4,96.2,Low,1.038,0.988,0.5,0.755,0.588,0.924,0.863,0.744,3.754471369428034,-1.0999999999999943,Amber,Medium,142
INIT-0061,Membranes Initiative 16,Industrial,Membranes,APAC,PMM_03,Low,Growth,2024Q2,Month1,272763.64,289245.35,95,92.6,22,86.9,26.9,90.8,Low,1.06,0.975,0.756,0.869,0.538,0.816,0.902,0.865,6.042487921044008,-2.4000000000000057,Green,Low,87
INIT-0061,Membranes Initiative 16,Industrial,Membranes,APAC,PMM_03,Low,Growth,2024Q2,Month2,270811.57,269326.51,95,93.2,43,83.0,26.8,94.1,Medium,0.995,0.981,0.522,0.83,0.536,0.882,0.847,0.752,-0.5483739117940928,-1.7999999999999972,Amber,Medium,156
INIT-0061,Membranes Initiative 16,Industrial,Membranes,APAC,PMM_03,Low,Growth,2024Q2,Month3,283418.21,278002.3,95,95.6,19,67.6,34.2,98.7,Low,0.981,1.006,0.789,0.676,0.684,0.974,0.896,0.898,-1.9109252013129403,0.5999999999999943,Amber,Medium,94
INIT-0061,Membranes Initiative 16,Industrial,Membranes,APAC,PMM_03,Low,Growth,2024Q3,Month1,321356.88,335696.23,95,89.0,30,77.1,27.8,98.1,Low,1.045,0.937,0.667,0.771,0.556,0.962,0.882,0.802,4.4621263437708185,-6.0,Amber,Medium,128
INIT-0061,Membranes Initiative 16,Industrial,Membranes,APAC,PMM_03,Low,Growth,2024Q3,Month2,305039.41,325821.77,95,91.0,20,75.3,29.2,85.0,Low,1.068,0.958,0.778,0.753,0.584,0.7,0.886,0.868,6.8130081945805125,-4.0,Amber,Medium,122
INIT-0061,Membranes Initiative 16,Industrial,Membranes,APAC,PMM_03,Low,Growth,2024Q3,Month3,331111.61,357163.26,95,93.8,25,76.5,31.5,89.1,Low,1.079,0.987,0.722,0.765,0.63,0.782,0.901,0.855,7.86793613186805,-1.2000000000000028,Green,Low,96
INIT-0061,Membranes Initiative 16,Industrial,Membranes,APAC,PMM_03,Low,Growth,2024Q4,Month1,371183.75,354369.07,95,92.9,33,74.1,30.4,101.5,Medium,0.955,0.978,0.633,0.741,0.608,0.97,0.857,0.806,-4.5300151205433945,-2.0999999999999943,Amber,Medium,154
INIT-0061,Membranes Initiative 16,Industrial,Membranes,APAC,PMM_03,Low,Growth,2024Q4,Month2,363017.44,380096.8,95,94.5,28,77.1,30.0,87.3,Low,1.047,0.995,0.689,0.771,0.6,0.746,0.88,0.842,4.7048318119371855,-0.5,Amber,Medium,122
INIT-0061,Membranes Initiative 16,Industrial,Membranes,APAC,PMM_03,Low,Growth,2024Q4,Month3,359013.8,355037.25,95,91.4,26,70.5,31.3,107.9,Low,0.989,0.962,0.711,0.705,0.626,0.842,0.863,0.837,-1.1076315172285824,-3.5999999999999943,Amber,Medium,147
INIT-0061,Membranes Initiative 16,Industrial,Membranes,APAC,PMM_03,Low,Growth,2025Q1,Month1,425310.52,434083.56,95,92.9,43,75.4,33.5,83.4,Low,1.021,0.978,0.522,0.754,0.67,0.668,0.84,0.75,2.0627375969914827,-2.0999999999999943,Amber,Medium,158
INIT-0061,Membranes Initiative 16,Industrial,Membranes,APAC,PMM_03,Low,Growth,2025Q1,Month2,422208.42,409360.75,95,93.9,33,82.8,28.4,92.7,Low,0.97,0.988,0.633,0.828,0.568,0.854,0.857,0.811,-3.0429686835710155,-1.0999999999999943,Amber,Medium,142
INIT-0061,Membranes Initiative 16,Industrial,Membranes,APAC,PMM_03,Low,Growth,2025Q1,Month3,423309.32,415686.47,95,90.4,23,71.5,32.7,101.8,Low,0.982,0.952,0.744,0.715,0.654,0.964,0.879,0.848,-1.8007753762662337,-4.599999999999994,Amber,Medium,115
INIT-0061,Membranes Initiative 16,Industrial,Membranes,APAC,PMM_03,Low,Growth,2025Q2,Month1,488741.34,489956.01,95,93.6,41,61.3,32.8,83.2,Low,1.002,0.985,0.544,0.613,0.656,0.664,0.823,0.765,0.2485302348272777,-1.4000000000000057,Amber,Medium,173
INIT-0061,Membranes Initiative 16,Industrial,Membranes,APAC,PMM_03,Low,Growth,2025Q2,Month2,473826.21,460585.58,95,91.3,40,83.4,34.3,84.5,Medium,0.972,0.961,0.556,0.834,0.686,0.69,0.837,0.758,-2.7944064132712296,-3.700000000000003,Amber,Medium,164
INIT-0061,Membranes Initiative 16,Industrial,Membranes,APAC,PMM_03,Low,Growth,2025Q2,Month3,508909.47,543452.47,95,93.5,22,69.4,29.5,88.3,Low,1.068,0.984,0.756,0.694,0.59,0.766,0.889,0.87,6.78765124964171,-1.5,Amber,Medium,105
INIT-0061,Membranes Initiative 16,Industrial,Membranes,APAC,PMM_03,Low,Growth,2025Q3,Month1,574317.12,598803.21,95,92.7,38,76.7,28.9,91.6,Low,1.043,0.976,0.578,0.767,0.578,0.832,0.864,0.777,4.263513857988417,-2.299999999999997,Amber,Medium,139
INIT-0061,Membranes Initiative 16,Industrial,Membranes,APAC,PMM_03,Low,Growth,2025Q3,Month2,569005.06,580679.88,95,91.6,33,69.3,31.7,94.1,Low,1.021,0.964,0.633,0.693,0.634,0.882,0.866,0.799,2.05179546206495,-3.4000000000000057,Amber,Medium,137
INIT-0061,Membranes Initiative 16,Industrial,Membranes,APAC,PMM_03,Low,Growth,2025Q3,Month3,556369.3,540956.03,95,90.7,33,89.5,24.3,100.0,Medium,0.972,0.955,0.633,0.895,0.486,1.0,0.864,0.794,-2.770330785684979,-4.299999999999997,Amber,Medium,141
INIT-0061,Membranes Initiative 16,Industrial,Membranes,APAC,PMM_03,Low,Growth,2025Q4,Month1,653665.17,701968.45,95,90.0,20,89.8,30.2,93.4,Low,1.074,0.947,0.778,0.898,0.604,0.868,0.919,0.863,7.389605904809018,-5.0,Green,Low,60
INIT-0061,Membranes Initiative 16,Industrial,Membranes,APAC,PMM_03,Low,Growth,2025Q4,Month2,636582.06,655295.86,95,91.2,44,72.2,24.7,109.9,Low,1.029,0.96,0.511,0.722,0.494,0.802,0.831,0.736,2.9397309751393133,-3.799999999999997,Amber,Medium,166
INIT-0061,Membranes Initiative 16,Industrial,Membranes,APAC,PMM_03,Low,Growth,2025Q4,Month3,619133.49,631450.71,95,92.0,44,56.0,30.6,80.6,Low,1.02,0.968,0.511,0.56,0.612,0.612,0.806,0.74,1.9894288063790528,-3.0,Amber,Medium,180
INIT-0062,Membranes Initiative 17,Industrial,Membranes,EMEA,PMM_02,Medium,Mature,2024Q1,Month1,207358.79,208032.68,95,98.4,7,86.8,36.3,99.4,Low,1.003,1.036,0.922,0.868,0.726,0.988,0.955,0.979,0.32498742879430614,3.4000000000000057,Green,Low,13
INIT-0062,Membranes Initiative 17,Industrial,Membranes,EMEA,PMM_02,Medium,Mature,2024Q1,Month2,217438.65,224167.99,95,98.7,4,59.1,28.7,100.4,Low,1.031,1.039,0.956,0.591,0.574,0.992,0.928,0.997,3.0948223786341558,3.700000000000003,Green,Low,45
INIT-0062,Membranes Initiative 17,Industrial,Membranes,EMEA,PMM_02,Medium,Mature,2024Q1,Month3,200759.91,197720.58,95,97.3,5,82.7,28.0,100.3,Low,0.985,1.024,0.944,0.827,0.56,0.994,0.929,0.984,-1.5139128125729964,2.299999999999997,Green,Low,43
INIT-0062,Membranes Initiative 17,Industrial,Membranes,EMEA,PMM_02,Medium,Mature,2024Q2,Month1,204734.63,207296.31,95,97.0,6,59.7,31.9,82.5,Low,1.013,1.021,0.933,0.597,0.638,0.65,0.887,0.977,1.251219688628149,2.0,Amber,Medium,111
INIT-0062,Membranes Initiative 17,Industrial,Membranes,EMEA,PMM_02,Medium,Mature,2024Q2,Month2,217218.26,215092.56,95,95.3,10,77.6,28.5,100.9,Low,0.99,1.003,0.889,0.776,0.57,0.982,0.913,0.946,-0.9786009702867575,0.29999999999999716,Green,Low,65
INIT-0062,Membranes Initiative 17,Industrial,Membranes,EMEA,PMM_02,Medium,Mature,2024Q2,Month3,215866.96,214644.23,95,96.4,11,65.5,31.6,78.7,Low,0.994,1.015,0.878,0.655,0.632,0.574,0.869,0.946,-0.5664275811360763,1.4000000000000057,Amber,Medium,139
INIT-0062,Membranes Initiative 17,Industrial,Membranes,EMEA,PMM_02,Medium,Mature,2024Q3,Month1,205803.81,207026.46,95,98.4,4,82.9,30.6,98.2,Low,1.006,1.036,0.956,0.829,0.612,0.964,0.943,0.996,0.5940852115419992,3.4000000000000057,Green,Low,29
INIT-0062,Membranes Initiative 17,Industrial,Membranes,EMEA,PMM_02,Medium,Mature,2024Q3,Month2,219729.97,222312.84,95,98.8,8,67.5,25.0,83.6,Low,1.012,1.04,0.911,0.675,0.5,0.672,0.883,0.976,1.175474606399844,3.799999999999997,Amber,Medium,125
INIT-0062,Membranes Initiative 17,Industrial,Membranes,EMEA,PMM_02,Medium,Mature,2024Q3,Month3,208427.19,207668.07,95,97.5,0,58.1,30.2,91.8,Low,0.996,1.026,1.0,0.581,0.604,0.836,0.906,1.013,-0.36421351743982894,2.5,Green,Low,88
INIT-0062,Membranes Initiative 17,Industrial,Membranes,EMEA,PMM_02,Medium,Mature,2024Q4,Month1,227378.58,227563.08,95,98.3,6,79.8,27.5,101.3,Low,1.001,1.035,0.933,0.798,0.55,0.974,0.929,0.984,0.0811422078544074,3.299999999999997,Green,Low,38
INIT-0062,Membranes Initiative 17,Industrial,Membranes,EMEA,PMM_02,Medium,Mature,2024Q4,Month2,222386.1,230730.44,95,97.9,5,73.0,27.1,94.9,Low,1.038,1.031,0.944,0.73,0.542,0.898,0.928,0.987,3.7521859504708237,2.9000000000000057,Green,Low,42
INIT-0062,Membranes Initiative 17,Industrial,Membranes,EMEA,PMM_02,Medium,Mature,2024Q4,Month3,223347.34,226937.46,95,96.3,9,66.3,28.6,83.5,Low,1.016,1.014,0.9,0.663,0.572,0.67,0.884,0.957,1.6074156065615088,1.2999999999999972,Amber,Medium,117
INIT-0062,Membranes Initiative 17,Industrial,Membranes,EMEA,PMM_02,Medium,Mature,2025Q1,Month1,220247.43,227459.15,95,98.2,7,61.9,27.8,93.5,Low,1.033,1.034,0.922,0.619,0.556,0.87,0.911,0.978,3.2743719188914033,3.200000000000003,Green,Low,56
INIT-0062,Membranes Initiative 17,Industrial,Membranes,EMEA,PMM_02,Medium,Mature,2025Q1,Month2,212873.37,209413.23,95,97.2,9,62.3,32.0,94.0,Low,0.984,1.023,0.9,0.623,0.64,0.88,0.898,0.962,-1.6254452118646803,2.200000000000003,Amber,Medium,83
INIT-0062,Membranes Initiative 17,Industrial,Membranes,EMEA,PMM_02,Medium,Mature,2025Q1,Month3,218745.22,215588.88,95,98.4,9,63.1,30.3,102.0,Low,0.986,1.036,0.9,0.631,0.606,0.96,0.907,0.968,-1.4429298157920873,3.4000000000000057,Green,Low,65
INIT-0062,Membranes Initiative 17,Industrial,Membranes,EMEA,PMM_02,Medium,Mature,2025Q2,Month1,230454.32,232264.82,95,97.2,1,79.4,33.4,98.6,Low,1.008,1.023,0.989,0.794,0.668,0.972,0.949,1.006,0.7856220703521636,2.200000000000003,Green,Low,13
INIT-0062,Membranes Initiative 17,Industrial,Membranes,EMEA,PMM_02,Medium,Mature,2025Q2,Month2,218663.72,215645.72,95,95.9,9,77.0,25.8,93.3,Low,0.986,1.009,0.9,0.77,0.516,0.866,0.897,0.955,-1.3802015258864158,0.9000000000000057,Amber,Medium,84
INIT-0062,Membranes Initiative 17,Industrial,Membranes,EMEA,PMM_02,Medium,Mature,2025Q2,Month3,231540.14,239797.49,95,96.4,8,87.7,26.0,82.6,Low,1.036,1.015,0.911,0.877,0.52,0.652,0.907,0.963,3.5662714896864,1.4000000000000057,Green,Low,68
INIT-0062,Membranes Initiative 17,Industrial,Membranes,EMEA,PMM_02,Medium,Mature,2025Q3,Month1,227025.66,235574.32,95,97.6,7,72.4,27.2,101.0,Low,1.038,1.027,0.922,0.724,0.544,0.98,0.932,0.975,3.7655038641887453,2.5999999999999943,Green,Low,37
INIT-0062,Membranes Initiative 17,Industrial,Membranes,EMEA,PMM_02,Medium,Mature,2025Q3,Month2,231013.1,237210.34,95,98.0,7,78.3,29.3,96.0,Low,1.027,1.032,0.922,0.783,0.586,0.92,0.933,0.977,2.682635746630815,3.0,Green,Low,34
INIT-0062,Membranes Initiative 17,Industrial,Membranes,EMEA,PMM_02,Medium,Mature,2025Q3,Month3,227077.12,226737.7,95,96.5,7,84.7,35.5,103.7,Low,0.999,1.016,0.922,0.847,0.71,0.926,0.939,0.969,-0.14947344761109516,1.5,Green,Low,21
INIT-0062,Membranes Initiative 17,Industrial,Membranes,EMEA,PMM_02,Medium,Mature,2025Q4,Month1,231685.52,230677.71,95,97.0,1,54.7,31.1,99.2,Low,0.996,1.021,0.989,0.547,0.622,0.984,0.916,1.005,-0.4349904991904534,2.0,Green,Low,67
INIT-0062,Membranes Initiative 17,Industrial,Membranes,EMEA,PMM_02,Medium,Mature,2025Q4,Month2,222111.37,220744.52,95,97.9,3,82.2,34.0,91.0,Low,0.994,1.031,0.967,0.822,0.68,0.82,0.931,0.999,-0.6153894778101661,2.9000000000000057,Green,Low,34
INIT-0062,Membranes Initiative 17,Industrial,Membranes,EMEA,PMM_02,Medium,Mature,2025Q4,Month3,231110.66,230901.87,95,98.5,3,62.4,26.7,95.2,Low,0.999,1.037,0.967,0.624,0.534,0.904,0.908,1.002,-0.09034200326372144,3.5,Green,Low,82
INIT-0063,Cartridges Initiative 18,Industrial,Cartridges,North America,PMM_16,Medium,Mature,2024Q1,Month1,149770.05,154856.29,95,98.8,8,90.9,32.0,88.2,Low,1.034,1.04,0.911,0.909,0.64,0.764,0.938,0.976,3.3960327849259717,3.799999999999997,Green,Low,33
INIT-0063,Cartridges Initiative 18,Industrial,Cartridges,North America,PMM_16,Medium,Mature,2024Q1,Month2,147205.96,152004.99,95,97.8,3,94.3,33.8,98.7,Low,1.033,1.029,0.967,0.943,0.676,0.974,0.972,0.998,3.26007860007842,2.799999999999997,Green,Low,2
INIT-0063,Cartridges Initiative 18,Industrial,Cartridges,North America,PMM_16,Medium,Mature,2024Q1,Month3,146022.23,151320.17,95,98.2,0,93.2,30.9,103.1,Low,1.036,1.034,1.0,0.932,0.618,0.938,0.968,1.017,3.6281736006908005,3.200000000000003,Green,Low,4
INIT-0063,Cartridges Initiative 18,Industrial,Cartridges,North America,PMM_16,Medium,Mature,2024Q2,Month1,146848.2,148056.16,95,98.3,3,70.2,33.8,81.4,Low,1.008,1.035,0.967,0.702,0.676,0.628,0.905,1.001,0.8225909476588694,3.299999999999997,Green,Low,79
INIT-0063,Cartridges Initiative 18,Industrial,Cartridges,North America,PMM_16,Medium,Mature,2024Q2,Month2,155904.9,161687.2,95,97.2,0,84.8,32.9,92.7,Low,1.037,1.023,1.0,0.848,0.658,0.854,0.954,1.012,3.7088635443786675,2.200000000000003,Green,Low,9
INIT-0063,Cartridges Initiative 18,Industrial,Cartridges,North America,PMM_16,Medium,Mature,2024Q2,Month3,153193.1,158709.33,95,97.7,4,95.8,31.5,99.1,Low,1.036,1.028,0.956,0.958,0.63,0.982,0.969,0.992,3.6008345023372343,2.700000000000003,Green,Low,3
INIT-0063,Cartridges Initiative 18,Industrial,Cartridges,North America,PMM_16,Medium,Mature,2024Q3,Month1,161206.18,159964.7,95,97.9,1,64.1,30.8,89.8,Low,0.992,1.031,0.989,0.641,0.616,0.796,0.907,1.01,-0.7701193589476417,2.9000000000000057,Green,Low,85
INIT-0063,Cartridges Initiative 18,Industrial,Cartridges,North America,PMM_16,Medium,Mature,2024Q3,Month2,155322.11,156797.48,95,96.8,10,83.0,28.4,103.0,Low,1.009,1.019,0.889,0.83,0.568,0.94,0.924,0.954,0.9498776445929202,1.7999999999999972,Green,Low,54
INIT-0063,Cartridges Initiative 18,Industrial,Cartridges,North America,PMM_16,Medium,Mature,2024Q3,Month3,160150.96,164202.12,95,96.7,8,75.4,32.7,101.7,Low,1.025,1.018,0.911,0.754,0.654,0.966,0.936,0.965,2.5295883334074327,1.7000000000000028,Green,Low,40
INIT-0063,Cartridges Initiative 18,Industrial,Cartridges,North America,PMM_16,Medium,Mature,2024Q4,Month1,161161.73,162714.28,95,98.8,6,80.8,30.5,89.1,Low,1.01,1.04,0.933,0.808,0.61,0.782,0.921,0.987,0.9633490531529962,3.799999999999997,Green,Low,57
INIT-0063,Cartridges Initiative 18,Industrial,Cartridges,North America,PMM_16,Medium,Mature,2024Q4,Month2,157385.59,156885.67,95,99.1,0,73.1,26.7,98.1,Low,0.997,1.043,1.0,0.731,0.534,0.962,0.93,1.022,-0.31764026172916066,4.099999999999994,Green,Low,36
INIT-0063,Cartridges Initiative 18,Industrial,Cartridges,North America,PMM_16,Medium,Mature,2024Q4,Month3,157974.58,157042.04,95,98.3,3,90.2,30.9,83.1,Low,0.994,1.035,0.967,0.902,0.618,0.662,0.918,1.001,-0.5903101625590517,3.299999999999997,Green,Low,63
INIT-0063,Cartridges Initiative 18,Industrial,Cartridges,North America,PMM_16,Medium,Mature,2025Q1,Month1,154829.01,152586.51,95,98.4,4,88.7,29.4,85.7,Low,0.986,1.036,0.956,0.887,0.588,0.714,0.914,0.996,-1.448371981452313,3.4000000000000057,Green,Low,50
INIT-0063,Cartridges Initiative 18,Industrial,Cartridges,North America,PMM_16,Medium,Mature,2025Q1,Month2,161868.24,160935.69,95,100.1,2,80.3,29.3,93.9,Low,0.994,1.054,0.978,0.803,0.586,0.878,0.932,1.016,-0.5761167230829151,5.099999999999994,Green,Low,24
INIT-0063,Cartridges Initiative 18,Industrial,Cartridges,North America,PMM_16,Medium,Mature,2025Q1,Month3,153753.56,150990.5,95,97.9,8,84.0,31.6,93.6,Low,0.982,1.031,0.911,0.84,0.632,0.872,0.921,0.971,-1.7970705849022277,2.9000000000000057,Green,Low,41
INIT-0063,Cartridges Initiative 18,Industrial,Cartridges,North America,PMM_16,Medium,Mature,2025Q2,Month1,158227.98,160325.72,95,96.6,1,82.3,30.6,95.7,Low,1.013,1.017,0.989,0.823,0.612,0.914,0.941,1.003,1.325770574837643,1.5999999999999943,Green,Low,16
INIT-0063,Cartridges Initiative 18,Industrial,Cartridges,North America,PMM_16,Medium,Mature,2025Q2,Month2,155299.01,161005.36,95,97.4,3,61.9,37.3,91.0,Low,1.037,1.025,0.967,0.619,0.746,0.82,0.931,0.996,3.674427802211989,2.4000000000000057,Green,Low,29
INIT-0063,Cartridges Initiative 18,Industrial,Cartridges,North America,PMM_16,Medium,Mature,2025Q2,Month3,154498.57,160654.55,95,98.6,2,80.2,33.7,100.3,Low,1.04,1.038,0.978,0.802,0.674,0.994,0.965,1.008,3.9844899535315967,3.5999999999999943,Green,Low,1
INIT-0063,Cartridges Initiative 18,Industrial,Cartridges,North America,PMM_16,Medium,Mature,2025Q3,Month1,163545.91,161091.58,95,97.1,2,61.4,25.5,89.0,Low,0.985,1.022,0.978,0.614,0.51,0.78,0.886,1.0,-1.5006978774339366,2.0999999999999943,Amber,Medium,117
INIT-0063,Cartridges Initiative 18,Industrial,Cartridges,North America,PMM_16,Medium,Mature,2025Q3,Month2,153731.89,158352.36,95,97.5,4,59.3,33.2,91.3,Low,1.03,1.026,0.956,0.593,0.664,0.826,0.917,0.991,3.0055377579758966,2.5,Green,Low,67
INIT-0063,Cartridges Initiative 18,Industrial,Cartridges,North America,PMM_16,Medium,Mature,2025Q3,Month3,150593.4,153712.54,95,99.9,9,89.2,30.5,89.7,Low,1.021,1.052,0.9,0.892,0.61,0.794,0.932,0.976,2.0712328694351902,4.900000000000006,Green,Low,36
INIT-0063,Cartridges Initiative 18,Industrial,Cartridges,North America,PMM_16,Medium,Mature,2025Q4,Month1,166184.21,163385.56,95,96.6,8,70.6,35.0,103.0,Low,0.983,1.017,0.911,0.706,0.7,0.94,0.919,0.964,-1.6840649301158002,1.5999999999999943,Green,Low,61
INIT-0063,Cartridges Initiative 18,Industrial,Cartridges,North America,PMM_16,Medium,Mature,2025Q4,Month2,153650.57,153863.39,95,98.0,8,56.8,33.7,80.3,Low,1.001,1.032,0.911,0.568,0.674,0.606,0.878,0.971,0.13850908590837444,3.0,Amber,Medium,125
INIT-0063,Cartridges Initiative 18,Industrial,Cartridges,North America,PMM_16,Medium,Mature,2025Q4,Month3,160456.23,161058.69,95,100.4,10,74.2,25.5,98.3,Low,1.004,1.057,0.889,0.742,0.51,0.966,0.918,0.973,0.3754668796593263,5.400000000000006,Green,Low,64
INIT-0064,Gas Filters Initiative 19,Industrial,Gas Filters,EMEA,PMM_12,Medium,Growth,2024Q1,Month1,329464.46,346138.74,95,90.9,9,77.3,30.7,98.7,Low,1.051,0.957,0.9,0.773,0.614,0.974,0.93,0.928,5.0610253986120295,-4.099999999999994,Green,Low,40
INIT-0064,Gas Filters Initiative 19,Industrial,Gas Filters,EMEA,PMM_12,Medium,Growth,2024Q1,Month2,329665.74,323254.98,95,90.2,13,76.1,32.3,90.8,Low,0.981,0.949,0.856,0.761,0.646,0.816,0.884,0.903,-1.9446242730591323,-4.799999999999997,Amber,Medium,112
INIT-0064,Gas Filters Initiative 19,Industrial,Gas Filters,EMEA,PMM_12,Medium,Growth,2024Q1,Month3,354222.38,367981.83,95,93.2,29,61.7,33.7,93.3,Low,1.039,0.981,0.678,0.617,0.674,0.866,0.877,0.829,3.884410126768391,-1.7999999999999972,Amber,Medium,123
INIT-0064,Gas Filters Initiative 19,Industrial,Gas Filters,EMEA,PMM_12,Medium,Growth,2024Q2,Month1,378868.5,360833.02,95,96.4,26,72.8,28.9,83.8,Low,0.952,1.015,0.711,0.728,0.578,0.676,0.841,0.863,-4.760353526355446,1.4000000000000057,Amber,Medium,163
INIT-0064,Gas Filters Initiative 19,Industrial,Gas Filters,EMEA,PMM_12,Medium,Growth,2024Q2,Month2,401366.24,427514.12,95,91.6,16,88.4,27.4,102.3,Low,1.065,0.964,0.822,0.884,0.548,0.954,0.928,0.893,6.514718328078615,-3.4000000000000057,Green,Low,41
INIT-0064,Gas Filters Initiative 19,Industrial,Gas Filters,EMEA,PMM_12,Medium,Growth,2024Q2,Month3,413446.92,394578.32,95,92.6,27,79.3,24.3,90.7,Low,0.954,0.975,0.7,0.793,0.486,0.814,0.843,0.837,-4.5637297285949,-2.4000000000000057,Amber,Medium,162
INIT-0064,Gas Filters Initiative 19,Industrial,Gas Filters,EMEA,PMM_12,Medium,Growth,2024Q3,Month1,467354.71,484921.08,95,93.2,15,72.7,30.4,90.2,Low,1.038,0.981,0.833,0.727,0.608,0.804,0.898,0.907,3.758680424981701,-1.7999999999999972,Amber,Medium,102
INIT-0064,Gas Filters Initiative 19,Industrial,Gas Filters,EMEA,PMM_12,Medium,Growth,2024Q3,Month2,465394.67,496741.92,95,90.2,23,88.2,36.9,102.3,Low,1.067,0.949,0.744,0.882,0.738,0.954,0.933,0.847,6.7356272043253105,-4.799999999999997,Green,Low,44
INIT-0064,Gas Filters Initiative 19,Industrial,Gas Filters,EMEA,PMM_12,Medium,Growth,2024Q3,Month3,472113.45,489875.76,95,91.9,12,76.9,27.2,72.9,Low,1.038,0.967,0.867,0.769,0.544,0.458,0.864,0.917,3.762296964850291,-3.0999999999999943,Amber,Medium,147
INIT-0064,Gas Filters Initiative 19,Industrial,Gas Filters,EMEA,PMM_12,Medium,Growth,2024Q4,Month1,514424.25,523460.89,95,92.4,26,76.5,28.4,107.2,Low,1.018,0.973,0.711,0.765,0.568,0.856,0.876,0.842,1.756651246514917,-2.5999999999999943,Amber,Medium,129
INIT-0064,Gas Filters Initiative 19,Industrial,Gas Filters,EMEA,PMM_12,Medium,Growth,2024Q4,Month2,508492.25,522159.73,95,90.0,20,99.4,35.3,85.8,Low,1.027,0.947,0.778,0.994,0.706,0.716,0.907,0.863,2.687844308344912,-5.0,Green,Low,84
INIT-0064,Gas Filters Initiative 19,Industrial,Gas Filters,EMEA,PMM_12,Medium,Growth,2024Q4,Month3,512533.84,503543.25,95,96.0,14,92.6,34.7,99.3,Low,0.982,1.011,0.844,0.926,0.694,0.986,0.933,0.927,-1.7541456384616527,1.0,Green,Low,29
INIT-0064,Gas Filters Initiative 19,Industrial,Gas Filters,EMEA,PMM_12,Medium,Growth,2025Q1,Month1,621789.32,596541.96,95,93.1,30,86.5,32.4,84.3,Low,0.959,0.98,0.667,0.865,0.648,0.686,0.852,0.823,-4.060436419203853,-1.9000000000000057,Amber,Medium,151
INIT-0064,Gas Filters Initiative 19,Industrial,Gas Filters,EMEA,PMM_12,Medium,Growth,2025Q1,Month2,606566.37,601095.76,95,90.4,26,81.0,30.1,101.8,Low,0.991,0.952,0.711,0.81,0.602,0.964,0.881,0.831,-0.9018980066435246,-4.599999999999994,Amber,Medium,110
INIT-0064,Gas Filters Initiative 19,Industrial,Gas Filters,EMEA,PMM_12,Medium,Growth,2025Q1,Month3,616581.12,585803.32,95,91.3,31,65.9,21.0,90.7,Medium,0.95,0.961,0.656,0.659,0.42,0.814,0.812,0.808,-4.991687063009657,-3.700000000000003,Amber,Medium,181
INIT-0064,Gas Filters Initiative 19,Industrial,Gas Filters,EMEA,PMM_12,Medium,Growth,2025Q2,Month1,717295.87,689419.13,95,94.0,9,89.0,29.7,93.7,Low,0.961,0.989,0.9,0.89,0.594,0.874,0.905,0.945,-3.8863656080997635,-1.0,Green,Low,72
INIT-0064,Gas Filters Initiative 19,Industrial,Gas Filters,EMEA,PMM_12,Medium,Growth,2025Q2,Month2,664785.24,637853.39,95,90.9,27,76.0,33.2,104.0,Low,0.959,0.957,0.7,0.76,0.664,0.92,0.867,0.828,-4.051210583435934,-4.099999999999994,Amber,Medium,144
INIT-0064,Gas Filters Initiative 19,Industrial,Gas Filters,EMEA,PMM_12,Medium,Growth,2025Q2,Month3,667490.96,718907.04,95,96.2,29,82.7,28.8,102.6,Low,1.077,1.013,0.678,0.827,0.576,0.948,0.916,0.845,7.702887841357444,1.2000000000000028,Green,Low,52
INIT-0064,Gas Filters Initiative 19,Industrial,Gas Filters,EMEA,PMM_12,Medium,Growth,2025Q3,Month1,791518.17,775412.0,95,90.9,8,67.5,28.0,89.7,Low,0.98,0.957,0.911,0.675,0.56,0.794,0.874,0.934,-2.034845264512379,-4.099999999999994,Amber,Medium,130
INIT-0064,Gas Filters Initiative 19,Industrial,Gas Filters,EMEA,PMM_12,Medium,Growth,2025Q3,Month2,744108.64,785031.46,95,93.6,12,88.3,28.4,87.2,Low,1.055,0.985,0.867,0.883,0.568,0.744,0.916,0.926,5.499575975895126,-1.4000000000000057,Green,Low,69
INIT-0064,Gas Filters Initiative 19,Industrial,Gas Filters,EMEA,PMM_12,Medium,Growth,2025Q3,Month3,757264.55,744032.55,95,92.2,26,74.0,29.0,83.5,Low,0.983,0.971,0.711,0.74,0.58,0.67,0.844,0.841,-1.747341797526373,-2.799999999999997,Amber,Medium,158
INIT-0064,Gas Filters Initiative 19,Industrial,Gas Filters,EMEA,PMM_12,Medium,Growth,2025Q4,Month1,849597.48,816049.48,95,94.6,30,75.8,33.8,102.4,Low,0.961,0.996,0.667,0.758,0.676,0.952,0.874,0.831,-3.9486934448063575,-0.4000000000000057,Amber,Medium,131
INIT-0064,Gas Filters Initiative 19,Industrial,Gas Filters,EMEA,PMM_12,Medium,Growth,2025Q4,Month2,844856.87,851981.06,95,92.2,27,86.0,24.6,101.0,Low,1.008,0.971,0.7,0.86,0.492,0.98,0.885,0.835,0.8432422405466218,-2.799999999999997,Amber,Medium,116
INIT-0064,Gas Filters Initiative 19,Industrial,Gas Filters,EMEA,PMM_12,Medium,Growth,2025Q4,Month3,864516.76,858165.54,95,91.0,25,85.5,28.6,95.7,Low,0.993,0.958,0.722,0.855,0.572,0.914,0.881,0.84,-0.734655508587245,-4.0,Amber,Medium,121
INIT-0065,Gas Filters Initiative 20,Industrial,Gas Filters,APAC,PMM_01,Medium,Launch,2024Q1,Month1,324432.36,267253.98,95,81.2,70,64.7,30.2,85.2,High,0.824,0.855,0.222,0.647,0.604,0.704,0.688,0.538,-17.624129726146926,-13.799999999999997,Red,High,239
INIT-0065,Gas Filters Initiative 20,Industrial,Gas Filters,APAC,PMM_01,Medium,Launch,2024Q1,Month2,317063.09,285238.73,95,84.3,34,47.0,27.4,83.7,Medium,0.9,0.887,0.622,0.47,0.548,0.674,0.755,0.755,-10.037232652971383,-10.700000000000003,Amber,Medium,220
INIT-0065,Gas Filters Initiative 20,Industrial,Gas Filters,APAC,PMM_01,Medium,Launch,2024Q1,Month3,333474.36,306555.42,95,83.8,77,42.5,31.4,99.1,Medium,0.919,0.882,0.144,0.425,0.628,0.982,0.723,0.513,-8.072266785368447,-11.200000000000003,Red,High,233
INIT-0065,Gas Filters Initiative 20,Industrial,Gas Filters,APAC,PMM_01,Medium,Launch,2024Q2,Month1,364208.08,347901.18,95,90.1,80,46.4,25.5,86.5,Medium,0.955,0.948,0.111,0.464,0.51,0.73,0.711,0.53,-4.477358108035391,-4.900000000000006,Red,High,238
INIT-0065,Gas Filters Initiative 20,Industrial,Gas Filters,APAC,PMM_01,Medium,Launch,2024Q2,Month2,353269.17,334612.77,95,81.7,33,58.3,26.4,85.2,Medium,0.947,0.86,0.633,0.583,0.528,0.704,0.78,0.747,-5.281072220369517,-13.299999999999997,Amber,Medium,206
INIT-0065,Gas Filters Initiative 20,Industrial,Gas Filters,APAC,PMM_01,Medium,Launch,2024Q2,Month3,360365.08,338001.78,95,87.7,74,46.3,29.8,94.7,Medium,0.938,0.923,0.178,0.463,0.596,0.894,0.735,0.55,-6.205734473495597,-7.299999999999997,Red,High,232
INIT-0065,Gas Filters Initiative 20,Industrial,Gas Filters,APAC,PMM_01,Medium,Launch,2024Q3,Month1,381832.41,323116.01,95,86.4,76,55.7,34.0,107.2,High,0.846,0.909,0.156,0.557,0.68,0.856,0.711,0.533,-15.377531729168817,-8.599999999999994,Red,High,236
INIT-0065,Gas Filters Initiative 20,Industrial,Gas Filters,APAC,PMM_01,Medium,Launch,2024Q3,Month2,389275.87,364523.72,95,81.8,53,61.6,29.9,93.5,Medium,0.936,0.861,0.411,0.616,0.598,0.87,0.77,0.636,-6.3585112532148536,-13.200000000000003,Amber,Medium,216
INIT-0065,Gas Filters Initiative 20,Industrial,Gas Filters,APAC,PMM_01,Medium,Launch,2024Q3,Month3,373365.27,342696.26,95,88.7,33,48.9,31.8,105.8,Medium,0.918,0.934,0.633,0.489,0.636,0.884,0.804,0.784,-8.214210711135507,-6.299999999999997,Amber,Medium,189
INIT-0065,Gas Filters Initiative 20,Industrial,Gas Filters,APAC,PMM_01,Medium,Launch,2024Q4,Month1,402690.66,359763.85,95,83.5,60,39.9,26.8,83.2,Medium,0.893,0.879,0.333,0.399,0.536,0.664,0.698,0.606,-10.659996434980638,-11.5,Red,High,239
INIT-0065,Gas Filters Initiative 20,Industrial,Gas Filters,APAC,PMM_01,Medium,Launch,2024Q4,Month2,430649.2,383303.31,95,88.4,46,47.4,36.7,86.5,Medium,0.89,0.931,0.489,0.474,0.734,0.73,0.765,0.71,-10.994073598650598,-6.599999999999994,Amber,Medium,216
INIT-0065,Gas Filters Initiative 20,Industrial,Gas Filters,APAC,PMM_01,Medium,Launch,2024Q4,Month3,420629.24,358401.43,95,89.7,70,65.3,33.9,82.6,Medium,0.852,0.944,0.222,0.653,0.678,0.652,0.719,0.583,-14.79398103660126,-5.299999999999997,Red,High,236
INIT-0065,Gas Filters Initiative 20,Industrial,Gas Filters,APAC,PMM_01,Medium,Launch,2025Q1,Month1,459325.25,419411.92,95,85.6,59,57.4,31.8,100.7,Medium,0.913,0.901,0.344,0.574,0.636,0.986,0.771,0.623,-8.689557127547422,-9.400000000000006,Amber,Medium,214
INIT-0065,Gas Filters Initiative 20,Industrial,Gas Filters,APAC,PMM_01,Medium,Launch,2025Q1,Month2,475620.35,449630.8,95,84.1,40,62.6,25.8,85.6,Medium,0.945,0.885,0.556,0.626,0.516,0.712,0.777,0.72,-5.4643477723356435,-10.900000000000006,Amber,Medium,208
INIT-0065,Gas Filters Initiative 20,Industrial,Gas Filters,APAC,PMM_01,Medium,Launch,2025Q1,Month3,454749.48,424694.14,95,81.3,57,50.6,35.5,108.1,Medium,0.934,0.856,0.367,0.506,0.71,0.838,0.758,0.611,-6.609208217236437,-13.700000000000003,Amber,Medium,224
INIT-0065,Gas Filters Initiative 20,Industrial,Gas Filters,APAC,PMM_01,Medium,Launch,2025Q2,Month1,479779.8,402769.16,95,88.7,57,82.5,30.2,84.1,Medium,0.839,0.934,0.367,0.825,0.604,0.682,0.747,0.65,-16.05124684282248,-6.299999999999997,Red,High,224
INIT-0065,Gas Filters Initiative 20,Industrial,Gas Filters,APAC,PMM_01,Medium,Launch,2025Q2,Month2,515481.33,490109.6,95,84.6,50,49.1,28.7,81.5,Medium,0.951,0.891,0.444,0.491,0.574,0.63,0.747,0.667,-4.921949355566387,-10.400000000000006,Red,High,223
INIT-0065,Gas Filters Initiative 20,Industrial,Gas Filters,APAC,PMM_01,Medium,Launch,2025Q2,Month3,479327.98,443018.12,95,80.1,61,57.4,32.0,84.1,Medium,0.924,0.843,0.322,0.574,0.64,0.682,0.73,0.583,-7.57515970588656,-14.900000000000006,Red,High,233
INIT-0065,Gas Filters Initiative 20,Industrial,Gas Filters,APAC,PMM_01,Medium,Launch,2025Q3,Month1,556514.06,478618.71,95,83.0,57,50.3,27.8,91.6,Medium,0.86,0.874,0.367,0.503,0.556,0.832,0.72,0.62,-13.997013840045664,-12.0,Red,High,231
INIT-0065,Gas Filters Initiative 20,Industrial,Gas Filters,APAC,PMM_01,Medium,Launch,2025Q3,Month2,522484.94,498584.09,95,90.0,57,54.2,28.6,93.8,Medium,0.954,0.947,0.367,0.542,0.572,0.876,0.777,0.657,-4.574457208278573,-5.0,Amber,Medium,206
INIT-0065,Gas Filters Initiative 20,Industrial,Gas Filters,APAC,PMM_01,Medium,Launch,2025Q3,Month3,531240.19,473286.91,95,86.5,66,55.7,31.1,80.1,Medium,0.891,0.911,0.267,0.557,0.622,0.602,0.712,0.589,-10.909054151192885,-8.5,Red,High,236
INIT-0065,Gas Filters Initiative 20,Industrial,Gas Filters,APAC,PMM_01,Medium,Launch,2025Q4,Month1,595608.26,505431.66,95,87.0,47,52.1,30.5,93.8,Medium,0.849,0.916,0.478,0.521,0.61,0.876,0.753,0.697,-15.140253427647233,-8.0,Amber,Medium,219
INIT-0065,Gas Filters Initiative 20,Industrial,Gas Filters,APAC,PMM_01,Medium,Launch,2025Q4,Month2,566937.07,468079.02,95,86.8,66,73.6,31.5,99.1,High,0.826,0.914,0.267,0.736,0.63,0.982,0.747,0.59,-17.437217502817365,-8.200000000000003,Red,High,224
INIT-0065,Gas Filters Initiative 20,Industrial,Gas Filters,APAC,PMM_01,Medium,Launch,2025Q4,Month3,563270.79,467992.53,95,87.9,42,59.8,32.8,89.1,Medium,0.831,0.925,0.533,0.598,0.656,0.782,0.759,0.729,-16.91517857689727,-7.099999999999994,Amber,Medium,212
INIT-0066,Beer Initiative 1,Food & Beverage,Beer,EMEA,PMM_10,High,Decline,2024Q1,Month1,189744.59,177874.28,95,86.8,15,92.4,23.0,95.1,Low,0.937,0.914,0.833,0.924,0.46,0.902,0.864,0.874,-6.255941210234241,-8.200000000000003,Amber,Medium,138
INIT-0066,Beer Initiative 1,Food & Beverage,Beer,EMEA,PMM_10,High,Decline,2024Q1,Month2,194115.44,175499.39,95,93.2,15,78.0,25.8,89.6,Low,0.904,0.981,0.833,0.78,0.516,0.792,0.846,0.907,-9.59019540125195,-1.7999999999999972,Amber,Medium,159
INIT-0066,Beer Initiative 1,Food & Beverage,Beer,EMEA,PMM_10,High,Decline,2024Q1,Month3,189279.75,163989.25,95,90.2,38,84.9,33.3,94.8,Medium,0.866,0.949,0.578,0.849,0.666,0.896,0.821,0.764,-13.361439879332046,-4.799999999999997,Amber,Medium,173
INIT-0066,Beer Initiative 1,Food & Beverage,Beer,EMEA,PMM_10,High,Decline,2024Q2,Month1,178820.43,143476.05,95,89.6,28,65.9,31.8,89.4,Medium,0.802,0.943,0.689,0.659,0.636,0.788,0.781,0.816,-19.765291918826055,-5.400000000000006,Amber,Medium,203
INIT-0066,Beer Initiative 1,Food & Beverage,Beer,EMEA,PMM_10,High,Decline,2024Q2,Month2,185875.11,160392.01,95,87.2,30,88.4,28.8,74.9,Medium,0.863,0.918,0.667,0.884,0.576,0.498,0.781,0.792,-13.709796863065732,-7.799999999999997,Amber,Medium,202
INIT-0066,Beer Initiative 1,Food & Beverage,Beer,EMEA,PMM_10,High,Decline,2024Q2,Month3,179858.13,149004.27,95,92.5,23,62.0,26.2,90.2,Medium,0.828,0.974,0.744,0.62,0.524,0.804,0.791,0.859,-17.15455398096267,-2.5,Amber,Medium,193
INIT-0066,Beer Initiative 1,Food & Beverage,Beer,EMEA,PMM_10,High,Decline,2024Q3,Month1,173700.21,145873.9,95,85.2,22,83.6,22.1,81.1,Medium,0.84,0.897,0.756,0.836,0.442,0.622,0.777,0.826,-16.01973307919432,-9.799999999999997,Amber,Medium,211
INIT-0066,Beer Initiative 1,Food & Beverage,Beer,EMEA,PMM_10,High,Decline,2024Q3,Month2,169453.52,155147.14,95,86.3,21,100.0,28.0,96.2,Medium,0.916,0.908,0.767,1.0,0.56,0.924,0.866,0.838,-8.442657313934804,-8.700000000000003,Amber,Medium,146
INIT-0066,Beer Initiative 1,Food & Beverage,Beer,EMEA,PMM_10,High,Decline,2024Q3,Month3,166399.71,140605.58,95,91.8,41,75.8,24.1,93.4,Medium,0.845,0.966,0.544,0.758,0.482,0.868,0.781,0.755,-15.501307063576016,-3.200000000000003,Amber,Medium,208
INIT-0066,Beer Initiative 1,Food & Beverage,Beer,EMEA,PMM_10,High,Decline,2024Q4,Month1,162058.59,133198.16,95,90.5,38,61.8,31.7,105.9,Medium,0.822,0.953,0.578,0.618,0.634,0.882,0.778,0.765,-17.808639455643785,-4.5,Amber,Medium,204
INIT-0066,Beer Initiative 1,Food & Beverage,Beer,EMEA,PMM_10,High,Decline,2024Q4,Month2,150429.34,130318.31,95,87.9,34,68.0,29.1,98.7,Medium,0.866,0.925,0.622,0.68,0.582,0.974,0.805,0.774,-13.369087439990096,-7.099999999999994,Amber,Medium,180
INIT-0066,Beer Initiative 1,Food & Beverage,Beer,EMEA,PMM_10,High,Decline,2024Q4,Month3,157532.55,138815.02,95,86.0,44,68.6,27.7,95.9,Medium,0.881,0.905,0.511,0.686,0.554,0.918,0.782,0.708,-11.881690482379675,-9.0,Amber,Medium,197
INIT-0066,Beer Initiative 1,Food & Beverage,Beer,EMEA,PMM_10,High,Decline,2025Q1,Month1,154761.44,136002.68,95,91.3,33,58.0,23.9,100.8,Medium,0.879,0.961,0.633,0.58,0.478,0.984,0.799,0.797,-12.121081323616535,-3.700000000000003,Amber,Medium,190
INIT-0066,Beer Initiative 1,Food & Beverage,Beer,EMEA,PMM_10,High,Decline,2025Q1,Month2,142749.03,120552.4,95,88.1,18,73.6,23.3,95.2,Medium,0.845,0.927,0.8,0.736,0.466,0.904,0.812,0.864,-15.549408636962369,-6.900000000000006,Amber,Medium,182
INIT-0066,Beer Initiative 1,Food & Beverage,Beer,EMEA,PMM_10,High,Decline,2025Q1,Month3,152515.64,133131.93,95,86.0,42,68.8,27.5,90.8,Medium,0.873,0.905,0.533,0.688,0.55,0.816,0.772,0.719,-12.709326073050619,-9.0,Amber,Medium,210
INIT-0066,Beer Initiative 1,Food & Beverage,Beer,EMEA,PMM_10,High,Decline,2025Q2,Month1,135613.1,117701.05,95,86.3,30,78.9,24.7,92.4,Medium,0.868,0.908,0.667,0.789,0.494,0.848,0.799,0.788,-13.208200387720655,-8.700000000000003,Amber,Medium,181
INIT-0066,Beer Initiative 1,Food & Beverage,Beer,EMEA,PMM_10,High,Decline,2025Q2,Month2,146881.96,120016.41,95,87.3,39,65.2,30.7,91.4,Medium,0.817,0.919,0.567,0.652,0.614,0.828,0.764,0.743,-18.29057155827713,-7.700000000000003,Amber,Medium,210
INIT-0066,Beer Initiative 1,Food & Beverage,Beer,EMEA,PMM_10,High,Decline,2025Q2,Month3,139231.14,113854.28,95,89.2,40,73.9,24.9,89.0,Medium,0.818,0.939,0.556,0.739,0.498,0.78,0.759,0.747,-18.22642549648018,-5.799999999999997,Amber,Medium,216
INIT-0066,Beer Initiative 1,Food & Beverage,Beer,EMEA,PMM_10,High,Decline,2025Q3,Month1,126663.37,114728.94,95,93.0,18,58.6,35.1,110.0,Low,0.906,0.979,0.8,0.586,0.702,0.8,0.842,0.889,-9.422163645259078,-2.0,Amber,Medium,160
INIT-0066,Beer Initiative 1,Food & Beverage,Beer,EMEA,PMM_10,High,Decline,2025Q3,Month2,133320.46,115964.25,95,87.6,40,79.9,26.7,89.8,Medium,0.87,0.922,0.556,0.799,0.534,0.796,0.785,0.739,-13.018414427913012,-7.400000000000006,Amber,Medium,201
INIT-0066,Beer Initiative 1,Food & Beverage,Beer,EMEA,PMM_10,High,Decline,2025Q3,Month3,134758.82,125607.0,95,87.9,23,88.2,28.9,94.1,Medium,0.932,0.925,0.744,0.882,0.578,0.882,0.857,0.835,-6.79125863524184,-7.099999999999994,Amber,Medium,145
INIT-0066,Beer Initiative 1,Food & Beverage,Beer,EMEA,PMM_10,High,Decline,2025Q4,Month1,121396.35,97364.39,95,89.3,25,72.9,25.3,89.1,Medium,0.802,0.94,0.722,0.729,0.506,0.782,0.779,0.831,-19.796278883178946,-5.700000000000003,Amber,Medium,202
INIT-0066,Beer Initiative 1,Food & Beverage,Beer,EMEA,PMM_10,High,Decline,2025Q4,Month2,116906.15,107163.63,95,92.3,37,78.7,24.6,91.7,Medium,0.917,0.972,0.589,0.787,0.492,0.834,0.815,0.78,-8.333624877733113,-2.700000000000003,Amber,Medium,175
INIT-0066,Beer Initiative 1,Food & Beverage,Beer,EMEA,PMM_10,High,Decline,2025Q4,Month3,120930.74,105069.16,95,91.8,18,79.3,24.5,106.9,Medium,0.869,0.966,0.8,0.793,0.49,0.862,0.832,0.883,-13.116251500652357,-3.200000000000003,Amber,Medium,165
INIT-0067,Beer Initiative 2,Food & Beverage,Beer,EMEA,PMM_04,Low,Launch,2024Q1,Month1,123660.34,105248.43,95,90.0,64,57.3,24.6,81.6,Medium,0.851,0.947,0.289,0.573,0.492,0.632,0.7,0.618,-14.889098639062453,-5.0,Red,High,238
INIT-0067,Beer Initiative 2,Food & Beverage,Beer,EMEA,PMM_04,Low,Launch,2024Q1,Month2,117661.4,96874.5,95,86.4,32,47.3,29.9,88.9,Medium,0.823,0.909,0.644,0.473,0.598,0.778,0.752,0.777,-17.666711427876937,-8.599999999999994,Amber,Medium,223
INIT-0067,Beer Initiative 2,Food & Beverage,Beer,EMEA,PMM_04,Low,Launch,2024Q1,Month3,119135.24,107116.93,95,83.3,65,64.9,29.1,74.5,Medium,0.899,0.877,0.278,0.649,0.582,0.49,0.704,0.577,-10.087955503342263,-11.700000000000003,Red,High,237
INIT-0067,Beer Initiative 2,Food & Beverage,Beer,EMEA,PMM_04,Low,Launch,2024Q2,Month1,139138.77,124601.66,95,89.1,58,67.5,27.2,92.1,Medium,0.896,0.938,0.356,0.675,0.544,0.842,0.76,0.647,-10.447921884029869,-5.900000000000006,Amber,Medium,221
INIT-0067,Beer Initiative 2,Food & Beverage,Beer,EMEA,PMM_04,Low,Launch,2024Q2,Month2,126139.14,113599.98,95,83.1,46,38.3,30.6,101.9,Medium,0.901,0.875,0.489,0.383,0.612,0.962,0.759,0.682,-9.94073687199707,-11.900000000000006,Amber,Medium,222
INIT-0067,Beer Initiative 2,Food & Beverage,Beer,EMEA,PMM_04,Low,Launch,2024Q2,Month3,133852.13,126307.69,95,83.6,59,47.9,23.6,90.6,Medium,0.944,0.88,0.344,0.479,0.472,0.812,0.734,0.612,-5.636398912740502,-11.400000000000006,Red,High,233
INIT-0067,Beer Initiative 2,Food & Beverage,Beer,EMEA,PMM_04,Low,Launch,2024Q3,Month1,152852.73,127427.37,95,84.7,27,68.0,27.8,93.7,Medium,0.834,0.892,0.7,0.68,0.556,0.874,0.786,0.796,-16.633893290620332,-10.299999999999997,Amber,Medium,204
INIT-0067,Beer Initiative 2,Food & Beverage,Beer,EMEA,PMM_04,Low,Launch,2024Q3,Month2,142096.45,118732.46,95,82.9,26,54.0,28.3,99.4,Medium,0.836,0.873,0.711,0.54,0.566,0.988,0.783,0.792,-16.442346026237814,-12.099999999999994,Amber,Medium,206
INIT-0067,Beer Initiative 2,Food & Beverage,Beer,EMEA,PMM_04,Low,Launch,2024Q3,Month3,150446.26,140952.14,95,84.5,62,48.3,21.7,91.4,Medium,0.937,0.889,0.311,0.483,0.434,0.828,0.727,0.6,-6.310638762306218,-10.5,Red,High,233
INIT-0067,Beer Initiative 2,Food & Beverage,Beer,EMEA,PMM_04,Low,Launch,2024Q4,Month1,166774.03,141122.17,95,89.7,33,51.7,32.3,91.6,Medium,0.846,0.944,0.633,0.517,0.646,0.832,0.78,0.789,-15.381207733602158,-5.299999999999997,Amber,Medium,203
INIT-0067,Beer Initiative 2,Food & Beverage,Beer,EMEA,PMM_04,Low,Launch,2024Q4,Month2,162697.21,149113.23,95,91.8,58,49.1,33.9,88.4,Medium,0.917,0.966,0.356,0.491,0.678,0.768,0.761,0.661,-8.349239670428265,-3.200000000000003,Amber,Medium,220
INIT-0067,Beer Initiative 2,Food & Beverage,Beer,EMEA,PMM_04,Low,Launch,2024Q4,Month3,167397.35,156750.0,95,90.6,63,57.0,24.6,88.4,Medium,0.936,0.954,0.3,0.57,0.492,0.768,0.746,0.627,-6.36052482312295,-4.400000000000006,Red,High,228
INIT-0067,Beer Initiative 2,Food & Beverage,Beer,EMEA,PMM_04,Low,Launch,2025Q1,Month1,165362.94,147201.56,95,87.9,22,46.9,29.4,86.7,Medium,0.89,0.925,0.756,0.469,0.588,0.734,0.789,0.84,-10.982738937757157,-7.099999999999994,Amber,Medium,204
INIT-0067,Beer Initiative 2,Food & Beverage,Beer,EMEA,PMM_04,Low,Launch,2025Q1,Month2,164618.76,155564.11,95,87.2,64,57.4,29.6,101.3,Medium,0.945,0.918,0.289,0.574,0.592,0.974,0.772,0.603,-5.50037553435588,-7.799999999999997,Amber,Medium,212
INIT-0067,Beer Initiative 2,Food & Beverage,Beer,EMEA,PMM_04,Low,Launch,2025Q1,Month3,176590.78,154573.59,95,89.5,28,47.1,33.8,97.9,Medium,0.875,0.942,0.689,0.471,0.676,0.958,0.809,0.815,-12.467915935361972,-5.5,Amber,Medium,186
INIT-0067,Beer Initiative 2,Food & Beverage,Beer,EMEA,PMM_04,Low,Launch,2025Q2,Month1,171425.88,149638.34,95,91.7,43,64.3,31.1,88.8,Medium,0.873,0.965,0.522,0.643,0.622,0.776,0.781,0.744,-12.709597874019959,-3.299999999999997,Amber,Medium,199
INIT-0067,Beer Initiative 2,Food & Beverage,Beer,EMEA,PMM_04,Low,Launch,2025Q2,Month2,186056.63,162245.47,95,83.4,32,47.0,26.6,89.6,Medium,0.872,0.878,0.644,0.47,0.532,0.792,0.757,0.761,-12.79780247551512,-11.599999999999994,Amber,Medium,218
INIT-0067,Beer Initiative 2,Food & Beverage,Beer,EMEA,PMM_04,Low,Launch,2025Q2,Month3,176054.53,168706.61,95,92.6,57,50.5,25.8,74.6,Medium,0.958,0.975,0.367,0.505,0.516,0.492,0.737,0.671,-4.173661421833344,-2.4000000000000057,Red,High,230
INIT-0067,Beer Initiative 2,Food & Beverage,Beer,EMEA,PMM_04,Low,Launch,2025Q3,Month1,185762.93,170786.01,95,83.6,38,63.5,33.2,87.3,Medium,0.919,0.88,0.578,0.635,0.664,0.746,0.789,0.729,-8.062383598277647,-11.400000000000006,Amber,Medium,198
INIT-0067,Beer Initiative 2,Food & Beverage,Beer,EMEA,PMM_04,Low,Launch,2025Q3,Month2,198470.86,175430.71,95,89.7,37,71.4,25.5,81.5,Medium,0.884,0.944,0.589,0.714,0.51,0.63,0.772,0.767,-11.60883265180591,-5.299999999999997,Amber,Medium,210
INIT-0067,Beer Initiative 2,Food & Beverage,Beer,EMEA,PMM_04,Low,Launch,2025Q3,Month3,184063.65,165928.92,95,86.7,24,51.1,27.9,96.3,Medium,0.901,0.913,0.733,0.511,0.558,0.926,0.808,0.823,-9.85242333290684,-8.299999999999997,Amber,Medium,184
INIT-0067,Beer Initiative 2,Food & Beverage,Beer,EMEA,PMM_04,Low,Launch,2025Q4,Month1,205764.95,191059.53,95,84.8,54,79.0,29.7,91.1,Medium,0.929,0.893,0.4,0.79,0.594,0.822,0.784,0.646,-7.146707930578075,-10.200000000000003,Amber,Medium,195
INIT-0067,Beer Initiative 2,Food & Beverage,Beer,EMEA,PMM_04,Low,Launch,2025Q4,Month2,222040.87,198336.88,95,82.1,56,59.6,30.7,93.1,Medium,0.893,0.864,0.378,0.596,0.614,0.862,0.749,0.621,-10.6755076216374,-12.900000000000006,Red,High,221
INIT-0067,Beer Initiative 2,Food & Beverage,Beer,EMEA,PMM_04,Low,Launch,2025Q4,Month3,208424.52,188324.7,95,83.6,43,61.8,31.0,84.8,Medium,0.904,0.88,0.522,0.618,0.62,0.696,0.764,0.701,-9.643692594326223,-11.400000000000006,Amber,Medium,211
INIT-0068,Dairy Initiative 3,Food & Beverage,Dairy,APAC,PMM_16,High,Mature,2024Q1,Month1,213913.71,210303.52,95,93.3,11,73.2,28.1,92.9,Low,0.983,0.982,0.878,0.732,0.562,0.858,0.887,0.93,-1.6876851885744035,-1.7000000000000028,Amber,Medium,105
INIT-0068,Dairy Initiative 3,Food & Beverage,Dairy,APAC,PMM_16,High,Mature,2024Q1,Month2,211439.47,208606.92,95,94.9,22,73.4,28.2,86.5,Low,0.987,0.999,0.756,0.734,0.564,0.73,0.861,0.877,-1.339650539229969,-0.09999999999999432,Amber,Medium,143
INIT-0068,Dairy Initiative 3,Food & Beverage,Dairy,APAC,PMM_16,High,Mature,2024Q1,Month3,196600.14,194995.35,95,97.0,15,77.4,22.5,83.0,Low,0.992,1.021,0.833,0.774,0.45,0.66,0.865,0.927,-0.8162710362261228,2.0,Amber,Medium,137
INIT-0068,Dairy Initiative 3,Food & Beverage,Dairy,APAC,PMM_16,High,Mature,2024Q2,Month1,199943.07,197003.25,95,94.1,13,82.7,27.3,97.2,Low,0.985,0.991,0.856,0.827,0.546,0.944,0.903,0.923,-1.470328529015788,-0.9000000000000057,Green,Low,84
INIT-0068,Dairy Initiative 3,Food & Beverage,Dairy,APAC,PMM_16,High,Mature,2024Q2,Month2,207553.92,208279.93,95,95.1,9,66.9,27.3,88.3,Low,1.003,1.001,0.9,0.669,0.546,0.766,0.885,0.951,0.3497934416271108,0.09999999999999432,Amber,Medium,116
INIT-0068,Dairy Initiative 3,Food & Beverage,Dairy,APAC,PMM_16,High,Mature,2024Q2,Month3,201068.01,209041.4,95,95.7,14,88.2,29.4,91.8,Low,1.04,1.007,0.844,0.882,0.588,0.836,0.923,0.926,3.9655189306344574,0.7000000000000028,Green,Low,51
INIT-0068,Dairy Initiative 3,Food & Beverage,Dairy,APAC,PMM_16,High,Mature,2024Q3,Month1,202931.34,206603.84,95,93.2,14,84.1,27.2,81.0,Low,1.018,0.981,0.844,0.841,0.544,0.62,0.88,0.913,1.8097253977626127,-1.7999999999999972,Amber,Medium,131
INIT-0068,Dairy Initiative 3,Food & Beverage,Dairy,APAC,PMM_16,High,Mature,2024Q3,Month2,213570.14,216269.33,95,96.6,23,82.1,27.3,83.4,Low,1.013,1.017,0.744,0.821,0.546,0.668,0.873,0.881,1.2638424079321076,1.5999999999999943,Amber,Medium,134
INIT-0068,Dairy Initiative 3,Food & Beverage,Dairy,APAC,PMM_16,High,Mature,2024Q3,Month3,213409.62,209758.64,95,96.1,12,73.1,27.7,88.4,Low,0.983,1.012,0.867,0.731,0.554,0.768,0.882,0.939,-1.7107851089374422,1.0999999999999943,Amber,Medium,129
INIT-0068,Dairy Initiative 3,Food & Beverage,Dairy,APAC,PMM_16,High,Mature,2024Q4,Month1,215202.16,214054.35,95,96.3,20,83.2,29.1,93.1,Low,0.995,1.014,0.778,0.832,0.582,0.862,0.895,0.896,-0.5333636056441059,1.2999999999999972,Amber,Medium,99
INIT-0068,Dairy Initiative 3,Food & Beverage,Dairy,APAC,PMM_16,High,Mature,2024Q4,Month2,210396.55,210363.34,95,96.9,15,72.8,28.1,100.1,Low,1.0,1.02,0.833,0.728,0.562,0.998,0.908,0.927,-0.015784479355765033,1.9000000000000057,Green,Low,82
INIT-0068,Dairy Initiative 3,Food & Beverage,Dairy,APAC,PMM_16,High,Mature,2024Q4,Month3,204650.5,204517.44,95,96.2,15,77.2,27.3,89.3,Low,0.999,1.013,0.833,0.772,0.546,0.786,0.888,0.923,-0.06501816511564724,1.2000000000000028,Amber,Medium,111
INIT-0068,Dairy Initiative 3,Food & Beverage,Dairy,APAC,PMM_16,High,Mature,2025Q1,Month1,203390.58,210425.51,95,96.0,10,68.7,31.3,87.5,Low,1.035,1.011,0.889,0.687,0.626,0.75,0.904,0.95,3.458827837552763,1.0,Green,Low,73
INIT-0068,Dairy Initiative 3,Food & Beverage,Dairy,APAC,PMM_16,High,Mature,2025Q1,Month2,208789.4,209133.57,95,94.7,12,55.4,26.6,105.7,Low,1.002,0.997,0.867,0.554,0.532,0.886,0.877,0.932,0.1648407438308711,-0.29999999999999716,Amber,Medium,119
INIT-0068,Dairy Initiative 3,Food & Beverage,Dairy,APAC,PMM_16,High,Mature,2025Q1,Month3,202809.15,206517.84,95,95.3,5,83.3,26.9,82.4,Low,1.018,1.003,0.944,0.833,0.538,0.648,0.901,0.974,1.8286600974364335,0.29999999999999716,Green,Low,80
INIT-0068,Dairy Initiative 3,Food & Beverage,Dairy,APAC,PMM_16,High,Mature,2025Q2,Month1,208971.04,208997.76,95,94.1,12,65.9,32.0,107.9,Low,1.0,0.991,0.867,0.659,0.64,0.842,0.892,0.929,0.012786460745948896,-0.9000000000000057,Amber,Medium,94
INIT-0068,Dairy Initiative 3,Food & Beverage,Dairy,APAC,PMM_16,High,Mature,2025Q2,Month2,219126.69,227475.77,95,93.5,13,72.2,23.5,110.0,Low,1.038,0.984,0.856,0.722,0.47,0.8,0.888,0.92,3.810161144678445,-1.5,Amber,Medium,108
INIT-0068,Dairy Initiative 3,Food & Beverage,Dairy,APAC,PMM_16,High,Mature,2025Q2,Month3,219241.54,226019.98,95,92.5,18,76.6,24.5,90.7,Low,1.031,0.974,0.8,0.766,0.49,0.814,0.883,0.887,3.0917681019755663,-2.5,Amber,Medium,120
INIT-0068,Dairy Initiative 3,Food & Beverage,Dairy,APAC,PMM_16,High,Mature,2025Q3,Month1,235339.71,236094.26,95,95.7,13,70.0,22.3,90.2,Low,1.003,1.007,0.856,0.7,0.446,0.804,0.876,0.931,0.3206216239494888,0.7000000000000028,Amber,Medium,127
INIT-0068,Dairy Initiative 3,Food & Beverage,Dairy,APAC,PMM_16,High,Mature,2025Q3,Month2,218917.06,220869.07,95,93.7,12,75.6,26.1,101.7,Low,1.009,0.986,0.867,0.756,0.522,0.966,0.905,0.926,0.8916664603480466,-1.2999999999999972,Green,Low,86
INIT-0068,Dairy Initiative 3,Food & Beverage,Dairy,APAC,PMM_16,High,Mature,2025Q3,Month3,237452.33,233981.24,95,93.5,13,89.5,31.9,89.3,Low,0.985,0.984,0.856,0.895,0.638,0.786,0.902,0.92,-1.4618049862892466,-1.5,Green,Low,98
INIT-0068,Dairy Initiative 3,Food & Beverage,Dairy,APAC,PMM_16,High,Mature,2025Q4,Month1,222674.21,221608.26,95,93.9,13,75.5,29.7,95.4,Low,0.995,0.988,0.856,0.755,0.594,0.908,0.9,0.922,-0.478703842712626,-1.0999999999999943,Green,Low,95
INIT-0068,Dairy Initiative 3,Food & Beverage,Dairy,APAC,PMM_16,High,Mature,2025Q4,Month2,236290.23,239771.35,95,96.5,18,90.5,27.8,86.9,Low,1.015,1.016,0.8,0.905,0.556,0.738,0.898,0.908,1.4732390755216562,1.5,Amber,Medium,99
INIT-0068,Dairy Initiative 3,Food & Beverage,Dairy,APAC,PMM_16,High,Mature,2025Q4,Month3,218858.02,226275.83,95,97.2,14,66.1,30.5,89.7,Low,1.034,1.023,0.844,0.661,0.61,0.794,0.9,0.934,3.389325188996957,2.200000000000003,Amber,Medium,96
INIT-0069,Beer Initiative 4,Food & Beverage,Beer,North America,PMM_08,Medium,Growth,2024Q1,Month1,269657.52,276315.33,95,96.4,30,61.6,28.3,88.7,Low,1.025,1.015,0.667,0.616,0.566,0.774,0.857,0.841,2.468987328816195,1.4000000000000057,Amber,Medium,152
INIT-0069,Beer Initiative 4,Food & Beverage,Beer,North America,PMM_08,Medium,Growth,2024Q1,Month2,253182.84,265814.99,95,96.9,28,86.0,31.8,96.2,Low,1.05,1.02,0.689,0.86,0.636,0.924,0.917,0.854,4.989338929921157,1.9000000000000057,Green,Low,62
INIT-0069,Beer Initiative 4,Food & Beverage,Beer,North America,PMM_08,Medium,Growth,2024Q1,Month3,255497.97,264001.14,95,97.3,33,80.1,27.7,89.4,Low,1.033,1.024,0.633,0.801,0.554,0.788,0.876,0.829,3.3280773228844094,2.299999999999997,Amber,Medium,126
INIT-0069,Beer Initiative 4,Food & Beverage,Beer,North America,PMM_08,Medium,Growth,2024Q2,Month1,312755.24,324949.81,95,91.0,18,69.9,26.1,100.7,Low,1.039,0.958,0.8,0.699,0.522,0.986,0.896,0.879,3.899077758057709,-4.0,Amber,Medium,97
INIT-0069,Beer Initiative 4,Food & Beverage,Beer,North America,PMM_08,Medium,Growth,2024Q2,Month2,307018.78,298462.91,95,91.8,17,81.0,27.3,96.3,Low,0.972,0.966,0.811,0.81,0.546,0.926,0.883,0.889,-2.78675786543092,-3.200000000000003,Amber,Medium,117
INIT-0069,Beer Initiative 4,Food & Beverage,Beer,North America,PMM_08,Medium,Growth,2024Q2,Month3,293118.87,285534.33,95,97.8,20,65.6,31.0,90.0,Low,0.974,1.029,0.778,0.656,0.62,0.8,0.871,0.904,-2.587530444559908,2.799999999999997,Amber,Medium,135
INIT-0069,Beer Initiative 4,Food & Beverage,Beer,North America,PMM_08,Medium,Growth,2024Q3,Month1,335506.55,343129.72,95,96.9,31,75.6,27.7,100.6,Low,1.023,1.02,0.656,0.756,0.554,0.988,0.89,0.838,2.272137459015326,1.9000000000000057,Amber,Medium,115
INIT-0069,Beer Initiative 4,Food & Beverage,Beer,North America,PMM_08,Medium,Growth,2024Q3,Month2,368472.08,390483.96,95,92.8,14,84.6,23.8,98.1,Low,1.06,0.977,0.844,0.846,0.476,0.962,0.921,0.911,5.973825750922568,-2.200000000000003,Green,Low,59
INIT-0069,Beer Initiative 4,Food & Beverage,Beer,North America,PMM_08,Medium,Growth,2024Q3,Month3,344730.27,356354.48,95,92.9,21,78.2,27.1,98.5,Low,1.034,0.978,0.767,0.782,0.542,0.97,0.902,0.872,3.371972527970915,-2.0999999999999943,Green,Low,94
INIT-0069,Beer Initiative 4,Food & Beverage,Beer,North America,PMM_08,Medium,Growth,2024Q4,Month1,407107.87,429497.2,95,95.3,33,79.5,31.7,96.8,Low,1.055,1.003,0.633,0.795,0.634,0.936,0.901,0.818,5.49960628371051,0.29999999999999716,Green,Low,93
INIT-0069,Beer Initiative 4,Food & Beverage,Beer,North America,PMM_08,Medium,Growth,2024Q4,Month2,406667.0,393433.49,95,96.3,31,89.4,23.3,89.9,Low,0.967,1.014,0.656,0.894,0.466,0.798,0.855,0.835,-3.2541391359515304,1.2999999999999972,Amber,Medium,155
INIT-0069,Beer Initiative 4,Food & Beverage,Beer,North America,PMM_08,Medium,Growth,2024Q4,Month3,395248.17,405278.87,95,97.7,27,70.7,29.4,84.7,Low,1.025,1.028,0.7,0.707,0.588,0.694,0.868,0.864,2.537823261775004,2.700000000000003,Amber,Medium,143
INIT-0069,Beer Initiative 4,Food & Beverage,Beer,North America,PMM_08,Medium,Growth,2025Q1,Month1,444793.93,433433.57,95,91.1,30,59.2,25.6,96.7,Low,0.974,0.959,0.667,0.592,0.512,0.934,0.837,0.813,-2.554072624147543,-3.9000000000000057,Amber,Medium,163
INIT-0069,Beer Initiative 4,Food & Beverage,Beer,North America,PMM_08,Medium,Growth,2025Q1,Month2,455507.36,459811.43,95,97.3,22,80.2,25.8,87.0,Low,1.009,1.024,0.756,0.802,0.516,0.74,0.877,0.89,0.9448958190269432,2.299999999999997,Amber,Medium,118
INIT-0069,Beer Initiative 4,Food & Beverage,Beer,North America,PMM_08,Medium,Growth,2025Q1,Month3,468548.3,454821.72,95,94.5,22,83.3,30.0,77.7,Low,0.971,0.995,0.756,0.833,0.6,0.554,0.851,0.875,-2.9295976530061076,-0.5,Amber,Medium,153
INIT-0069,Beer Initiative 4,Food & Beverage,Beer,North America,PMM_08,Medium,Growth,2025Q2,Month1,518048.56,554524.13,95,95.0,29,77.8,29.1,91.7,Low,1.07,1.0,0.678,0.778,0.582,0.834,0.896,0.839,7.04095577449342,0.0,Amber,Medium,90
INIT-0069,Beer Initiative 4,Food & Beverage,Beer,North America,PMM_08,Medium,Growth,2025Q2,Month2,526786.81,537241.48,95,92.4,14,95.1,25.4,102.0,Low,1.02,0.973,0.844,0.951,0.508,0.96,0.92,0.909,1.9846111940426003,-2.5999999999999943,Green,Low,46
INIT-0069,Beer Initiative 4,Food & Beverage,Beer,North America,PMM_08,Medium,Growth,2025Q2,Month3,566823.19,608943.49,95,98.5,10,86.4,23.6,108.8,Low,1.074,1.037,0.889,0.864,0.472,0.824,0.933,0.963,7.430941560453808,3.5,Green,Low,26
INIT-0069,Beer Initiative 4,Food & Beverage,Beer,North America,PMM_08,Medium,Growth,2025Q3,Month1,650110.52,695872.18,95,95.0,18,91.6,23.7,83.4,Low,1.07,1.0,0.8,0.916,0.474,0.668,0.9,0.9,7.039058528079199,0.0,Green,Low,100
INIT-0069,Beer Initiative 4,Food & Beverage,Beer,North America,PMM_08,Medium,Growth,2025Q3,Month2,656276.35,656764.74,95,93.9,14,84.5,26.1,87.4,Low,1.001,0.988,0.844,0.845,0.522,0.748,0.886,0.916,0.07441834525958675,-1.0999999999999943,Amber,Medium,118
INIT-0069,Beer Initiative 4,Food & Beverage,Beer,North America,PMM_08,Medium,Growth,2025Q3,Month3,642306.49,629379.07,95,96.0,25,68.4,28.9,102.4,Low,0.98,1.011,0.722,0.684,0.578,0.952,0.875,0.866,-2.012655982971625,1.0,Amber,Medium,129
INIT-0069,Beer Initiative 4,Food & Beverage,Beer,North America,PMM_08,Medium,Growth,2025Q4,Month1,685949.28,686168.77,95,92.3,15,66.4,31.0,85.4,Low,1.0,0.972,0.833,0.664,0.62,0.708,0.869,0.902,0.03199799262126067,-2.700000000000003,Amber,Medium,136
INIT-0069,Beer Initiative 4,Food & Beverage,Beer,North America,PMM_08,Medium,Growth,2025Q4,Month2,692491.18,657985.44,95,94.5,32,70.7,23.4,92.2,Low,0.95,0.995,0.644,0.707,0.468,0.844,0.83,0.82,-4.982841803125941,-0.5,Amber,Medium,167
INIT-0069,Beer Initiative 4,Food & Beverage,Beer,North America,PMM_08,Medium,Growth,2025Q4,Month3,726219.43,777849.62,95,95.6,12,66.9,24.4,99.1,Low,1.071,1.006,0.867,0.669,0.488,0.982,0.92,0.936,7.109447622463081,0.5999999999999943,Green,Low,54
INIT-0070,Beer Initiative 5,Food & Beverage,Beer,APAC,PMM_11,Low,Mature,2024Q1,Month1,225854.11,229188.69,95,95.2,12,74.8,30.1,95.6,Low,1.015,1.002,0.867,0.748,0.602,0.912,0.912,0.934,1.4764309580197663,0.20000000000000284,Green,Low,70
INIT-0070,Beer Initiative 5,Food & Beverage,Beer,APAC,PMM_11,Low,Mature,2024Q1,Month2,212560.01,212835.9,95,95.9,13,64.4,28.0,101.1,Low,1.001,1.009,0.856,0.644,0.56,0.978,0.899,0.933,0.12979393442820447,0.9000000000000057,Amber,Medium,92
INIT-0070,Beer Initiative 5,Food & Beverage,Beer,APAC,PMM_11,Low,Mature,2024Q1,Month3,226251.72,225589.63,95,95.7,10,73.3,25.7,85.1,Low,0.997,1.007,0.889,0.733,0.514,0.702,0.879,0.948,-0.29263423942147115,0.7000000000000028,Amber,Medium,118
INIT-0070,Beer Initiative 5,Food & Beverage,Beer,APAC,PMM_11,Low,Mature,2024Q2,Month1,219199.68,219870.51,95,94.6,20,89.2,27.1,92.5,Low,1.003,0.996,0.778,0.892,0.542,0.85,0.895,0.887,0.30603603070954133,-0.4000000000000057,Amber,Medium,100
INIT-0070,Beer Initiative 5,Food & Beverage,Beer,APAC,PMM_11,Low,Mature,2024Q2,Month2,240122.16,243911.67,95,96.3,20,67.7,35.3,99.5,Low,1.016,1.014,0.778,0.677,0.706,0.99,0.912,0.896,1.578159216958572,1.2999999999999972,Green,Low,67
INIT-0070,Beer Initiative 5,Food & Beverage,Beer,APAC,PMM_11,Low,Mature,2024Q2,Month3,228758.08,226977.46,95,93.2,15,76.1,27.9,85.6,Low,0.992,0.981,0.833,0.761,0.558,0.712,0.872,0.907,-0.778385620302459,-1.7999999999999972,Amber,Medium,134
INIT-0070,Beer Initiative 5,Food & Beverage,Beer,APAC,PMM_11,Low,Mature,2024Q3,Month1,232883.64,230463.44,95,94.5,13,76.9,27.7,99.0,Low,0.99,0.995,0.856,0.769,0.554,0.98,0.904,0.925,-1.0392314376398493,-0.5,Green,Low,91
INIT-0070,Beer Initiative 5,Food & Beverage,Beer,APAC,PMM_11,Low,Mature,2024Q3,Month2,239238.36,235448.58,95,94.1,12,84.1,29.3,90.3,Low,0.984,0.991,0.867,0.841,0.586,0.806,0.896,0.929,-1.5841021481672082,-0.9000000000000057,Amber,Medium,106
INIT-0070,Beer Initiative 5,Food & Beverage,Beer,APAC,PMM_11,Low,Mature,2024Q3,Month3,236192.8,242533.72,95,95.7,8,95.2,28.3,100.0,Low,1.027,1.007,0.911,0.952,0.566,1.0,0.949,0.959,2.6846372963104774,0.7000000000000028,Green,Low,19
INIT-0070,Beer Initiative 5,Food & Beverage,Beer,APAC,PMM_11,Low,Mature,2024Q4,Month1,252274.8,253778.94,95,94.7,21,100.0,27.3,98.2,Low,1.006,0.997,0.767,1.0,0.546,0.964,0.917,0.882,0.5962307769147034,-0.29999999999999716,Green,Low,65
INIT-0070,Beer Initiative 5,Food & Beverage,Beer,APAC,PMM_11,Low,Mature,2024Q4,Month2,252051.9,258706.36,95,95.2,10,65.4,25.9,110.0,Low,1.026,1.002,0.889,0.654,0.518,0.8,0.89,0.945,2.6401149921900973,0.20000000000000284,Amber,Medium,107
INIT-0070,Beer Initiative 5,Food & Beverage,Beer,APAC,PMM_11,Low,Mature,2024Q4,Month3,239775.76,241221.44,95,95.0,17,80.1,32.8,97.4,Low,1.006,1.0,0.811,0.801,0.656,0.948,0.914,0.906,0.6029300042673176,0.0,Green,Low,70
INIT-0070,Beer Initiative 5,Food & Beverage,Beer,APAC,PMM_11,Low,Mature,2025Q1,Month1,260803.19,263461.37,95,95.6,13,79.5,29.9,92.1,Low,1.01,1.006,0.856,0.795,0.598,0.842,0.907,0.931,1.0192283307577614,0.5999999999999943,Green,Low,66
INIT-0070,Beer Initiative 5,Food & Beverage,Beer,APAC,PMM_11,Low,Mature,2025Q1,Month2,261478.66,265706.95,95,94.9,14,65.7,30.5,99.3,Low,1.016,0.999,0.844,0.657,0.61,0.986,0.907,0.922,1.6170688651991745,-0.09999999999999432,Green,Low,61
INIT-0070,Beer Initiative 5,Food & Beverage,Beer,APAC,PMM_11,Low,Mature,2025Q1,Month3,248458.02,251607.06,95,96.8,18,73.8,25.3,106.2,Low,1.013,1.019,0.8,0.738,0.506,0.876,0.89,0.909,1.2674334279891664,1.7999999999999972,Amber,Medium,97
INIT-0070,Beer Initiative 5,Food & Beverage,Beer,APAC,PMM_11,Low,Mature,2025Q2,Month1,258729.89,265871.01,95,95.6,17,54.3,34.1,103.8,Low,1.028,1.006,0.811,0.543,0.682,0.924,0.897,0.909,2.760067652021185,0.5999999999999943,Amber,Medium,83
INIT-0070,Beer Initiative 5,Food & Beverage,Beer,APAC,PMM_11,Low,Mature,2025Q2,Month2,256978.8,257985.57,95,94.2,10,72.3,28.2,88.4,Low,1.004,0.992,0.889,0.723,0.564,0.768,0.889,0.94,0.3917716169582934,-0.7999999999999972,Amber,Medium,106
INIT-0070,Beer Initiative 5,Food & Beverage,Beer,APAC,PMM_11,Low,Mature,2025Q2,Month3,248624.43,244894.6,95,97.0,14,90.9,29.3,79.2,Low,0.985,1.021,0.844,0.909,0.586,0.584,0.884,0.933,-1.5001864458774172,2.0,Amber,Medium,118
INIT-0070,Beer Initiative 5,Food & Beverage,Beer,APAC,PMM_11,Low,Mature,2025Q3,Month1,254957.48,265012.42,95,93.3,12,96.8,28.3,96.8,Low,1.039,0.982,0.867,0.968,0.566,0.936,0.937,0.924,3.9437713300272548,-1.7000000000000028,Green,Low,22
INIT-0070,Beer Initiative 5,Food & Beverage,Beer,APAC,PMM_11,Low,Mature,2025Q3,Month2,256776.41,265886.54,95,97.1,6,68.2,26.9,97.6,Low,1.035,1.022,0.933,0.682,0.538,0.952,0.924,0.978,3.547884324732157,2.0999999999999943,Green,Low,54
INIT-0070,Beer Initiative 5,Food & Beverage,Beer,APAC,PMM_11,Low,Mature,2025Q3,Month3,266813.96,276147.62,95,94.1,19,90.3,29.3,87.5,Low,1.035,0.991,0.789,0.903,0.586,0.75,0.903,0.89,3.498190274601814,-0.9000000000000057,Green,Low,95
INIT-0070,Beer Initiative 5,Food & Beverage,Beer,APAC,PMM_11,Low,Mature,2025Q4,Month1,271611.02,277480.76,95,94.9,24,54.7,29.9,105.1,Low,1.022,0.999,0.733,0.547,0.598,0.898,0.872,0.866,2.161083154873462,-0.09999999999999432,Amber,Medium,132
INIT-0070,Beer Initiative 5,Food & Beverage,Beer,APAC,PMM_11,Low,Mature,2025Q4,Month2,264172.4,271029.66,95,94.0,13,77.3,28.1,91.4,Low,1.026,0.989,0.856,0.773,0.562,0.828,0.902,0.923,2.595751865069913,-1.0,Green,Low,94
INIT-0070,Beer Initiative 5,Food & Beverage,Beer,APAC,PMM_11,Low,Mature,2025Q4,Month3,280624.15,289586.8,95,93.7,8,87.9,27.4,89.6,Low,1.032,0.986,0.911,0.879,0.548,0.792,0.917,0.949,3.1938270458903713,-1.2999999999999972,Green,Low,65
INIT-0071,Wine Initiative 6,Food & Beverage,Wine,APAC,PMM_13,Medium,Growth,2024Q1,Month1,197575.05,188415.61,95,89.1,30,69.8,26.3,93.5,Medium,0.954,0.938,0.667,0.698,0.526,0.87,0.831,0.802,-4.635929486035814,-5.900000000000006,Amber,Medium,168
INIT-0071,Wine Initiative 6,Food & Beverage,Wine,APAC,PMM_13,Medium,Growth,2024Q1,Month2,204772.09,200163.45,95,90.7,35,87.8,28.8,83.8,Medium,0.977,0.955,0.611,0.878,0.576,0.676,0.838,0.783,-2.250619212803847,-4.299999999999997,Amber,Medium,163
INIT-0071,Wine Initiative 6,Food & Beverage,Wine,APAC,PMM_13,Medium,Growth,2024Q1,Month3,194408.3,186617.12,95,89.8,24,75.6,35.7,96.3,Low,0.96,0.945,0.733,0.756,0.714,0.926,0.875,0.839,-4.007637533994172,-5.200000000000003,Amber,Medium,129
INIT-0071,Wine Initiative 6,Food & Beverage,Wine,APAC,PMM_13,Medium,Growth,2024Q2,Month1,218591.48,219039.48,95,91.1,21,59.9,27.6,86.3,Low,1.002,0.959,0.767,0.599,0.552,0.726,0.845,0.863,0.20494851857904067,-3.9000000000000057,Amber,Medium,158
INIT-0071,Wine Initiative 6,Food & Beverage,Wine,APAC,PMM_13,Medium,Growth,2024Q2,Month2,231356.17,221878.27,95,88.2,18,83.1,30.9,103.1,Low,0.959,0.928,0.8,0.831,0.618,0.938,0.88,0.864,-4.096670514557715,-6.799999999999997,Amber,Medium,122
INIT-0071,Wine Initiative 6,Food & Beverage,Wine,APAC,PMM_13,Medium,Growth,2024Q2,Month3,218797.55,217923.06,95,91.3,26,97.5,31.0,99.0,Low,0.996,0.961,0.711,0.975,0.62,0.98,0.905,0.836,-0.39967997813503425,-3.700000000000003,Green,Low,81
INIT-0071,Wine Initiative 6,Food & Beverage,Wine,APAC,PMM_13,Medium,Growth,2024Q3,Month1,274331.62,288101.62,95,95.7,36,68.6,25.2,96.6,Low,1.05,1.007,0.6,0.686,0.504,0.932,0.871,0.804,5.019472418090194,0.7000000000000028,Amber,Medium,139
INIT-0071,Wine Initiative 6,Food & Beverage,Wine,APAC,PMM_13,Medium,Growth,2024Q3,Month2,276546.32,265645.77,95,92.0,44,86.6,31.0,98.3,Medium,0.961,0.968,0.511,0.866,0.62,0.966,0.852,0.74,-3.9416724113341983,-3.0,Amber,Medium,160
INIT-0071,Wine Initiative 6,Food & Beverage,Wine,APAC,PMM_13,Medium,Growth,2024Q3,Month3,275405.36,282996.38,95,87.9,27,78.2,23.6,83.0,Low,1.028,0.925,0.7,0.782,0.472,0.66,0.841,0.813,2.7563080108535356,-7.099999999999994,Amber,Medium,169
INIT-0071,Wine Initiative 6,Food & Beverage,Wine,APAC,PMM_13,Medium,Growth,2024Q4,Month1,297844.81,311367.5,95,91.1,21,86.0,32.9,90.7,Low,1.045,0.959,0.767,0.86,0.658,0.814,0.906,0.863,4.540179833920894,-3.9000000000000057,Green,Low,86
INIT-0071,Wine Initiative 6,Food & Beverage,Wine,APAC,PMM_13,Medium,Growth,2024Q4,Month2,301510.23,317247.55,95,93.1,45,92.0,27.8,90.2,Low,1.052,0.98,0.5,0.92,0.556,0.804,0.867,0.74,5.219497859160536,-1.9000000000000057,Amber,Medium,144
INIT-0071,Wine Initiative 6,Food & Beverage,Wine,APAC,PMM_13,Medium,Growth,2024Q4,Month3,313417.46,304518.9,95,91.9,38,74.0,25.3,86.5,Medium,0.972,0.967,0.578,0.74,0.506,0.73,0.818,0.773,-2.8392036614679976,-3.0999999999999943,Amber,Medium,174
INIT-0071,Wine Initiative 6,Food & Beverage,Wine,APAC,PMM_13,Medium,Growth,2025Q1,Month1,330562.47,337746.16,95,94.2,17,68.3,25.6,86.7,Low,1.022,0.992,0.811,0.683,0.512,0.734,0.87,0.901,2.173171685218834,-0.7999999999999972,Amber,Medium,128
INIT-0071,Wine Initiative 6,Food & Beverage,Wine,APAC,PMM_13,Medium,Growth,2025Q1,Month2,353239.09,363408.29,95,94.1,23,64.2,20.0,99.1,Low,1.029,0.991,0.744,0.642,0.4,0.982,0.872,0.867,2.878843335260532,-0.9000000000000057,Amber,Medium,125
INIT-0071,Wine Initiative 6,Food & Beverage,Wine,APAC,PMM_13,Medium,Growth,2025Q1,Month3,331803.47,341755.05,95,90.9,31,78.8,30.7,110.0,Low,1.03,0.957,0.656,0.788,0.614,0.8,0.87,0.806,2.999239278600678,-4.099999999999994,Amber,Medium,129
INIT-0071,Wine Initiative 6,Food & Beverage,Wine,APAC,PMM_13,Medium,Growth,2025Q2,Month1,386036.48,408632.18,95,88.7,46,95.1,31.1,88.2,Low,1.059,0.934,0.489,0.951,0.622,0.764,0.864,0.711,5.853255112055734,-6.299999999999997,Amber,Medium,146
INIT-0071,Wine Initiative 6,Food & Beverage,Wine,APAC,PMM_13,Medium,Growth,2025Q2,Month2,418014.94,446965.43,95,88.3,37,91.8,26.8,94.0,Low,1.069,0.929,0.589,0.918,0.536,0.88,0.882,0.759,6.925707009419327,-6.700000000000003,Amber,Medium,122
INIT-0071,Wine Initiative 6,Food & Beverage,Wine,APAC,PMM_13,Medium,Growth,2025Q2,Month3,399115.61,392693.06,95,88.7,37,82.9,26.7,84.8,Medium,0.984,0.934,0.589,0.829,0.534,0.696,0.825,0.761,-1.6091953907791252,-6.299999999999997,Amber,Medium,169
INIT-0071,Wine Initiative 6,Food & Beverage,Wine,APAC,PMM_13,Medium,Growth,2025Q3,Month1,456337.72,488312.55,95,91.7,27,91.9,31.5,94.2,Low,1.07,0.965,0.7,0.919,0.63,0.884,0.916,0.833,7.00683476264027,-3.299999999999997,Green,Low,68
INIT-0071,Wine Initiative 6,Food & Beverage,Wine,APAC,PMM_13,Medium,Growth,2025Q3,Month2,463267.41,449469.74,95,92.0,29,90.1,26.8,102.6,Low,0.97,0.968,0.678,0.901,0.536,0.948,0.873,0.823,-2.978338148155076,-3.0,Amber,Medium,132
INIT-0071,Wine Initiative 6,Food & Beverage,Wine,APAC,PMM_13,Medium,Growth,2025Q3,Month3,460009.85,481998.51,95,94.1,31,67.5,29.1,83.4,Low,1.048,0.991,0.656,0.675,0.582,0.668,0.856,0.823,4.780041123032482,-0.9000000000000057,Amber,Medium,149
INIT-0071,Wine Initiative 6,Food & Beverage,Wine,APAC,PMM_13,Medium,Growth,2025Q4,Month1,534092.58,538572.63,95,91.5,32,73.2,26.1,104.0,Low,1.008,0.963,0.644,0.732,0.522,0.92,0.86,0.804,0.8388152480980071,-3.5,Amber,Medium,149
INIT-0071,Wine Initiative 6,Food & Beverage,Wine,APAC,PMM_13,Medium,Growth,2025Q4,Month2,526969.58,524495.86,95,95.0,41,85.9,24.8,100.2,Low,0.995,1.0,0.544,0.859,0.496,0.996,0.865,0.772,-0.46942368096465303,0.0,Amber,Medium,141
INIT-0071,Wine Initiative 6,Food & Beverage,Wine,APAC,PMM_13,Medium,Growth,2025Q4,Month3,518417.72,518231.86,95,93.1,29,73.3,21.9,97.1,Low,1.0,0.98,0.678,0.733,0.438,0.942,0.859,0.829,-0.03585139798076077,-1.9000000000000057,Amber,Medium,150
INIT-0072,Wine Initiative 7,Food & Beverage,Wine,APAC,PMM_02,Medium,Growth,2024Q1,Month1,155983.12,148622.76,95,90.3,16,73.9,20.3,83.0,Low,0.953,0.951,0.822,0.739,0.406,0.66,0.827,0.886,-4.718690073643858,-4.700000000000003,Amber,Medium,171
INIT-0072,Wine Initiative 7,Food & Beverage,Wine,APAC,PMM_02,Medium,Growth,2024Q1,Month2,154933.1,158332.49,95,94.1,35,92.6,24.2,84.8,Low,1.022,0.991,0.611,0.926,0.484,0.696,0.858,0.801,2.1941018413753968,-0.9000000000000057,Amber,Medium,150
INIT-0072,Wine Initiative 7,Food & Beverage,Wine,APAC,PMM_02,Medium,Growth,2024Q1,Month3,156888.19,161000.98,95,92.5,41,89.3,25.8,91.7,Low,1.026,0.974,0.544,0.893,0.516,0.834,0.86,0.759,2.621478391713237,-2.5,Amber,Medium,146
INIT-0072,Wine Initiative 7,Food & Beverage,Wine,APAC,PMM_02,Medium,Growth,2024Q2,Month1,178900.56,176296.99,95,89.9,24,75.0,26.9,101.1,Low,0.985,0.946,0.733,0.75,0.538,0.978,0.871,0.84,-1.455316853116618,-5.099999999999994,Amber,Medium,136
INIT-0072,Wine Initiative 7,Food & Beverage,Wine,APAC,PMM_02,Medium,Growth,2024Q2,Month2,183010.35,184581.81,95,89.6,23,84.6,28.7,102.8,Low,1.009,0.943,0.744,0.846,0.574,0.944,0.89,0.844,0.8586727471970803,-5.400000000000006,Amber,Medium,108
INIT-0072,Wine Initiative 7,Food & Beverage,Wine,APAC,PMM_02,Medium,Growth,2024Q2,Month3,183618.96,186681.88,95,95.4,28,72.0,27.6,100.9,Low,1.017,1.004,0.689,0.72,0.552,0.982,0.885,0.847,1.6680848208703574,0.4000000000000057,Amber,Medium,114
INIT-0072,Wine Initiative 7,Food & Beverage,Wine,APAC,PMM_02,Medium,Growth,2024Q3,Month1,200900.34,211503.62,95,90.2,34,87.7,29.3,98.4,Low,1.053,0.949,0.622,0.877,0.586,0.968,0.895,0.786,5.277880565060268,-4.799999999999997,Amber,Medium,109
INIT-0072,Wine Initiative 7,Food & Beverage,Wine,APAC,PMM_02,Medium,Growth,2024Q3,Month2,196819.38,205225.8,95,93.3,45,83.3,24.4,97.5,Low,1.043,0.982,0.5,0.833,0.488,0.95,0.863,0.741,4.271134275496642,-1.7000000000000028,Amber,Medium,148
INIT-0072,Wine Initiative 7,Food & Beverage,Wine,APAC,PMM_02,Medium,Growth,2024Q3,Month3,197858.91,204219.22,95,90.6,17,87.0,26.2,90.9,Low,1.032,0.954,0.811,0.87,0.524,0.818,0.895,0.882,3.2145684012916056,-4.400000000000006,Amber,Medium,108
INIT-0072,Wine Initiative 7,Food & Beverage,Wine,APAC,PMM_02,Medium,Growth,2024Q4,Month1,238435.68,233224.43,95,92.4,36,85.9,26.9,95.5,Low,0.978,0.973,0.6,0.859,0.538,0.91,0.858,0.786,-2.1855999068595775,-2.5999999999999943,Amber,Medium,151
INIT-0072,Wine Initiative 7,Food & Beverage,Wine,APAC,PMM_02,Medium,Growth,2024Q4,Month2,241445.82,256217.47,95,90.1,24,81.7,32.8,89.2,Low,1.061,0.948,0.733,0.817,0.656,0.784,0.897,0.841,6.1179978183097115,-4.900000000000006,Amber,Medium,98
INIT-0072,Wine Initiative 7,Food & Beverage,Wine,APAC,PMM_02,Medium,Growth,2024Q4,Month3,235884.53,225424.85,95,93.3,40,85.0,23.9,83.1,Medium,0.956,0.982,0.556,0.85,0.478,0.662,0.813,0.769,-4.434237378771721,-1.7000000000000028,Amber,Medium,175
INIT-0072,Wine Initiative 7,Food & Beverage,Wine,APAC,PMM_02,Medium,Growth,2025Q1,Month1,261487.21,269459.81,95,92.6,39,77.2,30.6,79.1,Low,1.03,0.975,0.567,0.772,0.612,0.582,0.837,0.771,3.0489445353751745,-2.4000000000000057,Amber,Medium,162
INIT-0072,Wine Initiative 7,Food & Beverage,Wine,APAC,PMM_02,Medium,Growth,2025Q1,Month2,270286.04,257577.14,95,94.3,31,65.1,33.2,97.7,Low,0.953,0.993,0.656,0.651,0.664,0.954,0.857,0.824,-4.702018646615995,-0.7000000000000028,Amber,Medium,141
INIT-0072,Wine Initiative 7,Food & Beverage,Wine,APAC,PMM_02,Medium,Growth,2025Q1,Month3,277997.54,281004.33,95,88.4,16,87.2,22.1,80.8,Low,1.011,0.931,0.822,0.872,0.442,0.616,0.856,0.876,1.081588707583541,-6.599999999999994,Amber,Medium,144
INIT-0072,Wine Initiative 7,Food & Beverage,Wine,APAC,PMM_02,Medium,Growth,2025Q2,Month1,320403.57,342687.91,95,88.8,25,78.0,26.6,101.1,Low,1.07,0.935,0.722,0.78,0.532,0.978,0.899,0.828,6.955084801333508,-6.200000000000003,Amber,Medium,82
INIT-0072,Wine Initiative 7,Food & Beverage,Wine,APAC,PMM_02,Medium,Growth,2025Q2,Month2,302705.34,325778.21,95,93.6,29,70.2,28.3,95.0,Low,1.076,0.985,0.678,0.702,0.566,0.9,0.892,0.832,7.622221002113802,-1.4000000000000057,Amber,Medium,95
INIT-0072,Wine Initiative 7,Food & Beverage,Wine,APAC,PMM_02,Medium,Growth,2025Q2,Month3,299317.17,305616.37,95,94.2,26,99.3,27.4,85.8,Low,1.021,0.992,0.711,0.993,0.548,0.716,0.888,0.851,2.1045234391331484,-0.7999999999999972,Amber,Medium,107
INIT-0072,Wine Initiative 7,Food & Beverage,Wine,APAC,PMM_02,Medium,Growth,2025Q3,Month1,336067.14,333700.61,95,88.4,22,77.9,33.9,93.8,Low,0.993,0.931,0.756,0.779,0.678,0.876,0.88,0.843,-0.7041836937702471,-6.599999999999994,Amber,Medium,122
INIT-0072,Wine Initiative 7,Food & Beverage,Wine,APAC,PMM_02,Medium,Growth,2025Q3,Month2,343581.6,335057.32,95,90.9,24,64.5,27.2,95.2,Low,0.975,0.957,0.733,0.645,0.544,0.904,0.852,0.845,-2.481005967723525,-4.099999999999994,Amber,Medium,152
INIT-0072,Wine Initiative 7,Food & Beverage,Wine,APAC,PMM_02,Medium,Growth,2025Q3,Month3,331986.17,331128.35,95,91.6,29,73.9,21.0,87.3,Low,0.997,0.964,0.678,0.739,0.42,0.746,0.834,0.821,-0.2583902817397505,-3.4000000000000057,Amber,Medium,164
INIT-0072,Wine Initiative 7,Food & Beverage,Wine,APAC,PMM_02,Medium,Growth,2025Q4,Month1,421440.04,438204.91,95,93.5,30,69.1,26.2,99.0,Low,1.04,0.984,0.667,0.691,0.524,0.98,0.88,0.825,3.977996490319239,-1.5,Amber,Medium,122
INIT-0072,Wine Initiative 7,Food & Beverage,Wine,APAC,PMM_02,Medium,Growth,2025Q4,Month2,425390.76,424247.33,95,92.9,21,71.4,30.1,80.1,Low,0.997,0.978,0.767,0.714,0.602,0.602,0.851,0.872,-0.26879521313532834,-2.0999999999999943,Amber,Medium,155
INIT-0072,Wine Initiative 7,Food & Beverage,Wine,APAC,PMM_02,Medium,Growth,2025Q4,Month3,425106.97,440096.4,95,94.1,27,71.1,26.2,87.1,Low,1.035,0.991,0.7,0.711,0.524,0.742,0.863,0.845,3.5260372230547175,-0.9000000000000057,Amber,Medium,145
INIT-0073,Beer Initiative 8,Food & Beverage,Beer,EMEA,PMM_06,Low,Growth,2024Q1,Month1,276680.23,286971.17,95,94.7,8,65.3,30.1,76.4,Low,1.037,0.997,0.911,0.653,0.602,0.528,0.877,0.954,3.7194345255532,-0.29999999999999716,Amber,Medium,121
INIT-0073,Beer Initiative 8,Food & Beverage,Beer,EMEA,PMM_06,Low,Growth,2024Q1,Month2,265960.73,279429.09,95,90.4,8,77.1,22.4,89.9,Low,1.051,0.952,0.911,0.771,0.448,0.798,0.896,0.931,5.064040845428589,-4.599999999999994,Amber,Medium,96
INIT-0073,Beer Initiative 8,Food & Beverage,Beer,EMEA,PMM_06,Low,Growth,2024Q1,Month3,283614.02,288872.0,95,95.6,20,84.5,26.2,86.4,Low,1.019,1.006,0.778,0.845,0.524,0.728,0.884,0.892,1.853921043818631,0.5999999999999943,Amber,Medium,111
INIT-0073,Beer Initiative 8,Food & Beverage,Beer,EMEA,PMM_06,Low,Growth,2024Q2,Month1,313906.23,328333.96,95,92.3,34,69.4,27.2,93.2,Low,1.046,0.972,0.622,0.694,0.544,0.864,0.864,0.797,4.596191034500984,-2.700000000000003,Amber,Medium,145
INIT-0073,Beer Initiative 8,Food & Beverage,Beer,EMEA,PMM_06,Low,Growth,2024Q2,Month2,325826.74,316608.0,95,93.1,20,66.3,35.2,100.9,Low,0.972,0.98,0.778,0.663,0.704,0.982,0.888,0.879,-2.829338070902342,-1.9000000000000057,Amber,Medium,109
INIT-0073,Beer Initiative 8,Food & Beverage,Beer,EMEA,PMM_06,Low,Growth,2024Q2,Month3,321313.52,321893.18,95,96.6,13,84.0,30.9,94.9,Low,1.002,1.017,0.856,0.84,0.618,0.898,0.918,0.936,0.18040323980141712,1.5999999999999943,Green,Low,57
INIT-0073,Beer Initiative 8,Food & Beverage,Beer,EMEA,PMM_06,Low,Growth,2024Q3,Month1,371054.65,357866.69,95,93.2,11,78.7,27.4,104.3,Low,0.964,0.981,0.878,0.787,0.548,0.914,0.89,0.929,-3.55418265207026,-1.7999999999999972,Amber,Medium,114
INIT-0073,Beer Initiative 8,Food & Beverage,Beer,EMEA,PMM_06,Low,Growth,2024Q3,Month2,376861.93,364241.84,95,90.8,23,86.1,29.8,78.1,Low,0.967,0.956,0.744,0.861,0.596,0.562,0.843,0.85,-3.348730395771196,-4.200000000000003,Amber,Medium,165
INIT-0073,Beer Initiative 8,Food & Beverage,Beer,EMEA,PMM_06,Low,Growth,2024Q3,Month3,376725.69,405228.74,95,93.2,26,91.0,29.2,85.3,Low,1.076,0.981,0.711,0.91,0.584,0.706,0.899,0.846,7.565995831078041,-1.7999999999999972,Amber,Medium,97
INIT-0073,Beer Initiative 8,Food & Beverage,Beer,EMEA,PMM_06,Low,Growth,2024Q4,Month1,441879.67,476503.05,95,94.8,14,71.2,30.8,102.2,Low,1.078,0.998,0.844,0.712,0.616,0.956,0.932,0.921,7.835477020248523,-0.20000000000000284,Green,Low,30
INIT-0073,Beer Initiative 8,Food & Beverage,Beer,EMEA,PMM_06,Low,Growth,2024Q4,Month2,436872.44,432570.33,95,97.0,25,96.3,29.3,101.3,Low,0.99,1.021,0.722,0.963,0.586,0.974,0.911,0.872,-0.9847519793191775,2.0,Green,Low,75
INIT-0073,Beer Initiative 8,Food & Beverage,Beer,EMEA,PMM_06,Low,Growth,2024Q4,Month3,447069.44,452340.16,95,95.1,12,75.5,25.2,102.0,Low,1.012,1.001,0.867,0.755,0.504,0.96,0.906,0.934,1.1789488451726808,0.09999999999999432,Green,Low,85
INIT-0073,Beer Initiative 8,Food & Beverage,Beer,EMEA,PMM_06,Low,Growth,2025Q1,Month1,502542.68,507776.09,95,92.6,11,74.3,27.8,84.9,Low,1.01,0.975,0.878,0.743,0.556,0.698,0.88,0.926,1.0413861763940193,-2.4000000000000057,Amber,Medium,112
INIT-0073,Beer Initiative 8,Food & Beverage,Beer,EMEA,PMM_06,Low,Growth,2025Q1,Month2,519434.81,538246.38,95,95.3,23,79.4,26.9,81.3,Low,1.036,1.003,0.744,0.794,0.538,0.626,0.871,0.874,3.6215458875388054,0.29999999999999716,Amber,Medium,126
INIT-0073,Beer Initiative 8,Food & Beverage,Beer,EMEA,PMM_06,Low,Growth,2025Q1,Month3,504666.04,533271.18,95,94.0,32,74.2,27.0,86.2,Low,1.057,0.989,0.644,0.742,0.54,0.724,0.865,0.817,5.668132533744508,-1.0,Amber,Medium,136
INIT-0073,Beer Initiative 8,Food & Beverage,Beer,EMEA,PMM_06,Low,Growth,2025Q2,Month1,571426.49,602817.38,95,92.8,11,85.7,27.1,74.1,Low,1.055,0.977,0.878,0.857,0.542,0.482,0.884,0.927,5.4934257598033325,-2.200000000000003,Amber,Medium,114
INIT-0073,Beer Initiative 8,Food & Beverage,Beer,EMEA,PMM_06,Low,Growth,2025Q2,Month2,573773.79,573331.86,95,94.2,31,87.2,29.7,88.0,Low,0.999,0.992,0.656,0.872,0.594,0.76,0.869,0.824,-0.07702164297188466,-0.7999999999999972,Amber,Medium,142
INIT-0073,Beer Initiative 8,Food & Beverage,Beer,EMEA,PMM_06,Low,Growth,2025Q2,Month3,592932.19,593493.23,95,90.4,26,78.5,33.1,83.2,Low,1.001,0.952,0.711,0.785,0.662,0.664,0.858,0.831,0.09462127532661659,-4.599999999999994,Amber,Medium,150
INIT-0073,Beer Initiative 8,Food & Beverage,Beer,EMEA,PMM_06,Low,Growth,2025Q3,Month1,666475.43,683979.47,95,96.9,15,75.5,29.8,97.9,Low,1.026,1.02,0.833,0.755,0.596,0.958,0.919,0.927,2.6263593843211774,1.9000000000000057,Green,Low,64
INIT-0073,Beer Initiative 8,Food & Beverage,Beer,EMEA,PMM_06,Low,Growth,2025Q3,Month2,703974.06,725023.75,95,90.8,16,84.7,32.4,94.0,Low,1.03,0.956,0.822,0.847,0.648,0.88,0.912,0.889,2.990122959928373,-4.200000000000003,Green,Low,75
INIT-0073,Beer Initiative 8,Food & Beverage,Beer,EMEA,PMM_06,Low,Growth,2025Q3,Month3,659373.83,650857.54,95,94.6,17,89.8,28.2,98.9,Low,0.987,0.996,0.811,0.898,0.564,0.978,0.91,0.903,-1.2915723391691054,-0.4000000000000057,Green,Low,79
INIT-0073,Beer Initiative 8,Food & Beverage,Beer,EMEA,PMM_06,Low,Growth,2025Q4,Month1,760384.82,815157.17,95,90.8,8,92.7,30.1,91.5,Low,1.072,0.956,0.911,0.927,0.602,0.83,0.939,0.933,7.2032408537561405,-4.200000000000003,Green,Low,15
INIT-0073,Beer Initiative 8,Food & Beverage,Beer,EMEA,PMM_06,Low,Growth,2025Q4,Month2,745540.93,765355.78,95,96.6,29,70.0,28.3,86.5,Low,1.027,1.017,0.678,0.7,0.566,0.73,0.864,0.847,2.6577816458715384,1.5999999999999943,Amber,Medium,143
INIT-0073,Beer Initiative 8,Food & Beverage,Beer,EMEA,PMM_06,Low,Growth,2025Q4,Month3,794492.88,834039.45,95,92.8,26,90.9,27.9,86.8,Low,1.05,0.977,0.711,0.909,0.558,0.736,0.89,0.844,4.977586457414187,-2.200000000000003,Amber,Medium,112
INIT-0074,Beer Initiative 9,Food & Beverage,Beer,EMEA,PMM_14,High,Mature,2024Q1,Month1,265314.08,264100.24,95,97.0,4,70.3,31.6,76.7,Low,0.995,1.021,0.956,0.703,0.632,0.534,0.883,0.988,-0.4575105851902113,2.0,Amber,Medium,113
INIT-0074,Beer Initiative 9,Food & Beverage,Beer,EMEA,PMM_14,High,Mature,2024Q1,Month2,274353.73,280042.27,95,98.7,7,63.7,24.9,94.6,Low,1.021,1.039,0.922,0.637,0.498,0.892,0.906,0.981,2.0734327176816727,3.700000000000003,Green,Low,78
INIT-0074,Beer Initiative 9,Food & Beverage,Beer,EMEA,PMM_14,High,Mature,2024Q1,Month3,277689.28,273572.8,95,96.7,7,96.2,24.1,94.0,Low,0.985,1.018,0.922,0.962,0.482,0.88,0.919,0.97,-1.482405082400026,1.7000000000000028,Green,Low,58
INIT-0074,Beer Initiative 9,Food & Beverage,Beer,EMEA,PMM_14,High,Mature,2024Q2,Month1,281344.92,277693.76,95,97.6,10,78.9,29.3,77.7,Low,0.987,1.027,0.889,0.789,0.586,0.554,0.877,0.958,-1.2977522394930658,2.5999999999999943,Amber,Medium,128
INIT-0074,Beer Initiative 9,Food & Beverage,Beer,EMEA,PMM_14,High,Mature,2024Q2,Month2,256612.71,258384.62,95,95.5,6,90.4,30.4,85.3,Low,1.007,1.005,0.933,0.904,0.608,0.706,0.915,0.969,0.6904997028401296,0.5,Green,Low,61
INIT-0074,Beer Initiative 9,Food & Beverage,Beer,EMEA,PMM_14,High,Mature,2024Q2,Month3,275594.1,284926.36,95,95.2,8,77.1,28.7,97.4,Low,1.034,1.002,0.911,0.771,0.574,0.948,0.928,0.957,3.3862335949862534,0.20000000000000284,Green,Low,40
INIT-0074,Beer Initiative 9,Food & Beverage,Beer,EMEA,PMM_14,High,Mature,2024Q3,Month1,279226.57,277877.95,95,95.4,1,94.2,24.4,79.4,Low,0.995,1.004,0.989,0.942,0.488,0.588,0.899,0.997,-0.48298412289346077,0.4000000000000057,Amber,Medium,98
INIT-0074,Beer Initiative 9,Food & Beverage,Beer,EMEA,PMM_14,High,Mature,2024Q3,Month2,261608.15,270176.05,95,96.4,0,74.0,22.7,95.2,Low,1.033,1.015,1.0,0.74,0.454,0.904,0.924,1.007,3.275089097950501,1.4000000000000057,Green,Low,55
INIT-0074,Beer Initiative 9,Food & Beverage,Beer,EMEA,PMM_14,High,Mature,2024Q3,Month3,277585.92,282271.17,95,97.8,2,81.9,30.2,97.8,Low,1.017,1.029,0.978,0.819,0.604,0.956,0.946,1.004,1.6878557817341746,2.799999999999997,Green,Low,21
INIT-0074,Beer Initiative 9,Food & Beverage,Beer,EMEA,PMM_14,High,Mature,2024Q4,Month1,282040.0,283759.75,95,95.7,10,65.5,26.7,89.7,Low,1.006,1.007,0.889,0.655,0.534,0.794,0.885,0.948,0.60975393561197,0.7000000000000028,Amber,Medium,114
INIT-0074,Beer Initiative 9,Food & Beverage,Beer,EMEA,PMM_14,High,Mature,2024Q4,Month2,261068.35,269933.38,95,97.4,3,87.4,31.0,98.1,Low,1.034,1.025,0.967,0.874,0.62,0.962,0.958,0.996,3.3956739681389942,2.4000000000000057,Green,Low,6
INIT-0074,Beer Initiative 9,Food & Beverage,Beer,EMEA,PMM_14,High,Mature,2024Q4,Month3,267187.09,275758.35,95,95.8,8,75.8,29.1,103.0,Low,1.032,1.008,0.911,0.758,0.582,0.94,0.928,0.96,3.2079618816911966,0.7999999999999972,Green,Low,43
INIT-0074,Beer Initiative 9,Food & Beverage,Beer,EMEA,PMM_14,High,Mature,2025Q1,Month1,265613.96,272424.0,95,96.2,3,73.8,26.8,92.0,Low,1.026,1.013,0.967,0.738,0.536,0.84,0.918,0.99,2.5638863258542504,1.2000000000000028,Green,Low,46
INIT-0074,Beer Initiative 9,Food & Beverage,Beer,EMEA,PMM_14,High,Mature,2025Q1,Month2,264869.97,268560.12,95,97.8,2,89.3,28.0,99.5,Low,1.014,1.029,0.978,0.893,0.56,0.99,0.952,1.004,1.3931930448740655,2.799999999999997,Green,Low,8
INIT-0074,Beer Initiative 9,Food & Beverage,Beer,EMEA,PMM_14,High,Mature,2025Q1,Month3,283771.59,281793.67,95,98.6,3,100.0,25.5,81.8,Low,0.993,1.038,0.967,1.0,0.51,0.636,0.915,1.002,-0.6970112829124444,3.5999999999999943,Green,Low,49
INIT-0074,Beer Initiative 9,Food & Beverage,Beer,EMEA,PMM_14,High,Mature,2025Q2,Month1,256982.04,258690.86,95,96.1,11,67.9,29.5,83.9,Low,1.007,1.012,0.878,0.679,0.59,0.678,0.881,0.945,0.6649569752033947,1.0999999999999943,Amber,Medium,127
INIT-0074,Beer Initiative 9,Food & Beverage,Beer,EMEA,PMM_14,High,Mature,2025Q2,Month2,260361.11,257321.55,95,98.6,3,74.5,26.0,90.7,Low,0.988,1.038,0.967,0.745,0.52,0.814,0.906,1.002,-1.1674400988688356,3.5999999999999943,Green,Low,70
INIT-0074,Beer Initiative 9,Food & Beverage,Beer,EMEA,PMM_14,High,Mature,2025Q2,Month3,267938.09,271641.81,95,98.2,0,84.3,24.1,82.7,Low,1.014,1.034,1.0,0.843,0.482,0.654,0.909,1.017,1.3823043972583262,3.200000000000003,Green,Low,65
INIT-0074,Beer Initiative 9,Food & Beverage,Beer,EMEA,PMM_14,High,Mature,2025Q3,Month1,271350.58,271208.39,95,97.1,9,95.5,25.7,102.2,Low,0.999,1.022,0.9,0.955,0.514,0.956,0.932,0.961,-0.052400846167346436,2.0999999999999943,Green,Low,38
INIT-0074,Beer Initiative 9,Food & Beverage,Beer,EMEA,PMM_14,High,Mature,2025Q3,Month2,277602.33,277281.82,95,98.2,6,63.4,29.7,86.2,Low,0.999,1.034,0.933,0.634,0.594,0.724,0.892,0.984,-0.11545652372586689,3.200000000000003,Amber,Medium,111
INIT-0074,Beer Initiative 9,Food & Beverage,Beer,EMEA,PMM_14,High,Mature,2025Q3,Month3,259403.47,256285.5,95,97.8,10,73.4,25.0,108.3,Low,0.988,1.029,0.889,0.734,0.5,0.834,0.892,0.959,-1.2019769820349748,2.799999999999997,Amber,Medium,110
INIT-0074,Beer Initiative 9,Food & Beverage,Beer,EMEA,PMM_14,High,Mature,2025Q4,Month1,278928.85,284735.02,95,97.9,1,91.6,27.4,87.9,Low,1.021,1.031,0.989,0.916,0.548,0.758,0.934,1.01,2.0815953602504877,2.9000000000000057,Green,Low,26
INIT-0074,Beer Initiative 9,Food & Beverage,Beer,EMEA,PMM_14,High,Mature,2025Q4,Month2,265144.3,267638.71,95,96.1,1,64.5,30.0,88.2,Low,1.009,1.012,0.989,0.645,0.6,0.764,0.905,1.0,0.9407745141042191,1.0999999999999943,Green,Low,88
INIT-0074,Beer Initiative 9,Food & Beverage,Beer,EMEA,PMM_14,High,Mature,2025Q4,Month3,268060.95,269264.97,95,97.3,11,77.6,29.5,79.3,Low,1.004,1.024,0.878,0.776,0.59,0.586,0.883,0.951,0.4491590438666879,2.299999999999997,Amber,Medium,118
INIT-0075,Beer Initiative 10,Food & Beverage,Beer,EMEA,PMM_06,Low,Decline,2024Q1,Month1,132826.58,123425.28,95,92.9,39,66.8,23.6,91.3,Medium,0.929,0.978,0.567,0.668,0.472,0.826,0.802,0.772,-7.077875527624055,-2.0999999999999943,Amber,Medium,188
INIT-0075,Beer Initiative 10,Food & Beverage,Beer,EMEA,PMM_06,Low,Decline,2024Q1,Month2,145024.14,121595.04,95,85.2,23,75.7,27.8,94.4,Medium,0.838,0.897,0.744,0.757,0.556,0.888,0.805,0.821,-16.155310419355022,-9.799999999999997,Amber,Medium,187
INIT-0075,Beer Initiative 10,Food & Beverage,Beer,EMEA,PMM_06,Low,Decline,2024Q1,Month3,140523.79,121610.33,95,91.3,42,84.2,23.3,88.6,Medium,0.865,0.961,0.533,0.842,0.466,0.772,0.783,0.747,-13.45925839318738,-3.700000000000003,Amber,Medium,205
INIT-0075,Beer Initiative 10,Food & Beverage,Beer,EMEA,PMM_06,Low,Decline,2024Q2,Month1,129499.68,121490.8,95,91.1,42,71.6,26.7,86.4,Medium,0.938,0.959,0.533,0.716,0.534,0.728,0.798,0.746,-6.184478602572601,-3.9000000000000057,Amber,Medium,189
INIT-0075,Beer Initiative 10,Food & Beverage,Beer,EMEA,PMM_06,Low,Decline,2024Q2,Month2,129054.78,117953.72,95,93.5,40,100.0,24.4,92.7,Medium,0.914,0.984,0.556,1.0,0.488,0.854,0.834,0.77,-8.601820095311462,-1.5,Amber,Medium,165
INIT-0075,Beer Initiative 10,Food & Beverage,Beer,EMEA,PMM_06,Low,Decline,2024Q2,Month3,136864.94,114039.08,95,90.2,44,71.2,32.5,89.4,Medium,0.833,0.949,0.511,0.712,0.65,0.788,0.773,0.73,-16.677653166691194,-4.799999999999997,Amber,Medium,209
INIT-0075,Beer Initiative 10,Food & Beverage,Beer,EMEA,PMM_06,Low,Decline,2024Q3,Month1,122200.67,113962.08,95,90.4,36,97.1,28.3,91.1,Medium,0.933,0.952,0.6,0.971,0.566,0.822,0.843,0.776,-6.74185337936363,-4.599999999999994,Amber,Medium,167
INIT-0075,Beer Initiative 10,Food & Beverage,Beer,EMEA,PMM_06,Low,Decline,2024Q3,Month2,128729.75,115679.22,95,86.6,31,89.6,29.2,109.5,Medium,0.899,0.912,0.656,0.896,0.584,0.81,0.824,0.784,-10.137928489723626,-8.400000000000006,Amber,Medium,177
INIT-0075,Beer Initiative 10,Food & Beverage,Beer,EMEA,PMM_06,Low,Decline,2024Q3,Month3,122457.28,111113.03,95,93.8,36,100.0,35.3,92.2,Medium,0.907,0.987,0.6,1.0,0.706,0.844,0.86,0.794,-9.263842868304767,-1.2000000000000028,Amber,Medium,154
INIT-0075,Beer Initiative 10,Food & Beverage,Beer,EMEA,PMM_06,Low,Decline,2024Q4,Month1,126010.27,111632.58,95,86.0,37,70.0,30.9,98.9,Medium,0.886,0.905,0.589,0.7,0.618,0.978,0.809,0.747,-11.409935079101095,-9.0,Amber,Medium,178
INIT-0075,Beer Initiative 10,Food & Beverage,Beer,EMEA,PMM_06,Low,Decline,2024Q4,Month2,125505.81,104653.36,95,85.0,37,80.4,33.3,87.0,Medium,0.834,0.895,0.589,0.804,0.666,0.74,0.78,0.742,-16.61472883207558,-10.0,Amber,Medium,201
INIT-0075,Beer Initiative 10,Food & Beverage,Beer,EMEA,PMM_06,Low,Decline,2024Q4,Month3,115567.94,99040.96,95,92.2,24,72.2,27.6,89.3,Medium,0.857,0.971,0.733,0.722,0.552,0.786,0.81,0.852,-14.300661584865141,-2.799999999999997,Amber,Medium,177
INIT-0075,Beer Initiative 10,Food & Beverage,Beer,EMEA,PMM_06,Low,Decline,2025Q1,Month1,119420.91,113222.64,95,86.9,39,77.9,29.5,86.7,Medium,0.948,0.915,0.567,0.779,0.59,0.734,0.81,0.741,-5.1902719548862954,-8.099999999999994,Amber,Medium,184
INIT-0075,Beer Initiative 10,Food & Beverage,Beer,EMEA,PMM_06,Low,Decline,2025Q1,Month2,113173.49,101737.92,95,92.3,32,81.3,25.0,95.6,Medium,0.899,0.972,0.644,0.813,0.5,0.912,0.828,0.808,-10.104459975564954,-2.700000000000003,Amber,Medium,171
INIT-0075,Beer Initiative 10,Food & Beverage,Beer,EMEA,PMM_06,Low,Decline,2025Q1,Month3,111062.64,92351.67,95,87.2,16,75.6,31.1,94.5,Medium,0.832,0.918,0.822,0.756,0.622,0.89,0.825,0.87,-16.847222432313874,-7.799999999999997,Amber,Medium,175
INIT-0075,Beer Initiative 10,Food & Beverage,Beer,EMEA,PMM_06,Low,Decline,2025Q2,Month1,110712.36,89079.04,95,90.3,42,94.1,28.6,82.8,Medium,0.805,0.951,0.533,0.941,0.572,0.656,0.769,0.742,-19.540112775122857,-4.700000000000003,Amber,Medium,207
INIT-0075,Beer Initiative 10,Food & Beverage,Beer,EMEA,PMM_06,Low,Decline,2025Q2,Month2,103708.55,92912.58,95,91.6,21,93.1,29.1,93.3,Medium,0.896,0.964,0.767,0.931,0.582,0.866,0.859,0.865,-10.409913165307973,-3.4000000000000057,Amber,Medium,149
INIT-0075,Beer Initiative 10,Food & Beverage,Beer,EMEA,PMM_06,Low,Decline,2025Q2,Month3,108724.27,98803.29,95,91.8,15,94.1,26.7,101.1,Low,0.909,0.966,0.833,0.941,0.534,0.978,0.882,0.9,-9.124899160049555,-3.200000000000003,Amber,Medium,124
INIT-0075,Beer Initiative 10,Food & Beverage,Beer,EMEA,PMM_06,Low,Decline,2025Q3,Month1,108941.89,98404.68,95,88.9,23,83.0,23.1,91.1,Medium,0.903,0.936,0.744,0.83,0.462,0.822,0.826,0.84,-9.672321638627718,-6.099999999999994,Amber,Medium,169
INIT-0075,Beer Initiative 10,Food & Beverage,Beer,EMEA,PMM_06,Low,Decline,2025Q3,Month2,101649.57,95093.39,95,85.7,25,79.3,25.3,89.4,Medium,0.936,0.902,0.722,0.793,0.506,0.788,0.825,0.812,-6.44978626077809,-9.299999999999997,Amber,Medium,171
INIT-0075,Beer Initiative 10,Food & Beverage,Beer,EMEA,PMM_06,Low,Decline,2025Q3,Month3,100391.17,91709.04,95,93.0,19,80.5,31.6,94.8,Low,0.914,0.979,0.789,0.805,0.632,0.896,0.867,0.884,-8.64830044315651,-2.0,Amber,Medium,136
INIT-0075,Beer Initiative 10,Food & Beverage,Beer,EMEA,PMM_06,Low,Decline,2025Q4,Month1,99319.07,87524.94,95,90.4,38,86.9,31.6,83.7,Medium,0.881,0.952,0.578,0.869,0.632,0.674,0.803,0.765,-11.874990371939651,-4.599999999999994,Amber,Medium,182
INIT-0075,Beer Initiative 10,Food & Beverage,Beer,EMEA,PMM_06,Low,Decline,2025Q4,Month2,100920.5,87880.63,95,87.6,44,82.0,30.9,92.4,Medium,0.871,0.922,0.511,0.82,0.618,0.848,0.794,0.717,-12.920932813452168,-7.400000000000006,Amber,Medium,188
INIT-0075,Beer Initiative 10,Food & Beverage,Beer,EMEA,PMM_06,Low,Decline,2025Q4,Month3,96638.04,84152.52,95,92.0,44,72.0,27.0,83.1,Medium,0.871,0.968,0.511,0.72,0.54,0.662,0.767,0.74,-12.919881239313206,-3.0,Amber,Medium,209
INIT-0076,Dairy Initiative 11,Food & Beverage,Dairy,North America,PMM_16,Low,Mature,2024Q1,Month1,285110.83,293267.63,95,96.7,11,76.4,28.7,95.7,Low,1.029,1.018,0.878,0.764,0.574,0.914,0.92,0.948,2.860922540192524,1.7000000000000028,Green,Low,56
INIT-0076,Dairy Initiative 11,Food & Beverage,Dairy,North America,PMM_16,Low,Mature,2024Q1,Month2,290785.73,292670.62,95,99.5,9,95.9,20.1,84.9,Low,1.006,1.047,0.9,0.959,0.402,0.698,0.903,0.974,0.6482058111998873,4.5,Green,Low,86
INIT-0076,Dairy Initiative 11,Food & Beverage,Dairy,North America,PMM_16,Low,Mature,2024Q1,Month3,293801.12,295890.5,95,99.6,2,68.4,27.8,97.5,Low,1.007,1.048,0.978,0.684,0.556,0.95,0.928,1.013,0.7111545388254492,4.599999999999994,Green,Low,44
INIT-0076,Dairy Initiative 11,Food & Beverage,Dairy,North America,PMM_16,Low,Mature,2024Q2,Month1,304285.39,301601.16,95,100.8,2,88.0,25.6,95.8,Low,0.991,1.061,0.978,0.88,0.512,0.916,0.937,1.019,-0.8821422546774393,5.799999999999997,Green,Low,26
INIT-0076,Dairy Initiative 11,Food & Beverage,Dairy,North America,PMM_16,Low,Mature,2024Q2,Month2,289816.81,297547.41,95,96.6,6,64.5,31.5,95.8,Low,1.027,1.017,0.933,0.645,0.63,0.916,0.922,0.975,2.667409112673615,1.5999999999999943,Green,Low,54
INIT-0076,Dairy Initiative 11,Food & Beverage,Dairy,North America,PMM_16,Low,Mature,2024Q2,Month3,285007.62,290415.6,95,97.2,9,89.0,30.8,95.3,Low,1.019,1.023,0.9,0.89,0.616,0.906,0.937,0.962,1.8974861093187547,2.200000000000003,Green,Low,25
INIT-0076,Dairy Initiative 11,Food & Beverage,Dairy,North America,PMM_16,Low,Mature,2024Q3,Month1,321982.01,332158.97,95,98.1,6,70.8,26.3,87.8,Low,1.032,1.033,0.933,0.708,0.526,0.756,0.907,0.983,3.1607231720803166,3.0999999999999943,Green,Low,86
INIT-0076,Dairy Initiative 11,Food & Beverage,Dairy,North America,PMM_16,Low,Mature,2024Q3,Month2,315675.6,322312.96,95,99.5,3,77.6,28.8,97.1,Low,1.021,1.047,0.967,0.776,0.576,0.942,0.941,1.007,2.1025888602096723,4.5,Green,Low,32
INIT-0076,Dairy Initiative 11,Food & Beverage,Dairy,North America,PMM_16,Low,Mature,2024Q3,Month3,311196.38,310093.75,95,99.2,8,84.7,28.9,93.8,Low,0.996,1.044,0.911,0.847,0.578,0.876,0.924,0.978,-0.35431967428413036,4.200000000000003,Green,Low,53
INIT-0076,Dairy Initiative 11,Food & Beverage,Dairy,North America,PMM_16,Low,Mature,2024Q4,Month1,301632.11,300461.93,95,98.0,6,93.2,24.2,93.9,Low,0.996,1.032,0.933,0.932,0.484,0.878,0.924,0.982,-0.3879494129454563,3.0,Green,Low,48
INIT-0076,Dairy Initiative 11,Food & Beverage,Dairy,North America,PMM_16,Low,Mature,2024Q4,Month2,309647.66,316260.82,95,97.1,2,50.2,27.7,101.1,Low,1.021,1.022,0.978,0.502,0.554,0.978,0.912,1.0,2.135704820117172,2.0999999999999943,Green,Low,74
INIT-0076,Dairy Initiative 11,Food & Beverage,Dairy,North America,PMM_16,Low,Mature,2024Q4,Month3,294968.07,303307.85,95,99.7,8,64.4,23.8,83.0,Low,1.028,1.049,0.911,0.644,0.476,0.66,0.884,0.98,2.8273500925032224,4.700000000000003,Amber,Medium,115
INIT-0076,Dairy Initiative 11,Food & Beverage,Dairy,North America,PMM_16,Low,Mature,2025Q1,Month1,298506.84,296876.76,95,100.0,1,79.0,29.3,99.9,Low,0.995,1.053,0.989,0.79,0.586,0.998,0.944,1.021,-0.5460779391185864,5.0,Green,Low,15
INIT-0076,Dairy Initiative 11,Food & Beverage,Dairy,North America,PMM_16,Low,Mature,2025Q1,Month2,306191.11,311805.84,95,97.5,9,72.9,28.5,88.3,Low,1.018,1.026,0.9,0.729,0.57,0.766,0.903,0.963,1.833733840280353,2.5,Green,Low,75
INIT-0076,Dairy Initiative 11,Food & Beverage,Dairy,North America,PMM_16,Low,Mature,2025Q1,Month3,321616.48,322712.16,95,100.4,5,75.7,28.3,84.3,Low,1.003,1.057,0.944,0.757,0.566,0.686,0.905,1.001,0.3406790597297729,5.400000000000006,Green,Low,69
INIT-0076,Dairy Initiative 11,Food & Beverage,Dairy,North America,PMM_16,Low,Mature,2025Q2,Month1,303031.96,297231.84,95,96.2,5,60.4,31.4,85.4,Low,0.981,1.013,0.944,0.604,0.628,0.708,0.881,0.979,-1.914029134088693,1.2000000000000028,Amber,Medium,125
INIT-0076,Dairy Initiative 11,Food & Beverage,Dairy,North America,PMM_16,Low,Mature,2025Q2,Month2,305480.16,311438.71,95,98.9,3,60.0,24.3,86.4,Low,1.02,1.041,0.967,0.6,0.486,0.728,0.891,1.004,1.9505522060745442,3.9000000000000057,Amber,Medium,98
INIT-0076,Dairy Initiative 11,Food & Beverage,Dairy,North America,PMM_16,Low,Mature,2025Q2,Month3,322949.58,330725.97,95,100.2,1,79.0,31.7,96.4,Low,1.024,1.055,0.989,0.79,0.634,0.928,0.953,1.022,2.407926958753114,5.200000000000003,Green,Low,7
INIT-0076,Dairy Initiative 11,Food & Beverage,Dairy,North America,PMM_16,Low,Mature,2025Q3,Month1,302257.77,306218.12,95,98.6,7,80.7,29.5,97.9,Low,1.013,1.038,0.922,0.807,0.59,0.958,0.936,0.98,1.3102558124477584,3.5999999999999943,Green,Low,26
INIT-0076,Dairy Initiative 11,Food & Beverage,Dairy,North America,PMM_16,Low,Mature,2025Q3,Month2,315361.15,320834.38,95,98.8,9,94.9,29.6,87.9,Low,1.017,1.04,0.9,0.949,0.592,0.758,0.929,0.97,1.7355435189147368,3.799999999999997,Green,Low,43
INIT-0076,Dairy Initiative 11,Food & Beverage,Dairy,North America,PMM_16,Low,Mature,2025Q3,Month3,321953.36,317393.5,95,96.9,0,90.6,31.5,101.1,Low,0.986,1.02,1.0,0.906,0.63,0.978,0.95,1.01,-1.4163107351946835,1.9000000000000057,Green,Low,12
INIT-0076,Dairy Initiative 11,Food & Beverage,Dairy,North America,PMM_16,Low,Mature,2025Q4,Month1,299552.05,297563.52,95,96.3,2,67.5,26.2,106.9,Low,0.993,1.014,0.978,0.675,0.524,0.862,0.903,0.996,-0.6638345489540032,1.2999999999999972,Green,Low,90
INIT-0076,Dairy Initiative 11,Food & Beverage,Dairy,North America,PMM_16,Low,Mature,2025Q4,Month2,324664.0,322917.19,95,99.2,2,50.0,28.3,84.7,Low,0.995,1.044,0.978,0.5,0.566,0.694,0.88,1.011,-0.5380362467042843,4.200000000000003,Amber,Medium,123
INIT-0076,Dairy Initiative 11,Food & Beverage,Dairy,North America,PMM_16,Low,Mature,2025Q4,Month3,318291.77,315592.85,95,99.5,0,86.1,27.9,92.6,Low,0.992,1.047,1.0,0.861,0.558,0.852,0.934,1.024,-0.8479389837820945,4.5,Green,Low,27
INIT-0077,Wine Initiative 12,Food & Beverage,Wine,North America,PMM_04,Low,Mature,2024Q1,Month1,105968.65,107962.1,95,100.7,4,65.3,24.0,74.3,Low,1.019,1.06,0.956,0.653,0.48,0.486,0.874,1.008,1.8811695723216366,5.700000000000003,Amber,Medium,130
INIT-0077,Wine Initiative 12,Food & Beverage,Wine,North America,PMM_04,Low,Mature,2024Q1,Month2,100104.8,102589.25,95,98.9,7,86.2,21.3,94.8,Low,1.025,1.041,0.922,0.862,0.426,0.896,0.924,0.982,2.4818490222247056,3.9000000000000057,Green,Low,50
INIT-0077,Wine Initiative 12,Food & Beverage,Wine,North America,PMM_04,Low,Mature,2024Q1,Month3,100258.73,98735.05,95,98.9,0,81.7,28.0,93.0,Low,0.985,1.041,1.0,0.817,0.56,0.86,0.927,1.021,-1.5197479561131415,3.9000000000000057,Green,Low,47
INIT-0077,Wine Initiative 12,Food & Beverage,Wine,North America,PMM_04,Low,Mature,2024Q2,Month1,110151.15,108168.19,95,97.5,0,71.6,30.8,89.5,Low,0.982,1.026,1.0,0.716,0.616,0.79,0.911,1.013,-1.8002172469374962,2.5,Green,Low,68
INIT-0077,Wine Initiative 12,Food & Beverage,Wine,North America,PMM_04,Low,Mature,2024Q2,Month2,105361.49,106972.0,95,97.4,0,61.7,22.7,91.5,Low,1.015,1.025,1.0,0.617,0.454,0.83,0.901,1.013,1.528556591217526,2.4000000000000057,Green,Low,88
INIT-0077,Wine Initiative 12,Food & Beverage,Wine,North America,PMM_04,Low,Mature,2024Q2,Month3,106804.84,105451.28,95,100.0,1,65.9,28.2,83.1,Low,0.987,1.053,0.989,0.659,0.564,0.662,0.893,1.021,-1.2673208442613628,5.0,Amber,Medium,103
INIT-0077,Wine Initiative 12,Food & Beverage,Wine,North America,PMM_04,Low,Mature,2024Q3,Month1,110739.86,110818.43,95,96.5,10,69.7,24.7,82.9,Low,1.001,1.016,0.889,0.697,0.494,0.658,0.872,0.952,0.0709500626061767,1.5,Amber,Medium,138
INIT-0077,Wine Initiative 12,Food & Beverage,Wine,North America,PMM_04,Low,Mature,2024Q3,Month2,109194.55,108855.19,95,98.8,3,82.1,22.7,81.0,Low,0.997,1.04,0.967,0.821,0.454,0.62,0.891,1.003,-0.3107847415461675,3.799999999999997,Amber,Medium,113
INIT-0077,Wine Initiative 12,Food & Beverage,Wine,North America,PMM_04,Low,Mature,2024Q3,Month3,112365.56,113177.99,95,96.9,3,75.5,29.1,91.9,Low,1.007,1.02,0.967,0.755,0.582,0.838,0.919,0.993,0.7230240297827978,1.9000000000000057,Green,Low,63
INIT-0077,Wine Initiative 12,Food & Beverage,Wine,North America,PMM_04,Low,Mature,2024Q4,Month1,113009.85,114871.64,95,98.7,9,63.7,34.6,92.7,Low,1.016,1.039,0.9,0.637,0.692,0.854,0.917,0.969,1.6474581640449868,3.700000000000003,Green,Low,66
INIT-0077,Wine Initiative 12,Food & Beverage,Wine,North America,PMM_04,Low,Mature,2024Q4,Month2,120303.3,123298.43,95,100.0,8,51.8,27.9,101.6,Low,1.025,1.053,0.911,0.518,0.558,0.968,0.91,0.982,2.4896490786204453,5.0,Green,Low,77
INIT-0077,Wine Initiative 12,Food & Beverage,Wine,North America,PMM_04,Low,Mature,2024Q4,Month3,113979.52,117211.5,95,99.0,1,79.3,31.1,81.8,Low,1.028,1.042,0.989,0.793,0.622,0.636,0.922,1.015,2.835579584823656,4.0,Green,Low,54
INIT-0077,Wine Initiative 12,Food & Beverage,Wine,North America,PMM_04,Low,Mature,2025Q1,Month1,121155.28,121602.49,95,98.6,4,82.8,25.4,94.1,Low,1.004,1.038,0.956,0.828,0.508,0.882,0.924,0.997,0.36912134576388783,3.5999999999999943,Green,Low,36
INIT-0077,Wine Initiative 12,Food & Beverage,Wine,North America,PMM_04,Low,Mature,2025Q1,Month2,123560.43,123936.4,95,98.0,5,80.4,33.5,92.1,Low,1.003,1.032,0.944,0.804,0.67,0.842,0.931,0.988,0.3042802618929063,3.0,Green,Low,28
INIT-0077,Wine Initiative 12,Food & Beverage,Wine,North America,PMM_04,Low,Mature,2025Q1,Month3,114649.55,117539.52,95,99.6,3,75.2,28.3,89.3,Low,1.025,1.048,0.967,0.752,0.566,0.786,0.924,1.008,2.5206989473574044,4.599999999999994,Green,Low,37
INIT-0077,Wine Initiative 12,Food & Beverage,Wine,North America,PMM_04,Low,Mature,2025Q2,Month1,119164.45,120937.11,95,96.6,4,81.4,29.7,97.8,Low,1.015,1.017,0.956,0.814,0.594,0.956,0.938,0.986,1.4875745241135285,1.5999999999999943,Green,Low,22
INIT-0077,Wine Initiative 12,Food & Beverage,Wine,North America,PMM_04,Low,Mature,2025Q2,Month2,121319.27,121644.32,95,97.1,1,70.0,22.6,74.6,Low,1.003,1.022,0.989,0.7,0.452,0.492,0.868,1.005,0.2679294064331272,2.0999999999999943,Amber,Medium,143
INIT-0077,Wine Initiative 12,Food & Beverage,Wine,North America,PMM_04,Low,Mature,2025Q2,Month3,126093.29,126463.42,95,96.6,3,85.3,28.0,96.2,Low,1.003,1.017,0.967,0.853,0.56,0.924,0.933,0.992,0.2935366346615309,1.5999999999999943,Green,Low,25
INIT-0077,Wine Initiative 12,Food & Beverage,Wine,North America,PMM_04,Low,Mature,2025Q3,Month1,126098.91,130779.46,95,96.1,6,83.6,28.3,102.7,Low,1.037,1.012,0.933,0.836,0.566,0.946,0.94,0.972,3.7118084525869435,1.0999999999999943,Green,Low,19
INIT-0077,Wine Initiative 12,Food & Beverage,Wine,North America,PMM_04,Low,Mature,2025Q3,Month2,124512.48,125540.63,95,98.7,1,89.6,25.8,91.5,Low,1.008,1.039,0.989,0.896,0.516,0.83,0.933,1.014,0.8257405201470638,3.700000000000003,Green,Low,33
INIT-0077,Wine Initiative 12,Food & Beverage,Wine,North America,PMM_04,Low,Mature,2025Q3,Month3,133859.83,133999.74,95,98.0,10,98.4,25.1,100.7,Low,1.001,1.032,0.889,0.984,0.502,0.986,0.937,0.96,0.10451978013120405,3.0,Green,Low,23
INIT-0077,Wine Initiative 12,Food & Beverage,Wine,North America,PMM_04,Low,Mature,2025Q4,Month1,131332.32,132223.63,95,99.4,5,77.7,27.8,90.7,Low,1.007,1.046,0.944,0.777,0.556,0.814,0.918,0.995,0.6786676729688454,4.400000000000006,Green,Low,63
INIT-0077,Wine Initiative 12,Food & Beverage,Wine,North America,PMM_04,Low,Mature,2025Q4,Month2,128618.9,130923.23,95,97.8,10,71.0,29.0,80.4,Low,1.018,1.029,0.889,0.71,0.58,0.608,0.885,0.959,1.7915951699167088,2.799999999999997,Amber,Medium,115
INIT-0077,Wine Initiative 12,Food & Beverage,Wine,North America,PMM_04,Low,Mature,2025Q4,Month3,127123.88,124714.85,95,98.6,9,88.4,20.9,87.0,Low,0.981,1.038,0.9,0.884,0.418,0.74,0.89,0.969,-1.8950255451611442,3.5999999999999943,Amber,Medium,111
INIT-0078,Wine Initiative 13,Food & Beverage,Wine,EMEA,PMM_10,Medium,Growth,2024Q1,Month1,278144.31,275968.93,95,90.4,12,67.9,28.2,95.1,Low,0.992,0.952,0.867,0.679,0.564,0.902,0.882,0.909,-0.7821048002024578,-4.599999999999994,Amber,Medium,115
INIT-0078,Wine Initiative 13,Food & Beverage,Wine,EMEA,PMM_10,Medium,Growth,2024Q1,Month2,276171.56,285331.4,95,95.1,17,70.5,32.0,93.1,Low,1.033,1.001,0.811,0.705,0.64,0.862,0.904,0.906,3.3167209541779124,0.09999999999999432,Green,Low,82
INIT-0078,Wine Initiative 13,Food & Beverage,Wine,EMEA,PMM_10,Medium,Growth,2024Q1,Month3,268483.13,258700.56,95,90.0,18,82.8,25.9,88.2,Low,0.964,0.947,0.8,0.828,0.518,0.764,0.858,0.874,-3.643644202151549,-5.0,Amber,Medium,151
INIT-0078,Wine Initiative 13,Food & Beverage,Wine,EMEA,PMM_10,Medium,Growth,2024Q2,Month1,292655.51,279854.65,95,95.1,14,72.3,33.8,92.4,Low,0.956,1.001,0.844,0.723,0.676,0.848,0.886,0.923,-4.374036900928326,0.09999999999999432,Amber,Medium,113
INIT-0078,Wine Initiative 13,Food & Beverage,Wine,EMEA,PMM_10,Medium,Growth,2024Q2,Month2,299838.1,308437.84,95,94.7,13,77.2,25.3,101.1,Low,1.029,0.997,0.856,0.772,0.506,0.978,0.913,0.926,2.8681278329872186,-0.29999999999999716,Green,Low,64
INIT-0078,Wine Initiative 13,Food & Beverage,Wine,EMEA,PMM_10,Medium,Growth,2024Q2,Month3,302299.71,312852.08,95,94.5,11,75.9,33.8,85.5,Low,1.035,0.995,0.878,0.759,0.676,0.71,0.907,0.936,3.4906980228330338,-0.5,Green,Low,72
INIT-0078,Wine Initiative 13,Food & Beverage,Wine,EMEA,PMM_10,Medium,Growth,2024Q3,Month1,323443.49,319507.47,95,94.4,32,71.6,25.9,81.0,Low,0.988,0.994,0.644,0.716,0.518,0.62,0.827,0.819,-1.2169111828468147,-0.5999999999999943,Amber,Medium,175
INIT-0078,Wine Initiative 13,Food & Beverage,Wine,EMEA,PMM_10,Medium,Growth,2024Q3,Month2,338500.53,342312.32,95,91.5,18,73.9,27.8,100.0,Low,1.011,0.963,0.8,0.739,0.556,1.0,0.896,0.882,1.1260809547329154,-3.5,Amber,Medium,105
INIT-0078,Wine Initiative 13,Food & Beverage,Wine,EMEA,PMM_10,Medium,Growth,2024Q3,Month3,331247.92,339341.47,95,94.0,10,67.7,26.4,89.3,Low,1.024,0.989,0.889,0.677,0.528,0.786,0.889,0.939,2.443351191458044,-1.0,Amber,Medium,116
INIT-0078,Wine Initiative 13,Food & Beverage,Wine,EMEA,PMM_10,Medium,Growth,2024Q4,Month1,397832.6,385714.82,95,95.7,26,76.7,31.3,78.4,Low,0.97,1.007,0.711,0.767,0.626,0.568,0.844,0.859,-3.0459494772424307,0.7000000000000028,Amber,Medium,159
INIT-0078,Wine Initiative 13,Food & Beverage,Wine,EMEA,PMM_10,Medium,Growth,2024Q4,Month2,380502.57,389507.27,95,94.5,13,71.1,26.7,90.0,Low,1.024,0.995,0.856,0.711,0.534,0.8,0.89,0.925,2.3665280368539983,-0.5,Amber,Medium,108
INIT-0078,Wine Initiative 13,Food & Beverage,Wine,EMEA,PMM_10,Medium,Growth,2024Q4,Month3,378686.24,398587.38,95,92.8,11,100.0,28.9,89.3,Low,1.053,0.977,0.878,1.0,0.578,0.786,0.932,0.927,5.255311098708,-2.200000000000003,Green,Low,31
INIT-0078,Wine Initiative 13,Food & Beverage,Wine,EMEA,PMM_10,Medium,Growth,2025Q1,Month1,473621.62,479277.91,95,96.3,28,91.6,33.1,89.1,Low,1.012,1.014,0.689,0.916,0.662,0.782,0.896,0.851,1.1942634713339266,1.2999999999999972,Amber,Medium,87
INIT-0078,Wine Initiative 13,Food & Beverage,Wine,EMEA,PMM_10,Medium,Growth,2025Q1,Month2,448593.25,427941.29,95,91.8,24,82.6,27.8,89.8,Low,0.954,0.966,0.733,0.826,0.556,0.796,0.855,0.85,-4.603716172724405,-3.200000000000003,Amber,Medium,146
INIT-0078,Wine Initiative 13,Food & Beverage,Wine,EMEA,PMM_10,Medium,Growth,2025Q1,Month3,484078.49,470591.87,95,96.1,17,73.2,33.7,88.0,Low,0.972,1.012,0.811,0.732,0.674,0.76,0.881,0.911,-2.7860399250543018,1.0999999999999943,Amber,Medium,111
INIT-0078,Wine Initiative 13,Food & Beverage,Wine,EMEA,PMM_10,Medium,Growth,2025Q2,Month1,559807.56,548513.12,95,94.3,31,78.2,29.2,83.6,Low,0.98,0.993,0.656,0.782,0.584,0.672,0.844,0.824,-2.0175576049741197,-0.7000000000000028,Amber,Medium,161
INIT-0078,Wine Initiative 13,Food & Beverage,Wine,EMEA,PMM_10,Medium,Growth,2025Q2,Month2,563350.37,584998.61,95,95.0,29,92.9,30.7,92.5,Low,1.038,1.0,0.678,0.929,0.614,0.85,0.904,0.839,3.8427666249691095,0.0,Green,Low,74
INIT-0078,Wine Initiative 13,Food & Beverage,Wine,EMEA,PMM_10,Medium,Growth,2025Q2,Month3,558596.34,555473.84,95,93.5,9,93.0,27.8,89.1,Low,0.994,0.984,0.9,0.93,0.556,0.782,0.907,0.942,-0.5589904151538122,-1.5,Green,Low,69
INIT-0078,Wine Initiative 13,Food & Beverage,Wine,EMEA,PMM_10,Medium,Growth,2025Q3,Month1,647044.09,621790.48,95,90.6,25,82.0,20.6,96.0,Low,0.961,0.954,0.722,0.82,0.412,0.92,0.851,0.838,-3.9029195058407824,-4.400000000000006,Amber,Medium,154
INIT-0078,Wine Initiative 13,Food & Beverage,Wine,EMEA,PMM_10,Medium,Growth,2025Q3,Month2,630626.24,625045.13,95,94.6,25,85.4,26.2,96.1,Low,0.991,0.996,0.722,0.854,0.524,0.922,0.884,0.859,-0.8850107474119672,-0.4000000000000057,Amber,Medium,120
INIT-0078,Wine Initiative 13,Food & Beverage,Wine,EMEA,PMM_10,Medium,Growth,2025Q3,Month3,657032.51,629151.8,95,94.6,32,74.1,30.0,84.6,Low,0.958,0.996,0.644,0.741,0.6,0.692,0.834,0.82,-4.243429293932497,-0.4000000000000057,Amber,Medium,163
INIT-0078,Wine Initiative 13,Food & Beverage,Wine,EMEA,PMM_10,Medium,Growth,2025Q4,Month1,734780.13,705324.78,95,91.5,26,71.4,26.7,110.0,Low,0.96,0.963,0.711,0.714,0.534,0.8,0.84,0.837,-4.008729795129323,-3.5,Amber,Medium,160
INIT-0078,Wine Initiative 13,Food & Beverage,Wine,EMEA,PMM_10,Medium,Growth,2025Q4,Month2,751447.14,777254.17,95,92.3,19,83.2,27.4,78.5,Low,1.034,0.972,0.789,0.832,0.548,0.57,0.87,0.88,3.4343107620317816,-2.700000000000003,Amber,Medium,135
INIT-0078,Wine Initiative 13,Food & Beverage,Wine,EMEA,PMM_10,Medium,Growth,2025Q4,Month3,727001.99,720343.94,95,94.8,18,74.8,32.3,80.1,Low,0.991,0.998,0.8,0.748,0.646,0.602,0.866,0.899,-0.9158228026308493,-0.20000000000000284,Amber,Medium,138
INIT-0079,Beer Initiative 14,Food & Beverage,Beer,APAC,PMM_05,Low,Growth,2024Q1,Month1,295319.5,290355.42,95,92.2,29,78.0,30.6,102.0,Low,0.983,0.971,0.678,0.78,0.612,0.96,0.875,0.824,-1.6809184628851181,-2.799999999999997,Amber,Medium,128
INIT-0079,Beer Initiative 14,Food & Beverage,Beer,APAC,PMM_05,Low,Growth,2024Q1,Month2,300112.17,292805.76,95,90.8,26,79.7,28.4,80.0,Low,0.976,0.956,0.711,0.797,0.568,0.6,0.836,0.833,-2.434559718121386,-4.200000000000003,Amber,Medium,164
INIT-0079,Beer Initiative 14,Food & Beverage,Beer,APAC,PMM_05,Low,Growth,2024Q1,Month3,309226.73,329017.15,95,89.3,26,91.7,25.9,82.3,Low,1.064,0.94,0.711,0.917,0.518,0.646,0.875,0.826,6.399970662303367,-5.700000000000003,Amber,Medium,127
INIT-0079,Beer Initiative 14,Food & Beverage,Beer,APAC,PMM_05,Low,Growth,2024Q2,Month1,354527.77,360116.1,95,88.2,36,77.6,28.3,81.5,Low,1.016,0.928,0.6,0.776,0.566,0.63,0.828,0.764,1.5762742647776102,-6.799999999999997,Amber,Medium,169
INIT-0079,Beer Initiative 14,Food & Beverage,Beer,APAC,PMM_05,Low,Growth,2024Q2,Month2,348805.88,342279.39,95,89.4,25,65.9,26.4,87.9,Low,0.981,0.941,0.722,0.659,0.528,0.758,0.834,0.832,-1.8710951776386313,-5.599999999999994,Amber,Medium,164
INIT-0079,Beer Initiative 14,Food & Beverage,Beer,APAC,PMM_05,Low,Growth,2024Q2,Month3,354458.46,366600.55,95,95.0,48,80.7,27.7,95.6,Low,1.034,1.0,0.467,0.807,0.554,0.912,0.859,0.733,3.425532571574104,0.0,Amber,Medium,149
INIT-0079,Beer Initiative 14,Food & Beverage,Beer,APAC,PMM_05,Low,Growth,2024Q3,Month1,393988.21,399606.82,95,89.5,35,87.3,28.8,92.8,Low,1.014,0.942,0.611,0.873,0.576,0.856,0.866,0.777,1.4260858211975393,-5.5,Amber,Medium,145
INIT-0079,Beer Initiative 14,Food & Beverage,Beer,APAC,PMM_05,Low,Growth,2024Q3,Month2,368465.43,354587.59,95,95.5,28,83.4,28.3,99.3,Low,0.962,1.005,0.689,0.834,0.566,0.986,0.88,0.847,-3.7663886134446773,0.5,Amber,Medium,130
INIT-0079,Beer Initiative 14,Food & Beverage,Beer,APAC,PMM_05,Low,Growth,2024Q3,Month3,393848.21,399186.37,95,92.9,24,84.1,27.8,89.4,Low,1.014,0.978,0.733,0.841,0.556,0.788,0.879,0.856,1.3553851114367066,-2.0999999999999943,Amber,Medium,132
INIT-0079,Beer Initiative 14,Food & Beverage,Beer,APAC,PMM_05,Low,Growth,2024Q4,Month1,457271.04,465219.79,95,95.3,25,79.7,26.6,90.5,Low,1.017,1.003,0.722,0.797,0.532,0.81,0.879,0.863,1.7383016427193816,0.29999999999999716,Amber,Medium,125
INIT-0079,Beer Initiative 14,Food & Beverage,Beer,APAC,PMM_05,Low,Growth,2024Q4,Month2,449871.38,433212.52,95,94.5,41,69.7,28.1,88.6,Medium,0.963,0.995,0.544,0.697,0.562,0.772,0.821,0.77,-3.7030272963796866,-0.5,Amber,Medium,171
INIT-0079,Beer Initiative 14,Food & Beverage,Beer,APAC,PMM_05,Low,Growth,2024Q4,Month3,431235.37,411298.63,95,91.4,32,78.8,28.8,83.9,Medium,0.954,0.962,0.644,0.788,0.576,0.678,0.827,0.803,-4.623169013246755,-3.5999999999999943,Amber,Medium,167
INIT-0079,Beer Initiative 14,Food & Beverage,Beer,APAC,PMM_05,Low,Growth,2025Q1,Month1,497422.11,474149.16,95,94.8,42,70.9,27.4,87.8,Medium,0.953,0.998,0.533,0.709,0.548,0.756,0.815,0.766,-4.678712411878919,-0.20000000000000284,Amber,Medium,180
INIT-0079,Beer Initiative 14,Food & Beverage,Beer,APAC,PMM_05,Low,Growth,2025Q1,Month2,541625.51,577707.23,95,91.8,29,82.0,30.7,96.1,Low,1.067,0.966,0.678,0.82,0.614,0.922,0.904,0.822,6.661746785154188,-3.200000000000003,Green,Low,72
INIT-0079,Beer Initiative 14,Food & Beverage,Beer,APAC,PMM_05,Low,Growth,2025Q1,Month3,517456.51,493895.27,95,95.0,40,87.2,27.2,91.6,Medium,0.954,1.0,0.556,0.872,0.544,0.832,0.842,0.778,-4.553279269788294,0.0,Amber,Medium,156
INIT-0079,Beer Initiative 14,Food & Beverage,Beer,APAC,PMM_05,Low,Growth,2025Q2,Month1,614290.58,600643.35,95,93.9,37,80.4,29.4,78.9,Low,0.978,0.988,0.589,0.804,0.588,0.578,0.825,0.789,-2.2216244956906195,-1.0999999999999943,Amber,Medium,170
INIT-0079,Beer Initiative 14,Food & Beverage,Beer,APAC,PMM_05,Low,Growth,2025Q2,Month2,632548.68,652011.74,95,92.1,39,70.6,25.5,103.0,Low,1.031,0.969,0.567,0.706,0.51,0.94,0.855,0.768,3.0769268224541926,-2.9000000000000057,Amber,Medium,153
INIT-0079,Beer Initiative 14,Food & Beverage,Beer,APAC,PMM_05,Low,Growth,2025Q2,Month3,628658.88,619556.36,95,91.8,16,78.2,31.3,87.2,Low,0.986,0.966,0.822,0.782,0.626,0.744,0.877,0.894,-1.4479267357203351,-3.200000000000003,Amber,Medium,131
INIT-0079,Beer Initiative 14,Food & Beverage,Beer,APAC,PMM_05,Low,Growth,2025Q3,Month1,729514.78,755804.89,95,90.7,33,70.2,26.5,75.6,Low,1.036,0.955,0.633,0.702,0.53,0.512,0.823,0.794,3.603780309975349,-4.299999999999997,Amber,Medium,174
INIT-0079,Beer Initiative 14,Food & Beverage,Beer,APAC,PMM_05,Low,Growth,2025Q3,Month2,733770.37,703017.43,95,94.1,19,70.8,26.6,92.6,Low,0.958,0.991,0.789,0.708,0.532,0.852,0.861,0.89,-4.19108501205901,-0.9000000000000057,Amber,Medium,144
INIT-0079,Beer Initiative 14,Food & Beverage,Beer,APAC,PMM_05,Low,Growth,2025Q3,Month3,749673.89,759769.97,95,87.5,39,71.0,29.8,102.0,Medium,1.013,0.921,0.567,0.71,0.596,0.96,0.851,0.744,1.3467295759760232,-7.5,Amber,Medium,155
INIT-0079,Beer Initiative 14,Food & Beverage,Beer,APAC,PMM_05,Low,Growth,2025Q4,Month1,845418.32,904785.43,95,94.7,39,83.1,23.5,99.9,Low,1.07,0.997,0.567,0.831,0.47,0.998,0.889,0.782,7.022217119685803,-0.29999999999999716,Amber,Medium,113
INIT-0079,Beer Initiative 14,Food & Beverage,Beer,APAC,PMM_05,Low,Growth,2025Q4,Month2,819594.06,818573.97,95,88.8,22,83.7,26.9,106.1,Low,0.999,0.935,0.756,0.837,0.538,0.878,0.875,0.845,-0.12446283468673307,-6.200000000000003,Amber,Medium,128
INIT-0079,Beer Initiative 14,Food & Beverage,Beer,APAC,PMM_05,Low,Growth,2025Q4,Month3,808729.59,782450.45,95,91.3,24,79.2,27.3,87.0,Low,0.968,0.961,0.733,0.792,0.546,0.74,0.849,0.847,-3.2494347090725366,-3.700000000000003,Amber,Medium,158
INIT-0080,Dairy Initiative 15,Food & Beverage,Dairy,APAC,PMM_04,Medium,Decline,2024Q1,Month1,270921.8,219957.07,95,84.6,37,85.7,30.6,100.0,Medium,0.812,0.891,0.589,0.857,0.612,1.0,0.797,0.74,-18.81160172418756,-10.400000000000006,Amber,Medium,194
INIT-0080,Dairy Initiative 15,Food & Beverage,Dairy,APAC,PMM_04,Medium,Decline,2024Q1,Month2,285575.95,255093.28,95,86.9,43,83.0,38.0,98.0,Medium,0.893,0.915,0.522,0.83,0.76,0.96,0.829,0.718,-10.674102633642649,-8.099999999999994,Amber,Medium,169
INIT-0080,Dairy Initiative 15,Food & Beverage,Dairy,APAC,PMM_04,Medium,Decline,2024Q1,Month3,267478.16,227890.48,95,91.0,51,73.6,26.4,101.4,Medium,0.852,0.958,0.433,0.736,0.528,0.972,0.778,0.696,-14.800341082053192,-4.0,Amber,Medium,207
INIT-0080,Dairy Initiative 15,Food & Beverage,Dairy,APAC,PMM_04,Medium,Decline,2024Q2,Month1,255048.05,241037.79,95,84.1,40,82.7,29.1,93.0,Medium,0.945,0.885,0.556,0.827,0.582,0.86,0.818,0.72,-5.493184519544447,-10.900000000000006,Amber,Medium,174
INIT-0080,Dairy Initiative 15,Food & Beverage,Dairy,APAC,PMM_04,Medium,Decline,2024Q2,Month2,259341.3,228395.2,95,84.1,47,87.5,27.6,90.5,Medium,0.881,0.885,0.478,0.875,0.552,0.81,0.781,0.682,-11.932576878422365,-10.900000000000006,Amber,Medium,204
INIT-0080,Dairy Initiative 15,Food & Beverage,Dairy,APAC,PMM_04,Medium,Decline,2024Q2,Month3,260523.72,240286.45,95,92.2,41,88.8,28.0,95.4,Medium,0.922,0.971,0.544,0.888,0.56,0.908,0.834,0.757,-7.767918406815314,-2.799999999999997,Amber,Medium,166
INIT-0080,Dairy Initiative 15,Food & Beverage,Dairy,APAC,PMM_04,Medium,Decline,2024Q3,Month1,256731.73,232633.09,95,86.5,26,90.1,30.2,87.5,Medium,0.906,0.911,0.711,0.901,0.604,0.75,0.831,0.811,-9.38670105171652,-8.5,Amber,Medium,172
INIT-0080,Dairy Initiative 15,Food & Beverage,Dairy,APAC,PMM_04,Medium,Decline,2024Q3,Month2,242545.66,223237.71,95,89.1,44,67.6,31.7,93.4,Medium,0.92,0.938,0.511,0.676,0.634,0.868,0.804,0.725,-7.960542357261725,-5.900000000000006,Amber,Medium,188
INIT-0080,Dairy Initiative 15,Food & Beverage,Dairy,APAC,PMM_04,Medium,Decline,2024Q3,Month3,247440.83,215898.57,95,91.0,37,95.7,29.0,94.5,Medium,0.873,0.958,0.589,0.957,0.58,0.89,0.828,0.773,-12.747395003484261,-4.0,Amber,Medium,173
INIT-0080,Dairy Initiative 15,Food & Beverage,Dairy,APAC,PMM_04,Medium,Decline,2024Q4,Month1,230569.5,187387.78,95,90.5,43,86.6,27.3,89.2,Medium,0.813,0.953,0.522,0.866,0.546,0.784,0.773,0.737,-18.728287999930608,-4.5,Amber,Medium,208
INIT-0080,Dairy Initiative 15,Food & Beverage,Dairy,APAC,PMM_04,Medium,Decline,2024Q4,Month2,232957.48,189557.31,95,88.8,35,96.5,22.6,87.9,Medium,0.814,0.935,0.611,0.965,0.452,0.758,0.781,0.773,-18.630082193540215,-6.200000000000003,Amber,Medium,199
INIT-0080,Dairy Initiative 15,Food & Beverage,Dairy,APAC,PMM_04,Medium,Decline,2024Q4,Month3,240220.0,193362.15,95,86.8,39,78.6,29.7,92.5,Medium,0.805,0.914,0.567,0.786,0.594,0.85,0.772,0.74,-19.50622346182666,-8.200000000000003,Amber,Medium,210
INIT-0080,Dairy Initiative 15,Food & Beverage,Dairy,APAC,PMM_04,Medium,Decline,2025Q1,Month1,237571.02,191656.45,95,85.5,47,69.5,31.9,93.3,Medium,0.807,0.9,0.478,0.695,0.638,0.866,0.754,0.689,-19.326671241298698,-9.5,Amber,Medium,227
INIT-0080,Dairy Initiative 15,Food & Beverage,Dairy,APAC,PMM_04,Medium,Decline,2025Q1,Month2,225042.83,201733.69,95,86.1,58,91.1,32.3,94.8,Medium,0.896,0.906,0.356,0.911,0.646,0.896,0.794,0.631,-10.357646142292108,-8.900000000000006,Amber,Medium,198
INIT-0080,Dairy Initiative 15,Food & Beverage,Dairy,APAC,PMM_04,Medium,Decline,2025Q1,Month3,236293.03,218159.08,95,86.1,55,79.4,28.2,98.1,Medium,0.923,0.906,0.389,0.794,0.564,0.962,0.795,0.648,-7.674348244635067,-8.900000000000006,Amber,Medium,195
INIT-0080,Dairy Initiative 15,Food & Beverage,Dairy,APAC,PMM_04,Medium,Decline,2025Q2,Month1,229259.7,205116.55,95,86.0,29,73.8,26.7,86.3,Medium,0.895,0.905,0.678,0.738,0.534,0.726,0.796,0.792,-10.530917557686772,-9.0,Amber,Medium,183
INIT-0080,Dairy Initiative 15,Food & Beverage,Dairy,APAC,PMM_04,Medium,Decline,2025Q2,Month2,218213.4,198351.38,95,89.5,51,75.5,25.9,92.0,Medium,0.909,0.942,0.433,0.755,0.518,0.84,0.783,0.688,-9.102108303156447,-5.5,Amber,Medium,196
INIT-0080,Dairy Initiative 15,Food & Beverage,Dairy,APAC,PMM_04,Medium,Decline,2025Q2,Month3,220614.34,189673.91,95,88.7,47,75.8,29.0,87.9,Medium,0.86,0.934,0.478,0.758,0.58,0.758,0.769,0.706,-14.024668568688686,-6.299999999999997,Amber,Medium,206
INIT-0080,Dairy Initiative 15,Food & Beverage,Dairy,APAC,PMM_04,Medium,Decline,2025Q3,Month1,219341.42,194353.92,95,84.9,31,90.8,26.9,86.2,Medium,0.886,0.894,0.656,0.908,0.538,0.724,0.804,0.775,-11.392057186463003,-10.099999999999994,Amber,Medium,188
INIT-0080,Dairy Initiative 15,Food & Beverage,Dairy,APAC,PMM_04,Medium,Decline,2025Q3,Month2,211438.32,198938.31,95,85.1,37,85.1,30.9,97.0,Medium,0.941,0.896,0.589,0.851,0.618,0.94,0.838,0.742,-5.9118943056301285,-9.900000000000006,Amber,Medium,161
INIT-0080,Dairy Initiative 15,Food & Beverage,Dairy,APAC,PMM_04,Medium,Decline,2025Q3,Month3,213629.15,174501.25,95,88.4,27,73.5,25.7,77.9,Medium,0.817,0.931,0.7,0.735,0.514,0.558,0.758,0.815,-18.31580568475791,-6.599999999999994,Amber,Medium,217
INIT-0080,Dairy Initiative 15,Food & Beverage,Dairy,APAC,PMM_04,Medium,Decline,2025Q4,Month1,201348.99,186193.82,95,87.2,38,84.5,26.4,91.3,Medium,0.925,0.918,0.578,0.845,0.528,0.826,0.814,0.748,-7.526816995704813,-7.799999999999997,Amber,Medium,177
INIT-0080,Dairy Initiative 15,Food & Beverage,Dairy,APAC,PMM_04,Medium,Decline,2025Q4,Month2,206279.91,195068.1,95,88.5,44,90.3,26.1,74.2,Medium,0.946,0.932,0.511,0.903,0.522,0.484,0.785,0.721,-5.435240882158615,-6.5,Amber,Medium,194
INIT-0080,Dairy Initiative 15,Food & Beverage,Dairy,APAC,PMM_04,Medium,Decline,2025Q4,Month3,206240.13,165117.72,95,86.7,26,93.3,31.2,85.8,Medium,0.801,0.913,0.711,0.933,0.624,0.716,0.797,0.812,-19.939092358019753,-8.299999999999997,Amber,Medium,186
