initiative_id,initiative_name,business_unit,product_family,region,owner,priority,lifecycle_stage,quarter,checkpoint,planned_revenue,actual_revenue,planned_otd_pct,actual_otd_pct,backlog_days,customer_adoption_pct,gross_margin_pct,budget_utilization_pct,risk_level
INIT-0001,Cadence Initiative 1,Biopharma Consumables,Cadence,APAC,PMM_15,Medium,Growth,2024Q1,Month1,141239.79,136801.0,95,95.0,18,72.2,36.4,87.4,Low
INIT-0001,Cadence Initiative 1,Biopharma Consumables,Cadence,APAC,PMM_15,Medium,Growth,2024Q1,Month2,148135.81,150834.95,95,91.9,38,68.8,38.7,85.9,Low
INIT-0001,Cadence Initiative 1,Biopharma Consumables,Cadence,APAC,PMM_15,Medium,Growth,2024Q1,Month3,146033.13,139613.3,95,94.5,39,75.1,37.9,92.8,Medium
INIT-0001,Cadence Initiative 1,Biopharma Consumables,Cadence,APAC,PMM_15,Medium,Growth,2024Q2,Month1,160598.27,166833.38,95,90.5,34,84.6,37.3,95.1,Low
INIT-0001,Cadence Initiative 1,Biopharma Consumables,Cadence,APAC,PMM_15,Medium,Growth,2024Q2,Month2,171510.02,167570.85,95,90.8,21,85.4,38.5,91.1,Low
INIT-0001,Cadence Initiative 1,Biopharma Consumables,Cadence,APAC,PMM_15,Medium,Growth,2024Q2,Month3,166888.41,171273.85,95,90.3,41,75.0,34.6,93.1,Low
INIT-0001,Cadence Initiative 1,Biopharma Consumables,Cadence,APAC,PMM_15,Medium,Growth,2024Q3,Month1,189194.38,189446.88,95,95.9,43,83.8,40.7,99.2,Low
INIT-0001,Cadence Initiative 1,Biopharma Consumables,Cadence,APAC,PMM_15,Medium,Growth,2024Q3,Month2,189184.38,202227.65,95,90.3,29,85.5,36.6,90.5,Low
INIT-0001,Cadence Initiative 1,Biopharma Consumables,Cadence,APAC,PMM_15,Medium,Growth,2024Q3,Month3,193866.3,199075.24,95,89.5,20,67.6,37.8,99.8,Low
INIT-0001,Cadence Initiative 1,Biopharma Consumables,Cadence,APAC,PMM_15,Medium,Growth,2024Q4,Month1,234257.14,244186.4,95,92.4,30,86.0,33.7,100.3,Low
INIT-0001,Cadence Initiative 1,Biopharma Consumables,Cadence,APAC,PMM_15,Medium,Growth,2024Q4,Month2,228272.47,234795.19,95,93.5,38,94.2,40.5,94.3,Low
INIT-0001,Cadence Initiative 1,Biopharma Consumables,Cadence,APAC,PMM_15,Medium,Growth,2024Q4,Month3,223415.87,217663.83,95,89.5,33,87.0,40.2,90.0,Medium
INIT-0001,Cadence Initiative 1,Biopharma Consumables,Cadence,APAC,PMM_15,Medium,Growth,2025Q1,Month1,262523.3,278772.17,95,88.7,31,64.9,46.8,83.2,Low
INIT-0001,Cadence Initiative 1,Biopharma Consumables,Cadence,APAC,PMM_15,Medium,Growth,2025Q1,Month2,252082.98,262517.32,95,90.0,36,87.1,35.5,85.4,Low
INIT-0001,Cadence Initiative 1,Biopharma Consumables,Cadence,APAC,PMM_15,Medium,Growth,2025Q1,Month3,263780.96,260359.53,95,93.5,17,77.4,39.0,91.4,Low
INIT-0001,Cadence Initiative 1,Biopharma Consumables,Cadence,APAC,PMM_15,Medium,Growth,2025Q2,Month1,305325.6,329182.08,95,91.4,44,75.6,35.7,98.2,Low
INIT-0001,Cadence Initiative 1,Biopharma Consumables,Cadence,APAC,PMM_15,Medium,Growth,2025Q2,Month2,306750.48,330629.48,95,90.5,37,68.1,36.3,92.8,Low
INIT-0001,Cadence Initiative 1,Biopharma Consumables,Cadence,APAC,PMM_15,Medium,Growth,2025Q2,Month3,305231.4,322090.9,95,87.8,18,73.0,39.6,84.7,Low
INIT-0001,Cadence Initiative 1,Biopharma Consumables,Cadence,APAC,PMM_15,Medium,Growth,2025Q3,Month1,357508.32,344906.71,95,88.9,43,67.7,40.2,78.3,Medium
INIT-0001,Cadence Initiative 1,Biopharma Consumables,Cadence,APAC,PMM_15,Medium,Growth,2025Q3,Month2,359547.29,383656.5,95,95.1,23,79.2,41.9,85.1,Low
INIT-0001,Cadence Initiative 1,Biopharma Consumables,Cadence,APAC,PMM_15,Medium,Growth,2025Q3,Month3,356151.15,379447.04,95,95.0,39,80.9,35.9,106.9,Low
INIT-0001,Cadence Initiative 1,Biopharma Consumables,Cadence,APAC,PMM_15,Medium,Growth,2025Q4,Month1,386561.26,392052.82,95,93.3,16,82.7,40.6,99.7,Low
INIT-0001,Cadence Initiative 1,Biopharma Consumables,Cadence,APAC,PMM_15,Medium,Growth,2025Q4,Month2,389892.16,389035.59,95,92.3,45,81.2,38.2,99.3,Medium
INIT-0001,Cadence Initiative 1,Biopharma Consumables,Cadence,APAC,PMM_15,Medium,Growth,2025Q4,Month3,394914.2,404786.07,95,91.1,13,77.7,35.1,99.8,Low
INIT-0002,Cadence Initiative 2,Biopharma Consumables,Cadence,APAC,PMM_17,Low,Growth,2024Q1,Month1,187968.25,192077.13,95,93.7,31,75.8,36.6,87.1,Low
INIT-0002,Cadence Initiative 2,Biopharma Consumables,Cadence,APAC,PMM_17,Low,Growth,2024Q1,Month2,183154.48,196286.68,95,89.7,31,69.9,34.6,103.1,Low
INIT-0002,Cadence Initiative 2,Biopharma Consumables,Cadence,APAC,PMM_17,Low,Growth,2024Q1,Month3,178915.24,187199.0,95,90.8,38,82.5,43.3,86.7,Low
INIT-0002,Cadence Initiative 2,Biopharma Consumables,Cadence,APAC,PMM_17,Low,Growth,2024Q2,Month1,210170.48,213364.47,95,88.3,22,61.1,40.9,97.2,Low
INIT-0002,Cadence Initiative 2,Biopharma Consumables,Cadence,APAC,PMM_17,Low,Growth,2024Q2,Month2,215959.0,207799.56,95,90.0,20,68.9,36.6,88.7,Low
INIT-0002,Cadence Initiative 2,Biopharma Consumables,Cadence,APAC,PMM_17,Low,Growth,2024Q2,Month3,198267.2,191628.79,95,89.5,23,84.0,41.6,90.8,Low
INIT-0002,Cadence Initiative 2,Biopharma Consumables,Cadence,APAC,PMM_17,Low,Growth,2024Q3,Month1,232567.33,242891.43,95,92.9,21,88.5,36.1,88.4,Low
INIT-0002,Cadence Initiative 2,Biopharma Consumables,Cadence,APAC,PMM_17,Low,Growth,2024Q3,Month2,224755.97,215881.14,95,87.8,41,61.3,33.4,89.3,Medium
INIT-0002,Cadence Initiative 2,Biopharma Consumables,Cadence,APAC,PMM_17,Low,Growth,2024Q3,Month3,225117.73,222054.19,95,89.0,31,94.6,36.6,92.7,Low
INIT-0002,Cadence Initiative 2,Biopharma Consumables,Cadence,APAC,PMM_17,Low,Growth,2024Q4,Month1,254278.03,244676.59,95,91.0,20,72.1,36.4,100.8,Low
INIT-0002,Cadence Initiative 2,Biopharma Consumables,Cadence,APAC,PMM_17,Low,Growth,2024Q4,Month2,263384.02,271301.47,95,91.8,42,78.0,40.3,107.5,Low
INIT-0002,Cadence Initiative 2,Biopharma Consumables,Cadence,APAC,PMM_17,Low,Growth,2024Q4,Month3,267379.9,254932.42,95,94.5,17,82.1,42.8,82.1,Low
INIT-0002,Cadence Initiative 2,Biopharma Consumables,Cadence,APAC,PMM_17,Low,Growth,2025Q1,Month1,304587.15,321843.68,95,93.8,22,80.8,36.1,90.3,Low
INIT-0002,Cadence Initiative 2,Biopharma Consumables,Cadence,APAC,PMM_17,Low,Growth,2025Q1,Month2,313660.79,308607.8,95,88.9,20,73.1,40.9,103.6,Low
INIT-0002,Cadence Initiative 2,Biopharma Consumables,Cadence,APAC,PMM_17,Low,Growth,2025Q1,Month3,314649.13,338494.97,95,93.8,36,85.5,39.8,91.8,Low
INIT-0002,Cadence Initiative 2,Biopharma Consumables,Cadence,APAC,PMM_17,Low,Growth,2025Q2,Month1,355571.2,348821.6,95,89.9,23,79.2,36.8,94.1,Low
INIT-0002,Cadence Initiative 2,Biopharma Consumables,Cadence,APAC,PMM_17,Low,Growth,2025Q2,Month2,359935.73,360169.82,95,91.8,30,75.3,36.2,107.3,Low
INIT-0002,Cadence Initiative 2,Biopharma Consumables,Cadence,APAC,PMM_17,Low,Growth,2025Q2,Month3,344223.29,351789.8,95,89.5,41,88.7,39.9,97.0,Low
INIT-0002,Cadence Initiative 2,Biopharma Consumables,Cadence,APAC,PMM_17,Low,Growth,2025Q3,Month1,387931.86,390802.16,95,88.3,44,86.9,39.5,92.4,Medium
INIT-0002,Cadence Initiative 2,Biopharma Consumables,Cadence,APAC,PMM_17,Low,Growth,2025Q3,Month2,385279.69,407179.68,95,90.3,30,78.6,33.3,92.6,Low
INIT-0002,Cadence Initiative 2,Biopharma Consumables,Cadence,APAC,PMM_17,Low,Growth,2025Q3,Month3,391304.29,413085.83,95,93.1,40,71.4,42.1,75.7,Low
INIT-0002,Cadence Initiative 2,Biopharma Consumables,Cadence,APAC,PMM_17,Low,Growth,2025Q4,Month1,439475.64,440651.8,95,91.0,34,93.7,39.9,96.3,Low
INIT-0002,Cadence Initiative 2,Biopharma Consumables,Cadence,APAC,PMM_17,Low,Growth,2025Q4,Month2,468420.45,467827.05,95,93.6,37,52.4,41.4,76.8,Low
INIT-0002,Cadence Initiative 2,Biopharma Consumables,Cadence,APAC,PMM_17,Low,Growth,2025Q4,Month3,436375.61,428908.67,95,93.5,19,84.0,44.8,95.2,Low
INIT-0003,Pegasus Initiative 3,Biopharma Consumables,Pegasus,North America,PMM_01,Medium,Growth,2024Q1,Month1,306610.8,307005.66,95,97.3,15,68.1,36.5,82.3,Low
INIT-0003,Pegasus Initiative 3,Biopharma Consumables,Pegasus,North America,PMM_01,Medium,Growth,2024Q1,Month2,304994.25,328378.56,95,93.8,12,93.9,39.0,107.0,Low
INIT-0003,Pegasus Initiative 3,Biopharma Consumables,Pegasus,North America,PMM_01,Medium,Growth,2024Q1,Month3,307506.23,298631.66,95,97.6,23,85.4,42.4,97.6,Low
INIT-0003,Pegasus Initiative 3,Biopharma Consumables,Pegasus,North America,PMM_01,Medium,Growth,2024Q2,Month1,351661.7,369627.5,95,91.4,8,76.7,36.2,103.5,Low
INIT-0003,Pegasus Initiative 3,Biopharma Consumables,Pegasus,North America,PMM_01,Medium,Growth,2024Q2,Month2,380543.56,384702.94,95,95.1,8,76.9,37.8,94.1,Low
INIT-0003,Pegasus Initiative 3,Biopharma Consumables,Pegasus,North America,PMM_01,Medium,Growth,2024Q2,Month3,386827.03,396911.39,95,98.6,28,81.0,36.1,102.8,Low
INIT-0003,Pegasus Initiative 3,Biopharma Consumables,Pegasus,North America,PMM_01,Medium,Growth,2024Q3,Month1,404794.8,416453.98,95,92.6,20,88.6,42.6,85.4,Low
INIT-0003,Pegasus Initiative 3,Biopharma Consumables,Pegasus,North America,PMM_01,Medium,Growth,2024Q3,Month2,424253.55,448893.47,95,94.6,29,75.0,36.3,110.0,Low
INIT-0003,Pegasus Initiative 3,Biopharma Consumables,Pegasus,North America,PMM_01,Medium,Growth,2024Q3,Month3,413782.84,430967.4,95,96.3,21,88.6,32.7,82.5,Low
INIT-0003,Pegasus Initiative 3,Biopharma Consumables,Pegasus,North America,PMM_01,Medium,Growth,2024Q4,Month1,483838.33,516914.13,95,94.5,31,57.6,43.7,93.8,Low
INIT-0003,Pegasus Initiative 3,Biopharma Consumables,Pegasus,North America,PMM_01,Medium,Growth,2024Q4,Month2,505858.9,512928.34,95,94.1,24,81.8,37.9,75.5,Low
INIT-0003,Pegasus Initiative 3,Biopharma Consumables,Pegasus,North America,PMM_01,Medium,Growth,2024Q4,Month3,497847.33,507726.74,95,92.9,26,77.1,32.7,104.0,Low
INIT-0003,Pegasus Initiative 3,Biopharma Consumables,Pegasus,North America,PMM_01,Medium,Growth,2025Q1,Month1,553398.06,590244.68,95,96.1,32,68.1,39.5,87.8,Low
INIT-0003,Pegasus Initiative 3,Biopharma Consumables,Pegasus,North America,PMM_01,Medium,Growth,2025Q1,Month2,553223.3,563997.36,95,91.7,8,70.1,34.3,82.7,Low
INIT-0003,Pegasus Initiative 3,Biopharma Consumables,Pegasus,North America,PMM_01,Medium,Growth,2025Q1,Month3,548379.97,526789.52,95,95.2,29,86.5,36.1,86.1,Low
INIT-0003,Pegasus Initiative 3,Biopharma Consumables,Pegasus,North America,PMM_01,Medium,Growth,2025Q2,Month1,637609.12,668720.75,95,94.7,33,83.8,37.2,93.0,Low
INIT-0003,Pegasus Initiative 3,Biopharma Consumables,Pegasus,North America,PMM_01,Medium,Growth,2025Q2,Month2,623221.1,664588.58,95,92.2,10,68.3,38.2,104.2,Low
INIT-0003,Pegasus Initiative 3,Biopharma Consumables,Pegasus,North America,PMM_01,Medium,Growth,2025Q2,Month3,629340.52,612786.92,95,93.2,12,53.4,33.3,93.7,Low
INIT-0003,Pegasus Initiative 3,Biopharma Consumables,Pegasus,North America,PMM_01,Medium,Growth,2025Q3,Month1,733956.17,744816.87,95,93.1,16,100.0,41.0,88.5,Low
INIT-0003,Pegasus Initiative 3,Biopharma Consumables,Pegasus,North America,PMM_01,Medium,Growth,2025Q3,Month2,708466.34,755901.11,95,93.4,13,93.8,38.0,78.9,Low
INIT-0003,Pegasus Initiative 3,Biopharma Consumables,Pegasus,North America,PMM_01,Medium,Growth,2025Q3,Month3,723387.47,696789.76,95,97.3,28,71.5,36.5,87.3,Low
INIT-0003,Pegasus Initiative 3,Biopharma Consumables,Pegasus,North America,PMM_01,Medium,Growth,2025Q4,Month1,862586.24,821502.57,95,92.1,26,69.4,40.4,93.2,Low
INIT-0003,Pegasus Initiative 3,Biopharma Consumables,Pegasus,North America,PMM_01,Medium,Growth,2025Q4,Month2,788624.22,823305.15,95,98.6,31,80.9,43.3,101.9,Low
INIT-0003,Pegasus Initiative 3,Biopharma Consumables,Pegasus,North America,PMM_01,Medium,Growth,2025Q4,Month3,805199.12,809472.1,95,98.0,11,77.1,36.6,89.5,Low
INIT-0004,Pegasus Initiative 4,Biopharma Consumables,Pegasus,APAC,PMM_06,Medium,Launch,2024Q1,Month1,202824.05,181893.51,95,82.7,43,65.1,36.3,98.7,Medium
INIT-0004,Pegasus Initiative 4,Biopharma Consumables,Pegasus,APAC,PMM_06,Medium,Launch,2024Q1,Month2,217866.35,197137.3,95,86.9,50,43.7,38.5,92.7,Medium
INIT-0004,Pegasus Initiative 4,Biopharma Consumables,Pegasus,APAC,PMM_06,Medium,Launch,2024Q1,Month3,205571.94,189336.59,95,80.1,71,62.6,39.9,88.5,Medium
INIT-0004,Pegasus Initiative 4,Biopharma Consumables,Pegasus,APAC,PMM_06,Medium,Launch,2024Q2,Month1,228709.92,215629.56,95,89.6,57,59.6,43.3,88.8,Medium
INIT-0004,Pegasus Initiative 4,Biopharma Consumables,Pegasus,APAC,PMM_06,Medium,Launch,2024Q2,Month2,234711.25,217029.35,95,87.4,57,52.6,40.5,99.1,Medium
INIT-0004,Pegasus Initiative 4,Biopharma Consumables,Pegasus,APAC,PMM_06,Medium,Launch,2024Q2,Month3,228495.05,198012.49,95,81.6,32,56.0,39.0,88.7,Medium
INIT-0004,Pegasus Initiative 4,Biopharma Consumables,Pegasus,APAC,PMM_06,Medium,Launch,2024Q3,Month1,246323.92,236391.39,95,90.2,68,63.3,35.4,92.6,Medium
INIT-0004,Pegasus Initiative 4,Biopharma Consumables,Pegasus,APAC,PMM_06,Medium,Launch,2024Q3,Month2,251945.86,210225.71,95,89.7,60,50.2,38.2,110.0,Medium
INIT-0004,Pegasus Initiative 4,Biopharma Consumables,Pegasus,APAC,PMM_06,Medium,Launch,2024Q3,Month3,246481.03,227037.46,95,86.3,29,68.3,44.0,97.7,Medium
INIT-0004,Pegasus Initiative 4,Biopharma Consumables,Pegasus,APAC,PMM_06,Medium,Launch,2024Q4,Month1,282752.23,247724.66,95,82.9,39,70.7,38.8,83.0,Medium
INIT-0004,Pegasus Initiative 4,Biopharma Consumables,Pegasus,APAC,PMM_06,Medium,Launch,2024Q4,Month2,270500.73,249307.91,95,85.9,74,67.0,40.0,87.0,Medium
INIT-0004,Pegasus Initiative 4,Biopharma Consumables,Pegasus,APAC,PMM_06,Medium,Launch,2024Q4,Month3,258914.77,245860.18,95,81.9,71,53.2,36.1,88.0,Medium
INIT-0004,Pegasus Initiative 4,Biopharma Consumables,Pegasus,APAC,PMM_06,Medium,Launch,2025Q1,Month1,296142.01,268039.68,95,83.2,72,61.2,36.1,84.7,Medium
INIT-0004,Pegasus Initiative 4,Biopharma Consumables,Pegasus,APAC,PMM_06,Medium,Launch,2025Q1,Month2,284024.56,246672.05,95,89.5,63,57.5,38.5,98.2,Medium
INIT-0004,Pegasus Initiative 4,Biopharma Consumables,Pegasus,APAC,PMM_06,Medium,Launch,2025Q1,Month3,273091.07,246019.13,95,90.2,51,52.7,40.1,106.8,Medium
INIT-0004,Pegasus Initiative 4,Biopharma Consumables,Pegasus,APAC,PMM_06,Medium,Launch,2025Q2,Month1,305264.91,269933.08,95,82.1,47,66.3,45.7,92.5,Medium
INIT-0004,Pegasus Initiative 4,Biopharma Consumables,Pegasus,APAC,PMM_06,Medium,Launch,2025Q2,Month2,287350.03,249682.51,95,89.2,43,80.7,34.7,103.1,Medium
INIT-0004,Pegasus Initiative 4,Biopharma Consumables,Pegasus,APAC,PMM_06,Medium,Launch,2025Q2,Month3,298573.81,276822.67,95,85.0,65,28.4,33.8,85.8,Medium
INIT-0004,Pegasus Initiative 4,Biopharma Consumables,Pegasus,APAC,PMM_06,Medium,Launch,2025Q3,Month1,324197.83,303958.3,95,80.0,58,62.2,34.6,87.8,Medium
INIT-0004,Pegasus Initiative 4,Biopharma Consumables,Pegasus,APAC,PMM_06,Medium,Launch,2025Q3,Month2,332181.51,309840.34,95,82.2,65,59.9,38.7,94.0,Medium
INIT-0004,Pegasus Initiative 4,Biopharma Consumables,Pegasus,APAC,PMM_06,Medium,Launch,2025Q3,Month3,323819.91,283956.04,95,86.6,51,58.3,34.2,99.4,Medium
INIT-0004,Pegasus Initiative 4,Biopharma Consumables,Pegasus,APAC,PMM_06,Medium,Launch,2025Q4,Month1,354392.92,308615.38,95,83.3,32,53.2,34.2,106.0,Medium
INIT-0004,Pegasus Initiative 4,Biopharma Consumables,Pegasus,APAC,PMM_06,Medium,Launch,2025Q4,Month2,361963.06,307933.37,95,84.3,77,64.7,37.9,89.3,High
INIT-0004,Pegasus Initiative 4,Biopharma Consumables,Pegasus,APAC,PMM_06,Medium,Launch,2025Q4,Month3,342893.55,314720.87,95,83.4,72,68.5,38.5,90.5,Medium
INIT-0005,Pegasus Initiative 5,Biopharma Consumables,Pegasus,EMEA,PMM_13,Medium,Mature,2024Q1,Month1,278802.81,282497.13,95,97.0,1,88.3,39.4,94.0,Low
INIT-0005,Pegasus Initiative 5,Biopharma Consumables,Pegasus,EMEA,PMM_13,Medium,Mature,2024Q1,Month2,273004.13,276934.75,95,97.7,6,87.8,37.0,101.1,Low
INIT-0005,Pegasus Initiative 5,Biopharma Consumables,Pegasus,EMEA,PMM_13,Medium,Mature,2024Q1,Month3,277609.68,274827.2,95,96.7,1,74.5,38.6,80.5,Low
INIT-0005,Pegasus Initiative 5,Biopharma Consumables,Pegasus,EMEA,PMM_13,Medium,Mature,2024Q2,Month1,268074.94,274318.93,95,96.4,0,83.8,39.6,93.1,Low
INIT-0005,Pegasus Initiative 5,Biopharma Consumables,Pegasus,EMEA,PMM_13,Medium,Mature,2024Q2,Month2,271031.43,277523.8,95,98.8,5,84.1,33.4,92.0,Low
INIT-0005,Pegasus Initiative 5,Biopharma Consumables,Pegasus,EMEA,PMM_13,Medium,Mature,2024Q2,Month3,276513.96,278851.68,95,96.3,9,71.4,34.2,81.4,Low
INIT-0005,Pegasus Initiative 5,Biopharma Consumables,Pegasus,EMEA,PMM_13,Medium,Mature,2024Q3,Month1,283571.85,282092.78,95,97.4,8,83.0,39.6,83.3,Low
INIT-0005,Pegasus Initiative 5,Biopharma Consumables,Pegasus,EMEA,PMM_13,Medium,Mature,2024Q3,Month2,280384.74,288360.51,95,96.4,11,87.3,38.7,107.6,Low
INIT-0005,Pegasus Initiative 5,Biopharma Consumables,Pegasus,EMEA,PMM_13,Medium,Mature,2024Q3,Month3,266392.9,272768.62,95,98.8,2,83.6,41.2,98.7,Low
INIT-0005,Pegasus Initiative 5,Biopharma Consumables,Pegasus,EMEA,PMM_13,Medium,Mature,2024Q4,Month1,278882.58,274168.28,95,95.9,9,82.6,37.1,92.9,Low
INIT-0005,Pegasus Initiative 5,Biopharma Consumables,Pegasus,EMEA,PMM_13,Medium,Mature,2024Q4,Month2,281641.94,285606.53,95,99.0,9,67.2,41.2,91.7,Low
INIT-0005,Pegasus Initiative 5,Biopharma Consumables,Pegasus,EMEA,PMM_13,Medium,Mature,2024Q4,Month3,289285.24,292567.49,95,98.4,1,84.8,42.0,102.4,Low
INIT-0005,Pegasus Initiative 5,Biopharma Consumables,Pegasus,EMEA,PMM_13,Medium,Mature,2025Q1,Month1,284163.45,290351.77,95,96.9,2,90.6,35.3,90.5,Low
INIT-0005,Pegasus Initiative 5,Biopharma Consumables,Pegasus,EMEA,PMM_13,Medium,Mature,2025Q1,Month2,283565.06,290447.56,95,98.2,8,73.6,30.1,97.8,Low
INIT-0005,Pegasus Initiative 5,Biopharma Consumables,Pegasus,EMEA,PMM_13,Medium,Mature,2025Q1,Month3,293088.53,302527.72,95,96.7,2,85.1,38.1,101.8,Low
INIT-0005,Pegasus Initiative 5,Biopharma Consumables,Pegasus,EMEA,PMM_13,Medium,Mature,2025Q2,Month1,285827.04,284769.82,95,97.5,7,71.2,35.6,90.4,Low
INIT-0005,Pegasus Initiative 5,Biopharma Consumables,Pegasus,EMEA,PMM_13,Medium,Mature,2025Q2,Month2,281717.0,280118.71,95,97.1,0,75.0,35.6,84.0,Low
INIT-0005,Pegasus Initiative 5,Biopharma Consumables,Pegasus,EMEA,PMM_13,Medium,Mature,2025Q2,Month3,278773.84,288425.09,95,95.2,0,67.5,35.1,89.8,Low
INIT-0005,Pegasus Initiative 5,Biopharma Consumables,Pegasus,EMEA,PMM_13,Medium,Mature,2025Q3,Month1,309075.07,310637.4,95,96.0,11,100.0,36.0,101.3,Low
INIT-0005,Pegasus Initiative 5,Biopharma Consumables,Pegasus,EMEA,PMM_13,Medium,Mature,2025Q3,Month2,300512.3,301427.49,95,95.9,1,94.2,39.4,96.1,Low
INIT-0005,Pegasus Initiative 5,Biopharma Consumables,Pegasus,EMEA,PMM_13,Medium,Mature,2025Q3,Month3,304026.52,314869.67,95,95.9,8,92.2,36.3,85.3,Low
INIT-0005,Pegasus Initiative 5,Biopharma Consumables,Pegasus,EMEA,PMM_13,Medium,Mature,2025Q4,Month1,303339.67,308064.61,95,95.9,8,82.7,35.5,93.3,Low
INIT-0005,Pegasus Initiative 5,Biopharma Consumables,Pegasus,EMEA,PMM_13,Medium,Mature,2025Q4,Month2,323709.68,326493.78,95,96.1,11,77.3,37.4,93.0,Low
INIT-0005,Pegasus Initiative 5,Biopharma Consumables,Pegasus,EMEA,PMM_13,Medium,Mature,2025Q4,Month3,305116.16,303769.14,95,96.0,5,80.3,37.9,106.4,Low
INIT-0006,Pegasus Initiative 6,Biopharma Consumables,Pegasus,APAC,PMM_16,Medium,Launch,2024Q1,Month1,291209.26,252971.53,95,86.4,28,59.1,39.9,100.8,Medium
INIT-0006,Pegasus Initiative 6,Biopharma Consumables,Pegasus,APAC,PMM_16,Medium,Launch,2024Q1,Month2,284343.75,261360.48,95,80.9,80,55.6,39.0,87.0,High
INIT-0006,Pegasus Initiative 6,Biopharma Consumables,Pegasus,APAC,PMM_16,Medium,Launch,2024Q1,Month3,282707.94,266327.3,95,88.9,71,57.3,37.5,85.5,Medium
INIT-0006,Pegasus Initiative 6,Biopharma Consumables,Pegasus,APAC,PMM_16,Medium,Launch,2024Q2,Month1,296451.3,269312.34,95,83.3,66,63.6,42.5,93.7,Medium
INIT-0006,Pegasus Initiative 6,Biopharma Consumables,Pegasus,APAC,PMM_16,Medium,Launch,2024Q2,Month2,297159.09,261652.65,95,88.7,35,61.1,38.6,88.4,Medium
INIT-0006,Pegasus Initiative 6,Biopharma Consumables,Pegasus,APAC,PMM_16,Medium,Launch,2024Q2,Month3,303159.29,278664.04,95,88.1,51,56.9,36.6,93.0,Medium
INIT-0006,Pegasus Initiative 6,Biopharma Consumables,Pegasus,APAC,PMM_16,Medium,Launch,2024Q3,Month1,357678.05,325723.21,95,90.1,63,53.7,31.9,97.9,Medium
INIT-0006,Pegasus Initiative 6,Biopharma Consumables,Pegasus,APAC,PMM_16,Medium,Launch,2024Q3,Month2,339660.56,323425.63,95,83.1,55,65.8,39.3,88.0,Medium
INIT-0006,Pegasus Initiative 6,Biopharma Consumables,Pegasus,APAC,PMM_16,Medium,Launch,2024Q3,Month3,348122.43,323125.56,95,82.1,29,52.8,34.6,91.1,Medium
INIT-0006,Pegasus Initiative 6,Biopharma Consumables,Pegasus,APAC,PMM_16,Medium,Launch,2024Q4,Month1,368085.8,317905.87,95,82.2,36,61.3,35.9,86.6,Medium
INIT-0006,Pegasus Initiative 6,Biopharma Consumables,Pegasus,APAC,PMM_16,Medium,Launch,2024Q4,Month2,354457.35,318580.97,95,87.8,43,53.4,34.4,89.0,Medium
INIT-0006,Pegasus Initiative 6,Biopharma Consumables,Pegasus,APAC,PMM_16,Medium,Launch,2024Q4,Month3,382931.94,363371.28,95,83.9,50,55.2,42.9,104.0,Medium
INIT-0006,Pegasus Initiative 6,Biopharma Consumables,Pegasus,APAC,PMM_16,Medium,Launch,2025Q1,Month1,397872.35,358672.38,95,82.3,50,58.0,37.9,91.0,Medium
INIT-0006,Pegasus Initiative 6,Biopharma Consumables,Pegasus,APAC,PMM_16,Medium,Launch,2025Q1,Month2,402699.95,364041.91,95,83.6,79,43.2,35.1,91.6,High
INIT-0006,Pegasus Initiative 6,Biopharma Consumables,Pegasus,APAC,PMM_16,Medium,Launch,2025Q1,Month3,385358.06,316984.54,95,90.6,61,60.2,43.3,85.0,Medium
INIT-0006,Pegasus Initiative 6,Biopharma Consumables,Pegasus,APAC,PMM_16,Medium,Launch,2025Q2,Month1,403614.77,349164.42,95,80.7,51,55.4,41.0,97.0,Medium
INIT-0006,Pegasus Initiative 6,Biopharma Consumables,Pegasus,APAC,PMM_16,Medium,Launch,2025Q2,Month2,410682.95,391469.96,95,81.0,75,72.0,42.1,79.7,Medium
INIT-0006,Pegasus Initiative 6,Biopharma Consumables,Pegasus,APAC,PMM_16,Medium,Launch,2025Q2,Month3,441803.41,411867.66,95,90.1,58,63.6,44.5,101.4,Medium
INIT-0006,Pegasus Initiative 6,Biopharma Consumables,Pegasus,APAC,PMM_16,Medium,Launch,2025Q3,Month1,464147.03,409101.52,95,81.3,67,48.5,36.5,89.4,High
INIT-0006,Pegasus Initiative 6,Biopharma Consumables,Pegasus,APAC,PMM_16,Medium,Launch,2025Q3,Month2,487164.47,458936.5,95,83.4,36,59.2,46.9,91.2,Medium
INIT-0006,Pegasus Initiative 6,Biopharma Consumables,Pegasus,APAC,PMM_16,Medium,Launch,2025Q3,Month3,475228.72,425779.75,95,83.3,58,41.3,36.6,81.2,Medium
INIT-0006,Pegasus Initiative 6,Biopharma Consumables,Pegasus,APAC,PMM_16,Medium,Launch,2025Q4,Month1,495799.66,436090.05,95,90.1,51,51.3,38.1,104.6,Medium
INIT-0006,Pegasus Initiative 6,Biopharma Consumables,Pegasus,APAC,PMM_16,Medium,Launch,2025Q4,Month2,514716.3,453674.12,95,85.9,69,70.1,42.9,96.8,Medium
INIT-0006,Pegasus Initiative 6,Biopharma Consumables,Pegasus,APAC,PMM_16,Medium,Launch,2025Q4,Month3,537718.86,469825.72,95,82.9,37,66.3,36.1,95.2,Medium
INIT-0007,Pegasus Initiative 7,Biopharma Consumables,Pegasus,North America,PMM_12,Medium,Growth,2024Q1,Month1,203282.92,208787.7,95,92.1,22,71.1,38.8,81.4,Low
INIT-0007,Pegasus Initiative 7,Biopharma Consumables,Pegasus,North America,PMM_12,Medium,Growth,2024Q1,Month2,202503.12,200938.72,95,97.7,12,88.7,33.3,89.8,Low
INIT-0007,Pegasus Initiative 7,Biopharma Consumables,Pegasus,North America,PMM_12,Medium,Growth,2024Q1,Month3,195843.41,197476.96,95,92.7,17,76.4,34.6,96.7,Low
INIT-0007,Pegasus Initiative 7,Biopharma Consumables,Pegasus,North America,PMM_12,Medium,Growth,2024Q2,Month1,228498.43,238948.18,95,94.2,18,79.2,41.6,91.3,Low
INIT-0007,Pegasus Initiative 7,Biopharma Consumables,Pegasus,North America,PMM_12,Medium,Growth,2024Q2,Month2,238844.67,244232.58,95,95.4,22,74.8,36.6,93.2,Low
INIT-0007,Pegasus Initiative 7,Biopharma Consumables,Pegasus,North America,PMM_12,Medium,Growth,2024Q2,Month3,225380.1,223374.29,95,92.5,34,73.2,40.7,94.8,Low
INIT-0007,Pegasus Initiative 7,Biopharma Consumables,Pegasus,North America,PMM_12,Medium,Growth,2024Q3,Month1,266215.27,271324.44,95,94.1,19,78.6,38.4,88.8,Low
INIT-0007,Pegasus Initiative 7,Biopharma Consumables,Pegasus,North America,PMM_12,Medium,Growth,2024Q3,Month2,271936.19,289029.69,95,91.9,13,73.7,40.6,96.0,Low
INIT-0007,Pegasus Initiative 7,Biopharma Consumables,Pegasus,North America,PMM_12,Medium,Growth,2024Q3,Month3,277618.61,272549.06,95,96.5,25,81.7,39.5,93.6,Low
INIT-0007,Pegasus Initiative 7,Biopharma Consumables,Pegasus,North America,PMM_12,Medium,Growth,2024Q4,Month1,316502.09,316882.64,95,98.1,21,75.4,38.9,86.0,Low
INIT-0007,Pegasus Initiative 7,Biopharma Consumables,Pegasus,North America,PMM_12,Medium,Growth,2024Q4,Month2,328998.6,349606.09,95,92.3,16,74.7,38.6,87.2,Low
INIT-0007,Pegasus Initiative 7,Biopharma Consumables,Pegasus,North America,PMM_12,Medium,Growth,2024Q4,Month3,318065.77,329766.5,95,97.1,11,74.7,40.2,97.1,Low
INIT-0007,Pegasus Initiative 7,Biopharma Consumables,Pegasus,North America,PMM_12,Medium,Growth,2025Q1,Month1,370368.11,383101.26,95,91.8,29,91.4,42.8,75.8,Low
INIT-0007,Pegasus Initiative 7,Biopharma Consumables,Pegasus,North America,PMM_12,Medium,Growth,2025Q1,Month2,360700.1,363504.37,95,94.7,24,88.7,34.4,94.5,Low
INIT-0007,Pegasus Initiative 7,Biopharma Consumables,Pegasus,North America,PMM_12,Medium,Growth,2025Q1,Month3,364077.05,363848.47,95,97.1,16,53.0,44.9,80.9,Low
INIT-0007,Pegasus Initiative 7,Biopharma Consumables,Pegasus,North America,PMM_12,Medium,Growth,2025Q2,Month1,416182.55,425098.79,95,95.9,23,61.5,38.5,106.6,Low
INIT-0007,Pegasus Initiative 7,Biopharma Consumables,Pegasus,North America,PMM_12,Medium,Growth,2025Q2,Month2,428161.27,442792.28,95,94.9,23,79.0,37.8,86.0,Low
INIT-0007,Pegasus Initiative 7,Biopharma Consumables,Pegasus,North America,PMM_12,Medium,Growth,2025Q2,Month3,414202.73,429574.83,95,93.7,27,75.2,45.4,99.8,Low
INIT-0007,Pegasus Initiative 7,Biopharma Consumables,Pegasus,North America,PMM_12,Medium,Growth,2025Q3,Month1,475387.77,477175.88,95,93.5,20,83.5,35.1,92.8,Low
INIT-0007,Pegasus Initiative 7,Biopharma Consumables,Pegasus,North America,PMM_12,Medium,Growth,2025Q3,Month2,474988.13,462676.29,95,92.6,17,64.7,35.5,90.8,Low
INIT-0007,Pegasus Initiative 7,Biopharma Consumables,Pegasus,North America,PMM_12,Medium,Growth,2025Q3,Month3,479952.59,495459.7,95,94.5,20,90.1,39.2,89.7,Low
INIT-0007,Pegasus Initiative 7,Biopharma Consumables,Pegasus,North America,PMM_12,Medium,Growth,2025Q4,Month1,531642.51,567264.16,95,93.9,17,82.0,40.2,86.4,Low
INIT-0007,Pegasus Initiative 7,Biopharma Consumables,Pegasus,North America,PMM_12,Medium,Growth,2025Q4,Month2,513966.2,532870.64,95,96.4,14,69.6,44.4,82.5,Low
INIT-0007,Pegasus Initiative 7,Biopharma Consumables,Pegasus,North America,PMM_12,Medium,Growth,2025Q4,Month3,538262.04,548810.13,95,96.8,30,81.1,34.8,86.1,Low
INIT-0008,Cadence Initiative 8,Biopharma Consumables,Cadence,EMEA,PMM_10,High,Mature,2024Q1,Month1,108962.76,109426.84,95,97.4,1,94.8,36.3,96.6,Low
INIT-0008,Cadence Initiative 8,Biopharma Consumables,Cadence,EMEA,PMM_10,High,Mature,2024Q1,Month2,108958.53,110997.95,95,95.3,7,94.3,33.1,104.6,Low
INIT-0008,Cadence Initiative 8,Biopharma Consumables,Cadence,EMEA,PMM_10,High,Mature,2024Q1,Month3,109992.97,108251.28,95,96.4,6,70.4,38.1,87.0,Low
INIT-0008,Cadence Initiative 8,Biopharma Consumables,Cadence,EMEA,PMM_10,High,Mature,2024Q2,Month1,118310.68,117583.04,95,97.6,5,85.0,33.9,90.5,Low
INIT-0008,Cadence Initiative 8,Biopharma Consumables,Cadence,EMEA,PMM_10,High,Mature,2024Q2,Month2,108876.21,110342.45,95,96.5,5,75.4,43.2,92.8,Low
INIT-0008,Cadence Initiative 8,Biopharma Consumables,Cadence,EMEA,PMM_10,High,Mature,2024Q2,Month3,119194.54,118029.85,95,95.7,8,71.2,33.3,77.4,Low
INIT-0008,Cadence Initiative 8,Biopharma Consumables,Cadence,EMEA,PMM_10,High,Mature,2024Q3,Month1,112592.43,115714.28,95,96.2,7,67.1,37.1,101.7,Low
INIT-0008,Cadence Initiative 8,Biopharma Consumables,Cadence,EMEA,PMM_10,High,Mature,2024Q3,Month2,118751.28,121990.12,95,97.5,1,79.4,38.9,100.0,Low
INIT-0008,Cadence Initiative 8,Biopharma Consumables,Cadence,EMEA,PMM_10,High,Mature,2024Q3,Month3,118583.96,118369.05,95,95.6,3,70.1,34.0,77.3,Low
INIT-0008,Cadence Initiative 8,Biopharma Consumables,Cadence,EMEA,PMM_10,High,Mature,2024Q4,Month1,119491.62,118261.55,95,97.4,6,83.1,39.1,103.2,Low
INIT-0008,Cadence Initiative 8,Biopharma Consumables,Cadence,EMEA,PMM_10,High,Mature,2024Q4,Month2,120925.59,125259.05,95,96.6,11,78.8,37.7,99.4,Low
INIT-0008,Cadence Initiative 8,Biopharma Consumables,Cadence,EMEA,PMM_10,High,Mature,2024Q4,Month3,124547.16,124333.04,95,98.2,6,75.1,37.5,86.0,Low
INIT-0008,Cadence Initiative 8,Biopharma Consumables,Cadence,EMEA,PMM_10,High,Mature,2025Q1,Month1,122470.13,124231.56,95,96.4,3,79.2,40.1,76.2,Low
INIT-0008,Cadence Initiative 8,Biopharma Consumables,Cadence,EMEA,PMM_10,High,Mature,2025Q1,Month2,121406.03,125019.07,95,95.6,5,75.8,38.9,91.1,Low
INIT-0008,Cadence Initiative 8,Biopharma Consumables,Cadence,EMEA,PMM_10,High,Mature,2025Q1,Month3,124034.8,122061.44,95,97.7,1,78.6,39.6,91.4,Low
INIT-0008,Cadence Initiative 8,Biopharma Consumables,Cadence,EMEA,PMM_10,High,Mature,2025Q2,Month1,121221.69,124990.1,95,96.8,11,82.9,33.0,102.1,Low
INIT-0008,Cadence Initiative 8,Biopharma Consumables,Cadence,EMEA,PMM_10,High,Mature,2025Q2,Month2,119771.79,120680.62,95,97.3,1,79.5,37.0,87.1,Low
INIT-0008,Cadence Initiative 8,Biopharma Consumables,Cadence,EMEA,PMM_10,High,Mature,2025Q2,Month3,123475.27,125696.76,95,95.2,3,75.0,35.8,86.1,Low
INIT-0008,Cadence Initiative 8,Biopharma Consumables,Cadence,EMEA,PMM_10,High,Mature,2025Q3,Month1,117536.29,118190.38,95,97.6,5,64.3,37.3,82.6,Low
INIT-0008,Cadence Initiative 8,Biopharma Consumables,Cadence,EMEA,PMM_10,High,Mature,2025Q3,Month2,125479.79,130226.61,95,97.9,5,60.0,36.3,88.9,Low
INIT-0008,Cadence Initiative 8,Biopharma Consumables,Cadence,EMEA,PMM_10,High,Mature,2025Q3,Month3,120510.95,123598.13,95,98.2,4,79.1,34.6,84.0,Low
INIT-0008,Cadence Initiative 8,Biopharma Consumables,Cadence,EMEA,PMM_10,High,Mature,2025Q4,Month1,123719.79,122353.22,95,98.4,6,77.7,40.2,82.1,Low
INIT-0008,Cadence Initiative 8,Biopharma Consumables,Cadence,EMEA,PMM_10,High,Mature,2025Q4,Month2,128148.24,128602.35,95,97.5,5,80.9,35.8,90.4,Low
INIT-0008,Cadence Initiative 8,Biopharma Consumables,Cadence,EMEA,PMM_10,High,Mature,2025Q4,Month3,129635.12,130631.84,95,96.0,7,74.2,42.2,101.7,Low
INIT-0009,Cadence Initiative 9,Biopharma Consumables,Cadence,EMEA,PMM_17,Medium,Launch,2024Q1,Month1,220472.21,182263.56,95,87.6,56,65.9,39.7,72.5,Medium
INIT-0009,Cadence Initiative 9,Biopharma Consumables,Cadence,EMEA,PMM_17,Medium,Launch,2024Q1,Month2,214539.36,204225.2,95,92.9,34,56.9,36.2,101.6,Medium
INIT-0009,Cadence Initiative 9,Biopharma Consumables,Cadence,EMEA,PMM_17,Medium,Launch,2024Q1,Month3,213466.53,177096.06,95,88.0,51,47.0,37.6,99.6,Medium
INIT-0009,Cadence Initiative 9,Biopharma Consumables,Cadence,EMEA,PMM_17,Medium,Launch,2024Q2,Month1,230092.39,195301.55,95,92.7,34,55.3,38.8,84.6,Medium
INIT-0009,Cadence Initiative 9,Biopharma Consumables,Cadence,EMEA,PMM_17,Medium,Launch,2024Q2,Month2,243025.63,210243.94,95,89.1,69,54.3,34.8,91.7,Medium
INIT-0009,Cadence Initiative 9,Biopharma Consumables,Cadence,EMEA,PMM_17,Medium,Launch,2024Q2,Month3,246471.0,224758.63,95,87.7,51,44.8,36.9,85.3,Medium
INIT-0009,Cadence Initiative 9,Biopharma Consumables,Cadence,EMEA,PMM_17,Medium,Launch,2024Q3,Month1,254797.95,224608.65,95,86.1,33,60.8,38.4,88.1,Medium
INIT-0009,Cadence Initiative 9,Biopharma Consumables,Cadence,EMEA,PMM_17,Medium,Launch,2024Q3,Month2,254086.71,218521.42,95,91.8,40,51.7,38.9,94.1,Medium
INIT-0009,Cadence Initiative 9,Biopharma Consumables,Cadence,EMEA,PMM_17,Medium,Launch,2024Q3,Month3,271092.53,246436.64,95,92.1,37,58.7,42.8,101.0,Medium
INIT-0009,Cadence Initiative 9,Biopharma Consumables,Cadence,EMEA,PMM_17,Medium,Launch,2024Q4,Month1,280161.91,234899.52,95,90.0,21,47.0,40.4,96.6,Medium
INIT-0009,Cadence Initiative 9,Biopharma Consumables,Cadence,EMEA,PMM_17,Medium,Launch,2024Q4,Month2,271063.37,235265.03,95,87.6,43,69.8,36.5,97.3,Medium
INIT-0009,Cadence Initiative 9,Biopharma Consumables,Cadence,EMEA,PMM_17,Medium,Launch,2024Q4,Month3,268061.24,252584.78,95,83.7,49,69.4,41.9,97.4,Medium
INIT-0009,Cadence Initiative 9,Biopharma Consumables,Cadence,EMEA,PMM_17,Medium,Launch,2025Q1,Month1,294100.83,271702.02,95,82.1,20,51.4,39.8,94.0,Medium
INIT-0009,Cadence Initiative 9,Biopharma Consumables,Cadence,EMEA,PMM_17,Medium,Launch,2025Q1,Month2,299887.54,276685.24,95,85.4,40,53.0,34.4,95.6,Medium
INIT-0009,Cadence Initiative 9,Biopharma Consumables,Cadence,EMEA,PMM_17,Medium,Launch,2025Q1,Month3,290966.23,238805.34,95,90.6,55,47.2,39.9,91.0,Medium
INIT-0009,Cadence Initiative 9,Biopharma Consumables,Cadence,EMEA,PMM_17,Medium,Launch,2025Q2,Month1,304464.53,292129.7,95,85.4,38,59.2,35.5,75.2,Medium
INIT-0009,Cadence Initiative 9,Biopharma Consumables,Cadence,EMEA,PMM_17,Medium,Launch,2025Q2,Month2,322550.95,270715.46,95,91.7,54,51.1,36.8,80.4,Medium
INIT-0009,Cadence Initiative 9,Biopharma Consumables,Cadence,EMEA,PMM_17,Medium,Launch,2025Q2,Month3,327353.25,271401.87,95,87.6,22,38.4,42.6,108.0,Medium
INIT-0009,Cadence Initiative 9,Biopharma Consumables,Cadence,EMEA,PMM_17,Medium,Launch,2025Q3,Month1,345567.02,312496.39,95,89.4,37,45.1,39.2,100.5,Medium
INIT-0009,Cadence Initiative 9,Biopharma Consumables,Cadence,EMEA,PMM_17,Medium,Launch,2025Q3,Month2,358512.13,319942.56,95,84.3,55,63.5,34.6,90.5,Medium
INIT-0009,Cadence Initiative 9,Biopharma Consumables,Cadence,EMEA,PMM_17,Medium,Launch,2025Q3,Month3,336151.18,293123.52,95,86.8,37,62.7,40.6,85.0,Medium
INIT-0009,Cadence Initiative 9,Biopharma Consumables,Cadence,EMEA,PMM_17,Medium,Launch,2025Q4,Month1,372295.53,326647.14,95,84.0,34,49.6,36.9,100.7,Medium
INIT-0009,Cadence Initiative 9,Biopharma Consumables,Cadence,EMEA,PMM_17,Medium,Launch,2025Q4,Month2,375115.1,325161.62,95,88.5,29,49.7,40.3,76.8,Medium
INIT-0009,Cadence Initiative 9,Biopharma Consumables,Cadence,EMEA,PMM_17,Medium,Launch,2025Q4,Month3,388850.89,331136.0,95,84.9,65,56.7,35.9,74.2,High
INIT-0010,Kleenpak Initiative 10,Biopharma Consumables,Kleenpak,EMEA,PMM_05,Medium,Mature,2024Q1,Month1,119589.46,122690.51,95,98.1,3,81.5,34.7,95.2,Low
INIT-0010,Kleenpak Initiative 10,Biopharma Consumables,Kleenpak,EMEA,PMM_05,Medium,Mature,2024Q1,Month2,116689.33,114755.01,95,98.8,7,72.3,35.1,84.9,Low
INIT-0010,Kleenpak Initiative 10,Biopharma Consumables,Kleenpak,EMEA,PMM_05,Medium,Mature,2024Q1,Month3,111979.27,116289.37,95,98.6,7,67.3,32.2,88.2,Low
INIT-0010,Kleenpak Initiative 10,Biopharma Consumables,Kleenpak,EMEA,PMM_05,Medium,Mature,2024Q2,Month1,118820.2,122905.98,95,95.2,1,85.1,38.3,83.0,Low
INIT-0010,Kleenpak Initiative 10,Biopharma Consumables,Kleenpak,EMEA,PMM_05,Medium,Mature,2024Q2,Month2,113747.53,116471.44,95,96.4,1,67.4,38.4,89.9,Low
INIT-0010,Kleenpak Initiative 10,Biopharma Consumables,Kleenpak,EMEA,PMM_05,Medium,Mature,2024Q2,Month3,118530.75,119676.8,95,98.2,8,87.3,35.5,96.9,Low
INIT-0010,Kleenpak Initiative 10,Biopharma Consumables,Kleenpak,EMEA,PMM_05,Medium,Mature,2024Q3,Month1,113709.52,113819.86,95,98.8,11,70.7,35.6,93.6,Low
INIT-0010,Kleenpak Initiative 10,Biopharma Consumables,Kleenpak,EMEA,PMM_05,Medium,Mature,2024Q3,Month2,116198.38,116690.91,95,95.5,1,89.5,42.3,93.7,Low
INIT-0010,Kleenpak Initiative 10,Biopharma Consumables,Kleenpak,EMEA,PMM_05,Medium,Mature,2024Q3,Month3,116493.39,120083.15,95,97.5,5,67.0,37.3,83.0,Low
INIT-0010,Kleenpak Initiative 10,Biopharma Consumables,Kleenpak,EMEA,PMM_05,Medium,Mature,2024Q4,Month1,119567.56,121089.17,95,96.8,6,84.5,38.1,86.2,Low
INIT-0010,Kleenpak Initiative 10,Biopharma Consumables,Kleenpak,EMEA,PMM_05,Medium,Mature,2024Q4,Month2,118926.18,122158.2,95,96.8,2,71.5,35.6,88.1,Low
INIT-0010,Kleenpak Initiative 10,Biopharma Consumables,Kleenpak,EMEA,PMM_05,Medium,Mature,2024Q4,Month3,118353.24,116882.73,95,97.1,7,68.5,35.1,95.7,Low
INIT-0010,Kleenpak Initiative 10,Biopharma Consumables,Kleenpak,EMEA,PMM_05,Medium,Mature,2025Q1,Month1,121151.44,124340.24,95,97.2,11,86.8,37.8,90.6,Low
INIT-0010,Kleenpak Initiative 10,Biopharma Consumables,Kleenpak,EMEA,PMM_05,Medium,Mature,2025Q1,Month2,111396.31,111824.4,95,97.6,8,100.0,37.6,85.0,Low
INIT-0010,Kleenpak Initiative 10,Biopharma Consumables,Kleenpak,EMEA,PMM_05,Medium,Mature,2025Q1,Month3,112441.63,112129.97,95,95.7,7,81.6,42.1,101.5,Low
INIT-0010,Kleenpak Initiative 10,Biopharma Consumables,Kleenpak,EMEA,PMM_05,Medium,Mature,2025Q2,Month1,122432.29,123271.71,95,97.1,9,83.4,34.3,93.7,Low
INIT-0010,Kleenpak Initiative 10,Biopharma Consumables,Kleenpak,EMEA,PMM_05,Medium,Mature,2025Q2,Month2,118886.7,118484.18,95,96.5,10,72.5,36.5,94.4,Low
INIT-0010,Kleenpak Initiative 10,Biopharma Consumables,Kleenpak,EMEA,PMM_05,Medium,Mature,2025Q2,Month3,113463.18,117782.19,95,96.8,5,85.6,35.4,101.1,Low
INIT-0010,Kleenpak Initiative 10,Biopharma Consumables,Kleenpak,EMEA,PMM_05,Medium,Mature,2025Q3,Month1,123236.93,121999.29,95,95.5,1,76.1,41.0,101.5,Low
INIT-0010,Kleenpak Initiative 10,Biopharma Consumables,Kleenpak,EMEA,PMM_05,Medium,Mature,2025Q3,Month2,126124.83,130968.97,95,98.6,4,100.0,34.2,83.9,Low
INIT-0010,Kleenpak Initiative 10,Biopharma Consumables,Kleenpak,EMEA,PMM_05,Medium,Mature,2025Q3,Month3,128579.05,128432.6,95,95.4,11,91.2,37.6,75.0,Low
INIT-0010,Kleenpak Initiative 10,Biopharma Consumables,Kleenpak,EMEA,PMM_05,Medium,Mature,2025Q4,Month1,129973.02,129279.02,95,96.3,9,71.9,36.2,105.1,Low
INIT-0010,Kleenpak Initiative 10,Biopharma Consumables,Kleenpak,EMEA,PMM_05,Medium,Mature,2025Q4,Month2,130943.4,134207.77,95,98.0,1,90.2,42.6,100.0,Low
INIT-0010,Kleenpak Initiative 10,Biopharma Consumables,Kleenpak,EMEA,PMM_05,Medium,Mature,2025Q4,Month3,125480.93,123205.58,95,98.9,2,73.7,36.5,94.4,Low
INIT-0011,Cadence Initiative 11,Biopharma Consumables,Cadence,EMEA,PMM_15,High,Mature,2024Q1,Month1,148003.99,152737.63,95,97.6,3,72.0,34.4,103.7,Low
INIT-0011,Cadence Initiative 11,Biopharma Consumables,Cadence,EMEA,PMM_15,High,Mature,2024Q1,Month2,157452.91,161752.45,95,95.9,8,72.8,34.4,98.7,Low
INIT-0011,Cadence Initiative 11,Biopharma Consumables,Cadence,EMEA,PMM_15,High,Mature,2024Q1,Month3,157507.2,155954.94,95,97.7,6,62.4,33.7,87.4,Low
INIT-0011,Cadence Initiative 11,Biopharma Consumables,Cadence,EMEA,PMM_15,High,Mature,2024Q2,Month1,149616.98,150417.86,95,98.2,10,64.8,37.3,95.4,Low
INIT-0011,Cadence Initiative 11,Biopharma Consumables,Cadence,EMEA,PMM_15,High,Mature,2024Q2,Month2,156342.29,160964.13,95,96.2,2,86.4,39.5,92.3,Low
INIT-0011,Cadence Initiative 11,Biopharma Consumables,Cadence,EMEA,PMM_15,High,Mature,2024Q2,Month3,151827.0,151355.01,95,97.5,8,79.5,39.1,106.7,Low
INIT-0011,Cadence Initiative 11,Biopharma Consumables,Cadence,EMEA,PMM_15,High,Mature,2024Q3,Month1,146348.1,145913.4,95,95.0,7,85.5,35.3,86.8,Low
INIT-0011,Cadence Initiative 11,Biopharma Consumables,Cadence,EMEA,PMM_15,High,Mature,2024Q3,Month2,155892.61,161120.96,95,98.5,5,79.5,40.2,86.8,Low
INIT-0011,Cadence Initiative 11,Biopharma Consumables,Cadence,EMEA,PMM_15,High,Mature,2024Q3,Month3,143235.07,145297.79,95,97.3,1,65.7,40.4,91.5,Low
INIT-0011,Cadence Initiative 11,Biopharma Consumables,Cadence,EMEA,PMM_15,High,Mature,2024Q4,Month1,155806.42,160442.78,95,95.1,2,62.8,38.6,100.0,Low
INIT-0011,Cadence Initiative 11,Biopharma Consumables,Cadence,EMEA,PMM_15,High,Mature,2024Q4,Month2,155685.29,161078.33,95,96.7,11,66.8,37.7,84.1,Low
INIT-0011,Cadence Initiative 11,Biopharma Consumables,Cadence,EMEA,PMM_15,High,Mature,2024Q4,Month3,150294.53,152624.37,95,98.8,5,73.3,35.0,98.3,Low
INIT-0011,Cadence Initiative 11,Biopharma Consumables,Cadence,EMEA,PMM_15,High,Mature,2025Q1,Month1,152361.45,155276.65,95,96.5,2,79.2,39.7,92.3,Low
INIT-0011,Cadence Initiative 11,Biopharma Consumables,Cadence,EMEA,PMM_15,High,Mature,2025Q1,Month2,160767.46,157580.29,95,95.3,8,95.0,38.3,88.2,Low
INIT-0011,Cadence Initiative 11,Biopharma Consumables,Cadence,EMEA,PMM_15,High,Mature,2025Q1,Month3,165102.71,171424.82,95,96.0,9,75.8,31.8,95.6,Low
INIT-0011,Cadence Initiative 11,Biopharma Consumables,Cadence,EMEA,PMM_15,High,Mature,2025Q2,Month1,155004.69,159848.3,95,97.1,5,65.6,36.5,98.2,Low
INIT-0011,Cadence Initiative 11,Biopharma Consumables,Cadence,EMEA,PMM_15,High,Mature,2025Q2,Month2,159090.34,158710.01,95,96.8,9,76.4,40.0,93.7,Low
INIT-0011,Cadence Initiative 11,Biopharma Consumables,Cadence,EMEA,PMM_15,High,Mature,2025Q2,Month3,153517.17,155741.14,95,96.4,6,70.5,37.8,87.3,Low
INIT-0011,Cadence Initiative 11,Biopharma Consumables,Cadence,EMEA,PMM_15,High,Mature,2025Q3,Month1,161480.27,162232.97,95,96.6,2,80.7,39.5,79.4,Low
INIT-0011,Cadence Initiative 11,Biopharma Consumables,Cadence,EMEA,PMM_15,High,Mature,2025Q3,Month2,172483.53,176499.57,95,98.8,9,87.0,40.4,96.3,Low
INIT-0011,Cadence Initiative 11,Biopharma Consumables,Cadence,EMEA,PMM_15,High,Mature,2025Q3,Month3,159397.78,157304.76,95,98.5,1,69.7,31.4,84.9,Low
INIT-0011,Cadence Initiative 11,Biopharma Consumables,Cadence,EMEA,PMM_15,High,Mature,2025Q4,Month1,173846.2,173718.4,95,95.3,9,74.9,36.4,104.0,Low
INIT-0011,Cadence Initiative 11,Biopharma Consumables,Cadence,EMEA,PMM_15,High,Mature,2025Q4,Month2,172064.16,174751.74,95,97.6,2,80.1,40.3,95.1,Low
INIT-0011,Cadence Initiative 11,Biopharma Consumables,Cadence,EMEA,PMM_15,High,Mature,2025Q4,Month3,163151.74,168004.05,95,98.6,5,84.4,39.0,107.2,Low
INIT-0012,Cadence Initiative 12,Biopharma Consumables,Cadence,EMEA,PMM_13,Medium,Decline,2024Q1,Month1,243474.47,225662.04,95,92.4,20,71.5,43.3,82.5,Low
INIT-0012,Cadence Initiative 12,Biopharma Consumables,Cadence,EMEA,PMM_13,Medium,Decline,2024Q1,Month2,239558.64,199777.98,95,92.1,42,87.2,35.2,74.8,Medium
INIT-0012,Cadence Initiative 12,Biopharma Consumables,Cadence,EMEA,PMM_13,Medium,Decline,2024Q1,Month3,246226.61,208758.31,95,91.8,37,59.6,41.5,104.7,Medium
INIT-0012,Cadence Initiative 12,Biopharma Consumables,Cadence,EMEA,PMM_13,Medium,Decline,2024Q2,Month1,231754.92,207851.97,95,86.5,19,85.8,37.5,95.4,Medium
INIT-0012,Cadence Initiative 12,Biopharma Consumables,Cadence,EMEA,PMM_13,Medium,Decline,2024Q2,Month2,235103.76,200094.61,95,88.4,17,76.5,35.9,100.9,Medium
INIT-0012,Cadence Initiative 12,Biopharma Consumables,Cadence,EMEA,PMM_13,Medium,Decline,2024Q2,Month3,237181.78,210388.12,95,88.3,34,66.2,35.2,93.1,Medium
INIT-0012,Cadence Initiative 12,Biopharma Consumables,Cadence,EMEA,PMM_13,Medium,Decline,2024Q3,Month1,228828.61,200412.27,95,87.1,38,77.0,39.2,83.2,Medium
INIT-0012,Cadence Initiative 12,Biopharma Consumables,Cadence,EMEA,PMM_13,Medium,Decline,2024Q3,Month2,208098.75,181707.19,95,91.8,29,74.4,38.1,91.6,Medium
INIT-0012,Cadence Initiative 12,Biopharma Consumables,Cadence,EMEA,PMM_13,Medium,Decline,2024Q3,Month3,215682.17,201287.67,95,88.4,17,89.7,39.1,91.1,Low
INIT-0012,Cadence Initiative 12,Biopharma Consumables,Cadence,EMEA,PMM_13,Medium,Decline,2024Q4,Month1,202871.87,176839.71,95,89.9,19,82.5,34.2,93.0,Medium
INIT-0012,Cadence Initiative 12,Biopharma Consumables,Cadence,EMEA,PMM_13,Medium,Decline,2024Q4,Month2,200944.67,169868.58,95,92.5,17,70.1,36.1,90.7,Medium
INIT-0012,Cadence Initiative 12,Biopharma Consumables,Cadence,EMEA,PMM_13,Medium,Decline,2024Q4,Month3,201425.86,177602.04,95,93.7,21,73.3,38.9,82.5,Medium
INIT-0012,Cadence Initiative 12,Biopharma Consumables,Cadence,EMEA,PMM_13,Medium,Decline,2025Q1,Month1,194676.72,167473.92,95,92.4,18,89.0,43.9,82.2,Medium
INIT-0012,Cadence Initiative 12,Biopharma Consumables,Cadence,EMEA,PMM_13,Medium,Decline,2025Q1,Month2,199611.28,180974.12,95,85.4,31,83.0,43.0,104.5,Medium
INIT-0012,Cadence Initiative 12,Biopharma Consumables,Cadence,EMEA,PMM_13,Medium,Decline,2025Q1,Month3,198770.55,162911.91,95,89.1,36,74.4,38.8,86.7,Medium
INIT-0012,Cadence Initiative 12,Biopharma Consumables,Cadence,EMEA,PMM_13,Medium,Decline,2025Q2,Month1,204678.42,179489.74,95,86.3,33,86.7,38.7,89.2,Medium
INIT-0012,Cadence Initiative 12,Biopharma Consumables,Cadence,EMEA,PMM_13,Medium,Decline,2025Q2,Month2,195818.12,165048.73,95,87.7,18,84.4,35.8,93.9,Medium
INIT-0012,Cadence Initiative 12,Biopharma Consumables,Cadence,EMEA,PMM_13,Medium,Decline,2025Q2,Month3,195825.85,182934.22,95,90.2,33,53.8,31.4,78.3,Medium
INIT-0012,Cadence Initiative 12,Biopharma Consumables,Cadence,EMEA,PMM_13,Medium,Decline,2025Q3,Month1,189030.36,156908.66,95,92.3,17,89.7,37.4,90.9,Medium
INIT-0012,Cadence Initiative 12,Biopharma Consumables,Cadence,EMEA,PMM_13,Medium,Decline,2025Q3,Month2,187513.57,150548.53,95,90.6,37,88.0,43.9,90.1,Medium
INIT-0012,Cadence Initiative 12,Biopharma Consumables,Cadence,EMEA,PMM_13,Medium,Decline,2025Q3,Month3,191489.85,171360.75,95,91.2,24,88.8,39.5,101.7,Medium
INIT-0012,Cadence Initiative 12,Biopharma Consumables,Cadence,EMEA,PMM_13,Medium,Decline,2025Q4,Month1,183487.34,165418.09,95,93.9,32,69.3,36.4,98.9,Medium
INIT-0012,Cadence Initiative 12,Biopharma Consumables,Cadence,EMEA,PMM_13,Medium,Decline,2025Q4,Month2,169599.68,151780.85,95,91.6,39,79.8,38.4,87.0,Medium
INIT-0012,Cadence Initiative 12,Biopharma Consumables,Cadence,EMEA,PMM_13,Medium,Decline,2025Q4,Month3,176458.76,151954.19,95,91.5,28,81.1,36.0,90.8,Medium
INIT-0013,Cadence Initiative 13,Biopharma Consumables,Cadence,EMEA,PMM_14,Low,Decline,2024Q1,Month1,111961.69,91465.95,95,87.7,22,73.3,39.9,82.7,Medium
INIT-0013,Cadence Initiative 13,Biopharma Consumables,Cadence,EMEA,PMM_14,Low,Decline,2024Q1,Month2,114056.62,106016.78,95,91.0,42,77.3,33.2,85.9,Medium
INIT-0013,Cadence Initiative 13,Biopharma Consumables,Cadence,EMEA,PMM_14,Low,Decline,2024Q1,Month3,107825.68,91460.37,95,87.4,36,62.6,37.6,92.6,Medium
INIT-0013,Cadence Initiative 13,Biopharma Consumables,Cadence,EMEA,PMM_14,Low,Decline,2024Q2,Month1,105264.7,87177.74,95,90.8,36,78.2,40.0,95.2,Medium
INIT-0013,Cadence Initiative 13,Biopharma Consumables,Cadence,EMEA,PMM_14,Low,Decline,2024Q2,Month2,106291.23,86177.35,95,92.4,36,66.9,40.3,98.7,Medium
INIT-0013,Cadence Initiative 13,Biopharma Consumables,Cadence,EMEA,PMM_14,Low,Decline,2024Q2,Month3,110028.76,90381.08,95,90.0,18,83.6,35.8,99.1,Medium
INIT-0013,Cadence Initiative 13,Biopharma Consumables,Cadence,EMEA,PMM_14,Low,Decline,2024Q3,Month1,99235.76,90131.7,95,86.2,16,71.4,33.4,97.7,Medium
INIT-0013,Cadence Initiative 13,Biopharma Consumables,Cadence,EMEA,PMM_14,Low,Decline,2024Q3,Month2,102371.9,94786.22,95,93.1,38,87.3,35.4,101.0,Medium
INIT-0013,Cadence Initiative 13,Biopharma Consumables,Cadence,EMEA,PMM_14,Low,Decline,2024Q3,Month3,97385.98,86162.02,95,88.2,33,80.1,41.2,77.0,Medium
INIT-0013,Cadence Initiative 13,Biopharma Consumables,Cadence,EMEA,PMM_14,Low,Decline,2024Q4,Month1,100606.69,87937.5,95,86.0,37,66.1,42.7,81.4,Medium
INIT-0013,Cadence Initiative 13,Biopharma Consumables,Cadence,EMEA,PMM_14,Low,Decline,2024Q4,Month2,100890.62,84559.93,95,85.0,37,76.3,38.6,86.7,Medium
INIT-0013,Cadence Initiative 13,Biopharma Consumables,Cadence,EMEA,PMM_14,Low,Decline,2024Q4,Month3,100616.26,82083.22,95,93.5,23,74.1,39.8,101.6,Medium
INIT-0013,Cadence Initiative 13,Biopharma Consumables,Cadence,EMEA,PMM_14,Low,Decline,2025Q1,Month1,90105.94,83787.09,95,93.6,42,68.0,37.8,102.2,Medium
INIT-0013,Cadence Initiative 13,Biopharma Consumables,Cadence,EMEA,PMM_14,Low,Decline,2025Q1,Month2,86841.96,74899.08,95,92.7,27,84.3,39.0,94.4,Medium
INIT-0013,Cadence Initiative 13,Biopharma Consumables,Cadence,EMEA,PMM_14,Low,Decline,2025Q1,Month3,88752.93,80727.4,95,90.9,25,89.5,39.7,97.4,Medium
INIT-0013,Cadence Initiative 13,Biopharma Consumables,Cadence,EMEA,PMM_14,Low,Decline,2025Q2,Month1,86878.19,74651.79,95,93.8,26,76.4,35.3,97.1,Medium
INIT-0013,Cadence Initiative 13,Biopharma Consumables,Cadence,EMEA,PMM_14,Low,Decline,2025Q2,Month2,88177.65,79362.53,95,87.6,17,83.1,39.8,84.6,Medium
INIT-0013,Cadence Initiative 13,Biopharma Consumables,Cadence,EMEA,PMM_14,Low,Decline,2025Q2,Month3,86461.91,73544.66,95,87.2,20,79.0,37.3,70.9,Medium
INIT-0013,Cadence Initiative 13,Biopharma Consumables,Cadence,EMEA,PMM_14,Low,Decline,2025Q3,Month1,80407.76,73068.82,95,90.4,38,92.1,36.3,78.4,Medium
INIT-0013,Cadence Initiative 13,Biopharma Consumables,Cadence,EMEA,PMM_14,Low,Decline,2025Q3,Month2,77913.73,63798.3,95,86.2,26,74.7,37.3,93.5,Medium
INIT-0013,Cadence Initiative 13,Biopharma Consumables,Cadence,EMEA,PMM_14,Low,Decline,2025Q3,Month3,78280.68,66638.04,95,85.2,35,69.5,40.2,99.6,Medium
INIT-0013,Cadence Initiative 13,Biopharma Consumables,Cadence,EMEA,PMM_14,Low,Decline,2025Q4,Month1,77709.3,72041.11,95,89.9,18,97.2,40.0,97.4,Low
INIT-0013,Cadence Initiative 13,Biopharma Consumables,Cadence,EMEA,PMM_14,Low,Decline,2025Q4,Month2,76141.72,71186.28,95,88.6,18,81.1,38.4,87.0,Low
INIT-0013,Cadence Initiative 13,Biopharma Consumables,Cadence,EMEA,PMM_14,Low,Decline,2025Q4,Month3,73096.36,68978.73,95,91.0,18,100.0,38.1,93.8,Low
INIT-0014,Cadence Initiative 14,Biopharma Consumables,Cadence,EMEA,PMM_09,High,Mature,2024Q1,Month1,241973.57,239267.76,95,96.3,2,83.0,41.4,104.6,Low
INIT-0014,Cadence Initiative 14,Biopharma Consumables,Cadence,EMEA,PMM_09,High,Mature,2024Q1,Month2,228239.56,228294.43,95,96.4,3,67.8,38.9,106.0,Low
INIT-0014,Cadence Initiative 14,Biopharma Consumables,Cadence,EMEA,PMM_09,High,Mature,2024Q1,Month3,223579.4,221083.85,95,97.8,9,67.1,37.5,92.3,Low
INIT-0014,Cadence Initiative 14,Biopharma Consumables,Cadence,EMEA,PMM_09,High,Mature,2024Q2,Month1,234851.55,238903.8,95,97.7,4,83.8,34.1,93.5,Low
INIT-0014,Cadence Initiative 14,Biopharma Consumables,Cadence,EMEA,PMM_09,High,Mature,2024Q2,Month2,233865.1,235439.59,95,97.2,5,82.5,39.1,92.4,Low
INIT-0014,Cadence Initiative 14,Biopharma Consumables,Cadence,EMEA,PMM_09,High,Mature,2024Q2,Month3,229190.52,227028.27,95,96.7,2,81.3,35.5,102.5,Low
INIT-0014,Cadence Initiative 14,Biopharma Consumables,Cadence,EMEA,PMM_09,High,Mature,2024Q3,Month1,239844.21,245945.52,95,98.8,1,77.2,34.3,84.3,Low
INIT-0014,Cadence Initiative 14,Biopharma Consumables,Cadence,EMEA,PMM_09,High,Mature,2024Q3,Month2,245792.55,255036.82,95,97.7,10,86.3,39.7,95.3,Low
INIT-0014,Cadence Initiative 14,Biopharma Consumables,Cadence,EMEA,PMM_09,High,Mature,2024Q3,Month3,244882.37,245230.54,95,98.3,3,65.5,39.8,99.1,Low
INIT-0014,Cadence Initiative 14,Biopharma Consumables,Cadence,EMEA,PMM_09,High,Mature,2024Q4,Month1,240486.47,241488.31,95,96.7,8,73.5,48.5,80.3,Low
INIT-0014,Cadence Initiative 14,Biopharma Consumables,Cadence,EMEA,PMM_09,High,Mature,2024Q4,Month2,250164.43,256482.56,95,97.5,3,59.3,41.0,86.5,Low
INIT-0014,Cadence Initiative 14,Biopharma Consumables,Cadence,EMEA,PMM_09,High,Mature,2024Q4,Month3,252232.72,260010.65,95,96.4,3,85.9,39.5,97.3,Low
INIT-0014,Cadence Initiative 14,Biopharma Consumables,Cadence,EMEA,PMM_09,High,Mature,2025Q1,Month1,262953.45,262151.11,95,95.6,7,79.1,39.8,107.8,Low
INIT-0014,Cadence Initiative 14,Biopharma Consumables,Cadence,EMEA,PMM_09,High,Mature,2025Q1,Month2,251897.94,249033.57,95,98.0,2,62.4,40.6,90.8,Low
INIT-0014,Cadence Initiative 14,Biopharma Consumables,Cadence,EMEA,PMM_09,High,Mature,2025Q1,Month3,260175.36,267821.83,95,96.6,3,79.1,40.9,86.7,Low
INIT-0014,Cadence Initiative 14,Biopharma Consumables,Cadence,EMEA,PMM_09,High,Mature,2025Q2,Month1,255739.83,256215.82,95,95.1,8,70.1,40.0,89.1,Low
INIT-0014,Cadence Initiative 14,Biopharma Consumables,Cadence,EMEA,PMM_09,High,Mature,2025Q2,Month2,252349.82,259958.06,95,95.4,10,90.4,34.8,97.4,Low
INIT-0014,Cadence Initiative 14,Biopharma Consumables,Cadence,EMEA,PMM_09,High,Mature,2025Q2,Month3,244535.92,240311.36,95,98.5,6,89.9,39.1,90.6,Low
INIT-0014,Cadence Initiative 14,Biopharma Consumables,Cadence,EMEA,PMM_09,High,Mature,2025Q3,Month1,257952.17,253742.36,95,97.1,8,91.7,35.5,87.3,Low
INIT-0014,Cadence Initiative 14,Biopharma Consumables,Cadence,EMEA,PMM_09,High,Mature,2025Q3,Month2,244174.55,240051.43,95,96.7,2,72.1,36.2,84.3,Low
INIT-0014,Cadence Initiative 14,Biopharma Consumables,Cadence,EMEA,PMM_09,High,Mature,2025Q3,Month3,262702.73,270821.69,95,97.6,8,60.7,36.0,101.6,Low
INIT-0014,Cadence Initiative 14,Biopharma Consumables,Cadence,EMEA,PMM_09,High,Mature,2025Q4,Month1,258369.2,268696.89,95,96.5,10,68.2,33.9,88.3,Low
INIT-0014,Cadence Initiative 14,Biopharma Consumables,Cadence,EMEA,PMM_09,High,Mature,2025Q4,Month2,273870.6,279255.13,95,97.2,7,78.9,35.6,85.4,Low
INIT-0014,Cadence Initiative 14,Biopharma Consumables,Cadence,EMEA,PMM_09,High,Mature,2025Q4,Month3,274354.93,279212.67,95,97.3,10,83.2,31.3,89.6,Low
INIT-0015,Cadence Initiative 15,Biopharma Consumables,Cadence,APAC,PMM_05,High,Growth,2024Q1,Month1,240191.87,233808.88,95,93.9,26,80.3,39.5,97.3,Low
INIT-0015,Cadence Initiative 15,Biopharma Consumables,Cadence,APAC,PMM_05,High,Growth,2024Q1,Month2,225023.43,223874.56,95,93.3,26,82.2,40.2,101.1,Low
INIT-0015,Cadence Initiative 15,Biopharma Consumables,Cadence,APAC,PMM_05,High,Growth,2024Q1,Month3,228735.87,228614.02,95,91.3,32,70.9,42.3,91.5,Low
INIT-0015,Cadence Initiative 15,Biopharma Consumables,Cadence,APAC,PMM_05,High,Growth,2024Q2,Month1,265886.39,271059.95,95,94.6,44,82.5,43.5,92.3,Low
INIT-0015,Cadence Initiative 15,Biopharma Consumables,Cadence,APAC,PMM_05,High,Growth,2024Q2,Month2,269997.05,289928.43,95,88.6,24,88.5,42.5,99.7,Low
INIT-0015,Cadence Initiative 15,Biopharma Consumables,Cadence,APAC,PMM_05,High,Growth,2024Q2,Month3,260588.0,268727.1,95,87.8,28,72.4,38.1,92.8,Low
INIT-0015,Cadence Initiative 15,Biopharma Consumables,Cadence,APAC,PMM_05,High,Growth,2024Q3,Month1,285141.52,281546.53,95,89.6,28,62.8,41.3,87.0,Low
INIT-0015,Cadence Initiative 15,Biopharma Consumables,Cadence,APAC,PMM_05,High,Growth,2024Q3,Month2,282354.03,284121.48,95,93.1,32,93.3,38.5,91.7,Low
INIT-0015,Cadence Initiative 15,Biopharma Consumables,Cadence,APAC,PMM_05,High,Growth,2024Q3,Month3,303497.59,296173.89,95,92.6,37,82.2,37.5,95.2,Medium
INIT-0015,Cadence Initiative 15,Biopharma Consumables,Cadence,APAC,PMM_05,High,Growth,2024Q4,Month1,332857.31,348143.8,95,94.7,30,77.6,38.3,80.4,Low
INIT-0015,Cadence Initiative 15,Biopharma Consumables,Cadence,APAC,PMM_05,High,Growth,2024Q4,Month2,317163.44,321221.59,95,92.7,15,80.1,38.2,86.2,Low
INIT-0015,Cadence Initiative 15,Biopharma Consumables,Cadence,APAC,PMM_05,High,Growth,2024Q4,Month3,317214.5,319101.52,95,94.5,42,79.8,42.5,102.0,Low
INIT-0015,Cadence Initiative 15,Biopharma Consumables,Cadence,APAC,PMM_05,High,Growth,2025Q1,Month1,357433.96,365753.52,95,94.3,35,62.3,40.8,97.2,Low
INIT-0015,Cadence Initiative 15,Biopharma Consumables,Cadence,APAC,PMM_05,High,Growth,2025Q1,Month2,389401.1,392664.68,95,93.7,42,62.6,39.7,94.7,Low
INIT-0015,Cadence Initiative 15,Biopharma Consumables,Cadence,APAC,PMM_05,High,Growth,2025Q1,Month3,364478.2,363954.12,95,93.1,14,62.7,39.5,96.6,Low
INIT-0015,Cadence Initiative 15,Biopharma Consumables,Cadence,APAC,PMM_05,High,Growth,2025Q2,Month1,443969.47,478159.96,95,89.3,18,77.4,35.5,101.4,Low
INIT-0015,Cadence Initiative 15,Biopharma Consumables,Cadence,APAC,PMM_05,High,Growth,2025Q2,Month2,446127.33,448992.69,95,88.7,40,95.5,42.1,81.7,Medium
INIT-0015,Cadence Initiative 15,Biopharma Consumables,Cadence,APAC,PMM_05,High,Growth,2025Q2,Month3,438570.07,463300.18,95,89.6,32,84.9,35.6,86.5,Low
INIT-0015,Cadence Initiative 15,Biopharma Consumables,Cadence,APAC,PMM_05,High,Growth,2025Q3,Month1,474701.88,496184.68,95,88.2,39,60.8,41.8,98.1,Low
INIT-0015,Cadence Initiative 15,Biopharma Consumables,Cadence,APAC,PMM_05,High,Growth,2025Q3,Month2,481311.6,506474.59,95,91.2,27,74.7,40.6,99.1,Low
INIT-0015,Cadence Initiative 15,Biopharma Consumables,Cadence,APAC,PMM_05,High,Growth,2025Q3,Month3,488040.16,490760.71,95,87.9,27,86.5,36.8,100.0,Low
INIT-0015,Cadence Initiative 15,Biopharma Consumables,Cadence,APAC,PMM_05,High,Growth,2025Q4,Month1,583520.76,603600.82,95,90.9,34,75.6,38.0,70.4,Low
INIT-0015,Cadence Initiative 15,Biopharma Consumables,Cadence,APAC,PMM_05,High,Growth,2025Q4,Month2,580779.5,574469.9,95,93.1,31,85.9,38.0,94.0,Low
INIT-0015,Cadence Initiative 15,Biopharma Consumables,Cadence,APAC,PMM_05,High,Growth,2025Q4,Month3,559579.88,598819.58,95,93.3,17,74.2,40.4,94.7,Low
INIT-0016,Kleenpak Initiative 16,Biopharma Consumables,Kleenpak,APAC,PMM_19,High,Growth,2024Q1,Month1,183736.56,192285.64,95,91.1,42,71.3,41.0,82.8,Low
INIT-0016,Kleenpak Initiative 16,Biopharma Consumables,Kleenpak,APAC,PMM_19,High,Growth,2024Q1,Month2,183564.63,181989.49,95,95.4,21,64.4,36.6,100.3,Low
INIT-0016,Kleenpak Initiative 16,Biopharma Consumables,Kleenpak,APAC,PMM_19,High,Growth,2024Q1,Month3,183857.53,194691.9,95,93.6,41,75.9,37.9,89.1,Low
INIT-0016,Kleenpak Initiative 16,Biopharma Consumables,Kleenpak,APAC,PMM_19,High,Growth,2024Q2,Month1,214512.3,207064.79,95,90.2,28,59.6,38.3,101.0,Low
INIT-0016,Kleenpak Initiative 16,Biopharma Consumables,Kleenpak,APAC,PMM_19,High,Growth,2024Q2,Month2,215928.89,207477.87,95,90.2,34,83.7,39.0,94.5,Medium
INIT-0016,Kleenpak Initiative 16,Biopharma Consumables,Kleenpak,APAC,PMM_19,High,Growth,2024Q2,Month3,211578.83,217716.28,95,89.7,28,69.2,33.9,87.5,Low
INIT-0016,Kleenpak Initiative 16,Biopharma Consumables,Kleenpak,APAC,PMM_19,High,Growth,2024Q3,Month1,248183.67,249189.01,95,92.2,21,88.9,41.2,92.0,Low
INIT-0016,Kleenpak Initiative 16,Biopharma Consumables,Kleenpak,APAC,PMM_19,High,Growth,2024Q3,Month2,235183.41,224101.19,95,94.1,14,65.0,37.7,97.8,Low
INIT-0016,Kleenpak Initiative 16,Biopharma Consumables,Kleenpak,APAC,PMM_19,High,Growth,2024Q3,Month3,248671.81,248905.99,95,91.2,25,83.4,42.0,95.4,Low
INIT-0016,Kleenpak Initiative 16,Biopharma Consumables,Kleenpak,APAC,PMM_19,High,Growth,2024Q4,Month1,281823.14,277011.13,95,89.1,46,86.6,41.2,98.6,Medium
INIT-0016,Kleenpak Initiative 16,Biopharma Consumables,Kleenpak,APAC,PMM_19,High,Growth,2024Q4,Month2,270410.75,273942.93,95,94.5,23,88.4,47.4,89.1,Low
INIT-0016,Kleenpak Initiative 16,Biopharma Consumables,Kleenpak,APAC,PMM_19,High,Growth,2024Q4,Month3,270934.17,271047.26,95,89.1,33,90.2,35.3,86.6,Low
INIT-0016,Kleenpak Initiative 16,Biopharma Consumables,Kleenpak,APAC,PMM_19,High,Growth,2025Q1,Month1,302857.66,325828.98,95,89.0,23,76.1,36.0,89.6,Low
INIT-0016,Kleenpak Initiative 16,Biopharma Consumables,Kleenpak,APAC,PMM_19,High,Growth,2025Q1,Month2,318575.94,311763.02,95,91.5,20,91.5,42.6,98.5,Low
INIT-0016,Kleenpak Initiative 16,Biopharma Consumables,Kleenpak,APAC,PMM_19,High,Growth,2025Q1,Month3,299677.74,310278.78,95,90.3,24,76.0,38.0,96.8,Low
INIT-0016,Kleenpak Initiative 16,Biopharma Consumables,Kleenpak,APAC,PMM_19,High,Growth,2025Q2,Month1,334849.26,341962.86,95,93.0,44,84.7,40.0,84.7,Low
INIT-0016,Kleenpak Initiative 16,Biopharma Consumables,Kleenpak,APAC,PMM_19,High,Growth,2025Q2,Month2,346055.52,362492.15,95,93.1,18,65.4,44.0,96.2,Low
INIT-0016,Kleenpak Initiative 16,Biopharma Consumables,Kleenpak,APAC,PMM_19,High,Growth,2025Q2,Month3,351481.81,355562.43,95,93.5,29,82.1,34.2,94.8,Low
INIT-0016,Kleenpak Initiative 16,Biopharma Consumables,Kleenpak,APAC,PMM_19,High,Growth,2025Q3,Month1,419576.38,426255.09,95,93.9,22,76.3,34.8,96.5,Low
INIT-0016,Kleenpak Initiative 16,Biopharma Consumables,Kleenpak,APAC,PMM_19,High,Growth,2025Q3,Month2,402146.79,395844.37,95,91.3,42,77.4,38.5,79.8,Medium
INIT-0016,Kleenpak Initiative 16,Biopharma Consumables,Kleenpak,APAC,PMM_19,High,Growth,2025Q3,Month3,418134.96,409117.06,95,90.6,29,76.4,41.9,97.9,Low
INIT-0016,Kleenpak Initiative 16,Biopharma Consumables,Kleenpak,APAC,PMM_19,High,Growth,2025Q4,Month1,443023.81,422812.14,95,90.5,38,86.2,39.3,100.9,Medium
INIT-0016,Kleenpak Initiative 16,Biopharma Consumables,Kleenpak,APAC,PMM_19,High,Growth,2025Q4,Month2,472242.96,503755.5,95,93.8,44,81.4,38.9,95.8,Low
INIT-0016,Kleenpak Initiative 16,Biopharma Consumables,Kleenpak,APAC,PMM_19,High,Growth,2025Q4,Month3,436186.21,465586.12,95,89.7,41,62.6,45.3,82.6,Low
INIT-0017,Kleenpak Initiative 17,Biopharma Consumables,Kleenpak,North America,PMM_03,High,Growth,2024Q1,Month1,290882.36,276933.56,95,95.1,10,80.4,39.5,85.8,Low
INIT-0017,Kleenpak Initiative 17,Biopharma Consumables,Kleenpak,North America,PMM_03,High,Growth,2024Q1,Month2,296777.15,306036.54,95,91.8,10,74.0,42.9,106.0,Low
INIT-0017,Kleenpak Initiative 17,Biopharma Consumables,Kleenpak,North America,PMM_03,High,Growth,2024Q1,Month3,310977.54,322762.44,95,96.0,18,94.5,43.6,89.5,Low
INIT-0017,Kleenpak Initiative 17,Biopharma Consumables,Kleenpak,North America,PMM_03,High,Growth,2024Q2,Month1,342277.85,369465.68,95,96.4,12,87.6,41.4,96.4,Low
INIT-0017,Kleenpak Initiative 17,Biopharma Consumables,Kleenpak,North America,PMM_03,High,Growth,2024Q2,Month2,345544.62,370906.24,95,95.9,18,87.4,36.9,87.8,Low
INIT-0017,Kleenpak Initiative 17,Biopharma Consumables,Kleenpak,North America,PMM_03,High,Growth,2024Q2,Month3,343148.21,338271.2,95,97.6,29,79.5,41.7,105.5,Low
INIT-0017,Kleenpak Initiative 17,Biopharma Consumables,Kleenpak,North America,PMM_03,High,Growth,2024Q3,Month1,389351.29,392808.13,95,95.1,22,79.7,36.8,76.1,Low
INIT-0017,Kleenpak Initiative 17,Biopharma Consumables,Kleenpak,North America,PMM_03,High,Growth,2024Q3,Month2,388609.66,417351.06,95,98.2,31,57.5,41.6,94.4,Low
INIT-0017,Kleenpak Initiative 17,Biopharma Consumables,Kleenpak,North America,PMM_03,High,Growth,2024Q3,Month3,386964.42,397439.24,95,91.6,18,69.9,37.6,99.5,Low
INIT-0017,Kleenpak Initiative 17,Biopharma Consumables,Kleenpak,North America,PMM_03,High,Growth,2024Q4,Month1,455972.24,491038.47,95,93.0,20,80.6,41.6,88.0,Low
INIT-0017,Kleenpak Initiative 17,Biopharma Consumables,Kleenpak,North America,PMM_03,High,Growth,2024Q4,Month2,466095.14,444609.73,95,92.7,26,80.9,38.2,101.5,Low
INIT-0017,Kleenpak Initiative 17,Biopharma Consumables,Kleenpak,North America,PMM_03,High,Growth,2024Q4,Month3,429192.52,432025.69,95,93.4,14,76.8,40.2,94.5,Low
INIT-0017,Kleenpak Initiative 17,Biopharma Consumables,Kleenpak,North America,PMM_03,High,Growth,2025Q1,Month1,512798.84,501211.18,95,96.4,14,60.7,37.3,78.4,Low
INIT-0017,Kleenpak Initiative 17,Biopharma Consumables,Kleenpak,North America,PMM_03,High,Growth,2025Q1,Month2,525369.81,514106.87,95,92.8,15,73.4,36.7,100.7,Low
INIT-0017,Kleenpak Initiative 17,Biopharma Consumables,Kleenpak,North America,PMM_03,High,Growth,2025Q1,Month3,502688.62,491310.72,95,93.8,11,73.9,35.2,91.7,Low
INIT-0017,Kleenpak Initiative 17,Biopharma Consumables,Kleenpak,North America,PMM_03,High,Growth,2025Q2,Month1,583396.14,590516.2,95,97.3,12,69.5,34.8,83.0,Low
INIT-0017,Kleenpak Initiative 17,Biopharma Consumables,Kleenpak,North America,PMM_03,High,Growth,2025Q2,Month2,550916.3,529262.76,95,92.4,30,87.2,36.4,91.1,Low
INIT-0017,Kleenpak Initiative 17,Biopharma Consumables,Kleenpak,North America,PMM_03,High,Growth,2025Q2,Month3,577310.42,589515.26,95,97.1,23,71.6,34.8,96.7,Low
INIT-0017,Kleenpak Initiative 17,Biopharma Consumables,Kleenpak,North America,PMM_03,High,Growth,2025Q3,Month1,624246.5,669351.12,95,94.5,16,52.6,44.0,98.0,Low
INIT-0017,Kleenpak Initiative 17,Biopharma Consumables,Kleenpak,North America,PMM_03,High,Growth,2025Q3,Month2,660605.45,701413.24,95,95.7,32,97.6,36.4,76.3,Low
INIT-0017,Kleenpak Initiative 17,Biopharma Consumables,Kleenpak,North America,PMM_03,High,Growth,2025Q3,Month3,665495.47,709208.46,95,92.6,20,95.3,38.2,100.8,Low
INIT-0017,Kleenpak Initiative 17,Biopharma Consumables,Kleenpak,North America,PMM_03,High,Growth,2025Q4,Month1,776260.72,804219.1,95,97.2,20,78.4,34.1,94.3,Low
INIT-0017,Kleenpak Initiative 17,Biopharma Consumables,Kleenpak,North America,PMM_03,High,Growth,2025Q4,Month2,724986.23,727054.17,95,93.4,20,91.8,43.6,75.6,Low
INIT-0017,Kleenpak Initiative 17,Biopharma Consumables,Kleenpak,North America,PMM_03,High,Growth,2025Q4,Month3,762575.09,760867.53,95,92.4,17,87.3,41.5,93.6,Low
INIT-0018,Cadence Initiative 18,Biopharma Consumables,Cadence,North America,PMM_20,Medium,Launch,2024Q1,Month1,154644.06,140306.53,95,86.3,32,53.5,36.4,85.9,Medium
INIT-0018,Cadence Initiative 18,Biopharma Consumables,Cadence,North America,PMM_20,Medium,Launch,2024Q1,Month2,159476.55,141624.47,95,86.1,43,46.2,36.0,86.1,Medium
INIT-0018,Cadence Initiative 18,Biopharma Consumables,Cadence,North America,PMM_20,Medium,Launch,2024Q1,Month3,165093.05,153231.49,95,88.7,68,68.7,39.8,107.1,Medium
INIT-0018,Cadence Initiative 18,Biopharma Consumables,Cadence,North America,PMM_20,Medium,Launch,2024Q2,Month1,173593.59,146495.49,95,90.3,37,56.2,36.2,83.1,Medium
INIT-0018,Cadence Initiative 18,Biopharma Consumables,Cadence,North America,PMM_20,Medium,Launch,2024Q2,Month2,175962.63,155826.57,95,90.4,28,58.1,35.3,97.8,Medium
INIT-0018,Cadence Initiative 18,Biopharma Consumables,Cadence,North America,PMM_20,Medium,Launch,2024Q2,Month3,183306.63,150952.28,95,94.1,63,50.5,36.3,94.6,Medium
INIT-0018,Cadence Initiative 18,Biopharma Consumables,Cadence,North America,PMM_20,Medium,Launch,2024Q3,Month1,186889.04,169229.5,95,84.7,20,56.0,36.1,82.7,Medium
INIT-0018,Cadence Initiative 18,Biopharma Consumables,Cadence,North America,PMM_20,Medium,Launch,2024Q3,Month2,192151.3,182559.16,95,92.5,59,61.1,38.3,102.4,Medium
INIT-0018,Cadence Initiative 18,Biopharma Consumables,Cadence,North America,PMM_20,Medium,Launch,2024Q3,Month3,196331.73,169032.26,95,85.6,30,67.1,43.1,83.2,Medium
INIT-0018,Cadence Initiative 18,Biopharma Consumables,Cadence,North America,PMM_20,Medium,Launch,2024Q4,Month1,206266.39,179257.43,95,90.5,23,60.5,36.3,75.8,Medium
INIT-0018,Cadence Initiative 18,Biopharma Consumables,Cadence,North America,PMM_20,Medium,Launch,2024Q4,Month2,207458.74,188201.7,95,90.0,55,44.1,34.2,91.1,Medium
INIT-0018,Cadence Initiative 18,Biopharma Consumables,Cadence,North America,PMM_20,Medium,Launch,2024Q4,Month3,198957.77,178214.51,95,87.8,59,47.0,37.8,97.6,Medium
INIT-0018,Cadence Initiative 18,Biopharma Consumables,Cadence,North America,PMM_20,Medium,Launch,2025Q1,Month1,208908.6,179288.08,95,85.7,31,63.5,37.7,81.5,Medium
INIT-0018,Cadence Initiative 18,Biopharma Consumables,Cadence,North America,PMM_20,Medium,Launch,2025Q1,Month2,209174.63,193692.94,95,85.8,22,63.5,35.2,106.0,Medium
INIT-0018,Cadence Initiative 18,Biopharma Consumables,Cadence,North America,PMM_20,Medium,Launch,2025Q1,Month3,214042.68,198213.16,95,92.7,39,48.7,37.0,105.4,Medium
INIT-0018,Cadence Initiative 18,Biopharma Consumables,Cadence,North America,PMM_20,Medium,Launch,2025Q2,Month1,242097.47,204395.15,95,92.7,41,50.6,39.0,86.1,Medium
INIT-0018,Cadence Initiative 18,Biopharma Consumables,Cadence,North America,PMM_20,Medium,Launch,2025Q2,Month2,250390.45,220528.42,95,84.3,34,56.2,35.0,89.8,Medium
INIT-0018,Cadence Initiative 18,Biopharma Consumables,Cadence,North America,PMM_20,Medium,Launch,2025Q2,Month3,245193.31,204692.15,95,91.1,37,62.2,43.7,93.8,Medium
INIT-0018,Cadence Initiative 18,Biopharma Consumables,Cadence,North America,PMM_20,Medium,Launch,2025Q3,Month1,258954.41,242308.09,95,94.1,27,56.8,35.3,83.8,Low
INIT-0018,Cadence Initiative 18,Biopharma Consumables,Cadence,North America,PMM_20,Medium,Launch,2025Q3,Month2,269764.71,255034.94,95,86.0,28,54.0,40.7,104.1,Medium
INIT-0018,Cadence Initiative 18,Biopharma Consumables,Cadence,North America,PMM_20,Medium,Launch,2025Q3,Month3,266750.55,225178.37,95,85.8,58,58.3,37.5,76.7,Medium
INIT-0018,Cadence Initiative 18,Biopharma Consumables,Cadence,North America,PMM_20,Medium,Launch,2025Q4,Month1,258389.8,220073.96,95,91.0,41,46.4,39.5,79.6,Medium
INIT-0018,Cadence Initiative 18,Biopharma Consumables,Cadence,North America,PMM_20,Medium,Launch,2025Q4,Month2,266678.7,221530.42,95,92.9,36,50.1,39.3,92.6,Medium
INIT-0018,Cadence Initiative 18,Biopharma Consumables,Cadence,North America,PMM_20,Medium,Launch,2025Q4,Month3,261183.14,231799.64,95,92.9,67,48.7,36.3,81.6,Medium
INIT-0019,Kleenpak Initiative 19,Biopharma Consumables,Kleenpak,EMEA,PMM_13,Medium,Growth,2024Q1,Month1,335912.99,345392.01,95,94.8,32,76.2,39.2,98.1,Low
INIT-0019,Kleenpak Initiative 19,Biopharma Consumables,Kleenpak,EMEA,PMM_13,Medium,Growth,2024Q1,Month2,325787.38,339769.49,95,92.3,32,65.6,37.6,86.3,Low
INIT-0019,Kleenpak Initiative 19,Biopharma Consumables,Kleenpak,EMEA,PMM_13,Medium,Growth,2024Q1,Month3,309597.21,295889.87,95,94.3,18,88.3,42.0,97.9,Low
INIT-0019,Kleenpak Initiative 19,Biopharma Consumables,Kleenpak,EMEA,PMM_13,Medium,Growth,2024Q2,Month1,362796.18,387068.64,95,92.2,24,67.1,37.8,96.2,Low
INIT-0019,Kleenpak Initiative 19,Biopharma Consumables,Kleenpak,EMEA,PMM_13,Medium,Growth,2024Q2,Month2,389520.75,384127.03,95,93.7,21,70.9,35.2,88.3,Low
INIT-0019,Kleenpak Initiative 19,Biopharma Consumables,Kleenpak,EMEA,PMM_13,Medium,Growth,2024Q2,Month3,395495.43,384368.75,95,91.1,33,78.5,38.5,100.1,Low
INIT-0019,Kleenpak Initiative 19,Biopharma Consumables,Kleenpak,EMEA,PMM_13,Medium,Growth,2024Q3,Month1,430082.88,426081.62,95,95.1,16,55.4,36.0,82.8,Low
INIT-0019,Kleenpak Initiative 19,Biopharma Consumables,Kleenpak,EMEA,PMM_13,Medium,Growth,2024Q3,Month2,412408.48,428107.61,95,92.2,25,68.2,42.9,88.0,Low
INIT-0019,Kleenpak Initiative 19,Biopharma Consumables,Kleenpak,EMEA,PMM_13,Medium,Growth,2024Q3,Month3,443930.09,422198.69,95,91.0,12,80.5,36.9,69.3,Low
INIT-0019,Kleenpak Initiative 19,Biopharma Consumables,Kleenpak,EMEA,PMM_13,Medium,Growth,2024Q4,Month1,489355.49,501342.49,95,91.9,17,78.2,37.3,91.3,Low
INIT-0019,Kleenpak Initiative 19,Biopharma Consumables,Kleenpak,EMEA,PMM_13,Medium,Growth,2024Q4,Month2,475938.76,495247.77,95,90.0,24,66.8,35.8,95.6,Low
INIT-0019,Kleenpak Initiative 19,Biopharma Consumables,Kleenpak,EMEA,PMM_13,Medium,Growth,2024Q4,Month3,502649.6,503668.77,95,93.1,8,74.3,35.9,98.8,Low
INIT-0019,Kleenpak Initiative 19,Biopharma Consumables,Kleenpak,EMEA,PMM_13,Medium,Growth,2025Q1,Month1,549234.96,554592.53,95,94.2,30,60.3,36.1,90.4,Low
INIT-0019,Kleenpak Initiative 19,Biopharma Consumables,Kleenpak,EMEA,PMM_13,Medium,Growth,2025Q1,Month2,576399.04,559585.09,95,96.4,32,87.5,37.1,82.3,Low
INIT-0019,Kleenpak Initiative 19,Biopharma Consumables,Kleenpak,EMEA,PMM_13,Medium,Growth,2025Q1,Month3,591412.41,614922.68,95,96.3,32,88.8,36.3,87.4,Low
INIT-0019,Kleenpak Initiative 19,Biopharma Consumables,Kleenpak,EMEA,PMM_13,Medium,Growth,2025Q2,Month1,674064.86,652231.72,95,96.6,14,75.8,39.5,89.1,Low
INIT-0019,Kleenpak Initiative 19,Biopharma Consumables,Kleenpak,EMEA,PMM_13,Medium,Growth,2025Q2,Month2,680349.48,665232.63,95,92.9,29,76.4,37.9,95.5,Low
INIT-0019,Kleenpak Initiative 19,Biopharma Consumables,Kleenpak,EMEA,PMM_13,Medium,Growth,2025Q2,Month3,681673.59,674745.24,95,95.5,18,84.7,38.3,88.0,Low
INIT-0019,Kleenpak Initiative 19,Biopharma Consumables,Kleenpak,EMEA,PMM_13,Medium,Growth,2025Q3,Month1,781129.12,796437.56,95,93.8,34,93.6,39.2,92.3,Low
INIT-0019,Kleenpak Initiative 19,Biopharma Consumables,Kleenpak,EMEA,PMM_13,Medium,Growth,2025Q3,Month2,723005.51,765089.68,95,90.7,20,66.9,36.2,97.2,Low
INIT-0019,Kleenpak Initiative 19,Biopharma Consumables,Kleenpak,EMEA,PMM_13,Medium,Growth,2025Q3,Month3,725364.56,697575.2,95,95.7,12,63.6,40.6,84.5,Low
INIT-0019,Kleenpak Initiative 19,Biopharma Consumables,Kleenpak,EMEA,PMM_13,Medium,Growth,2025Q4,Month1,898138.23,909787.85,95,95.3,10,65.8,39.5,106.7,Low
INIT-0019,Kleenpak Initiative 19,Biopharma Consumables,Kleenpak,EMEA,PMM_13,Medium,Growth,2025Q4,Month2,841466.03,882547.17,95,91.5,12,76.3,37.5,85.5,Low
INIT-0019,Kleenpak Initiative 19,Biopharma Consumables,Kleenpak,EMEA,PMM_13,Medium,Growth,2025Q4,Month3,858111.75,907501.53,95,94.8,12,64.5,32.7,99.4,Low
INIT-0020,Pegasus Initiative 20,Biopharma Consumables,Pegasus,North America,PMM_04,Low,Mature,2024Q1,Month1,158592.41,156763.28,95,97.3,8,82.7,44.2,94.0,Low
INIT-0020,Pegasus Initiative 20,Biopharma Consumables,Pegasus,North America,PMM_04,Low,Mature,2024Q1,Month2,153887.69,156144.98,95,97.5,2,48.5,37.2,77.4,Low
INIT-0020,Pegasus Initiative 20,Biopharma Consumables,Pegasus,North America,PMM_04,Low,Mature,2024Q1,Month3,161922.03,164695.16,95,98.1,1,100.0,38.0,91.5,Low
INIT-0020,Pegasus Initiative 20,Biopharma Consumables,Pegasus,North America,PMM_04,Low,Mature,2024Q2,Month1,155075.05,152124.29,95,97.1,6,74.2,40.0,86.2,Low
INIT-0020,Pegasus Initiative 20,Biopharma Consumables,Pegasus,North America,PMM_04,Low,Mature,2024Q2,Month2,157069.65,154503.2,95,99.4,11,84.8,37.8,101.3,Low
INIT-0020,Pegasus Initiative 20,Biopharma Consumables,Pegasus,North America,PMM_04,Low,Mature,2024Q2,Month3,163498.8,161513.66,95,97.4,5,65.3,35.5,102.0,Low
INIT-0020,Pegasus Initiative 20,Biopharma Consumables,Pegasus,North America,PMM_04,Low,Mature,2024Q3,Month1,171092.12,167956.11,95,97.8,11,82.3,39.2,104.2,Low
INIT-0020,Pegasus Initiative 20,Biopharma Consumables,Pegasus,North America,PMM_04,Low,Mature,2024Q3,Month2,166892.07,166517.56,95,99.4,5,77.0,38.6,99.5,Low
INIT-0020,Pegasus Initiative 20,Biopharma Consumables,Pegasus,North America,PMM_04,Low,Mature,2024Q3,Month3,165105.05,167218.69,95,98.8,9,80.6,37.0,99.0,Low
INIT-0020,Pegasus Initiative 20,Biopharma Consumables,Pegasus,North America,PMM_04,Low,Mature,2024Q4,Month1,174119.05,177056.29,95,97.6,3,85.0,40.5,85.5,Low
INIT-0020,Pegasus Initiative 20,Biopharma Consumables,Pegasus,North America,PMM_04,Low,Mature,2024Q4,Month2,165093.65,168069.08,95,100.1,4,89.7,34.3,76.2,Low
INIT-0020,Pegasus Initiative 20,Biopharma Consumables,Pegasus,North America,PMM_04,Low,Mature,2024Q4,Month3,166005.28,167273.59,95,96.6,8,85.1,40.0,89.5,Low
INIT-0020,Pegasus Initiative 20,Biopharma Consumables,Pegasus,North America,PMM_04,Low,Mature,2025Q1,Month1,173521.82,170051.7,95,97.8,10,65.0,35.7,92.2,Low
INIT-0020,Pegasus Initiative 20,Biopharma Consumables,Pegasus,North America,PMM_04,Low,Mature,2025Q1,Month2,183500.65,189726.32,95,100.2,2,75.0,36.7,101.6,Low
INIT-0020,Pegasus Initiative 20,Biopharma Consumables,Pegasus,North America,PMM_04,Low,Mature,2025Q1,Month3,180223.12,179217.11,95,99.6,10,71.7,37.1,103.3,Low
INIT-0020,Pegasus Initiative 20,Biopharma Consumables,Pegasus,North America,PMM_04,Low,Mature,2025Q2,Month1,194036.41,193881.5,95,98.5,0,53.1,37.6,75.9,Low
INIT-0020,Pegasus Initiative 20,Biopharma Consumables,Pegasus,North America,PMM_04,Low,Mature,2025Q2,Month2,191521.88,191881.99,95,99.0,2,70.1,39.0,79.4,Low
INIT-0020,Pegasus Initiative 20,Biopharma Consumables,Pegasus,North America,PMM_04,Low,Mature,2025Q2,Month3,190496.56,195033.22,95,98.1,2,82.7,36.6,78.1,Low
INIT-0020,Pegasus Initiative 20,Biopharma Consumables,Pegasus,North America,PMM_04,Low,Mature,2025Q3,Month1,196542.69,199110.14,95,97.1,3,68.2,34.8,99.4,Low
INIT-0020,Pegasus Initiative 20,Biopharma Consumables,Pegasus,North America,PMM_04,Low,Mature,2025Q3,Month2,192781.62,195699.42,95,99.6,2,70.5,40.0,81.8,Low
INIT-0020,Pegasus Initiative 20,Biopharma Consumables,Pegasus,North America,PMM_04,Low,Mature,2025Q3,Month3,195975.05,195251.36,95,96.3,10,94.9,41.3,83.2,Low
INIT-0020,Pegasus Initiative 20,Biopharma Consumables,Pegasus,North America,PMM_04,Low,Mature,2025Q4,Month1,189836.09,188202.77,95,100.2,3,79.4,31.9,98.5,Low
INIT-0020,Pegasus Initiative 20,Biopharma Consumables,Pegasus,North America,PMM_04,Low,Mature,2025Q4,Month2,206425.33,213742.38,95,97.0,7,72.9,40.6,92.8,Low
INIT-0020,Pegasus Initiative 20,Biopharma Consumables,Pegasus,North America,PMM_04,Low,Mature,2025Q4,Month3,206808.06,207787.66,95,99.6,9,81.5,36.4,89.3,Low
INIT-0021,Cadence Initiative 21,Biopharma Consumables,Cadence,APAC,PMM_19,High,Launch,2024Q1,Month1,116422.6,109690.08,95,80.3,60,46.9,44.7,84.2,Medium
INIT-0021,Cadence Initiative 21,Biopharma Consumables,Cadence,APAC,PMM_19,High,Launch,2024Q1,Month2,120162.91,114592.07,95,88.7,49,32.6,38.5,78.3,Medium
INIT-0021,Cadence Initiative 21,Biopharma Consumables,Cadence,APAC,PMM_19,High,Launch,2024Q1,Month3,116481.64,97583.12,95,89.2,61,56.1,36.7,84.1,Medium
INIT-0021,Cadence Initiative 21,Biopharma Consumables,Cadence,APAC,PMM_19,High,Launch,2024Q2,Month1,125556.23,109028.92,95,81.5,34,61.9,44.0,94.7,Medium
INIT-0021,Cadence Initiative 21,Biopharma Consumables,Cadence,APAC,PMM_19,High,Launch,2024Q2,Month2,128472.81,110677.48,95,82.3,54,74.7,33.8,96.0,Medium
INIT-0021,Cadence Initiative 21,Biopharma Consumables,Cadence,APAC,PMM_19,High,Launch,2024Q2,Month3,131472.67,122374.41,95,80.3,38,69.9,38.6,91.2,Medium
INIT-0021,Cadence Initiative 21,Biopharma Consumables,Cadence,APAC,PMM_19,High,Launch,2024Q3,Month1,139417.59,122015.36,95,90.1,76,30.1,35.1,96.2,Medium
INIT-0021,Cadence Initiative 21,Biopharma Consumables,Cadence,APAC,PMM_19,High,Launch,2024Q3,Month2,132251.47,123524.74,95,89.5,36,67.8,41.6,79.2,Medium
INIT-0021,Cadence Initiative 21,Biopharma Consumables,Cadence,APAC,PMM_19,High,Launch,2024Q3,Month3,127981.82,115685.91,95,81.5,43,52.1,33.7,94.6,Medium
INIT-0021,Cadence Initiative 21,Biopharma Consumables,Cadence,APAC,PMM_19,High,Launch,2024Q4,Month1,148160.0,140893.19,95,85.5,77,67.1,33.4,106.0,Medium
INIT-0021,Cadence Initiative 21,Biopharma Consumables,Cadence,APAC,PMM_19,High,Launch,2024Q4,Month2,150435.13,132099.72,95,85.7,54,42.1,38.9,93.2,Medium
INIT-0021,Cadence Initiative 21,Biopharma Consumables,Cadence,APAC,PMM_19,High,Launch,2024Q4,Month3,147640.84,132289.1,95,86.6,43,48.9,34.4,90.3,Medium
INIT-0021,Cadence Initiative 21,Biopharma Consumables,Cadence,APAC,PMM_19,High,Launch,2025Q1,Month1,147876.77,129231.64,95,84.2,35,31.2,37.0,90.4,Medium
INIT-0021,Cadence Initiative 21,Biopharma Consumables,Cadence,APAC,PMM_19,High,Launch,2025Q1,Month2,152501.06,136863.71,95,79.9,71,56.9,39.6,92.6,High
INIT-0021,Cadence Initiative 21,Biopharma Consumables,Cadence,APAC,PMM_19,High,Launch,2025Q1,Month3,145535.71,136094.44,95,81.0,67,50.9,38.4,88.4,Medium
INIT-0021,Cadence Initiative 21,Biopharma Consumables,Cadence,APAC,PMM_19,High,Launch,2025Q2,Month1,155327.89,142168.23,95,81.6,75,52.8,40.9,75.2,High
INIT-0021,Cadence Initiative 21,Biopharma Consumables,Cadence,APAC,PMM_19,High,Launch,2025Q2,Month2,154518.15,140589.07,95,80.2,60,56.1,39.5,84.7,Medium
INIT-0021,Cadence Initiative 21,Biopharma Consumables,Cadence,APAC,PMM_19,High,Launch,2025Q2,Month3,159623.0,132030.0,95,82.0,50,66.3,39.5,107.5,Medium
INIT-0021,Cadence Initiative 21,Biopharma Consumables,Cadence,APAC,PMM_19,High,Launch,2025Q3,Month1,181344.47,164639.81,95,80.2,80,55.5,38.2,88.0,High
INIT-0021,Cadence Initiative 21,Biopharma Consumables,Cadence,APAC,PMM_19,High,Launch,2025Q3,Month2,172422.72,141789.17,95,91.1,49,41.3,36.3,104.8,Medium
INIT-0021,Cadence Initiative 21,Biopharma Consumables,Cadence,APAC,PMM_19,High,Launch,2025Q3,Month3,175357.77,167292.64,95,89.9,75,67.8,31.3,96.0,Medium
INIT-0021,Cadence Initiative 21,Biopharma Consumables,Cadence,APAC,PMM_19,High,Launch,2025Q4,Month1,186453.17,156363.61,95,86.5,75,30.1,42.1,82.7,High
INIT-0021,Cadence Initiative 21,Biopharma Consumables,Cadence,APAC,PMM_19,High,Launch,2025Q4,Month2,193198.72,183811.78,95,84.5,55,54.0,34.3,108.8,Medium
INIT-0021,Cadence Initiative 21,Biopharma Consumables,Cadence,APAC,PMM_19,High,Launch,2025Q4,Month3,187902.38,160775.98,95,87.6,70,70.9,33.1,95.5,High
INIT-0022,Kleenpak Initiative 22,Biopharma Consumables,Kleenpak,APAC,PMM_08,Medium,Growth,2024Q1,Month1,142385.14,138648.62,95,93.2,30,59.6,37.9,97.1,Low
INIT-0022,Kleenpak Initiative 22,Biopharma Consumables,Kleenpak,APAC,PMM_08,Medium,Growth,2024Q1,Month2,138872.7,132487.47,95,91.6,36,79.2,36.9,87.6,Medium
INIT-0022,Kleenpak Initiative 22,Biopharma Consumables,Kleenpak,APAC,PMM_08,Medium,Growth,2024Q1,Month3,145586.04,154614.77,95,89.1,30,90.5,39.2,104.5,Low
INIT-0022,Kleenpak Initiative 22,Biopharma Consumables,Kleenpak,APAC,PMM_08,Medium,Growth,2024Q2,Month1,170389.56,165883.15,95,89.8,21,73.6,39.6,77.3,Low
INIT-0022,Kleenpak Initiative 22,Biopharma Consumables,Kleenpak,APAC,PMM_08,Medium,Growth,2024Q2,Month2,170658.01,163934.89,95,90.5,27,85.5,40.8,90.0,Low
INIT-0022,Kleenpak Initiative 22,Biopharma Consumables,Kleenpak,APAC,PMM_08,Medium,Growth,2024Q2,Month3,166807.44,172548.82,95,92.6,24,78.4,34.9,84.7,Low
INIT-0022,Kleenpak Initiative 22,Biopharma Consumables,Kleenpak,APAC,PMM_08,Medium,Growth,2024Q3,Month1,193698.56,198230.48,95,92.2,18,69.7,40.0,94.8,Low
INIT-0022,Kleenpak Initiative 22,Biopharma Consumables,Kleenpak,APAC,PMM_08,Medium,Growth,2024Q3,Month2,189121.36,179688.14,95,89.1,37,68.8,38.0,101.2,Medium
INIT-0022,Kleenpak Initiative 22,Biopharma Consumables,Kleenpak,APAC,PMM_08,Medium,Growth,2024Q3,Month3,195961.3,187189.59,95,90.0,42,64.5,36.8,92.3,Medium
INIT-0022,Kleenpak Initiative 22,Biopharma Consumables,Kleenpak,APAC,PMM_08,Medium,Growth,2024Q4,Month1,222788.35,216033.02,95,93.8,36,79.1,37.8,95.9,Low
INIT-0022,Kleenpak Initiative 22,Biopharma Consumables,Kleenpak,APAC,PMM_08,Medium,Growth,2024Q4,Month2,230256.76,228088.82,95,93.7,16,88.3,33.7,98.6,Low
INIT-0022,Kleenpak Initiative 22,Biopharma Consumables,Kleenpak,APAC,PMM_08,Medium,Growth,2024Q4,Month3,234348.71,245519.24,95,93.2,33,78.5,39.2,84.7,Low
INIT-0022,Kleenpak Initiative 22,Biopharma Consumables,Kleenpak,APAC,PMM_08,Medium,Growth,2025Q1,Month1,251060.6,254375.25,95,92.9,35,79.8,35.7,110.0,Low
INIT-0022,Kleenpak Initiative 22,Biopharma Consumables,Kleenpak,APAC,PMM_08,Medium,Growth,2025Q1,Month2,274798.19,288374.49,95,93.3,30,68.9,36.8,90.8,Low
INIT-0022,Kleenpak Initiative 22,Biopharma Consumables,Kleenpak,APAC,PMM_08,Medium,Growth,2025Q1,Month3,268028.57,265290.96,95,90.3,33,77.9,37.6,94.0,Low
INIT-0022,Kleenpak Initiative 22,Biopharma Consumables,Kleenpak,APAC,PMM_08,Medium,Growth,2025Q2,Month1,311523.15,308619.61,95,94.8,34,72.3,41.1,99.0,Low
INIT-0022,Kleenpak Initiative 22,Biopharma Consumables,Kleenpak,APAC,PMM_08,Medium,Growth,2025Q2,Month2,303593.03,313607.22,95,89.0,46,83.4,40.9,82.2,Medium
INIT-0022,Kleenpak Initiative 22,Biopharma Consumables,Kleenpak,APAC,PMM_08,Medium,Growth,2025Q2,Month3,300613.24,303594.36,95,89.2,33,94.9,35.7,72.8,Low
INIT-0022,Kleenpak Initiative 22,Biopharma Consumables,Kleenpak,APAC,PMM_08,Medium,Growth,2025Q3,Month1,361929.23,350384.45,95,89.2,37,78.7,38.6,80.9,Medium
INIT-0022,Kleenpak Initiative 22,Biopharma Consumables,Kleenpak,APAC,PMM_08,Medium,Growth,2025Q3,Month2,338544.21,327439.09,95,94.8,28,85.9,39.3,92.3,Low
INIT-0022,Kleenpak Initiative 22,Biopharma Consumables,Kleenpak,APAC,PMM_08,Medium,Growth,2025Q3,Month3,342723.39,333232.53,95,90.6,38,78.2,41.1,82.9,Medium
INIT-0022,Kleenpak Initiative 22,Biopharma Consumables,Kleenpak,APAC,PMM_08,Medium,Growth,2025Q4,Month1,400650.96,425889.05,95,88.7,29,78.2,36.1,96.7,Low
INIT-0022,Kleenpak Initiative 22,Biopharma Consumables,Kleenpak,APAC,PMM_08,Medium,Growth,2025Q4,Month2,424085.22,410453.86,95,93.4,38,80.0,39.6,85.3,Medium
INIT-0022,Kleenpak Initiative 22,Biopharma Consumables,Kleenpak,APAC,PMM_08,Medium,Growth,2025Q4,Month3,425128.97,424675.76,95,90.4,32,89.0,33.8,88.7,Low
INIT-0023,Kleenpak Initiative 23,Biopharma Consumables,Kleenpak,EMEA,PMM_02,High,Launch,2024Q1,Month1,129578.59,111836.48,95,86.7,43,54.2,37.8,98.9,Medium
INIT-0023,Kleenpak Initiative 23,Biopharma Consumables,Kleenpak,EMEA,PMM_02,High,Launch,2024Q1,Month2,120951.76,101009.72,95,90.2,25,65.0,40.3,85.5,Medium
INIT-0023,Kleenpak Initiative 23,Biopharma Consumables,Kleenpak,EMEA,PMM_02,High,Launch,2024Q1,Month3,121448.85,107276.78,95,88.9,37,63.7,41.3,93.6,Medium
INIT-0023,Kleenpak Initiative 23,Biopharma Consumables,Kleenpak,EMEA,PMM_02,High,Launch,2024Q2,Month1,138730.48,122707.48,95,82.3,53,56.7,38.0,94.4,Medium
INIT-0023,Kleenpak Initiative 23,Biopharma Consumables,Kleenpak,EMEA,PMM_02,High,Launch,2024Q2,Month2,143030.97,132954.44,95,90.3,41,52.6,40.7,88.7,Medium
INIT-0023,Kleenpak Initiative 23,Biopharma Consumables,Kleenpak,EMEA,PMM_02,High,Launch,2024Q2,Month3,136862.93,119958.63,95,91.4,66,61.5,40.0,87.6,Medium
INIT-0023,Kleenpak Initiative 23,Biopharma Consumables,Kleenpak,EMEA,PMM_02,High,Launch,2024Q3,Month1,150641.1,143590.43,95,82.0,20,56.2,34.7,89.7,Medium
INIT-0023,Kleenpak Initiative 23,Biopharma Consumables,Kleenpak,EMEA,PMM_02,High,Launch,2024Q3,Month2,139466.5,122927.26,95,84.5,49,42.1,38.8,105.5,Medium
INIT-0023,Kleenpak Initiative 23,Biopharma Consumables,Kleenpak,EMEA,PMM_02,High,Launch,2024Q3,Month3,150823.05,129959.86,95,85.7,37,44.6,34.5,95.7,Medium
INIT-0023,Kleenpak Initiative 23,Biopharma Consumables,Kleenpak,EMEA,PMM_02,High,Launch,2024Q4,Month1,156041.76,128407.72,95,83.4,63,49.5,37.7,81.7,High
INIT-0023,Kleenpak Initiative 23,Biopharma Consumables,Kleenpak,EMEA,PMM_02,High,Launch,2024Q4,Month2,157627.2,133938.98,95,83.5,59,51.6,38.0,92.7,Medium
INIT-0023,Kleenpak Initiative 23,Biopharma Consumables,Kleenpak,EMEA,PMM_02,High,Launch,2024Q4,Month3,159790.95,143210.68,95,92.5,33,79.9,39.5,85.1,Medium
INIT-0023,Kleenpak Initiative 23,Biopharma Consumables,Kleenpak,EMEA,PMM_02,High,Launch,2025Q1,Month1,159873.88,145750.87,95,87.5,25,72.5,35.2,90.1,Medium
INIT-0023,Kleenpak Initiative 23,Biopharma Consumables,Kleenpak,EMEA,PMM_02,High,Launch,2025Q1,Month2,167742.17,138483.51,95,84.4,52,45.6,37.6,95.3,Medium
INIT-0023,Kleenpak Initiative 23,Biopharma Consumables,Kleenpak,EMEA,PMM_02,High,Launch,2025Q1,Month3,155519.32,148161.57,95,84.0,46,59.0,36.4,102.5,Medium
INIT-0023,Kleenpak Initiative 23,Biopharma Consumables,Kleenpak,EMEA,PMM_02,High,Launch,2025Q2,Month1,176565.93,155914.7,95,84.1,53,49.3,43.0,93.7,Medium
INIT-0023,Kleenpak Initiative 23,Biopharma Consumables,Kleenpak,EMEA,PMM_02,High,Launch,2025Q2,Month2,180022.61,149358.49,95,89.7,62,42.5,34.7,80.8,Medium
INIT-0023,Kleenpak Initiative 23,Biopharma Consumables,Kleenpak,EMEA,PMM_02,High,Launch,2025Q2,Month3,168212.21,150931.95,95,88.6,55,68.2,36.7,79.9,Medium
INIT-0023,Kleenpak Initiative 23,Biopharma Consumables,Kleenpak,EMEA,PMM_02,High,Launch,2025Q3,Month1,196625.45,177775.44,95,88.2,31,45.1,42.2,88.1,Medium
INIT-0023,Kleenpak Initiative 23,Biopharma Consumables,Kleenpak,EMEA,PMM_02,High,Launch,2025Q3,Month2,192972.28,168455.43,95,90.8,21,60.3,30.3,96.1,Medium
INIT-0023,Kleenpak Initiative 23,Biopharma Consumables,Kleenpak,EMEA,PMM_02,High,Launch,2025Q3,Month3,187751.75,162265.23,95,86.5,45,56.4,36.3,87.2,Medium
INIT-0023,Kleenpak Initiative 23,Biopharma Consumables,Kleenpak,EMEA,PMM_02,High,Launch,2025Q4,Month1,196605.65,167591.35,95,85.3,36,41.2,37.0,100.7,Medium
INIT-0023,Kleenpak Initiative 23,Biopharma Consumables,Kleenpak,EMEA,PMM_02,High,Launch,2025Q4,Month2,198610.75,188610.36,95,90.9,23,61.6,35.6,100.0,Low
INIT-0023,Kleenpak Initiative 23,Biopharma Consumables,Kleenpak,EMEA,PMM_02,High,Launch,2025Q4,Month3,204896.69,188923.31,95,87.9,37,56.2,40.4,79.1,Medium
INIT-0024,Kleenpak Initiative 24,Biopharma Consumables,Kleenpak,North America,PMM_17,High,Launch,2024Q1,Month1,219230.87,187659.17,95,83.8,32,62.4,35.5,90.9,Medium
INIT-0024,Kleenpak Initiative 24,Biopharma Consumables,Kleenpak,North America,PMM_17,High,Launch,2024Q1,Month2,214079.45,200402.75,95,93.4,37,62.9,38.3,98.6,Medium
INIT-0024,Kleenpak Initiative 24,Biopharma Consumables,Kleenpak,North America,PMM_17,High,Launch,2024Q1,Month3,213146.3,187721.61,95,88.5,22,66.9,36.3,93.3,Medium
INIT-0024,Kleenpak Initiative 24,Biopharma Consumables,Kleenpak,North America,PMM_17,High,Launch,2024Q2,Month1,245591.12,203147.29,95,92.4,20,60.7,36.3,107.5,Medium
INIT-0024,Kleenpak Initiative 24,Biopharma Consumables,Kleenpak,North America,PMM_17,High,Launch,2024Q2,Month2,244253.33,216711.61,95,87.4,35,51.6,37.3,88.8,Medium
INIT-0024,Kleenpak Initiative 24,Biopharma Consumables,Kleenpak,North America,PMM_17,High,Launch,2024Q2,Month3,227044.34,216922.25,95,87.8,22,80.2,37.7,96.4,Low
INIT-0024,Kleenpak Initiative 24,Biopharma Consumables,Kleenpak,North America,PMM_17,High,Launch,2024Q3,Month1,267228.6,242258.95,95,89.3,32,56.4,44.3,87.0,Medium
INIT-0024,Kleenpak Initiative 24,Biopharma Consumables,Kleenpak,North America,PMM_17,High,Launch,2024Q3,Month2,244718.66,223394.73,95,87.7,32,54.0,34.5,93.4,Medium
INIT-0024,Kleenpak Initiative 24,Biopharma Consumables,Kleenpak,North America,PMM_17,High,Launch,2024Q3,Month3,262863.73,241340.76,95,90.4,31,37.8,35.8,92.2,Medium
INIT-0024,Kleenpak Initiative 24,Biopharma Consumables,Kleenpak,North America,PMM_17,High,Launch,2024Q4,Month1,268591.01,232496.53,95,84.0,49,62.3,44.3,103.2,Medium
INIT-0024,Kleenpak Initiative 24,Biopharma Consumables,Kleenpak,North America,PMM_17,High,Launch,2024Q4,Month2,269384.08,250190.95,95,93.1,56,52.2,34.2,96.1,Medium
INIT-0024,Kleenpak Initiative 24,Biopharma Consumables,Kleenpak,North America,PMM_17,High,Launch,2024Q4,Month3,278496.42,239536.53,95,90.3,48,46.7,40.0,96.0,Medium
INIT-0024,Kleenpak Initiative 24,Biopharma Consumables,Kleenpak,North America,PMM_17,High,Launch,2025Q1,Month1,316394.52,271185.34,95,91.7,33,68.1,38.4,93.0,Medium
INIT-0024,Kleenpak Initiative 24,Biopharma Consumables,Kleenpak,North America,PMM_17,High,Launch,2025Q1,Month2,312844.09,282836.6,95,88.1,58,53.2,42.4,80.0,Medium
INIT-0024,Kleenpak Initiative 24,Biopharma Consumables,Kleenpak,North America,PMM_17,High,Launch,2025Q1,Month3,317645.16,265868.39,95,91.6,21,49.5,35.0,88.4,Medium
INIT-0024,Kleenpak Initiative 24,Biopharma Consumables,Kleenpak,North America,PMM_17,High,Launch,2025Q2,Month1,319751.78,271040.1,95,86.8,55,54.9,43.8,85.8,Medium
INIT-0024,Kleenpak Initiative 24,Biopharma Consumables,Kleenpak,North America,PMM_17,High,Launch,2025Q2,Month2,320714.38,269130.14,95,85.6,40,52.5,40.6,100.1,Medium
INIT-0024,Kleenpak Initiative 24,Biopharma Consumables,Kleenpak,North America,PMM_17,High,Launch,2025Q2,Month3,333581.36,289243.49,95,93.4,41,45.5,38.1,89.8,Medium
INIT-0024,Kleenpak Initiative 24,Biopharma Consumables,Kleenpak,North America,PMM_17,High,Launch,2025Q3,Month1,353045.52,306167.21,95,83.7,27,51.6,32.7,104.0,Medium
INIT-0024,Kleenpak Initiative 24,Biopharma Consumables,Kleenpak,North America,PMM_17,High,Launch,2025Q3,Month2,362420.05,309352.62,95,87.8,31,53.7,42.7,92.2,Medium
INIT-0024,Kleenpak Initiative 24,Biopharma Consumables,Kleenpak,North America,PMM_17,High,Launch,2025Q3,Month3,338086.76,314715.16,95,89.4,30,36.0,34.3,95.0,Medium
INIT-0024,Kleenpak Initiative 24,Biopharma Consumables,Kleenpak,North America,PMM_17,High,Launch,2025Q4,Month1,382263.15,315592.31,95,84.3,56,72.5,43.1,106.8,Medium
INIT-0024,Kleenpak Initiative 24,Biopharma Consumables,Kleenpak,North America,PMM_17,High,Launch,2025Q4,Month2,385459.61,335870.91,95,86.1,49,71.0,40.4,98.9,Medium
INIT-0024,Kleenpak Initiative 24,Biopharma Consumables,Kleenpak,North America,PMM_17,High,Launch,2025Q4,Month3,390290.3,334529.21,95,88.1,42,40.8,37.5,85.1,Medium
INIT-0025,Kleenpak Initiative 25,Biopharma Consumables,Kleenpak,EMEA,PMM_16,Medium,Growth,2024Q1,Month1,176833.29,185273.58,95,93.9,33,80.4,39.2,101.0,Low
INIT-0025,Kleenpak Initiative 25,Biopharma Consumables,Kleenpak,EMEA,PMM_16,Medium,Growth,2024Q1,Month2,174149.2,186554.49,95,90.1,14,79.0,34.9,93.7,Low
INIT-0025,Kleenpak Initiative 25,Biopharma Consumables,Kleenpak,EMEA,PMM_16,Medium,Growth,2024Q1,Month3,172215.58,183302.63,95,95.4,22,85.5,38.8,84.4,Low
INIT-0025,Kleenpak Initiative 25,Biopharma Consumables,Kleenpak,EMEA,PMM_16,Medium,Growth,2024Q2,Month1,188408.35,188843.29,95,96.4,15,81.2,40.7,80.3,Low
INIT-0025,Kleenpak Initiative 25,Biopharma Consumables,Kleenpak,EMEA,PMM_16,Medium,Growth,2024Q2,Month2,187496.83,183625.52,95,92.6,11,73.5,38.3,89.1,Low
INIT-0025,Kleenpak Initiative 25,Biopharma Consumables,Kleenpak,EMEA,PMM_16,Medium,Growth,2024Q2,Month3,187362.85,183012.42,95,96.9,15,57.9,37.6,95.1,Low
INIT-0025,Kleenpak Initiative 25,Biopharma Consumables,Kleenpak,EMEA,PMM_16,Medium,Growth,2024Q3,Month1,237621.61,226804.14,95,95.7,17,91.1,37.3,98.9,Low
INIT-0025,Kleenpak Initiative 25,Biopharma Consumables,Kleenpak,EMEA,PMM_16,Medium,Growth,2024Q3,Month2,227264.23,244764.83,95,95.8,12,78.8,37.3,81.4,Low
INIT-0025,Kleenpak Initiative 25,Biopharma Consumables,Kleenpak,EMEA,PMM_16,Medium,Growth,2024Q3,Month3,229565.95,246086.33,95,95.7,18,68.9,34.3,100.1,Low
INIT-0025,Kleenpak Initiative 25,Biopharma Consumables,Kleenpak,EMEA,PMM_16,Medium,Growth,2024Q4,Month1,263121.24,260579.47,95,95.6,13,85.7,33.7,87.5,Low
INIT-0025,Kleenpak Initiative 25,Biopharma Consumables,Kleenpak,EMEA,PMM_16,Medium,Growth,2024Q4,Month2,263085.6,251538.52,95,96.7,25,67.9,32.9,97.2,Low
INIT-0025,Kleenpak Initiative 25,Biopharma Consumables,Kleenpak,EMEA,PMM_16,Medium,Growth,2024Q4,Month3,274930.85,295055.57,95,96.0,18,64.8,36.0,83.2,Low
INIT-0025,Kleenpak Initiative 25,Biopharma Consumables,Kleenpak,EMEA,PMM_16,Medium,Growth,2025Q1,Month1,313222.67,307437.69,95,94.3,20,82.3,37.4,85.9,Low
INIT-0025,Kleenpak Initiative 25,Biopharma Consumables,Kleenpak,EMEA,PMM_16,Medium,Growth,2025Q1,Month2,312450.17,313074.38,95,94.6,24,68.3,38.4,86.9,Low
INIT-0025,Kleenpak Initiative 25,Biopharma Consumables,Kleenpak,EMEA,PMM_16,Medium,Growth,2025Q1,Month3,328754.02,326802.15,95,91.1,24,84.4,33.1,93.0,Low
INIT-0025,Kleenpak Initiative 25,Biopharma Consumables,Kleenpak,EMEA,PMM_16,Medium,Growth,2025Q2,Month1,366602.54,394931.43,95,93.6,22,77.3,38.2,70.3,Low
INIT-0025,Kleenpak Initiative 25,Biopharma Consumables,Kleenpak,EMEA,PMM_16,Medium,Growth,2025Q2,Month2,370608.98,377910.05,95,95.0,23,73.5,43.2,90.8,Low
INIT-0025,Kleenpak Initiative 25,Biopharma Consumables,Kleenpak,EMEA,PMM_16,Medium,Growth,2025Q2,Month3,355141.32,341226.53,95,95.3,24,81.2,37.8,101.0,Low
INIT-0025,Kleenpak Initiative 25,Biopharma Consumables,Kleenpak,EMEA,PMM_16,Medium,Growth,2025Q3,Month1,400806.35,391395.14,95,92.9,19,80.2,41.8,77.1,Low
INIT-0025,Kleenpak Initiative 25,Biopharma Consumables,Kleenpak,EMEA,PMM_16,Medium,Growth,2025Q3,Month2,397603.38,387682.36,95,96.0,20,79.1,36.8,86.2,Low
INIT-0025,Kleenpak Initiative 25,Biopharma Consumables,Kleenpak,EMEA,PMM_16,Medium,Growth,2025Q3,Month3,409992.49,390001.51,95,93.3,14,76.0,36.0,76.2,Low
INIT-0025,Kleenpak Initiative 25,Biopharma Consumables,Kleenpak,EMEA,PMM_16,Medium,Growth,2025Q4,Month1,444110.75,478699.21,95,91.8,34,73.0,35.1,99.9,Low
INIT-0025,Kleenpak Initiative 25,Biopharma Consumables,Kleenpak,EMEA,PMM_16,Medium,Growth,2025Q4,Month2,432241.23,413273.44,95,90.3,16,84.8,37.6,77.6,Low
INIT-0025,Kleenpak Initiative 25,Biopharma Consumables,Kleenpak,EMEA,PMM_16,Medium,Growth,2025Q4,Month3,449096.23,478794.78,95,90.8,31,74.3,41.9,72.6,Low
INIT-0026,Sterile Sets Initiative 1,Medical,Sterile Sets,North America,PMM_06,Low,Mature,2024Q1,Month1,197656.64,199073.73,95,99.6,3,61.5,43.8,86.6,Low
INIT-0026,Sterile Sets Initiative 1,Medical,Sterile Sets,North America,PMM_06,Low,Mature,2024Q1,Month2,217129.3,217897.07,95,96.4,4,62.3,39.5,102.7,Low
INIT-0026,Sterile Sets Initiative 1,Medical,Sterile Sets,North America,PMM_06,Low,Mature,2024Q1,Month3,197794.46,194870.67,95,96.3,11,86.0,36.4,92.4,Low
INIT-0026,Sterile Sets Initiative 1,Medical,Sterile Sets,North America,PMM_06,Low,Mature,2024Q2,Month1,199837.32,204817.65,95,97.6,3,83.6,43.3,89.5,Low
INIT-0026,Sterile Sets Initiative 1,Medical,Sterile Sets,North America,PMM_06,Low,Mature,2024Q2,Month2,196547.13,202679.21,95,96.5,8,64.3,43.6,107.0,Low
INIT-0026,Sterile Sets Initiative 1,Medical,Sterile Sets,North America,PMM_06,Low,Mature,2024Q2,Month3,205111.67,202650.25,95,100.7,11,82.2,42.5,75.2,Low
INIT-0026,Sterile Sets Initiative 1,Medical,Sterile Sets,North America,PMM_06,Low,Mature,2024Q3,Month1,209170.4,207803.05,95,99.1,4,79.6,48.6,95.9,Low
INIT-0026,Sterile Sets Initiative 1,Medical,Sterile Sets,North America,PMM_06,Low,Mature,2024Q3,Month2,214128.96,221056.29,95,99.3,6,77.4,44.3,91.3,Low
INIT-0026,Sterile Sets Initiative 1,Medical,Sterile Sets,North America,PMM_06,Low,Mature,2024Q3,Month3,216016.86,217631.38,95,97.6,11,74.2,43.6,86.0,Low
INIT-0026,Sterile Sets Initiative 1,Medical,Sterile Sets,North America,PMM_06,Low,Mature,2024Q4,Month1,232374.14,229966.28,95,97.5,11,65.5,40.3,89.2,Low
INIT-0026,Sterile Sets Initiative 1,Medical,Sterile Sets,North America,PMM_06,Low,Mature,2024Q4,Month2,216027.15,213507.87,95,97.0,7,78.9,46.8,93.0,Low
INIT-0026,Sterile Sets Initiative 1,Medical,Sterile Sets,North America,PMM_06,Low,Mature,2024Q4,Month3,225145.41,229845.75,95,99.7,6,93.2,39.7,93.6,Low
INIT-0026,Sterile Sets Initiative 1,Medical,Sterile Sets,North America,PMM_06,Low,Mature,2025Q1,Month1,218881.92,218158.74,95,98.5,9,87.6,43.7,78.2,Low
INIT-0026,Sterile Sets Initiative 1,Medical,Sterile Sets,North America,PMM_06,Low,Mature,2025Q1,Month2,238877.95,235141.88,95,98.5,2,70.5,45.6,79.8,Low
INIT-0026,Sterile Sets Initiative 1,Medical,Sterile Sets,North America,PMM_06,Low,Mature,2025Q1,Month3,229883.27,235152.61,95,96.4,6,86.0,44.8,92.0,Low
INIT-0026,Sterile Sets Initiative 1,Medical,Sterile Sets,North America,PMM_06,Low,Mature,2025Q2,Month1,236747.4,243378.28,95,99.3,2,75.6,41.4,88.3,Low
INIT-0026,Sterile Sets Initiative 1,Medical,Sterile Sets,North America,PMM_06,Low,Mature,2025Q2,Month2,223057.36,219820.63,95,98.6,7,72.4,40.0,86.4,Low
INIT-0026,Sterile Sets Initiative 1,Medical,Sterile Sets,North America,PMM_06,Low,Mature,2025Q2,Month3,220984.33,220596.65,95,100.2,5,85.1,40.6,77.7,Low
INIT-0026,Sterile Sets Initiative 1,Medical,Sterile Sets,North America,PMM_06,Low,Mature,2025Q3,Month1,240679.42,237373.67,95,100.3,8,54.0,47.4,81.5,Low
INIT-0026,Sterile Sets Initiative 1,Medical,Sterile Sets,North America,PMM_06,Low,Mature,2025Q3,Month2,237760.4,237766.72,95,96.4,7,58.4,42.5,99.6,Low
INIT-0026,Sterile Sets Initiative 1,Medical,Sterile Sets,North America,PMM_06,Low,Mature,2025Q3,Month3,239234.39,234838.43,95,98.2,7,82.1,41.4,94.8,Low
INIT-0026,Sterile Sets Initiative 1,Medical,Sterile Sets,North America,PMM_06,Low,Mature,2025Q4,Month1,233121.36,241435.57,95,99.0,6,69.5,40.2,94.5,Low
INIT-0026,Sterile Sets Initiative 1,Medical,Sterile Sets,North America,PMM_06,Low,Mature,2025Q4,Month2,240849.13,245113.22,95,99.4,5,78.0,40.3,85.8,Low
INIT-0026,Sterile Sets Initiative 1,Medical,Sterile Sets,North America,PMM_06,Low,Mature,2025Q4,Month3,241573.29,246003.2,95,96.6,1,86.8,36.8,87.6,Low
INIT-0027,Sterile Sets Initiative 2,Medical,Sterile Sets,North America,PMM_16,Low,Launch,2024Q1,Month1,130809.53,115820.92,95,88.4,32,63.9,43.1,95.4,Medium
INIT-0027,Sterile Sets Initiative 2,Medical,Sterile Sets,North America,PMM_16,Low,Launch,2024Q1,Month2,125397.44,106685.72,95,84.4,46,66.1,45.5,88.7,Medium
INIT-0027,Sterile Sets Initiative 2,Medical,Sterile Sets,North America,PMM_16,Low,Launch,2024Q1,Month3,137108.01,114588.08,95,88.6,67,63.4,37.9,84.8,High
INIT-0027,Sterile Sets Initiative 2,Medical,Sterile Sets,North America,PMM_16,Low,Launch,2024Q2,Month1,138194.12,117633.79,95,90.8,46,45.4,42.8,87.1,Medium
INIT-0027,Sterile Sets Initiative 2,Medical,Sterile Sets,North America,PMM_16,Low,Launch,2024Q2,Month2,150594.76,137195.78,95,89.6,54,53.7,44.5,91.1,Medium
INIT-0027,Sterile Sets Initiative 2,Medical,Sterile Sets,North America,PMM_16,Low,Launch,2024Q2,Month3,149826.74,124013.72,95,90.9,29,51.2,44.3,91.6,Medium
INIT-0027,Sterile Sets Initiative 2,Medical,Sterile Sets,North America,PMM_16,Low,Launch,2024Q3,Month1,155048.52,134481.69,95,89.6,68,60.7,44.2,83.5,Medium
INIT-0027,Sterile Sets Initiative 2,Medical,Sterile Sets,North America,PMM_16,Low,Launch,2024Q3,Month2,151025.86,137701.06,95,86.3,34,66.0,45.0,94.1,Medium
INIT-0027,Sterile Sets Initiative 2,Medical,Sterile Sets,North America,PMM_16,Low,Launch,2024Q3,Month3,164200.99,136414.19,95,88.4,62,49.5,44.1,101.4,Medium
INIT-0027,Sterile Sets Initiative 2,Medical,Sterile Sets,North America,PMM_16,Low,Launch,2024Q4,Month1,170046.33,141863.37,95,89.9,57,52.3,43.7,97.4,Medium
INIT-0027,Sterile Sets Initiative 2,Medical,Sterile Sets,North America,PMM_16,Low,Launch,2024Q4,Month2,166653.26,151398.36,95,92.6,50,72.4,44.3,98.6,Medium
INIT-0027,Sterile Sets Initiative 2,Medical,Sterile Sets,North America,PMM_16,Low,Launch,2024Q4,Month3,180979.44,149847.42,95,85.5,56,64.2,42.3,87.3,Medium
INIT-0027,Sterile Sets Initiative 2,Medical,Sterile Sets,North America,PMM_16,Low,Launch,2025Q1,Month1,188775.77,162043.19,95,86.4,46,62.5,46.2,104.5,Medium
INIT-0027,Sterile Sets Initiative 2,Medical,Sterile Sets,North America,PMM_16,Low,Launch,2025Q1,Month2,195470.44,168052.14,95,85.8,55,60.2,45.2,85.7,Medium
INIT-0027,Sterile Sets Initiative 2,Medical,Sterile Sets,North America,PMM_16,Low,Launch,2025Q1,Month3,194404.59,164422.38,95,83.5,61,58.2,45.9,102.4,Medium
INIT-0027,Sterile Sets Initiative 2,Medical,Sterile Sets,North America,PMM_16,Low,Launch,2025Q2,Month1,217026.71,193069.58,95,84.5,56,60.4,40.6,91.4,Medium
INIT-0027,Sterile Sets Initiative 2,Medical,Sterile Sets,North America,PMM_16,Low,Launch,2025Q2,Month2,219535.79,201909.45,95,85.1,22,54.7,37.2,95.4,Medium
INIT-0027,Sterile Sets Initiative 2,Medical,Sterile Sets,North America,PMM_16,Low,Launch,2025Q2,Month3,210016.0,194374.18,95,92.9,35,49.2,42.5,99.3,Medium
INIT-0027,Sterile Sets Initiative 2,Medical,Sterile Sets,North America,PMM_16,Low,Launch,2025Q3,Month1,232250.62,205011.35,95,88.5,23,45.4,37.9,79.3,Medium
INIT-0027,Sterile Sets Initiative 2,Medical,Sterile Sets,North America,PMM_16,Low,Launch,2025Q3,Month2,234107.16,198413.64,95,86.8,45,59.1,43.5,81.9,Medium
INIT-0027,Sterile Sets Initiative 2,Medical,Sterile Sets,North America,PMM_16,Low,Launch,2025Q3,Month3,218548.32,185029.98,95,89.3,55,47.3,41.8,87.8,Medium
INIT-0027,Sterile Sets Initiative 2,Medical,Sterile Sets,North America,PMM_16,Low,Launch,2025Q4,Month1,244201.19,205078.62,95,88.3,24,65.3,38.6,96.3,Medium
INIT-0027,Sterile Sets Initiative 2,Medical,Sterile Sets,North America,PMM_16,Low,Launch,2025Q4,Month2,234028.79,199663.75,95,84.6,55,51.8,39.3,86.3,Medium
INIT-0027,Sterile Sets Initiative 2,Medical,Sterile Sets,North America,PMM_16,Low,Launch,2025Q4,Month3,232982.3,192317.78,95,83.4,48,48.1,42.5,99.6,Medium
INIT-0028,IV Filters Initiative 3,Medical,IV Filters,EMEA,PMM_17,High,Mature,2024Q1,Month1,258422.3,265635.74,95,97.7,2,80.2,41.1,90.2,Low
INIT-0028,IV Filters Initiative 3,Medical,IV Filters,EMEA,PMM_17,High,Mature,2024Q1,Month2,249674.02,245853.54,95,96.7,6,85.7,39.3,93.3,Low
INIT-0028,IV Filters Initiative 3,Medical,IV Filters,EMEA,PMM_17,High,Mature,2024Q1,Month3,245204.31,253169.68,95,98.8,4,69.1,44.6,91.0,Low
INIT-0028,IV Filters Initiative 3,Medical,IV Filters,EMEA,PMM_17,High,Mature,2024Q2,Month1,261031.58,267077.93,95,97.9,5,75.6,41.8,89.6,Low
INIT-0028,IV Filters Initiative 3,Medical,IV Filters,EMEA,PMM_17,High,Mature,2024Q2,Month2,260866.07,269706.5,95,95.6,11,76.3,42.6,92.8,Low
INIT-0028,IV Filters Initiative 3,Medical,IV Filters,EMEA,PMM_17,High,Mature,2024Q2,Month3,268229.63,275828.51,95,95.7,8,72.4,41.5,86.0,Low
INIT-0028,IV Filters Initiative 3,Medical,IV Filters,EMEA,PMM_17,High,Mature,2024Q3,Month1,258583.15,265747.61,95,95.3,1,72.0,41.1,98.5,Low
INIT-0028,IV Filters Initiative 3,Medical,IV Filters,EMEA,PMM_17,High,Mature,2024Q3,Month2,262341.49,263381.92,95,95.4,9,72.2,43.4,70.9,Low
INIT-0028,IV Filters Initiative 3,Medical,IV Filters,EMEA,PMM_17,High,Mature,2024Q3,Month3,271122.63,279053.22,95,98.6,2,74.6,41.5,97.8,Low
INIT-0028,IV Filters Initiative 3,Medical,IV Filters,EMEA,PMM_17,High,Mature,2024Q4,Month1,280119.68,284788.85,95,96.8,11,79.4,42.0,105.2,Low
INIT-0028,IV Filters Initiative 3,Medical,IV Filters,EMEA,PMM_17,High,Mature,2024Q4,Month2,260751.6,271122.59,95,97.3,2,91.5,41.7,103.0,Low
INIT-0028,IV Filters Initiative 3,Medical,IV Filters,EMEA,PMM_17,High,Mature,2024Q4,Month3,273415.76,279676.21,95,98.5,0,74.8,43.0,90.4,Low
INIT-0028,IV Filters Initiative 3,Medical,IV Filters,EMEA,PMM_17,High,Mature,2025Q1,Month1,273949.64,282828.91,95,95.1,11,70.7,40.0,85.0,Low
INIT-0028,IV Filters Initiative 3,Medical,IV Filters,EMEA,PMM_17,High,Mature,2025Q1,Month2,270683.76,268393.99,95,95.7,8,89.5,44.8,101.9,Low
INIT-0028,IV Filters Initiative 3,Medical,IV Filters,EMEA,PMM_17,High,Mature,2025Q1,Month3,266283.29,261095.33,95,95.1,2,78.6,41.1,101.2,Low
INIT-0028,IV Filters Initiative 3,Medical,IV Filters,EMEA,PMM_17,High,Mature,2025Q2,Month1,265706.01,274388.94,95,97.9,2,49.6,38.5,88.6,Low
INIT-0028,IV Filters Initiative 3,Medical,IV Filters,EMEA,PMM_17,High,Mature,2025Q2,Month2,263805.7,271666.15,95,96.8,4,62.6,40.4,95.1,Low
INIT-0028,IV Filters Initiative 3,Medical,IV Filters,EMEA,PMM_17,High,Mature,2025Q2,Month3,266386.14,261949.12,95,97.0,1,86.4,42.8,96.2,Low
INIT-0028,IV Filters Initiative 3,Medical,IV Filters,EMEA,PMM_17,High,Mature,2025Q3,Month1,271654.49,281163.85,95,95.5,1,75.7,46.2,97.1,Low
INIT-0028,IV Filters Initiative 3,Medical,IV Filters,EMEA,PMM_17,High,Mature,2025Q3,Month2,273044.34,271150.37,95,95.8,6,94.2,44.1,87.9,Low
INIT-0028,IV Filters Initiative 3,Medical,IV Filters,EMEA,PMM_17,High,Mature,2025Q3,Month3,272247.33,277118.56,95,96.9,11,67.3,42.4,85.6,Low
INIT-0028,IV Filters Initiative 3,Medical,IV Filters,EMEA,PMM_17,High,Mature,2025Q4,Month1,279282.51,274548.15,95,98.1,10,75.5,45.5,91.2,Low
INIT-0028,IV Filters Initiative 3,Medical,IV Filters,EMEA,PMM_17,High,Mature,2025Q4,Month2,292947.96,296181.03,95,98.7,2,65.7,44.9,84.6,Low
INIT-0028,IV Filters Initiative 3,Medical,IV Filters,EMEA,PMM_17,High,Mature,2025Q4,Month3,293853.63,304981.66,95,95.7,4,80.0,41.5,77.2,Low
INIT-0029,IV Filters Initiative 4,Medical,IV Filters,EMEA,PMM_18,High,Growth,2024Q1,Month1,116648.38,121199.33,95,93.7,18,71.3,39.8,86.8,Low
INIT-0029,IV Filters Initiative 4,Medical,IV Filters,EMEA,PMM_18,High,Growth,2024Q1,Month2,116811.89,112545.08,95,90.1,17,61.9,38.8,100.5,Low
INIT-0029,IV Filters Initiative 4,Medical,IV Filters,EMEA,PMM_18,High,Growth,2024Q1,Month3,117226.28,117581.7,95,97.0,26,81.1,39.3,94.0,Low
INIT-0029,IV Filters Initiative 4,Medical,IV Filters,EMEA,PMM_18,High,Growth,2024Q2,Month1,129783.64,130152.25,95,95.9,34,86.1,41.7,104.5,Low
INIT-0029,IV Filters Initiative 4,Medical,IV Filters,EMEA,PMM_18,High,Growth,2024Q2,Month2,140335.2,139548.06,95,96.4,15,84.0,40.4,93.8,Low
INIT-0029,IV Filters Initiative 4,Medical,IV Filters,EMEA,PMM_18,High,Growth,2024Q2,Month3,141289.12,151715.38,95,91.0,28,63.2,49.2,101.5,Low
INIT-0029,IV Filters Initiative 4,Medical,IV Filters,EMEA,PMM_18,High,Growth,2024Q3,Month1,149004.28,144325.25,95,96.7,18,78.4,41.2,93.6,Low
INIT-0029,IV Filters Initiative 4,Medical,IV Filters,EMEA,PMM_18,High,Growth,2024Q3,Month2,161618.69,172514.19,95,90.1,20,83.2,44.6,96.6,Low
INIT-0029,IV Filters Initiative 4,Medical,IV Filters,EMEA,PMM_18,High,Growth,2024Q3,Month3,159186.81,167061.68,95,90.9,32,66.1,41.9,83.6,Low
INIT-0029,IV Filters Initiative 4,Medical,IV Filters,EMEA,PMM_18,High,Growth,2024Q4,Month1,186157.2,192411.69,95,91.1,26,82.7,43.4,103.7,Low
INIT-0029,IV Filters Initiative 4,Medical,IV Filters,EMEA,PMM_18,High,Growth,2024Q4,Month2,179771.92,189896.11,95,90.2,29,78.0,43.2,104.8,Low
INIT-0029,IV Filters Initiative 4,Medical,IV Filters,EMEA,PMM_18,High,Growth,2024Q4,Month3,177309.71,170506.61,95,93.8,23,75.1,45.3,89.9,Low
INIT-0029,IV Filters Initiative 4,Medical,IV Filters,EMEA,PMM_18,High,Growth,2025Q1,Month1,207544.96,199301.25,95,90.6,31,68.7,41.6,92.2,Medium
INIT-0029,IV Filters Initiative 4,Medical,IV Filters,EMEA,PMM_18,High,Growth,2025Q1,Month2,226173.42,221735.84,95,96.3,22,76.7,38.2,97.4,Low
INIT-0029,IV Filters Initiative 4,Medical,IV Filters,EMEA,PMM_18,High,Growth,2025Q1,Month3,220829.38,220843.46,95,96.1,24,72.5,41.7,88.7,Low
INIT-0029,IV Filters Initiative 4,Medical,IV Filters,EMEA,PMM_18,High,Growth,2025Q2,Month1,241792.01,245611.89,95,96.0,22,60.2,43.9,92.2,Low
INIT-0029,IV Filters Initiative 4,Medical,IV Filters,EMEA,PMM_18,High,Growth,2025Q2,Month2,243794.26,256859.68,95,92.8,26,88.8,40.3,88.5,Low
INIT-0029,IV Filters Initiative 4,Medical,IV Filters,EMEA,PMM_18,High,Growth,2025Q2,Month3,244243.64,250217.95,95,94.1,29,76.4,44.2,86.8,Low
INIT-0029,IV Filters Initiative 4,Medical,IV Filters,EMEA,PMM_18,High,Growth,2025Q3,Month1,274507.34,288373.2,95,90.7,17,80.2,41.1,90.4,Low
INIT-0029,IV Filters Initiative 4,Medical,IV Filters,EMEA,PMM_18,High,Growth,2025Q3,Month2,271057.57,276677.71,95,94.8,10,65.4,35.8,97.9,Low
INIT-0029,IV Filters Initiative 4,Medical,IV Filters,EMEA,PMM_18,High,Growth,2025Q3,Month3,277668.8,273824.36,95,96.8,11,77.9,37.9,99.6,Low
INIT-0029,IV Filters Initiative 4,Medical,IV Filters,EMEA,PMM_18,High,Growth,2025Q4,Month1,317988.11,334161.77,95,91.7,27,68.8,44.3,76.7,Low
INIT-0029,IV Filters Initiative 4,Medical,IV Filters,EMEA,PMM_18,High,Growth,2025Q4,Month2,303626.33,306704.9,95,95.2,22,83.5,44.9,95.7,Low
INIT-0029,IV Filters Initiative 4,Medical,IV Filters,EMEA,PMM_18,High,Growth,2025Q4,Month3,310631.34,305903.07,95,91.3,17,73.5,37.3,92.9,Low
INIT-0030,Sterile Sets Initiative 5,Medical,Sterile Sets,North America,PMM_13,Medium,Mature,2024Q1,Month1,156840.38,159904.12,95,100.6,8,86.7,38.4,96.7,Low
INIT-0030,Sterile Sets Initiative 5,Medical,Sterile Sets,North America,PMM_13,Medium,Mature,2024Q1,Month2,163071.84,165564.81,95,97.7,11,84.2,42.9,90.2,Low
INIT-0030,Sterile Sets Initiative 5,Medical,Sterile Sets,North America,PMM_13,Medium,Mature,2024Q1,Month3,157944.47,155755.35,95,97.4,3,79.9,43.8,90.7,Low
INIT-0030,Sterile Sets Initiative 5,Medical,Sterile Sets,North America,PMM_13,Medium,Mature,2024Q2,Month1,158339.16,162359.76,95,99.1,4,92.0,41.8,89.0,Low
INIT-0030,Sterile Sets Initiative 5,Medical,Sterile Sets,North America,PMM_13,Medium,Mature,2024Q2,Month2,172926.22,175072.75,95,96.3,11,71.2,43.2,89.8,Low
INIT-0030,Sterile Sets Initiative 5,Medical,Sterile Sets,North America,PMM_13,Medium,Mature,2024Q2,Month3,161515.95,160753.56,95,97.2,4,80.7,42.6,91.7,Low
INIT-0030,Sterile Sets Initiative 5,Medical,Sterile Sets,North America,PMM_13,Medium,Mature,2024Q3,Month1,157755.4,157244.33,95,96.3,2,59.5,44.4,92.5,Low
INIT-0030,Sterile Sets Initiative 5,Medical,Sterile Sets,North America,PMM_13,Medium,Mature,2024Q3,Month2,163595.07,162689.39,95,96.0,11,96.0,39.9,90.0,Low
INIT-0030,Sterile Sets Initiative 5,Medical,Sterile Sets,North America,PMM_13,Medium,Mature,2024Q3,Month3,159631.16,162595.25,95,97.0,7,79.7,43.2,88.3,Low
INIT-0030,Sterile Sets Initiative 5,Medical,Sterile Sets,North America,PMM_13,Medium,Mature,2024Q4,Month1,165357.45,162062.88,95,97.1,11,71.7,36.9,93.3,Low
INIT-0030,Sterile Sets Initiative 5,Medical,Sterile Sets,North America,PMM_13,Medium,Mature,2024Q4,Month2,174860.19,174900.89,95,99.8,10,77.9,40.0,90.0,Low
INIT-0030,Sterile Sets Initiative 5,Medical,Sterile Sets,North America,PMM_13,Medium,Mature,2024Q4,Month3,167765.67,167107.45,95,99.4,0,68.3,41.1,92.3,Low
INIT-0030,Sterile Sets Initiative 5,Medical,Sterile Sets,North America,PMM_13,Medium,Mature,2025Q1,Month1,174194.19,174543.15,95,97.3,6,69.0,42.9,102.7,Low
INIT-0030,Sterile Sets Initiative 5,Medical,Sterile Sets,North America,PMM_13,Medium,Mature,2025Q1,Month2,183904.63,190952.73,95,98.0,9,59.4,39.0,77.3,Low
INIT-0030,Sterile Sets Initiative 5,Medical,Sterile Sets,North America,PMM_13,Medium,Mature,2025Q1,Month3,174707.96,172208.06,95,99.0,6,86.7,44.4,82.9,Low
INIT-0030,Sterile Sets Initiative 5,Medical,Sterile Sets,North America,PMM_13,Medium,Mature,2025Q2,Month1,187423.27,193704.27,95,96.3,2,81.6,39.7,89.3,Low
INIT-0030,Sterile Sets Initiative 5,Medical,Sterile Sets,North America,PMM_13,Medium,Mature,2025Q2,Month2,181344.36,184936.68,95,96.9,11,74.3,41.2,90.5,Low
INIT-0030,Sterile Sets Initiative 5,Medical,Sterile Sets,North America,PMM_13,Medium,Mature,2025Q2,Month3,192093.19,188837.44,95,100.2,1,79.9,44.2,89.7,Low
INIT-0030,Sterile Sets Initiative 5,Medical,Sterile Sets,North America,PMM_13,Medium,Mature,2025Q3,Month1,195283.21,201167.57,95,99.6,0,83.8,45.9,100.6,Low
INIT-0030,Sterile Sets Initiative 5,Medical,Sterile Sets,North America,PMM_13,Medium,Mature,2025Q3,Month2,192793.69,189660.14,95,99.3,10,81.3,38.6,90.6,Low
INIT-0030,Sterile Sets Initiative 5,Medical,Sterile Sets,North America,PMM_13,Medium,Mature,2025Q3,Month3,184370.39,185685.49,95,97.9,9,83.2,41.6,98.4,Low
INIT-0030,Sterile Sets Initiative 5,Medical,Sterile Sets,North America,PMM_13,Medium,Mature,2025Q4,Month1,197321.42,197775.97,95,95.9,7,74.1,38.8,95.3,Low
INIT-0030,Sterile Sets Initiative 5,Medical,Sterile Sets,North America,PMM_13,Medium,Mature,2025Q4,Month2,201636.71,202048.13,95,98.3,11,72.9,45.4,108.3,Low
INIT-0030,Sterile Sets Initiative 5,Medical,Sterile Sets,North America,PMM_13,Medium,Mature,2025Q4,Month3,195703.88,194073.23,95,97.5,11,80.9,40.3,90.0,Low
INIT-0031,Sterile Sets Initiative 6,Medical,Sterile Sets,EMEA,PMM_13,Medium,Growth,2024Q1,Month1,137195.54,145879.13,95,92.9,19,63.4,39.9,85.1,Low
INIT-0031,Sterile Sets Initiative 6,Medical,Sterile Sets,EMEA,PMM_13,Medium,Growth,2024Q1,Month2,126364.58,127614.65,95,92.9,29,76.3,39.1,85.4,Low
INIT-0031,Sterile Sets Initiative 6,Medical,Sterile Sets,EMEA,PMM_13,Medium,Growth,2024Q1,Month3,133184.9,140476.68,95,94.6,18,80.0,42.5,105.5,Low
INIT-0031,Sterile Sets Initiative 6,Medical,Sterile Sets,EMEA,PMM_13,Medium,Growth,2024Q2,Month1,156304.41,149251.75,95,91.2,14,70.7,44.4,93.0,Low
INIT-0031,Sterile Sets Initiative 6,Medical,Sterile Sets,EMEA,PMM_13,Medium,Growth,2024Q2,Month2,155844.14,166683.49,95,93.8,16,67.9,40.0,109.4,Low
INIT-0031,Sterile Sets Initiative 6,Medical,Sterile Sets,EMEA,PMM_13,Medium,Growth,2024Q2,Month3,145251.91,141091.2,95,95.6,22,85.0,45.9,92.1,Low
INIT-0031,Sterile Sets Initiative 6,Medical,Sterile Sets,EMEA,PMM_13,Medium,Growth,2024Q3,Month1,170091.71,176567.14,95,96.5,23,96.0,42.6,96.8,Low
INIT-0031,Sterile Sets Initiative 6,Medical,Sterile Sets,EMEA,PMM_13,Medium,Growth,2024Q3,Month2,165170.15,168292.99,95,90.7,20,79.1,48.6,86.5,Low
INIT-0031,Sterile Sets Initiative 6,Medical,Sterile Sets,EMEA,PMM_13,Medium,Growth,2024Q3,Month3,173875.91,184015.47,95,95.2,12,96.9,39.2,98.5,Low
INIT-0031,Sterile Sets Initiative 6,Medical,Sterile Sets,EMEA,PMM_13,Medium,Growth,2024Q4,Month1,193420.81,192035.71,95,93.9,34,91.8,45.4,90.5,Low
INIT-0031,Sterile Sets Initiative 6,Medical,Sterile Sets,EMEA,PMM_13,Medium,Growth,2024Q4,Month2,198114.02,210701.57,95,96.2,25,65.8,38.6,97.7,Low
INIT-0031,Sterile Sets Initiative 6,Medical,Sterile Sets,EMEA,PMM_13,Medium,Growth,2024Q4,Month3,185733.55,181022.88,95,92.5,19,78.2,40.9,86.0,Low
INIT-0031,Sterile Sets Initiative 6,Medical,Sterile Sets,EMEA,PMM_13,Medium,Growth,2025Q1,Month1,235183.1,238867.25,95,95.1,22,77.8,42.9,82.6,Low
INIT-0031,Sterile Sets Initiative 6,Medical,Sterile Sets,EMEA,PMM_13,Medium,Growth,2025Q1,Month2,239134.58,232800.79,95,95.4,33,75.8,39.3,98.8,Low
INIT-0031,Sterile Sets Initiative 6,Medical,Sterile Sets,EMEA,PMM_13,Medium,Growth,2025Q1,Month3,228679.91,233957.57,95,90.5,13,68.1,42.4,92.7,Low
INIT-0031,Sterile Sets Initiative 6,Medical,Sterile Sets,EMEA,PMM_13,Medium,Growth,2025Q2,Month1,247140.72,241151.71,95,95.1,26,67.3,38.7,107.7,Low
INIT-0031,Sterile Sets Initiative 6,Medical,Sterile Sets,EMEA,PMM_13,Medium,Growth,2025Q2,Month2,254074.64,274296.55,95,94.2,25,59.8,39.9,80.9,Low
INIT-0031,Sterile Sets Initiative 6,Medical,Sterile Sets,EMEA,PMM_13,Medium,Growth,2025Q2,Month3,247661.05,257528.8,95,92.4,19,95.0,47.7,91.0,Low
INIT-0031,Sterile Sets Initiative 6,Medical,Sterile Sets,EMEA,PMM_13,Medium,Growth,2025Q3,Month1,300442.54,315352.2,95,91.8,24,88.3,43.5,94.0,Low
INIT-0031,Sterile Sets Initiative 6,Medical,Sterile Sets,EMEA,PMM_13,Medium,Growth,2025Q3,Month2,311335.01,320943.18,95,96.5,12,78.8,46.9,94.1,Low
INIT-0031,Sterile Sets Initiative 6,Medical,Sterile Sets,EMEA,PMM_13,Medium,Growth,2025Q3,Month3,311749.71,321393.63,95,94.4,28,84.5,42.0,82.1,Low
INIT-0031,Sterile Sets Initiative 6,Medical,Sterile Sets,EMEA,PMM_13,Medium,Growth,2025Q4,Month1,358735.97,351908.23,95,92.1,21,59.0,38.8,75.2,Low
INIT-0031,Sterile Sets Initiative 6,Medical,Sterile Sets,EMEA,PMM_13,Medium,Growth,2025Q4,Month2,368944.43,361134.37,95,92.9,14,71.5,43.8,91.6,Low
INIT-0031,Sterile Sets Initiative 6,Medical,Sterile Sets,EMEA,PMM_13,Medium,Growth,2025Q4,Month3,337652.22,354633.26,95,90.6,11,69.7,41.0,93.1,Low
INIT-0032,IV Filters Initiative 7,Medical,IV Filters,APAC,PMM_07,High,Mature,2024Q1,Month1,227253.47,225785.38,95,94.2,7,84.3,42.8,99.4,Low
INIT-0032,IV Filters Initiative 7,Medical,IV Filters,APAC,PMM_07,High,Mature,2024Q1,Month2,224224.82,227201.9,95,94.8,16,87.0,42.0,100.9,Low
INIT-0032,IV Filters Initiative 7,Medical,IV Filters,APAC,PMM_07,High,Mature,2024Q1,Month3,223787.73,221843.02,95,95.7,8,80.4,35.7,82.8,Low
INIT-0032,IV Filters Initiative 7,Medical,IV Filters,APAC,PMM_07,High,Mature,2024Q2,Month1,248287.39,252046.28,95,94.8,12,85.6,43.9,89.1,Low
INIT-0032,IV Filters Initiative 7,Medical,IV Filters,APAC,PMM_07,High,Mature,2024Q2,Month2,244493.58,248067.14,95,96.1,10,77.2,42.2,81.7,Low
INIT-0032,IV Filters Initiative 7,Medical,IV Filters,APAC,PMM_07,High,Mature,2024Q2,Month3,248220.56,244425.42,95,94.9,8,90.6,41.5,87.4,Low
INIT-0032,IV Filters Initiative 7,Medical,IV Filters,APAC,PMM_07,High,Mature,2024Q3,Month1,253455.72,259633.4,95,95.3,15,70.0,34.6,90.2,Low
INIT-0032,IV Filters Initiative 7,Medical,IV Filters,APAC,PMM_07,High,Mature,2024Q3,Month2,248353.15,254547.06,95,94.6,5,92.4,44.0,92.6,Low
INIT-0032,IV Filters Initiative 7,Medical,IV Filters,APAC,PMM_07,High,Mature,2024Q3,Month3,246088.33,242890.38,95,94.3,11,71.7,43.8,93.6,Low
INIT-0032,IV Filters Initiative 7,Medical,IV Filters,APAC,PMM_07,High,Mature,2024Q4,Month1,255926.06,253873.58,95,95.7,22,70.3,42.7,76.6,Low
INIT-0032,IV Filters Initiative 7,Medical,IV Filters,APAC,PMM_07,High,Mature,2024Q4,Month2,255398.81,262831.34,95,96.5,8,75.9,40.3,88.7,Low
INIT-0032,IV Filters Initiative 7,Medical,IV Filters,APAC,PMM_07,High,Mature,2024Q4,Month3,259573.0,269143.93,95,95.5,13,94.1,42.5,98.7,Low
INIT-0032,IV Filters Initiative 7,Medical,IV Filters,APAC,PMM_07,High,Mature,2025Q1,Month1,248970.28,252983.41,95,95.2,12,72.0,37.3,98.6,Low
INIT-0032,IV Filters Initiative 7,Medical,IV Filters,APAC,PMM_07,High,Mature,2025Q1,Month2,239936.35,241021.97,95,97.0,9,82.2,37.4,88.0,Low
INIT-0032,IV Filters Initiative 7,Medical,IV Filters,APAC,PMM_07,High,Mature,2025Q1,Month3,245736.45,249074.3,95,93.7,22,90.5,39.7,94.2,Low
INIT-0032,IV Filters Initiative 7,Medical,IV Filters,APAC,PMM_07,High,Mature,2025Q2,Month1,258834.16,263695.56,95,94.1,8,82.2,43.1,99.7,Low
INIT-0032,IV Filters Initiative 7,Medical,IV Filters,APAC,PMM_07,High,Mature,2025Q2,Month2,246422.56,251184.96,95,94.7,10,78.1,40.9,72.8,Low
INIT-0032,IV Filters Initiative 7,Medical,IV Filters,APAC,PMM_07,High,Mature,2025Q2,Month3,247539.11,243668.63,95,96.3,16,85.2,45.1,96.8,Low
INIT-0032,IV Filters Initiative 7,Medical,IV Filters,APAC,PMM_07,High,Mature,2025Q3,Month1,264898.96,269296.97,95,96.1,21,93.7,43.4,80.0,Low
INIT-0032,IV Filters Initiative 7,Medical,IV Filters,APAC,PMM_07,High,Mature,2025Q3,Month2,257616.49,256593.73,95,95.9,15,68.8,44.3,84.2,Low
INIT-0032,IV Filters Initiative 7,Medical,IV Filters,APAC,PMM_07,High,Mature,2025Q3,Month3,267042.31,264168.35,95,96.5,19,87.3,42.7,94.5,Low
INIT-0032,IV Filters Initiative 7,Medical,IV Filters,APAC,PMM_07,High,Mature,2025Q4,Month1,258408.17,254630.78,95,95.4,12,82.9,41.5,91.9,Low
INIT-0032,IV Filters Initiative 7,Medical,IV Filters,APAC,PMM_07,High,Mature,2025Q4,Month2,243941.08,241418.51,95,94.2,15,66.8,41.5,97.8,Low
INIT-0032,IV Filters Initiative 7,Medical,IV Filters,APAC,PMM_07,High,Mature,2025Q4,Month3,260055.44,270372.84,95,96.5,18,84.6,40.3,94.7,Low
INIT-0033,IV Filters Initiative 8,Medical,IV Filters,EMEA,PMM_12,Medium,Mature,2024Q1,Month1,220502.02,224054.22,95,96.1,2,100.0,46.9,110.0,Low
INIT-0033,IV Filters Initiative 8,Medical,IV Filters,EMEA,PMM_12,Medium,Mature,2024Q1,Month2,219994.03,227078.17,95,96.1,4,82.4,38.8,95.4,Low
INIT-0033,IV Filters Initiative 8,Medical,IV Filters,EMEA,PMM_12,Medium,Mature,2024Q1,Month3,223723.53,219450.71,95,96.1,9,86.0,36.9,90.2,Low
INIT-0033,IV Filters Initiative 8,Medical,IV Filters,EMEA,PMM_12,Medium,Mature,2024Q2,Month1,232811.57,240374.41,95,96.1,3,67.2,42.5,101.3,Low
INIT-0033,IV Filters Initiative 8,Medical,IV Filters,EMEA,PMM_12,Medium,Mature,2024Q2,Month2,238044.76,234805.7,95,96.2,0,66.9,44.6,89.0,Low
INIT-0033,IV Filters Initiative 8,Medical,IV Filters,EMEA,PMM_12,Medium,Mature,2024Q2,Month3,221280.4,219767.59,95,97.3,11,74.7,34.7,81.6,Low
INIT-0033,IV Filters Initiative 8,Medical,IV Filters,EMEA,PMM_12,Medium,Mature,2024Q3,Month1,245103.18,248507.78,95,96.7,4,79.6,40.7,92.3,Low
INIT-0033,IV Filters Initiative 8,Medical,IV Filters,EMEA,PMM_12,Medium,Mature,2024Q3,Month2,228712.01,235932.49,95,97.1,9,91.9,41.5,106.8,Low
INIT-0033,IV Filters Initiative 8,Medical,IV Filters,EMEA,PMM_12,Medium,Mature,2024Q3,Month3,239857.34,238158.23,95,98.9,5,72.8,43.6,97.3,Low
INIT-0033,IV Filters Initiative 8,Medical,IV Filters,EMEA,PMM_12,Medium,Mature,2024Q4,Month1,253243.04,253088.98,95,95.4,4,67.3,41.5,96.6,Low
INIT-0033,IV Filters Initiative 8,Medical,IV Filters,EMEA,PMM_12,Medium,Mature,2024Q4,Month2,240103.14,237597.35,95,95.4,10,74.4,38.1,109.4,Low
INIT-0033,IV Filters Initiative 8,Medical,IV Filters,EMEA,PMM_12,Medium,Mature,2024Q4,Month3,232369.75,240387.58,95,95.9,6,66.8,45.3,80.2,Low
INIT-0033,IV Filters Initiative 8,Medical,IV Filters,EMEA,PMM_12,Medium,Mature,2025Q1,Month1,254287.31,252652.01,95,97.5,9,80.0,42.7,86.4,Low
INIT-0033,IV Filters Initiative 8,Medical,IV Filters,EMEA,PMM_12,Medium,Mature,2025Q1,Month2,249537.25,253201.53,95,96.3,1,71.7,42.0,96.7,Low
INIT-0033,IV Filters Initiative 8,Medical,IV Filters,EMEA,PMM_12,Medium,Mature,2025Q1,Month3,234093.21,234026.79,95,97.5,5,76.2,36.5,91.5,Low
INIT-0033,IV Filters Initiative 8,Medical,IV Filters,EMEA,PMM_12,Medium,Mature,2025Q2,Month1,240360.3,240192.33,95,95.0,9,64.6,44.1,91.6,Low
INIT-0033,IV Filters Initiative 8,Medical,IV Filters,EMEA,PMM_12,Medium,Mature,2025Q2,Month2,263109.04,260205.36,95,95.8,0,47.3,44.3,90.6,Low
INIT-0033,IV Filters Initiative 8,Medical,IV Filters,EMEA,PMM_12,Medium,Mature,2025Q2,Month3,262213.79,269579.99,95,98.2,9,53.9,36.8,110.0,Low
INIT-0033,IV Filters Initiative 8,Medical,IV Filters,EMEA,PMM_12,Medium,Mature,2025Q3,Month1,269383.25,268238.54,95,97.5,2,82.2,43.1,71.2,Low
INIT-0033,IV Filters Initiative 8,Medical,IV Filters,EMEA,PMM_12,Medium,Mature,2025Q3,Month2,272478.18,277630.0,95,95.8,2,72.7,46.1,86.8,Low
INIT-0033,IV Filters Initiative 8,Medical,IV Filters,EMEA,PMM_12,Medium,Mature,2025Q3,Month3,264532.91,265780.65,95,97.1,5,81.2,37.8,88.5,Low
INIT-0033,IV Filters Initiative 8,Medical,IV Filters,EMEA,PMM_12,Medium,Mature,2025Q4,Month1,267642.73,267437.66,95,97.8,9,79.1,41.5,85.1,Low
INIT-0033,IV Filters Initiative 8,Medical,IV Filters,EMEA,PMM_12,Medium,Mature,2025Q4,Month2,253919.3,257514.82,95,98.8,9,91.7,40.1,98.3,Low
INIT-0033,IV Filters Initiative 8,Medical,IV Filters,EMEA,PMM_12,Medium,Mature,2025Q4,Month3,264703.15,271531.88,95,95.0,0,61.4,40.9,88.0,Low
INIT-0034,Diagnostics Initiative 9,Medical,Diagnostics,APAC,PMM_16,Medium,Growth,2024Q1,Month1,218067.03,218889.97,95,90.1,28,78.4,43.8,96.2,Low
INIT-0034,Diagnostics Initiative 9,Medical,Diagnostics,APAC,PMM_16,Medium,Growth,2024Q1,Month2,214320.63,227079.58,95,89.4,35,76.8,39.2,90.3,Low
INIT-0034,Diagnostics Initiative 9,Medical,Diagnostics,APAC,PMM_16,Medium,Growth,2024Q1,Month3,202349.91,203105.59,95,92.5,31,74.0,38.7,84.8,Low
INIT-0034,Diagnostics Initiative 9,Medical,Diagnostics,APAC,PMM_16,Medium,Growth,2024Q2,Month1,245740.68,260127.41,95,93.1,38,74.4,40.5,101.4,Low
INIT-0034,Diagnostics Initiative 9,Medical,Diagnostics,APAC,PMM_16,Medium,Growth,2024Q2,Month2,254234.13,249452.84,95,94.3,18,75.9,44.6,106.5,Low
INIT-0034,Diagnostics Initiative 9,Medical,Diagnostics,APAC,PMM_16,Medium,Growth,2024Q2,Month3,253404.77,246887.31,95,89.9,37,74.1,39.2,104.4,Medium
INIT-0034,Diagnostics Initiative 9,Medical,Diagnostics,APAC,PMM_16,Medium,Growth,2024Q3,Month1,289145.67,284037.71,95,88.1,40,69.4,40.2,100.9,Medium
INIT-0034,Diagnostics Initiative 9,Medical,Diagnostics,APAC,PMM_16,Medium,Growth,2024Q3,Month2,272513.5,290565.8,95,88.4,31,78.1,43.4,102.4,Low
INIT-0034,Diagnostics Initiative 9,Medical,Diagnostics,APAC,PMM_16,Medium,Growth,2024Q3,Month3,279562.95,288004.36,95,89.0,33,65.7,44.9,105.5,Low
INIT-0034,Diagnostics Initiative 9,Medical,Diagnostics,APAC,PMM_16,Medium,Growth,2024Q4,Month1,331442.16,321491.91,95,90.3,27,94.7,42.5,110.0,Low
INIT-0034,Diagnostics Initiative 9,Medical,Diagnostics,APAC,PMM_16,Medium,Growth,2024Q4,Month2,305207.65,317253.73,95,93.9,37,76.4,38.7,87.8,Low
INIT-0034,Diagnostics Initiative 9,Medical,Diagnostics,APAC,PMM_16,Medium,Growth,2024Q4,Month3,319629.86,340539.7,95,90.4,31,86.8,42.1,97.5,Low
INIT-0034,Diagnostics Initiative 9,Medical,Diagnostics,APAC,PMM_16,Medium,Growth,2025Q1,Month1,383061.78,380731.31,95,88.9,42,74.6,40.9,84.2,Medium
INIT-0034,Diagnostics Initiative 9,Medical,Diagnostics,APAC,PMM_16,Medium,Growth,2025Q1,Month2,377272.41,397920.18,95,88.4,25,58.4,44.5,108.3,Low
INIT-0034,Diagnostics Initiative 9,Medical,Diagnostics,APAC,PMM_16,Medium,Growth,2025Q1,Month3,381562.84,383951.31,95,90.1,33,62.8,44.8,93.8,Low
INIT-0034,Diagnostics Initiative 9,Medical,Diagnostics,APAC,PMM_16,Medium,Growth,2025Q2,Month1,412991.98,427467.31,95,91.4,36,83.0,42.3,95.7,Low
INIT-0034,Diagnostics Initiative 9,Medical,Diagnostics,APAC,PMM_16,Medium,Growth,2025Q2,Month2,409009.36,423869.93,95,87.7,47,94.2,40.1,90.6,Medium
INIT-0034,Diagnostics Initiative 9,Medical,Diagnostics,APAC,PMM_16,Medium,Growth,2025Q2,Month3,406059.88,402175.83,95,92.6,44,85.7,40.0,94.7,Medium
INIT-0034,Diagnostics Initiative 9,Medical,Diagnostics,APAC,PMM_16,Medium,Growth,2025Q3,Month1,489335.4,490951.72,95,94.3,31,68.6,38.4,91.3,Low
INIT-0034,Diagnostics Initiative 9,Medical,Diagnostics,APAC,PMM_16,Medium,Growth,2025Q3,Month2,487817.27,511874.08,95,92.2,24,79.7,43.0,99.6,Low
INIT-0034,Diagnostics Initiative 9,Medical,Diagnostics,APAC,PMM_16,Medium,Growth,2025Q3,Month3,498012.78,515595.81,95,88.3,19,80.0,41.7,99.6,Low
INIT-0034,Diagnostics Initiative 9,Medical,Diagnostics,APAC,PMM_16,Medium,Growth,2025Q4,Month1,550546.38,569943.13,95,91.5,36,86.3,44.4,87.5,Low
INIT-0034,Diagnostics Initiative 9,Medical,Diagnostics,APAC,PMM_16,Medium,Growth,2025Q4,Month2,554714.86,547727.33,95,90.8,35,95.7,38.3,100.6,Low
INIT-0034,Diagnostics Initiative 9,Medical,Diagnostics,APAC,PMM_16,Medium,Growth,2025Q4,Month3,528892.61,554443.61,95,94.5,27,88.1,45.0,91.6,Low
INIT-0035,Diagnostics Initiative 10,Medical,Diagnostics,APAC,PMM_19,High,Decline,2024Q1,Month1,216184.74,186228.91,95,86.5,26,79.6,44.2,92.3,Medium
INIT-0035,Diagnostics Initiative 10,Medical,Diagnostics,APAC,PMM_19,High,Decline,2024Q1,Month2,220712.49,201645.97,95,88.7,44,54.1,42.5,102.8,Medium
INIT-0035,Diagnostics Initiative 10,Medical,Diagnostics,APAC,PMM_19,High,Decline,2024Q1,Month3,210359.68,176652.36,95,90.2,29,78.6,38.6,87.4,Medium
INIT-0035,Diagnostics Initiative 10,Medical,Diagnostics,APAC,PMM_19,High,Decline,2024Q2,Month1,203923.59,190746.07,95,90.6,49,70.6,38.5,92.2,Medium
INIT-0035,Diagnostics Initiative 10,Medical,Diagnostics,APAC,PMM_19,High,Decline,2024Q2,Month2,208638.15,170076.52,95,87.3,50,74.0,39.8,91.2,Medium
INIT-0035,Diagnostics Initiative 10,Medical,Diagnostics,APAC,PMM_19,High,Decline,2024Q2,Month3,196209.7,165346.53,95,86.8,55,84.1,43.1,98.8,Medium
INIT-0035,Diagnostics Initiative 10,Medical,Diagnostics,APAC,PMM_19,High,Decline,2024Q3,Month1,201478.51,179312.42,95,91.6,33,79.3,41.0,90.9,Medium
INIT-0035,Diagnostics Initiative 10,Medical,Diagnostics,APAC,PMM_19,High,Decline,2024Q3,Month2,201341.57,186237.21,95,90.4,25,79.4,37.6,87.0,Medium
INIT-0035,Diagnostics Initiative 10,Medical,Diagnostics,APAC,PMM_19,High,Decline,2024Q3,Month3,204655.24,177368.97,95,91.2,45,60.9,39.3,89.7,Medium
INIT-0035,Diagnostics Initiative 10,Medical,Diagnostics,APAC,PMM_19,High,Decline,2024Q4,Month1,179516.69,152249.33,95,87.8,48,79.7,42.6,87.5,Medium
INIT-0035,Diagnostics Initiative 10,Medical,Diagnostics,APAC,PMM_19,High,Decline,2024Q4,Month2,179221.29,159668.62,95,90.8,25,91.0,42.3,92.6,Medium
INIT-0035,Diagnostics Initiative 10,Medical,Diagnostics,APAC,PMM_19,High,Decline,2024Q4,Month3,177587.01,144896.7,95,91.4,33,84.2,44.7,93.6,Medium
INIT-0035,Diagnostics Initiative 10,Medical,Diagnostics,APAC,PMM_19,High,Decline,2025Q1,Month1,170397.25,139615.92,95,91.9,31,72.7,42.6,99.0,Medium
INIT-0035,Diagnostics Initiative 10,Medical,Diagnostics,APAC,PMM_19,High,Decline,2025Q1,Month2,172663.08,163171.76,95,87.0,24,68.1,40.2,90.5,Medium
INIT-0035,Diagnostics Initiative 10,Medical,Diagnostics,APAC,PMM_19,High,Decline,2025Q1,Month3,181474.96,148444.39,95,82.5,56,80.1,37.1,107.1,High
INIT-0035,Diagnostics Initiative 10,Medical,Diagnostics,APAC,PMM_19,High,Decline,2025Q2,Month1,155195.89,129658.48,95,85.6,53,76.4,45.9,92.3,Medium
INIT-0035,Diagnostics Initiative 10,Medical,Diagnostics,APAC,PMM_19,High,Decline,2025Q2,Month2,157693.65,132488.87,95,86.6,38,89.0,44.1,108.1,Medium
INIT-0035,Diagnostics Initiative 10,Medical,Diagnostics,APAC,PMM_19,High,Decline,2025Q2,Month3,152309.77,125696.09,95,84.1,43,85.8,43.7,85.4,Medium
INIT-0035,Diagnostics Initiative 10,Medical,Diagnostics,APAC,PMM_19,High,Decline,2025Q3,Month1,149880.53,132058.48,95,86.0,35,70.9,43.4,92.4,Medium
INIT-0035,Diagnostics Initiative 10,Medical,Diagnostics,APAC,PMM_19,High,Decline,2025Q3,Month2,147901.99,132370.86,95,89.6,38,89.6,39.8,87.9,Medium
INIT-0035,Diagnostics Initiative 10,Medical,Diagnostics,APAC,PMM_19,High,Decline,2025Q3,Month3,151860.13,123520.5,95,85.9,31,78.3,42.8,83.1,Medium
INIT-0035,Diagnostics Initiative 10,Medical,Diagnostics,APAC,PMM_19,High,Decline,2025Q4,Month1,149509.25,134181.5,95,86.5,30,90.0,38.7,98.6,Medium
INIT-0035,Diagnostics Initiative 10,Medical,Diagnostics,APAC,PMM_19,High,Decline,2025Q4,Month2,136518.08,118819.33,95,89.0,46,66.2,52.8,87.7,Medium
INIT-0035,Diagnostics Initiative 10,Medical,Diagnostics,APAC,PMM_19,High,Decline,2025Q4,Month3,136859.45,114704.93,95,87.3,36,75.9,44.4,95.3,Medium
INIT-0036,Diagnostics Initiative 11,Medical,Diagnostics,North America,PMM_12,High,Mature,2024Q1,Month1,191835.73,192231.4,95,96.2,4,88.8,38.2,82.1,Low
INIT-0036,Diagnostics Initiative 11,Medical,Diagnostics,North America,PMM_12,High,Mature,2024Q1,Month2,188188.5,184684.96,95,97.6,10,87.6,40.0,86.4,Low
INIT-0036,Diagnostics Initiative 11,Medical,Diagnostics,North America,PMM_12,High,Mature,2024Q1,Month3,184778.07,189678.37,95,96.7,9,83.7,43.4,86.8,Low
INIT-0036,Diagnostics Initiative 11,Medical,Diagnostics,North America,PMM_12,High,Mature,2024Q2,Month1,190584.88,189836.35,95,100.0,9,83.1,37.6,105.4,Low
INIT-0036,Diagnostics Initiative 11,Medical,Diagnostics,North America,PMM_12,High,Mature,2024Q2,Month2,191176.55,197051.99,95,97.4,0,88.7,42.5,94.7,Low
INIT-0036,Diagnostics Initiative 11,Medical,Diagnostics,North America,PMM_12,High,Mature,2024Q2,Month3,200474.06,196926.03,95,98.0,4,81.4,34.5,94.5,Low
INIT-0036,Diagnostics Initiative 11,Medical,Diagnostics,North America,PMM_12,High,Mature,2024Q3,Month1,203832.15,200918.5,95,95.6,2,74.1,42.6,84.2,Low
INIT-0036,Diagnostics Initiative 11,Medical,Diagnostics,North America,PMM_12,High,Mature,2024Q3,Month2,208048.11,211367.86,95,100.0,7,86.4,41.3,84.9,Low
INIT-0036,Diagnostics Initiative 11,Medical,Diagnostics,North America,PMM_12,High,Mature,2024Q3,Month3,197205.06,195778.01,95,98.7,1,89.1,42.0,91.1,Low
INIT-0036,Diagnostics Initiative 11,Medical,Diagnostics,North America,PMM_12,High,Mature,2024Q4,Month1,214208.8,217081.15,95,98.0,5,83.5,36.7,85.1,Low
INIT-0036,Diagnostics Initiative 11,Medical,Diagnostics,North America,PMM_12,High,Mature,2024Q4,Month2,206745.78,205394.11,95,100.0,3,56.9,41.5,104.9,Low
INIT-0036,Diagnostics Initiative 11,Medical,Diagnostics,North America,PMM_12,High,Mature,2024Q4,Month3,210371.44,212548.48,95,97.6,9,81.2,39.5,102.6,Low
INIT-0036,Diagnostics Initiative 11,Medical,Diagnostics,North America,PMM_12,High,Mature,2025Q1,Month1,211858.74,210919.56,95,97.8,1,75.1,40.8,101.9,Low
INIT-0036,Diagnostics Initiative 11,Medical,Diagnostics,North America,PMM_12,High,Mature,2025Q1,Month2,214293.77,220637.84,95,99.9,3,78.0,44.1,89.0,Low
INIT-0036,Diagnostics Initiative 11,Medical,Diagnostics,North America,PMM_12,High,Mature,2025Q1,Month3,215774.52,213618.88,95,97.2,8,70.8,44.4,96.2,Low
INIT-0036,Diagnostics Initiative 11,Medical,Diagnostics,North America,PMM_12,High,Mature,2025Q2,Month1,217992.62,220574.02,95,98.5,7,86.6,43.4,107.7,Low
INIT-0036,Diagnostics Initiative 11,Medical,Diagnostics,North America,PMM_12,High,Mature,2025Q2,Month2,214123.27,210207.86,95,98.7,7,64.8,39.1,79.0,Low
INIT-0036,Diagnostics Initiative 11,Medical,Diagnostics,North America,PMM_12,High,Mature,2025Q2,Month3,227305.32,223273.34,95,97.1,11,67.0,38.5,93.1,Low
INIT-0036,Diagnostics Initiative 11,Medical,Diagnostics,North America,PMM_12,High,Mature,2025Q3,Month1,216517.04,224301.3,95,96.9,10,91.8,44.3,103.3,Low
INIT-0036,Diagnostics Initiative 11,Medical,Diagnostics,North America,PMM_12,High,Mature,2025Q3,Month2,231719.99,236472.05,95,98.9,11,69.7,42.5,106.0,Low
INIT-0036,Diagnostics Initiative 11,Medical,Diagnostics,North America,PMM_12,High,Mature,2025Q3,Month3,218015.88,214281.34,95,97.5,6,73.2,45.5,98.1,Low
INIT-0036,Diagnostics Initiative 11,Medical,Diagnostics,North America,PMM_12,High,Mature,2025Q4,Month1,222106.94,229851.03,95,99.9,0,69.3,43.3,96.5,Low
INIT-0036,Diagnostics Initiative 11,Medical,Diagnostics,North America,PMM_12,High,Mature,2025Q4,Month2,238286.1,237749.81,95,100.1,10,77.0,45.7,92.9,Low
INIT-0036,Diagnostics Initiative 11,Medical,Diagnostics,North America,PMM_12,High,Mature,2025Q4,Month3,219227.48,220604.67,95,100.5,10,74.3,38.5,93.8,Low
INIT-0037,Diagnostics Initiative 12,Medical,Diagnostics,North America,PMM_18,Medium,Launch,2024Q1,Month1,192641.1,181870.84,95,84.2,53,64.5,42.4,82.5,Medium
INIT-0037,Diagnostics Initiative 12,Medical,Diagnostics,North America,PMM_18,Medium,Launch,2024Q1,Month2,196064.64,174045.23,95,90.6,55,49.0,42.5,99.6,Medium
INIT-0037,Diagnostics Initiative 12,Medical,Diagnostics,North America,PMM_18,Medium,Launch,2024Q1,Month3,197134.12,181419.68,95,92.4,31,77.0,40.9,92.9,Medium
INIT-0037,Diagnostics Initiative 12,Medical,Diagnostics,North America,PMM_18,Medium,Launch,2024Q2,Month1,209914.86,173054.32,95,87.5,44,50.8,41.1,101.4,Medium
INIT-0037,Diagnostics Initiative 12,Medical,Diagnostics,North America,PMM_18,Medium,Launch,2024Q2,Month2,215467.34,203314.36,95,85.2,66,81.4,43.8,92.4,Medium
INIT-0037,Diagnostics Initiative 12,Medical,Diagnostics,North America,PMM_18,Medium,Launch,2024Q2,Month3,212319.23,188941.61,95,88.2,48,62.2,43.2,83.1,Medium
INIT-0037,Diagnostics Initiative 12,Medical,Diagnostics,North America,PMM_18,Medium,Launch,2024Q3,Month1,231275.39,197956.15,95,91.5,50,56.8,43.4,105.7,Medium
INIT-0037,Diagnostics Initiative 12,Medical,Diagnostics,North America,PMM_18,Medium,Launch,2024Q3,Month2,226095.18,188562.91,95,85.6,52,47.3,47.4,96.5,Medium
INIT-0037,Diagnostics Initiative 12,Medical,Diagnostics,North America,PMM_18,Medium,Launch,2024Q3,Month3,236472.22,209782.24,95,86.3,23,52.3,40.1,78.4,Medium
INIT-0037,Diagnostics Initiative 12,Medical,Diagnostics,North America,PMM_18,Medium,Launch,2024Q4,Month1,238187.48,226069.24,95,84.7,25,50.2,42.1,94.4,Medium
INIT-0037,Diagnostics Initiative 12,Medical,Diagnostics,North America,PMM_18,Medium,Launch,2024Q4,Month2,260010.77,233849.68,95,84.0,41,53.9,40.1,89.4,Medium
INIT-0037,Diagnostics Initiative 12,Medical,Diagnostics,North America,PMM_18,Medium,Launch,2024Q4,Month3,256911.4,210695.75,95,85.7,30,73.3,42.7,86.3,Medium
INIT-0037,Diagnostics Initiative 12,Medical,Diagnostics,North America,PMM_18,Medium,Launch,2025Q1,Month1,267871.66,225749.43,95,90.8,33,57.8,41.0,87.2,Medium
INIT-0037,Diagnostics Initiative 12,Medical,Diagnostics,North America,PMM_18,Medium,Launch,2025Q1,Month2,262493.66,221061.56,95,93.7,55,54.3,41.4,83.8,Medium
INIT-0037,Diagnostics Initiative 12,Medical,Diagnostics,North America,PMM_18,Medium,Launch,2025Q1,Month3,268935.41,256724.01,95,91.6,41,52.1,42.1,93.2,Medium
INIT-0037,Diagnostics Initiative 12,Medical,Diagnostics,North America,PMM_18,Medium,Launch,2025Q2,Month1,316995.4,272475.21,95,93.9,69,47.1,42.9,87.6,Medium
INIT-0037,Diagnostics Initiative 12,Medical,Diagnostics,North America,PMM_18,Medium,Launch,2025Q2,Month2,305901.52,263624.93,95,91.7,20,62.5,39.6,102.7,Medium
INIT-0037,Diagnostics Initiative 12,Medical,Diagnostics,North America,PMM_18,Medium,Launch,2025Q2,Month3,303866.81,250482.1,95,94.1,25,62.0,35.6,90.8,Medium
INIT-0037,Diagnostics Initiative 12,Medical,Diagnostics,North America,PMM_18,Medium,Launch,2025Q3,Month1,322544.44,276389.87,95,90.3,38,61.6,42.5,88.5,Medium
INIT-0037,Diagnostics Initiative 12,Medical,Diagnostics,North America,PMM_18,Medium,Launch,2025Q3,Month2,350700.97,300510.85,95,90.0,42,51.3,39.8,89.2,Medium
INIT-0037,Diagnostics Initiative 12,Medical,Diagnostics,North America,PMM_18,Medium,Launch,2025Q3,Month3,325341.71,289848.19,95,91.7,49,50.2,37.6,88.9,Medium
INIT-0037,Diagnostics Initiative 12,Medical,Diagnostics,North America,PMM_18,Medium,Launch,2025Q4,Month1,359837.97,342448.88,95,90.3,21,78.8,36.2,99.1,Low
INIT-0037,Diagnostics Initiative 12,Medical,Diagnostics,North America,PMM_18,Medium,Launch,2025Q4,Month2,360517.95,323724.4,95,88.3,61,34.7,38.4,84.1,Medium
INIT-0037,Diagnostics Initiative 12,Medical,Diagnostics,North America,PMM_18,Medium,Launch,2025Q4,Month3,376296.77,332568.27,95,83.8,66,52.5,39.2,104.2,Medium
INIT-0038,Sterile Sets Initiative 13,Medical,Sterile Sets,EMEA,PMM_03,Medium,Launch,2024Q1,Month1,214815.54,177150.91,95,91.2,35,42.2,44.2,92.4,Medium
INIT-0038,Sterile Sets Initiative 13,Medical,Sterile Sets,EMEA,PMM_03,Medium,Launch,2024Q1,Month2,204636.03,186751.39,95,88.3,32,67.6,41.3,99.7,Medium
INIT-0038,Sterile Sets Initiative 13,Medical,Sterile Sets,EMEA,PMM_03,Medium,Launch,2024Q1,Month3,207920.31,182204.41,95,82.2,63,43.5,40.6,94.3,Medium
INIT-0038,Sterile Sets Initiative 13,Medical,Sterile Sets,EMEA,PMM_03,Medium,Launch,2024Q2,Month1,228849.33,217778.78,95,90.5,26,54.6,42.3,99.8,Low
INIT-0038,Sterile Sets Initiative 13,Medical,Sterile Sets,EMEA,PMM_03,Medium,Launch,2024Q2,Month2,227577.96,207235.02,95,89.2,41,76.6,36.4,88.0,Medium
INIT-0038,Sterile Sets Initiative 13,Medical,Sterile Sets,EMEA,PMM_03,Medium,Launch,2024Q2,Month3,224190.17,201764.41,95,85.5,67,60.6,40.4,98.4,Medium
INIT-0038,Sterile Sets Initiative 13,Medical,Sterile Sets,EMEA,PMM_03,Medium,Launch,2024Q3,Month1,243435.24,223680.02,95,87.3,58,38.0,41.8,93.5,Medium
INIT-0038,Sterile Sets Initiative 13,Medical,Sterile Sets,EMEA,PMM_03,Medium,Launch,2024Q3,Month2,231829.94,205635.54,95,85.0,32,64.6,41.7,90.3,Medium
INIT-0038,Sterile Sets Initiative 13,Medical,Sterile Sets,EMEA,PMM_03,Medium,Launch,2024Q3,Month3,233526.85,207584.42,95,90.9,47,52.8,44.9,86.9,Medium
INIT-0038,Sterile Sets Initiative 13,Medical,Sterile Sets,EMEA,PMM_03,Medium,Launch,2024Q4,Month1,243491.3,215780.92,95,89.5,42,55.5,39.6,94.3,Medium
INIT-0038,Sterile Sets Initiative 13,Medical,Sterile Sets,EMEA,PMM_03,Medium,Launch,2024Q4,Month2,248274.89,214569.25,95,92.7,39,65.3,37.7,94.1,Medium
INIT-0038,Sterile Sets Initiative 13,Medical,Sterile Sets,EMEA,PMM_03,Medium,Launch,2024Q4,Month3,239749.29,222414.24,95,83.0,55,46.8,36.9,100.1,Medium
INIT-0038,Sterile Sets Initiative 13,Medical,Sterile Sets,EMEA,PMM_03,Medium,Launch,2025Q1,Month1,255953.84,245651.99,95,87.6,48,74.6,44.5,88.4,Medium
INIT-0038,Sterile Sets Initiative 13,Medical,Sterile Sets,EMEA,PMM_03,Medium,Launch,2025Q1,Month2,276769.07,255192.67,95,92.7,63,51.3,41.5,94.5,Medium
INIT-0038,Sterile Sets Initiative 13,Medical,Sterile Sets,EMEA,PMM_03,Medium,Launch,2025Q1,Month3,277988.2,254932.32,95,82.7,34,60.7,43.5,95.8,Medium
INIT-0038,Sterile Sets Initiative 13,Medical,Sterile Sets,EMEA,PMM_03,Medium,Launch,2025Q2,Month1,296823.92,244682.61,95,91.9,63,69.6,44.7,90.5,Medium
INIT-0038,Sterile Sets Initiative 13,Medical,Sterile Sets,EMEA,PMM_03,Medium,Launch,2025Q2,Month2,296845.08,244199.56,95,89.0,49,44.4,36.7,95.7,Medium
INIT-0038,Sterile Sets Initiative 13,Medical,Sterile Sets,EMEA,PMM_03,Medium,Launch,2025Q2,Month3,290363.94,255930.86,95,86.9,51,67.2,44.0,97.3,Medium
INIT-0038,Sterile Sets Initiative 13,Medical,Sterile Sets,EMEA,PMM_03,Medium,Launch,2025Q3,Month1,313885.04,287569.33,95,91.2,60,57.0,44.3,96.3,Medium
INIT-0038,Sterile Sets Initiative 13,Medical,Sterile Sets,EMEA,PMM_03,Medium,Launch,2025Q3,Month2,308859.27,292545.71,95,84.9,42,55.7,42.9,87.6,Medium
INIT-0038,Sterile Sets Initiative 13,Medical,Sterile Sets,EMEA,PMM_03,Medium,Launch,2025Q3,Month3,310685.65,259196.76,95,83.1,45,48.5,41.6,88.7,Medium
INIT-0038,Sterile Sets Initiative 13,Medical,Sterile Sets,EMEA,PMM_03,Medium,Launch,2025Q4,Month1,344203.79,314874.3,95,86.4,63,56.6,41.5,104.4,Medium
INIT-0038,Sterile Sets Initiative 13,Medical,Sterile Sets,EMEA,PMM_03,Medium,Launch,2025Q4,Month2,336705.75,285818.6,95,87.0,40,47.1,38.4,82.8,Medium
INIT-0038,Sterile Sets Initiative 13,Medical,Sterile Sets,EMEA,PMM_03,Medium,Launch,2025Q4,Month3,340946.06,290441.23,95,84.3,39,77.6,46.2,92.9,Medium
INIT-0039,Sterile Sets Initiative 14,Medical,Sterile Sets,North America,PMM_14,Medium,Growth,2024Q1,Month1,288818.73,275916.38,95,94.8,33,68.7,41.7,90.9,Low
INIT-0039,Sterile Sets Initiative 14,Medical,Sterile Sets,North America,PMM_14,Medium,Growth,2024Q1,Month2,316256.44,332257.15,95,95.9,20,76.3,43.5,83.2,Low
INIT-0039,Sterile Sets Initiative 14,Medical,Sterile Sets,North America,PMM_14,Medium,Growth,2024Q1,Month3,297133.54,292208.67,95,97.9,11,77.9,41.0,87.2,Low
INIT-0039,Sterile Sets Initiative 14,Medical,Sterile Sets,North America,PMM_14,Medium,Growth,2024Q2,Month1,346916.98,332690.84,95,93.9,33,58.4,43.3,78.1,Low
INIT-0039,Sterile Sets Initiative 14,Medical,Sterile Sets,North America,PMM_14,Medium,Growth,2024Q2,Month2,357211.34,361922.06,95,94.7,17,74.3,40.6,94.5,Low
INIT-0039,Sterile Sets Initiative 14,Medical,Sterile Sets,North America,PMM_14,Medium,Growth,2024Q2,Month3,354778.05,339439.56,95,98.5,13,71.2,41.5,100.8,Low
INIT-0039,Sterile Sets Initiative 14,Medical,Sterile Sets,North America,PMM_14,Medium,Growth,2024Q3,Month1,422824.52,406247.7,95,94.5,10,98.6,37.7,87.9,Low
INIT-0039,Sterile Sets Initiative 14,Medical,Sterile Sets,North America,PMM_14,Medium,Growth,2024Q3,Month2,415765.11,418105.42,95,95.0,26,76.7,46.4,100.1,Low
INIT-0039,Sterile Sets Initiative 14,Medical,Sterile Sets,North America,PMM_14,Medium,Growth,2024Q3,Month3,388492.02,402569.85,95,96.6,17,87.7,39.2,86.7,Low
INIT-0039,Sterile Sets Initiative 14,Medical,Sterile Sets,North America,PMM_14,Medium,Growth,2024Q4,Month1,455216.61,490743.33,95,94.9,18,72.8,39.8,89.5,Low
INIT-0039,Sterile Sets Initiative 14,Medical,Sterile Sets,North America,PMM_14,Medium,Growth,2024Q4,Month2,453929.43,445018.42,95,97.5,11,81.6,42.2,103.9,Low
INIT-0039,Sterile Sets Initiative 14,Medical,Sterile Sets,North America,PMM_14,Medium,Growth,2024Q4,Month3,444687.02,462396.1,95,93.9,16,67.7,41.3,100.0,Low
INIT-0039,Sterile Sets Initiative 14,Medical,Sterile Sets,North America,PMM_14,Medium,Growth,2025Q1,Month1,506954.11,483069.66,95,94.8,12,75.7,43.6,93.8,Low
INIT-0039,Sterile Sets Initiative 14,Medical,Sterile Sets,North America,PMM_14,Medium,Growth,2025Q1,Month2,548823.4,528916.37,95,92.3,23,61.5,45.3,92.0,Low
INIT-0039,Sterile Sets Initiative 14,Medical,Sterile Sets,North America,PMM_14,Medium,Growth,2025Q1,Month3,511737.95,550201.21,95,95.4,34,71.7,34.1,80.1,Low
INIT-0039,Sterile Sets Initiative 14,Medical,Sterile Sets,North America,PMM_14,Medium,Growth,2025Q2,Month1,605966.2,624457.42,95,94.5,34,64.6,40.1,86.2,Low
INIT-0039,Sterile Sets Initiative 14,Medical,Sterile Sets,North America,PMM_14,Medium,Growth,2025Q2,Month2,604408.18,592731.64,95,98.0,8,70.3,40.6,74.0,Low
INIT-0039,Sterile Sets Initiative 14,Medical,Sterile Sets,North America,PMM_14,Medium,Growth,2025Q2,Month3,617142.09,595932.54,95,93.6,12,81.4,45.7,86.2,Low
INIT-0039,Sterile Sets Initiative 14,Medical,Sterile Sets,North America,PMM_14,Medium,Growth,2025Q3,Month1,700544.44,665776.05,95,95.9,13,75.8,39.2,89.2,Low
INIT-0039,Sterile Sets Initiative 14,Medical,Sterile Sets,North America,PMM_14,Medium,Growth,2025Q3,Month2,718272.4,697080.44,95,94.0,14,92.9,35.8,99.9,Low
INIT-0039,Sterile Sets Initiative 14,Medical,Sterile Sets,North America,PMM_14,Medium,Growth,2025Q3,Month3,688000.09,741130.92,95,95.5,33,73.0,40.0,84.0,Low
INIT-0039,Sterile Sets Initiative 14,Medical,Sterile Sets,North America,PMM_14,Medium,Growth,2025Q4,Month1,832333.02,847538.34,95,96.1,34,73.2,46.2,90.2,Low
INIT-0039,Sterile Sets Initiative 14,Medical,Sterile Sets,North America,PMM_14,Medium,Growth,2025Q4,Month2,801740.68,834897.46,95,92.4,28,67.7,43.1,100.0,Low
INIT-0039,Sterile Sets Initiative 14,Medical,Sterile Sets,North America,PMM_14,Medium,Growth,2025Q4,Month3,756768.89,786254.66,95,93.9,29,89.8,41.2,92.8,Low
INIT-0040,Diagnostics Initiative 15,Medical,Diagnostics,APAC,PMM_18,High,Launch,2024Q1,Month1,305390.97,284348.07,95,81.4,39,64.3,41.8,91.7,Medium
INIT-0040,Diagnostics Initiative 15,Medical,Diagnostics,APAC,PMM_18,High,Launch,2024Q1,Month2,318514.16,288449.38,95,87.5,67,54.1,41.9,102.9,Medium
INIT-0040,Diagnostics Initiative 15,Medical,Diagnostics,APAC,PMM_18,High,Launch,2024Q1,Month3,303911.37,280786.19,95,90.7,62,58.1,38.9,87.7,Medium
INIT-0040,Diagnostics Initiative 15,Medical,Diagnostics,APAC,PMM_18,High,Launch,2024Q2,Month1,338373.87,283509.78,95,88.6,44,48.7,41.6,99.4,Medium
INIT-0040,Diagnostics Initiative 15,Medical,Diagnostics,APAC,PMM_18,High,Launch,2024Q2,Month2,328908.22,278424.27,95,88.4,57,52.8,42.2,95.9,Medium
INIT-0040,Diagnostics Initiative 15,Medical,Diagnostics,APAC,PMM_18,High,Launch,2024Q2,Month3,323019.16,270514.87,95,88.4,71,60.5,40.5,83.8,High
INIT-0040,Diagnostics Initiative 15,Medical,Diagnostics,APAC,PMM_18,High,Launch,2024Q3,Month1,356029.19,323841.98,95,85.0,51,39.2,39.5,95.1,Medium
INIT-0040,Diagnostics Initiative 15,Medical,Diagnostics,APAC,PMM_18,High,Launch,2024Q3,Month2,368452.07,311655.62,95,86.0,70,60.8,39.9,91.2,High
INIT-0040,Diagnostics Initiative 15,Medical,Diagnostics,APAC,PMM_18,High,Launch,2024Q3,Month3,367297.49,329909.22,95,81.5,75,61.9,46.2,89.6,High
INIT-0040,Diagnostics Initiative 15,Medical,Diagnostics,APAC,PMM_18,High,Launch,2024Q4,Month1,389304.57,337506.57,95,89.8,39,68.5,42.7,102.3,Medium
INIT-0040,Diagnostics Initiative 15,Medical,Diagnostics,APAC,PMM_18,High,Launch,2024Q4,Month2,378259.06,350047.77,95,86.1,62,76.4,40.6,93.3,Medium
INIT-0040,Diagnostics Initiative 15,Medical,Diagnostics,APAC,PMM_18,High,Launch,2024Q4,Month3,378943.54,358064.29,95,83.4,72,66.6,46.4,99.2,Medium
INIT-0040,Diagnostics Initiative 15,Medical,Diagnostics,APAC,PMM_18,High,Launch,2025Q1,Month1,445776.02,372594.74,95,89.5,31,64.0,46.8,76.6,Medium
INIT-0040,Diagnostics Initiative 15,Medical,Diagnostics,APAC,PMM_18,High,Launch,2025Q1,Month2,417069.32,375600.18,95,83.4,55,78.6,44.6,78.1,Medium
INIT-0040,Diagnostics Initiative 15,Medical,Diagnostics,APAC,PMM_18,High,Launch,2025Q1,Month3,407399.09,362101.2,95,89.2,63,36.4,45.1,98.8,Medium
INIT-0040,Diagnostics Initiative 15,Medical,Diagnostics,APAC,PMM_18,High,Launch,2025Q2,Month1,447900.5,389624.76,95,88.6,53,48.8,39.9,91.0,Medium
INIT-0040,Diagnostics Initiative 15,Medical,Diagnostics,APAC,PMM_18,High,Launch,2025Q2,Month2,433509.63,414994.76,95,85.9,30,58.7,46.4,87.3,Medium
INIT-0040,Diagnostics Initiative 15,Medical,Diagnostics,APAC,PMM_18,High,Launch,2025Q2,Month3,459527.01,435219.03,95,83.5,61,59.4,39.9,89.2,Medium
INIT-0040,Diagnostics Initiative 15,Medical,Diagnostics,APAC,PMM_18,High,Launch,2025Q3,Month1,497409.7,411097.25,95,80.7,43,51.0,41.9,83.2,Medium
INIT-0040,Diagnostics Initiative 15,Medical,Diagnostics,APAC,PMM_18,High,Launch,2025Q3,Month2,495453.55,443931.18,95,82.9,74,73.0,43.9,106.5,High
INIT-0040,Diagnostics Initiative 15,Medical,Diagnostics,APAC,PMM_18,High,Launch,2025Q3,Month3,525302.98,451227.45,95,81.0,47,58.8,42.6,93.8,Medium
INIT-0040,Diagnostics Initiative 15,Medical,Diagnostics,APAC,PMM_18,High,Launch,2025Q4,Month1,556218.58,531025.23,95,82.7,60,58.8,40.8,79.3,Medium
INIT-0040,Diagnostics Initiative 15,Medical,Diagnostics,APAC,PMM_18,High,Launch,2025Q4,Month2,538838.78,449057.69,95,84.1,31,64.4,45.5,104.0,Medium
INIT-0040,Diagnostics Initiative 15,Medical,Diagnostics,APAC,PMM_18,High,Launch,2025Q4,Month3,519235.9,443796.4,95,84.5,77,56.2,41.8,91.8,High
INIT-0041,IV Filters Initiative 16,Medical,IV Filters,North America,PMM_05,High,Decline,2024Q1,Month1,117942.31,97641.47,95,95.4,44,78.2,42.4,87.9,Medium
INIT-0041,IV Filters Initiative 16,Medical,IV Filters,North America,PMM_05,High,Decline,2024Q1,Month2,112564.75,105703.73,95,89.3,36,68.7,45.0,97.4,Medium
INIT-0041,IV Filters Initiative 16,Medical,IV Filters,North America,PMM_05,High,Decline,2024Q1,Month3,109069.74,91966.53,95,89.0,38,91.1,44.8,83.1,Medium
INIT-0041,IV Filters Initiative 16,Medical,IV Filters,North America,PMM_05,High,Decline,2024Q2,Month1,110987.58,94724.74,95,94.1,34,89.6,46.4,91.6,Medium
INIT-0041,IV Filters Initiative 16,Medical,IV Filters,North America,PMM_05,High,Decline,2024Q2,Month2,107860.9,86652.82,95,87.1,24,84.8,45.2,97.8,Medium
INIT-0041,IV Filters Initiative 16,Medical,IV Filters,North America,PMM_05,High,Decline,2024Q2,Month3,101032.09,89569.5,95,90.7,23,80.4,40.3,85.3,Medium
INIT-0041,IV Filters Initiative 16,Medical,IV Filters,North America,PMM_05,High,Decline,2024Q3,Month1,106024.24,95541.5,95,92.7,34,67.4,47.0,103.3,Medium
INIT-0041,IV Filters Initiative 16,Medical,IV Filters,North America,PMM_05,High,Decline,2024Q3,Month2,102289.93,96705.33,95,90.4,26,78.6,40.3,90.5,Low
INIT-0041,IV Filters Initiative 16,Medical,IV Filters,North America,PMM_05,High,Decline,2024Q3,Month3,100149.63,81127.62,95,95.3,30,84.1,43.5,98.5,Medium
INIT-0041,IV Filters Initiative 16,Medical,IV Filters,North America,PMM_05,High,Decline,2024Q4,Month1,98745.36,83655.81,95,94.1,19,81.3,41.8,96.8,Medium
INIT-0041,IV Filters Initiative 16,Medical,IV Filters,North America,PMM_05,High,Decline,2024Q4,Month2,95133.38,88394.08,95,87.4,28,68.5,43.6,88.0,Medium
INIT-0041,IV Filters Initiative 16,Medical,IV Filters,North America,PMM_05,High,Decline,2024Q4,Month3,96070.14,78382.41,95,92.4,23,76.2,40.9,94.4,Medium
INIT-0041,IV Filters Initiative 16,Medical,IV Filters,North America,PMM_05,High,Decline,2025Q1,Month1,97787.79,90659.38,95,90.4,17,86.2,41.4,94.4,Low
INIT-0041,IV Filters Initiative 16,Medical,IV Filters,North America,PMM_05,High,Decline,2025Q1,Month2,95243.77,81948.39,95,88.6,36,94.7,47.0,91.8,Medium
INIT-0041,IV Filters Initiative 16,Medical,IV Filters,North America,PMM_05,High,Decline,2025Q1,Month3,98032.09,84425.54,95,94.4,39,85.3,38.1,90.3,Medium
INIT-0041,IV Filters Initiative 16,Medical,IV Filters,North America,PMM_05,High,Decline,2025Q2,Month1,96997.67,83337.75,95,87.9,44,87.9,42.2,105.0,Medium
INIT-0041,IV Filters Initiative 16,Medical,IV Filters,North America,PMM_05,High,Decline,2025Q2,Month2,93770.28,77548.02,95,87.2,42,62.8,44.1,88.6,Medium
INIT-0041,IV Filters Initiative 16,Medical,IV Filters,North America,PMM_05,High,Decline,2025Q2,Month3,94165.26,87968.22,95,92.4,36,85.1,43.9,92.6,Medium
INIT-0041,IV Filters Initiative 16,Medical,IV Filters,North America,PMM_05,High,Decline,2025Q3,Month1,91243.1,78811.26,95,89.1,38,80.6,36.9,75.4,Medium
INIT-0041,IV Filters Initiative 16,Medical,IV Filters,North America,PMM_05,High,Decline,2025Q3,Month2,84251.1,75630.23,95,93.1,26,60.4,42.0,96.6,Medium
INIT-0041,IV Filters Initiative 16,Medical,IV Filters,North America,PMM_05,High,Decline,2025Q3,Month3,84435.23,74351.58,95,89.8,18,58.4,37.6,92.0,Medium
INIT-0041,IV Filters Initiative 16,Medical,IV Filters,North America,PMM_05,High,Decline,2025Q4,Month1,84214.38,75629.96,95,91.9,29,72.6,50.9,98.4,Medium
INIT-0041,IV Filters Initiative 16,Medical,IV Filters,North America,PMM_05,High,Decline,2025Q4,Month2,79822.5,70969.48,95,87.3,24,86.3,41.4,89.9,Medium
INIT-0041,IV Filters Initiative 16,Medical,IV Filters,North America,PMM_05,High,Decline,2025Q4,Month3,85283.78,69339.21,95,89.6,36,87.3,41.1,81.6,Medium
INIT-0042,IV Filters Initiative 17,Medical,IV Filters,North America,PMM_10,High,Growth,2024Q1,Month1,131621.29,139214.41,95,94.2,16,70.1,39.4,105.5,Low
INIT-0042,IV Filters Initiative 17,Medical,IV Filters,North America,PMM_10,High,Growth,2024Q1,Month2,132783.3,137152.05,95,91.7,15,78.3,44.4,96.2,Low
INIT-0042,IV Filters Initiative 17,Medical,IV Filters,North America,PMM_10,High,Growth,2024Q1,Month3,135962.47,138451.42,95,97.5,14,77.9,45.1,100.8,Low
INIT-0042,IV Filters Initiative 17,Medical,IV Filters,North America,PMM_10,High,Growth,2024Q2,Month1,148414.7,153021.61,95,97.6,19,69.9,43.9,82.9,Low
INIT-0042,IV Filters Initiative 17,Medical,IV Filters,North America,PMM_10,High,Growth,2024Q2,Month2,148957.24,146390.57,95,92.3,17,79.9,41.9,86.2,Low
INIT-0042,IV Filters Initiative 17,Medical,IV Filters,North America,PMM_10,High,Growth,2024Q2,Month3,143931.5,144570.37,95,95.3,10,76.1,42.1,86.6,Low
INIT-0042,IV Filters Initiative 17,Medical,IV Filters,North America,PMM_10,High,Growth,2024Q3,Month1,166599.42,178445.22,95,92.3,10,70.3,43.9,96.7,Low
INIT-0042,IV Filters Initiative 17,Medical,IV Filters,North America,PMM_10,High,Growth,2024Q3,Month2,170254.72,168992.04,95,92.3,13,82.9,40.8,91.9,Low
INIT-0042,IV Filters Initiative 17,Medical,IV Filters,North America,PMM_10,High,Growth,2024Q3,Month3,175608.62,172511.02,95,95.0,32,80.7,37.0,87.6,Low
INIT-0042,IV Filters Initiative 17,Medical,IV Filters,North America,PMM_10,High,Growth,2024Q4,Month1,203042.17,198977.88,95,94.0,12,77.9,39.3,88.7,Low
INIT-0042,IV Filters Initiative 17,Medical,IV Filters,North America,PMM_10,High,Growth,2024Q4,Month2,206088.24,207460.84,95,93.3,20,77.2,41.8,94.1,Low
INIT-0042,IV Filters Initiative 17,Medical,IV Filters,North America,PMM_10,High,Growth,2024Q4,Month3,199150.91,197568.33,95,94.9,27,77.1,30.9,92.6,Low
INIT-0042,IV Filters Initiative 17,Medical,IV Filters,North America,PMM_10,High,Growth,2025Q1,Month1,230038.86,232914.85,95,95.4,13,86.8,43.4,103.6,Low
INIT-0042,IV Filters Initiative 17,Medical,IV Filters,North America,PMM_10,High,Growth,2025Q1,Month2,213817.08,219952.5,95,91.5,20,73.4,42.3,88.8,Low
INIT-0042,IV Filters Initiative 17,Medical,IV Filters,North America,PMM_10,High,Growth,2025Q1,Month3,219504.78,218723.66,95,92.0,22,71.6,41.3,100.1,Low
INIT-0042,IV Filters Initiative 17,Medical,IV Filters,North America,PMM_10,High,Growth,2025Q2,Month1,252319.09,253174.72,95,93.4,26,64.7,44.1,92.1,Low
INIT-0042,IV Filters Initiative 17,Medical,IV Filters,North America,PMM_10,High,Growth,2025Q2,Month2,243401.88,256490.94,95,95.2,28,64.6,39.0,90.5,Low
INIT-0042,IV Filters Initiative 17,Medical,IV Filters,North America,PMM_10,High,Growth,2025Q2,Month3,244442.3,261872.19,95,92.4,12,78.2,40.3,91.4,Low
INIT-0042,IV Filters Initiative 17,Medical,IV Filters,North America,PMM_10,High,Growth,2025Q3,Month1,299852.28,320732.62,95,91.4,16,69.4,42.7,79.5,Low
INIT-0042,IV Filters Initiative 17,Medical,IV Filters,North America,PMM_10,High,Growth,2025Q3,Month2,310837.57,324535.94,95,97.2,21,75.3,41.3,80.8,Low
INIT-0042,IV Filters Initiative 17,Medical,IV Filters,North America,PMM_10,High,Growth,2025Q3,Month3,306515.32,300125.57,95,95.1,20,79.2,44.5,95.2,Low
INIT-0042,IV Filters Initiative 17,Medical,IV Filters,North America,PMM_10,High,Growth,2025Q4,Month1,342754.94,345352.62,95,96.3,20,73.3,45.0,87.4,Low
INIT-0042,IV Filters Initiative 17,Medical,IV Filters,North America,PMM_10,High,Growth,2025Q4,Month2,361192.16,363268.68,95,96.2,19,74.0,38.4,94.5,Low
INIT-0042,IV Filters Initiative 17,Medical,IV Filters,North America,PMM_10,High,Growth,2025Q4,Month3,347314.5,332291.3,95,96.1,16,75.0,36.0,94.5,Low
INIT-0043,Sterile Sets Initiative 18,Medical,Sterile Sets,APAC,PMM_04,Medium,Mature,2024Q1,Month1,234750.56,236085.68,95,94.7,20,74.9,43.2,91.7,Low
INIT-0043,Sterile Sets Initiative 18,Medical,Sterile Sets,APAC,PMM_04,Medium,Mature,2024Q1,Month2,232093.56,237686.78,95,97.2,13,69.5,45.4,95.2,Low
INIT-0043,Sterile Sets Initiative 18,Medical,Sterile Sets,APAC,PMM_04,Medium,Mature,2024Q1,Month3,223829.2,227308.95,95,96.1,19,77.4,42.8,87.1,Low
INIT-0043,Sterile Sets Initiative 18,Medical,Sterile Sets,APAC,PMM_04,Medium,Mature,2024Q2,Month1,241393.18,237476.23,95,95.8,19,72.9,40.8,76.6,Low
INIT-0043,Sterile Sets Initiative 18,Medical,Sterile Sets,APAC,PMM_04,Medium,Mature,2024Q2,Month2,236154.85,242910.65,95,97.0,16,60.9,43.3,82.7,Low
INIT-0043,Sterile Sets Initiative 18,Medical,Sterile Sets,APAC,PMM_04,Medium,Mature,2024Q2,Month3,245033.19,240523.64,95,95.4,13,74.4,45.2,94.6,Low
INIT-0043,Sterile Sets Initiative 18,Medical,Sterile Sets,APAC,PMM_04,Medium,Mature,2024Q3,Month1,240583.7,249544.39,95,94.5,22,93.4,43.8,86.3,Low
INIT-0043,Sterile Sets Initiative 18,Medical,Sterile Sets,APAC,PMM_04,Medium,Mature,2024Q3,Month2,230905.69,231745.88,95,96.0,8,79.2,45.1,102.9,Low
INIT-0043,Sterile Sets Initiative 18,Medical,Sterile Sets,APAC,PMM_04,Medium,Mature,2024Q3,Month3,244614.53,250872.57,95,94.2,22,75.4,42.1,84.5,Low
INIT-0043,Sterile Sets Initiative 18,Medical,Sterile Sets,APAC,PMM_04,Medium,Mature,2024Q4,Month1,259416.75,264226.12,95,95.4,8,92.8,42.4,76.9,Low
INIT-0043,Sterile Sets Initiative 18,Medical,Sterile Sets,APAC,PMM_04,Medium,Mature,2024Q4,Month2,243008.59,251736.65,95,97.8,12,86.3,38.7,93.5,Low
INIT-0043,Sterile Sets Initiative 18,Medical,Sterile Sets,APAC,PMM_04,Medium,Mature,2024Q4,Month3,252229.8,254723.79,95,94.1,19,89.4,41.8,98.2,Low
INIT-0043,Sterile Sets Initiative 18,Medical,Sterile Sets,APAC,PMM_04,Medium,Mature,2025Q1,Month1,269634.21,265920.4,95,93.2,10,88.2,38.6,89.9,Low
INIT-0043,Sterile Sets Initiative 18,Medical,Sterile Sets,APAC,PMM_04,Medium,Mature,2025Q1,Month2,259771.63,260529.51,95,92.8,18,80.0,39.3,89.5,Low
INIT-0043,Sterile Sets Initiative 18,Medical,Sterile Sets,APAC,PMM_04,Medium,Mature,2025Q1,Month3,247032.99,247486.04,95,95.1,22,53.8,43.4,105.7,Low
INIT-0043,Sterile Sets Initiative 18,Medical,Sterile Sets,APAC,PMM_04,Medium,Mature,2025Q2,Month1,279108.04,289871.63,95,93.7,10,84.5,41.6,108.9,Low
INIT-0043,Sterile Sets Initiative 18,Medical,Sterile Sets,APAC,PMM_04,Medium,Mature,2025Q2,Month2,266670.56,269605.05,95,95.1,23,83.2,41.5,83.9,Low
INIT-0043,Sterile Sets Initiative 18,Medical,Sterile Sets,APAC,PMM_04,Medium,Mature,2025Q2,Month3,268364.01,275473.77,95,96.8,19,88.5,42.1,78.6,Low
INIT-0043,Sterile Sets Initiative 18,Medical,Sterile Sets,APAC,PMM_04,Medium,Mature,2025Q3,Month1,254165.71,256928.9,95,96.2,20,83.1,44.4,87.1,Low
INIT-0043,Sterile Sets Initiative 18,Medical,Sterile Sets,APAC,PMM_04,Medium,Mature,2025Q3,Month2,275319.26,277574.32,95,95.3,11,78.3,47.0,88.7,Low
INIT-0043,Sterile Sets Initiative 18,Medical,Sterile Sets,APAC,PMM_04,Medium,Mature,2025Q3,Month3,267180.78,265458.23,95,96.7,20,87.8,42.8,90.9,Low
INIT-0043,Sterile Sets Initiative 18,Medical,Sterile Sets,APAC,PMM_04,Medium,Mature,2025Q4,Month1,284462.95,288611.65,95,95.8,8,67.8,40.4,83.2,Low
INIT-0043,Sterile Sets Initiative 18,Medical,Sterile Sets,APAC,PMM_04,Medium,Mature,2025Q4,Month2,287668.46,285758.04,95,95.8,16,71.8,44.1,93.0,Low
INIT-0043,Sterile Sets Initiative 18,Medical,Sterile Sets,APAC,PMM_04,Medium,Mature,2025Q4,Month3,277518.74,287583.2,95,94.8,16,73.6,45.0,90.5,Low
INIT-0044,IV Filters Initiative 19,Medical,IV Filters,APAC,PMM_11,Medium,Mature,2024Q1,Month1,246999.26,252125.68,95,95.4,20,97.8,43.9,90.3,Low
INIT-0044,IV Filters Initiative 19,Medical,IV Filters,APAC,PMM_11,Medium,Mature,2024Q1,Month2,256447.14,260487.95,95,94.6,23,57.8,40.2,104.4,Low
INIT-0044,IV Filters Initiative 19,Medical,IV Filters,APAC,PMM_11,Medium,Mature,2024Q1,Month3,249800.52,252960.7,95,95.3,6,89.2,43.4,80.9,Low
INIT-0044,IV Filters Initiative 19,Medical,IV Filters,APAC,PMM_11,Medium,Mature,2024Q2,Month1,253407.76,254448.67,95,95.1,24,88.3,41.4,96.1,Low
INIT-0044,IV Filters Initiative 19,Medical,IV Filters,APAC,PMM_11,Medium,Mature,2024Q2,Month2,253629.8,261552.41,95,95.4,21,68.0,39.2,90.5,Low
INIT-0044,IV Filters Initiative 19,Medical,IV Filters,APAC,PMM_11,Medium,Mature,2024Q2,Month3,253131.44,262264.19,95,94.1,9,74.5,39.2,90.2,Low
INIT-0044,IV Filters Initiative 19,Medical,IV Filters,APAC,PMM_11,Medium,Mature,2024Q3,Month1,274432.43,272679.67,95,95.0,15,82.4,43.2,94.0,Low
INIT-0044,IV Filters Initiative 19,Medical,IV Filters,APAC,PMM_11,Medium,Mature,2024Q3,Month2,281367.67,282716.04,95,96.5,11,73.8,42.1,100.6,Low
INIT-0044,IV Filters Initiative 19,Medical,IV Filters,APAC,PMM_11,Medium,Mature,2024Q3,Month3,266423.53,272076.28,95,93.9,9,81.3,37.3,102.0,Low
INIT-0044,IV Filters Initiative 19,Medical,IV Filters,APAC,PMM_11,Medium,Mature,2024Q4,Month1,270064.04,266728.74,95,93.8,19,95.1,36.8,93.9,Low
INIT-0044,IV Filters Initiative 19,Medical,IV Filters,APAC,PMM_11,Medium,Mature,2024Q4,Month2,282222.78,285397.71,95,97.5,24,80.3,40.9,88.3,Low
INIT-0044,IV Filters Initiative 19,Medical,IV Filters,APAC,PMM_11,Medium,Mature,2024Q4,Month3,274778.57,280658.25,95,94.0,16,81.9,45.2,100.4,Low
INIT-0044,IV Filters Initiative 19,Medical,IV Filters,APAC,PMM_11,Medium,Mature,2025Q1,Month1,288165.09,285849.06,95,94.3,17,93.7,39.9,89.7,Low
INIT-0044,IV Filters Initiative 19,Medical,IV Filters,APAC,PMM_11,Medium,Mature,2025Q1,Month2,285185.34,282374.4,95,96.5,18,81.9,44.5,86.0,Low
INIT-0044,IV Filters Initiative 19,Medical,IV Filters,APAC,PMM_11,Medium,Mature,2025Q1,Month3,274877.84,282751.23,95,94.7,14,70.7,40.6,83.9,Low
INIT-0044,IV Filters Initiative 19,Medical,IV Filters,APAC,PMM_11,Medium,Mature,2025Q2,Month1,287216.19,295439.47,95,94.9,12,66.8,40.7,92.3,Low
INIT-0044,IV Filters Initiative 19,Medical,IV Filters,APAC,PMM_11,Medium,Mature,2025Q2,Month2,270715.32,278706.64,95,93.8,18,82.3,45.0,86.4,Low
INIT-0044,IV Filters Initiative 19,Medical,IV Filters,APAC,PMM_11,Medium,Mature,2025Q2,Month3,286164.42,290290.68,95,95.4,11,100.0,42.7,94.4,Low
INIT-0044,IV Filters Initiative 19,Medical,IV Filters,APAC,PMM_11,Medium,Mature,2025Q3,Month1,284029.76,292775.63,95,94.9,16,83.5,40.0,100.4,Low
INIT-0044,IV Filters Initiative 19,Medical,IV Filters,APAC,PMM_11,Medium,Mature,2025Q3,Month2,292870.02,293160.46,95,94.3,9,77.8,39.3,93.0,Low
INIT-0044,IV Filters Initiative 19,Medical,IV Filters,APAC,PMM_11,Medium,Mature,2025Q3,Month3,304936.54,305348.43,95,95.1,18,80.7,44.7,81.8,Low
INIT-0044,IV Filters Initiative 19,Medical,IV Filters,APAC,PMM_11,Medium,Mature,2025Q4,Month1,317741.91,326823.12,95,93.9,10,75.1,39.6,104.0,Low
INIT-0044,IV Filters Initiative 19,Medical,IV Filters,APAC,PMM_11,Medium,Mature,2025Q4,Month2,300892.71,305530.63,95,95.6,14,82.7,47.9,95.7,Low
INIT-0044,IV Filters Initiative 19,Medical,IV Filters,APAC,PMM_11,Medium,Mature,2025Q4,Month3,296153.24,305864.43,95,96.7,16,84.1,44.5,89.3,Low
INIT-0045,IV Filters Initiative 20,Medical,IV Filters,North America,PMM_09,Low,Launch,2024Q1,Month1,296411.02,272491.13,95,91.7,57,49.0,44.2,83.8,Medium
INIT-0045,IV Filters Initiative 20,Medical,IV Filters,North America,PMM_09,Low,Launch,2024Q1,Month2,299742.31,282449.8,95,92.1,59,75.9,44.4,83.5,Medium
INIT-0045,IV Filters Initiative 20,Medical,IV Filters,North America,PMM_09,Low,Launch,2024Q1,Month3,293138.26,241583.06,95,92.4,55,50.0,42.4,93.3,Medium
INIT-0045,IV Filters Initiative 20,Medical,IV Filters,North America,PMM_09,Low,Launch,2024Q2,Month1,317451.03,292295.34,95,83.4,56,57.0,37.8,99.0,Medium
INIT-0045,IV Filters Initiative 20,Medical,IV Filters,North America,PMM_09,Low,Launch,2024Q2,Month2,331166.95,294197.75,95,88.5,23,43.7,45.1,77.6,Medium
INIT-0045,IV Filters Initiative 20,Medical,IV Filters,North America,PMM_09,Low,Launch,2024Q2,Month3,311901.72,279112.15,95,87.3,68,60.4,38.3,92.2,Medium
INIT-0045,IV Filters Initiative 20,Medical,IV Filters,North America,PMM_09,Low,Launch,2024Q3,Month1,360966.54,341301.09,95,84.7,48,49.8,43.2,96.2,Medium
INIT-0045,IV Filters Initiative 20,Medical,IV Filters,North America,PMM_09,Low,Launch,2024Q3,Month2,347635.57,322886.02,95,93.8,44,42.2,41.3,101.3,Medium
INIT-0045,IV Filters Initiative 20,Medical,IV Filters,North America,PMM_09,Low,Launch,2024Q3,Month3,363597.22,316182.12,95,92.5,58,72.3,44.0,90.0,Medium
INIT-0045,IV Filters Initiative 20,Medical,IV Filters,North America,PMM_09,Low,Launch,2024Q4,Month1,374862.84,327325.01,95,91.1,67,52.6,39.1,101.5,Medium
INIT-0045,IV Filters Initiative 20,Medical,IV Filters,North America,PMM_09,Low,Launch,2024Q4,Month2,372317.88,320052.78,95,88.1,59,48.9,41.4,99.8,Medium
INIT-0045,IV Filters Initiative 20,Medical,IV Filters,North America,PMM_09,Low,Launch,2024Q4,Month3,371793.91,340458.35,95,93.4,69,60.2,41.7,105.8,Medium
INIT-0045,IV Filters Initiative 20,Medical,IV Filters,North America,PMM_09,Low,Launch,2025Q1,Month1,436192.13,374922.66,95,93.9,23,66.4,39.2,98.8,Medium
INIT-0045,IV Filters Initiative 20,Medical,IV Filters,North America,PMM_09,Low,Launch,2025Q1,Month2,423294.66,363691.06,95,87.0,20,38.3,41.0,87.0,Medium
INIT-0045,IV Filters Initiative 20,Medical,IV Filters,North America,PMM_09,Low,Launch,2025Q1,Month3,421987.59,352313.87,95,91.5,54,77.7,42.2,100.4,Medium
INIT-0045,IV Filters Initiative 20,Medical,IV Filters,North America,PMM_09,Low,Launch,2025Q2,Month1,456324.21,405829.42,95,89.4,68,44.8,47.2,93.0,Medium
INIT-0045,IV Filters Initiative 20,Medical,IV Filters,North America,PMM_09,Low,Launch,2025Q2,Month2,444172.09,423300.3,95,93.0,56,48.4,42.4,99.3,Medium
INIT-0045,IV Filters Initiative 20,Medical,IV Filters,North America,PMM_09,Low,Launch,2025Q2,Month3,429239.33,395262.98,95,86.0,48,49.5,37.1,84.4,Medium
INIT-0045,IV Filters Initiative 20,Medical,IV Filters,North America,PMM_09,Low,Launch,2025Q3,Month1,501237.82,443342.79,95,91.2,45,53.1,43.8,89.8,Medium
INIT-0045,IV Filters Initiative 20,Medical,IV Filters,North America,PMM_09,Low,Launch,2025Q3,Month2,477313.98,393655.39,95,90.4,28,66.4,40.4,83.4,Medium
INIT-0045,IV Filters Initiative 20,Medical,IV Filters,North America,PMM_09,Low,Launch,2025Q3,Month3,472854.0,390659.17,95,88.3,37,42.0,35.4,84.0,Medium
INIT-0045,IV Filters Initiative 20,Medical,IV Filters,North America,PMM_09,Low,Launch,2025Q4,Month1,534828.37,446564.99,95,86.0,52,67.6,44.2,105.4,Medium
INIT-0045,IV Filters Initiative 20,Medical,IV Filters,North America,PMM_09,Low,Launch,2025Q4,Month2,529713.93,452817.63,95,84.3,50,66.8,41.4,76.2,Medium
INIT-0045,IV Filters Initiative 20,Medical,IV Filters,North America,PMM_09,Low,Launch,2025Q4,Month3,531714.24,439827.01,95,84.8,20,53.9,45.8,84.5,Medium
INIT-0046,Membranes Initiative 1,Industrial,Membranes,North America,PMM_03,High,Growth,2024Q1,Month1,227179.41,217843.55,95,97.9,29,93.4,29.2,86.7,Low
INIT-0046,Membranes Initiative 1,Industrial,Membranes,North America,PMM_03,High,Growth,2024Q1,Month2,229318.68,225690.89,95,96.2,13,97.7,23.5,91.8,Low
INIT-0046,Membranes Initiative 1,Industrial,Membranes,North America,PMM_03,High,Growth,2024Q1,Month3,229725.34,233768.45,95,94.5,16,77.4,25.3,100.5,Low
INIT-0046,Membranes Initiative 1,Industrial,Membranes,North America,PMM_03,High,Growth,2024Q2,Month1,256667.94,267181.75,95,91.9,15,73.4,31.2,93.4,Low
INIT-0046,Membranes Initiative 1,Industrial,Membranes,North America,PMM_03,High,Growth,2024Q2,Month2,269271.54,265565.9,95,92.5,28,76.0,32.2,102.9,Low
INIT-0046,Membranes Initiative 1,Industrial,Membranes,North America,PMM_03,High,Growth,2024Q2,Month3,261496.08,261525.15,95,92.4,11,80.8,28.1,94.5,Low
INIT-0046,Membranes Initiative 1,Industrial,Membranes,North America,PMM_03,High,Growth,2024Q3,Month1,299382.11,320151.32,95,92.8,10,83.8,31.8,96.6,Low
INIT-0046,Membranes Initiative 1,Industrial,Membranes,North America,PMM_03,High,Growth,2024Q3,Month2,293486.58,304461.27,95,95.2,9,67.5,37.3,98.7,Low
INIT-0046,Membranes Initiative 1,Industrial,Membranes,North America,PMM_03,High,Growth,2024Q3,Month3,296764.5,318746.5,95,93.2,15,82.8,30.7,98.3,Low
INIT-0046,Membranes Initiative 1,Industrial,Membranes,North America,PMM_03,High,Growth,2024Q4,Month1,376154.52,369816.49,95,92.8,16,75.5,32.1,84.2,Low
INIT-0046,Membranes Initiative 1,Industrial,Membranes,North America,PMM_03,High,Growth,2024Q4,Month2,370816.89,385331.39,95,94.7,20,60.5,24.7,92.3,Low
INIT-0046,Membranes Initiative 1,Industrial,Membranes,North America,PMM_03,High,Growth,2024Q4,Month3,363767.69,379705.92,95,93.9,30,66.5,29.9,96.4,Low
INIT-0046,Membranes Initiative 1,Industrial,Membranes,North America,PMM_03,High,Growth,2025Q1,Month1,402496.57,432980.75,95,91.2,31,88.8,29.0,104.2,Low
INIT-0046,Membranes Initiative 1,Industrial,Membranes,North America,PMM_03,High,Growth,2025Q1,Month2,401444.49,402291.49,95,96.0,18,56.6,30.1,80.6,Low
INIT-0046,Membranes Initiative 1,Industrial,Membranes,North America,PMM_03,High,Growth,2025Q1,Month3,419635.65,408070.15,95,96.9,21,57.5,28.0,81.4,Low
INIT-0046,Membranes Initiative 1,Industrial,Membranes,North America,PMM_03,High,Growth,2025Q2,Month1,472923.34,478725.73,95,92.1,20,80.3,29.1,93.3,Low
INIT-0046,Membranes Initiative 1,Industrial,Membranes,North America,PMM_03,High,Growth,2025Q2,Month2,490921.74,495881.38,95,97.1,20,71.6,31.3,87.5,Low
INIT-0046,Membranes Initiative 1,Industrial,Membranes,North America,PMM_03,High,Growth,2025Q2,Month3,466521.21,494262.03,95,91.9,10,72.7,29.2,101.5,Low
INIT-0046,Membranes Initiative 1,Industrial,Membranes,North America,PMM_03,High,Growth,2025Q3,Month1,565509.46,584124.27,95,94.9,10,66.7,32.7,100.1,Low
INIT-0046,Membranes Initiative 1,Industrial,Membranes,North America,PMM_03,High,Growth,2025Q3,Month2,554026.14,586926.5,95,91.7,14,84.5,33.5,86.8,Low
INIT-0046,Membranes Initiative 1,Industrial,Membranes,North America,PMM_03,High,Growth,2025Q3,Month3,569189.95,558690.07,95,98.9,26,81.3,26.0,90.0,Low
INIT-0046,Membranes Initiative 1,Industrial,Membranes,North America,PMM_03,High,Growth,2025Q4,Month1,671993.87,680050.34,95,98.6,10,81.3,27.6,87.3,Low
INIT-0046,Membranes Initiative 1,Industrial,Membranes,North America,PMM_03,High,Growth,2025Q4,Month2,666782.22,680036.52,95,95.7,25,94.4,25.7,81.7,Low
INIT-0046,Membranes Initiative 1,Industrial,Membranes,North America,PMM_03,High,Growth,2025Q4,Month3,667720.55,701034.46,95,97.2,25,61.8,30.0,80.1,Low
INIT-0047,Membranes Initiative 2,Industrial,Membranes,North America,PMM_20,Medium,Launch,2024Q1,Month1,166490.04,146188.75,95,94.1,24,48.7,31.8,95.1,Medium
INIT-0047,Membranes Initiative 2,Industrial,Membranes,North America,PMM_20,Medium,Launch,2024Q1,Month2,166270.78,150895.65,95,92.7,26,46.9,27.0,92.7,Medium
INIT-0047,Membranes Initiative 2,Industrial,Membranes,North America,PMM_20,Medium,Launch,2024Q1,Month3,170706.76,146991.4,95,86.6,46,37.1,30.0,102.5,Medium
INIT-0047,Membranes Initiative 2,Industrial,Membranes,North America,PMM_20,Medium,Launch,2024Q2,Month1,181941.46,169356.49,95,94.2,48,63.8,34.6,93.7,Medium
INIT-0047,Membranes Initiative 2,Industrial,Membranes,North America,PMM_20,Medium,Launch,2024Q2,Month2,185331.15,170622.0,95,87.9,58,59.2,28.5,85.2,Medium
INIT-0047,Membranes Initiative 2,Industrial,Membranes,North America,PMM_20,Medium,Launch,2024Q2,Month3,191444.59,164865.49,95,92.2,65,51.8,29.3,84.5,Medium
INIT-0047,Membranes Initiative 2,Industrial,Membranes,North America,PMM_20,Medium,Launch,2024Q3,Month1,198432.34,163921.76,95,90.4,69,72.1,30.6,91.6,High
INIT-0047,Membranes Initiative 2,Industrial,Membranes,North America,PMM_20,Medium,Launch,2024Q3,Month2,197795.12,185702.88,95,85.0,56,66.0,26.0,89.4,Medium
INIT-0047,Membranes Initiative 2,Industrial,Membranes,North America,PMM_20,Medium,Launch,2024Q3,Month3,209354.54,177687.17,95,85.5,47,42.8,30.9,91.8,Medium
INIT-0047,Membranes Initiative 2,Industrial,Membranes,North America,PMM_20,Medium,Launch,2024Q4,Month1,222137.75,195304.11,95,91.4,49,37.8,31.7,90.6,Medium
INIT-0047,Membranes Initiative 2,Industrial,Membranes,North America,PMM_20,Medium,Launch,2024Q4,Month2,206498.21,177393.38,95,90.2,45,40.5,30.8,97.0,Medium
INIT-0047,Membranes Initiative 2,Industrial,Membranes,North America,PMM_20,Medium,Launch,2024Q4,Month3,222472.66,203601.32,95,94.4,48,62.7,27.0,89.1,Medium
INIT-0047,Membranes Initiative 2,Industrial,Membranes,North America,PMM_20,Medium,Launch,2025Q1,Month1,243999.87,219886.6,95,87.4,35,53.2,34.9,88.3,Medium
INIT-0047,Membranes Initiative 2,Industrial,Membranes,North America,PMM_20,Medium,Launch,2025Q1,Month2,244713.98,215532.07,95,87.0,34,48.2,30.8,99.9,Medium
INIT-0047,Membranes Initiative 2,Industrial,Membranes,North America,PMM_20,Medium,Launch,2025Q1,Month3,236896.82,213456.17,95,89.3,54,65.5,32.1,97.2,Medium
INIT-0047,Membranes Initiative 2,Industrial,Membranes,North America,PMM_20,Medium,Launch,2025Q2,Month1,270634.36,226035.18,95,93.7,42,37.0,32.4,95.0,Medium
INIT-0047,Membranes Initiative 2,Industrial,Membranes,North America,PMM_20,Medium,Launch,2025Q2,Month2,266758.21,221719.66,95,94.1,48,44.3,29.4,91.5,Medium
INIT-0047,Membranes Initiative 2,Industrial,Membranes,North America,PMM_20,Medium,Launch,2025Q2,Month3,262071.59,227871.97,95,93.9,66,63.6,24.4,87.3,Medium
INIT-0047,Membranes Initiative 2,Industrial,Membranes,North America,PMM_20,Medium,Launch,2025Q3,Month1,293449.93,264789.28,95,92.1,38,83.7,27.3,110.0,Medium
INIT-0047,Membranes Initiative 2,Industrial,Membranes,North America,PMM_20,Medium,Launch,2025Q3,Month2,290997.3,244153.74,95,83.8,65,51.5,29.7,86.5,High
INIT-0047,Membranes Initiative 2,Industrial,Membranes,North America,PMM_20,Medium,Launch,2025Q3,Month3,275920.86,262976.21,95,88.8,41,66.7,25.0,96.7,Medium
INIT-0047,Membranes Initiative 2,Industrial,Membranes,North America,PMM_20,Medium,Launch,2025Q4,Month1,316315.56,289288.49,95,86.6,65,52.3,30.5,85.8,Medium
INIT-0047,Membranes Initiative 2,Industrial,Membranes,North America,PMM_20,Medium,Launch,2025Q4,Month2,328569.08,275158.86,95,89.1,25,41.6,28.5,80.1,Medium
INIT-0047,Membranes Initiative 2,Industrial,Membranes,North America,PMM_20,Medium,Launch,2025Q4,Month3,304299.82,286406.42,95,89.2,38,43.7,33.8,97.5,Medium
INIT-0048,Membranes Initiative 3,Industrial,Membranes,APAC,PMM_04,Medium,Growth,2024Q1,Month1,122287.5,117775.7,95,92.6,42,81.0,32.3,94.4,Medium
INIT-0048,Membranes Initiative 3,Industrial,Membranes,APAC,PMM_04,Medium,Growth,2024Q1,Month2,121399.06,127481.03,95,94.2,20,85.4,32.7,80.2,Low
INIT-0048,Membranes Initiative 3,Industrial,Membranes,APAC,PMM_04,Medium,Growth,2024Q1,Month3,122934.34,117194.31,95,87.8,17,76.3,34.1,90.5,Low
INIT-0048,Membranes Initiative 3,Industrial,Membranes,APAC,PMM_04,Medium,Growth,2024Q2,Month1,141697.34,149739.52,95,91.5,30,86.5,25.7,95.6,Low
INIT-0048,Membranes Initiative 3,Industrial,Membranes,APAC,PMM_04,Medium,Growth,2024Q2,Month2,137024.87,145802.51,95,92.6,37,83.1,33.5,85.1,Low
INIT-0048,Membranes Initiative 3,Industrial,Membranes,APAC,PMM_04,Medium,Growth,2024Q2,Month3,141200.61,150823.03,95,88.7,21,71.5,32.8,98.2,Low
INIT-0048,Membranes Initiative 3,Industrial,Membranes,APAC,PMM_04,Medium,Growth,2024Q3,Month1,154653.09,162145.79,95,92.0,32,67.3,26.0,95.3,Low
INIT-0048,Membranes Initiative 3,Industrial,Membranes,APAC,PMM_04,Medium,Growth,2024Q3,Month2,170067.07,168253.64,95,91.6,32,77.9,30.2,94.6,Low
INIT-0048,Membranes Initiative 3,Industrial,Membranes,APAC,PMM_04,Medium,Growth,2024Q3,Month3,170326.65,172494.18,95,90.3,37,89.0,34.3,110.0,Low
INIT-0048,Membranes Initiative 3,Industrial,Membranes,APAC,PMM_04,Medium,Growth,2024Q4,Month1,175690.46,170827.39,95,91.9,15,62.3,33.2,103.0,Low
INIT-0048,Membranes Initiative 3,Industrial,Membranes,APAC,PMM_04,Medium,Growth,2024Q4,Month2,175523.94,185854.04,95,93.8,43,84.1,26.0,87.5,Low
INIT-0048,Membranes Initiative 3,Industrial,Membranes,APAC,PMM_04,Medium,Growth,2024Q4,Month3,175510.25,182219.02,95,89.2,39,77.5,31.4,90.1,Low
INIT-0048,Membranes Initiative 3,Industrial,Membranes,APAC,PMM_04,Medium,Growth,2025Q1,Month1,214002.42,217748.83,95,87.8,38,64.8,29.8,85.5,Low
INIT-0048,Membranes Initiative 3,Industrial,Membranes,APAC,PMM_04,Medium,Growth,2025Q1,Month2,216599.54,212221.02,95,91.0,30,43.9,30.6,101.9,Low
INIT-0048,Membranes Initiative 3,Industrial,Membranes,APAC,PMM_04,Medium,Growth,2025Q1,Month3,219335.33,223161.65,95,92.1,35,59.9,27.1,66.9,Low
INIT-0048,Membranes Initiative 3,Industrial,Membranes,APAC,PMM_04,Medium,Growth,2025Q2,Month1,240634.66,241879.1,95,92.5,20,76.6,28.8,104.0,Low
INIT-0048,Membranes Initiative 3,Industrial,Membranes,APAC,PMM_04,Medium,Growth,2025Q2,Month2,252784.43,253648.91,95,93.3,40,92.8,26.1,101.6,Low
INIT-0048,Membranes Initiative 3,Industrial,Membranes,APAC,PMM_04,Medium,Growth,2025Q2,Month3,258976.54,252344.0,95,89.6,25,77.8,32.9,98.3,Low
INIT-0048,Membranes Initiative 3,Industrial,Membranes,APAC,PMM_04,Medium,Growth,2025Q3,Month1,274430.84,268265.45,95,92.0,17,73.8,28.5,87.7,Low
INIT-0048,Membranes Initiative 3,Industrial,Membranes,APAC,PMM_04,Medium,Growth,2025Q3,Month2,268630.61,284924.93,95,91.6,42,82.7,30.1,107.3,Low
INIT-0048,Membranes Initiative 3,Industrial,Membranes,APAC,PMM_04,Medium,Growth,2025Q3,Month3,272517.06,282944.36,95,93.5,29,73.4,36.7,100.0,Low
INIT-0048,Membranes Initiative 3,Industrial,Membranes,APAC,PMM_04,Medium,Growth,2025Q4,Month1,318691.24,338407.55,95,90.1,22,94.1,34.3,95.4,Low
INIT-0048,Membranes Initiative 3,Industrial,Membranes,APAC,PMM_04,Medium,Growth,2025Q4,Month2,317176.5,316365.93,95,94.4,48,58.2,29.2,95.5,Medium
INIT-0048,Membranes Initiative 3,Industrial,Membranes,APAC,PMM_04,Medium,Growth,2025Q4,Month3,338191.94,335458.63,95,89.1,37,72.8,32.0,90.8,Medium
INIT-0049,Cartridges Initiative 4,Industrial,Cartridges,North America,PMM_14,Low,Launch,2024Q1,Month1,262329.28,218357.98,95,94.3,25,66.2,28.5,102.6,Medium
INIT-0049,Cartridges Initiative 4,Industrial,Cartridges,North America,PMM_14,Low,Launch,2024Q1,Month2,263617.92,233890.55,95,88.9,47,60.3,28.7,100.5,Medium
INIT-0049,Cartridges Initiative 4,Industrial,Cartridges,North America,PMM_14,Low,Launch,2024Q1,Month3,256172.68,226410.87,95,88.1,34,46.9,31.5,93.0,Medium
INIT-0049,Cartridges Initiative 4,Industrial,Cartridges,North America,PMM_14,Low,Launch,2024Q2,Month1,275512.6,239575.49,95,93.4,31,58.2,30.7,103.8,Medium
INIT-0049,Cartridges Initiative 4,Industrial,Cartridges,North America,PMM_14,Low,Launch,2024Q2,Month2,261863.69,248134.91,95,86.5,34,63.8,27.2,90.5,Medium
INIT-0049,Cartridges Initiative 4,Industrial,Cartridges,North America,PMM_14,Low,Launch,2024Q2,Month3,282312.29,243256.23,95,87.3,31,57.8,28.7,82.2,Medium
INIT-0049,Cartridges Initiative 4,Industrial,Cartridges,North America,PMM_14,Low,Launch,2024Q3,Month1,298485.14,252731.35,95,89.4,52,50.1,25.6,91.6,Medium
INIT-0049,Cartridges Initiative 4,Industrial,Cartridges,North America,PMM_14,Low,Launch,2024Q3,Month2,311876.05,259624.48,95,91.4,32,39.2,31.4,87.6,Medium
INIT-0049,Cartridges Initiative 4,Industrial,Cartridges,North America,PMM_14,Low,Launch,2024Q3,Month3,293161.66,252164.11,95,87.7,39,67.7,29.5,110.0,Medium
INIT-0049,Cartridges Initiative 4,Industrial,Cartridges,North America,PMM_14,Low,Launch,2024Q4,Month1,312043.28,274900.98,95,91.0,44,46.9,28.4,102.1,Medium
INIT-0049,Cartridges Initiative 4,Industrial,Cartridges,North America,PMM_14,Low,Launch,2024Q4,Month2,306165.54,276749.15,95,89.6,49,49.5,33.9,87.2,Medium
INIT-0049,Cartridges Initiative 4,Industrial,Cartridges,North America,PMM_14,Low,Launch,2024Q4,Month3,314004.6,284137.85,95,86.8,35,35.5,30.0,99.4,Medium
INIT-0049,Cartridges Initiative 4,Industrial,Cartridges,North America,PMM_14,Low,Launch,2025Q1,Month1,360794.61,298529.98,95,88.3,33,59.1,32.8,76.6,Medium
INIT-0049,Cartridges Initiative 4,Industrial,Cartridges,North America,PMM_14,Low,Launch,2025Q1,Month2,327172.11,312967.84,95,92.9,40,46.8,36.3,96.8,Medium
INIT-0049,Cartridges Initiative 4,Industrial,Cartridges,North America,PMM_14,Low,Launch,2025Q1,Month3,345254.4,299206.26,95,83.7,29,73.9,26.6,80.0,Medium
INIT-0049,Cartridges Initiative 4,Industrial,Cartridges,North America,PMM_14,Low,Launch,2025Q2,Month1,370504.25,305990.52,95,91.8,41,71.2,30.6,100.6,Medium
INIT-0049,Cartridges Initiative 4,Industrial,Cartridges,North America,PMM_14,Low,Launch,2025Q2,Month2,391282.29,372234.0,95,84.5,23,49.9,30.7,103.9,Medium
INIT-0049,Cartridges Initiative 4,Industrial,Cartridges,North America,PMM_14,Low,Launch,2025Q2,Month3,362716.54,335296.39,95,87.7,55,34.5,27.1,81.6,Medium
INIT-0049,Cartridges Initiative 4,Industrial,Cartridges,North America,PMM_14,Low,Launch,2025Q3,Month1,424596.66,357249.29,95,86.8,23,50.7,36.6,90.0,Medium
INIT-0049,Cartridges Initiative 4,Industrial,Cartridges,North America,PMM_14,Low,Launch,2025Q3,Month2,401625.9,337437.65,95,89.2,62,62.4,30.5,97.1,Medium
INIT-0049,Cartridges Initiative 4,Industrial,Cartridges,North America,PMM_14,Low,Launch,2025Q3,Month3,403944.24,371730.93,95,84.8,49,52.3,36.0,78.9,Medium
INIT-0049,Cartridges Initiative 4,Industrial,Cartridges,North America,PMM_14,Low,Launch,2025Q4,Month1,418643.63,370305.4,95,88.3,32,52.3,30.0,89.1,Medium
INIT-0049,Cartridges Initiative 4,Industrial,Cartridges,North America,PMM_14,Low,Launch,2025Q4,Month2,448361.24,390287.08,95,94.1,59,81.0,32.6,94.7,Medium
INIT-0049,Cartridges Initiative 4,Industrial,Cartridges,North America,PMM_14,Low,Launch,2025Q4,Month3,423567.64,364797.99,95,90.4,45,58.9,23.4,90.4,Medium
INIT-0050,Gas Filters Initiative 5,Industrial,Gas Filters,APAC,PMM_07,Medium,Launch,2024Q1,Month1,115226.53,103093.72,95,90.8,67,58.1,27.0,92.9,Medium
INIT-0050,Gas Filters Initiative 5,Industrial,Gas Filters,APAC,PMM_07,Medium,Launch,2024Q1,Month2,122255.95,103933.56,95,82.8,78,42.4,33.1,87.0,High
INIT-0050,Gas Filters Initiative 5,Industrial,Gas Filters,APAC,PMM_07,Medium,Launch,2024Q1,Month3,120336.91,99808.35,95,84.4,46,60.2,27.4,86.6,Medium
INIT-0050,Gas Filters Initiative 5,Industrial,Gas Filters,APAC,PMM_07,Medium,Launch,2024Q2,Month1,130210.29,119641.27,95,89.3,76,66.1,30.3,90.9,Medium
INIT-0050,Gas Filters Initiative 5,Industrial,Gas Filters,APAC,PMM_07,Medium,Launch,2024Q2,Month2,134184.17,126790.04,95,85.8,55,66.2,30.7,79.2,Medium
INIT-0050,Gas Filters Initiative 5,Industrial,Gas Filters,APAC,PMM_07,Medium,Launch,2024Q2,Month3,133290.24,110983.4,95,83.5,73,46.8,31.3,95.4,High
INIT-0050,Gas Filters Initiative 5,Industrial,Gas Filters,APAC,PMM_07,Medium,Launch,2024Q3,Month1,131699.2,120139.97,95,82.7,31,46.7,28.5,75.9,Medium
INIT-0050,Gas Filters Initiative 5,Industrial,Gas Filters,APAC,PMM_07,Medium,Launch,2024Q3,Month2,137212.64,113917.67,95,87.2,69,41.8,28.7,98.5,High
INIT-0050,Gas Filters Initiative 5,Industrial,Gas Filters,APAC,PMM_07,Medium,Launch,2024Q3,Month3,142599.68,120732.54,95,81.3,64,55.1,30.4,74.1,High
INIT-0050,Gas Filters Initiative 5,Industrial,Gas Filters,APAC,PMM_07,Medium,Launch,2024Q4,Month1,141787.17,120076.56,95,83.0,65,64.1,29.0,101.7,High
INIT-0050,Gas Filters Initiative 5,Industrial,Gas Filters,APAC,PMM_07,Medium,Launch,2024Q4,Month2,152535.92,139555.36,95,85.6,45,51.2,30.9,96.7,Medium
INIT-0050,Gas Filters Initiative 5,Industrial,Gas Filters,APAC,PMM_07,Medium,Launch,2024Q4,Month3,144078.64,118505.01,95,82.7,35,67.8,27.6,93.7,Medium
INIT-0050,Gas Filters Initiative 5,Industrial,Gas Filters,APAC,PMM_07,Medium,Launch,2025Q1,Month1,151983.59,144015.98,95,82.5,26,65.7,26.3,89.6,Medium
INIT-0050,Gas Filters Initiative 5,Industrial,Gas Filters,APAC,PMM_07,Medium,Launch,2025Q1,Month2,163535.22,145804.96,95,87.1,59,59.9,29.3,92.0,Medium
INIT-0050,Gas Filters Initiative 5,Industrial,Gas Filters,APAC,PMM_07,Medium,Launch,2025Q1,Month3,150667.88,143845.76,95,86.7,53,52.9,30.3,110.0,Medium
INIT-0050,Gas Filters Initiative 5,Industrial,Gas Filters,APAC,PMM_07,Medium,Launch,2025Q2,Month1,168903.2,147108.58,95,83.5,34,51.2,32.4,98.6,Medium
INIT-0050,Gas Filters Initiative 5,Industrial,Gas Filters,APAC,PMM_07,Medium,Launch,2025Q2,Month2,166522.51,147856.62,95,85.4,61,57.3,33.5,97.0,Medium
INIT-0050,Gas Filters Initiative 5,Industrial,Gas Filters,APAC,PMM_07,Medium,Launch,2025Q2,Month3,169362.92,156201.58,95,85.5,59,53.3,30.3,106.1,Medium
INIT-0050,Gas Filters Initiative 5,Industrial,Gas Filters,APAC,PMM_07,Medium,Launch,2025Q3,Month1,185064.01,158107.7,95,87.3,42,38.4,29.2,89.4,Medium
INIT-0050,Gas Filters Initiative 5,Industrial,Gas Filters,APAC,PMM_07,Medium,Launch,2025Q3,Month2,181335.03,170909.14,95,88.1,55,56.7,30.4,96.4,Medium
INIT-0050,Gas Filters Initiative 5,Industrial,Gas Filters,APAC,PMM_07,Medium,Launch,2025Q3,Month3,177457.96,163692.62,95,84.7,64,41.6,28.4,88.3,Medium
INIT-0050,Gas Filters Initiative 5,Industrial,Gas Filters,APAC,PMM_07,Medium,Launch,2025Q4,Month1,197803.47,167543.91,95,80.7,57,63.5,28.2,95.2,Medium
INIT-0050,Gas Filters Initiative 5,Industrial,Gas Filters,APAC,PMM_07,Medium,Launch,2025Q4,Month2,199760.68,168439.18,95,81.1,33,65.8,28.7,101.5,Medium
INIT-0050,Gas Filters Initiative 5,Industrial,Gas Filters,APAC,PMM_07,Medium,Launch,2025Q4,Month3,198950.1,171138.82,95,88.0,68,46.0,29.2,95.1,Medium
INIT-0051,Cartridges Initiative 6,Industrial,Cartridges,North America,PMM_04,Medium,Growth,2024Q1,Month1,316620.44,329344.95,95,98.1,17,70.5,23.5,95.7,Low
INIT-0051,Cartridges Initiative 6,Industrial,Cartridges,North America,PMM_04,Medium,Growth,2024Q1,Month2,325506.46,335065.51,95,97.0,30,67.0,31.9,86.5,Low
INIT-0051,Cartridges Initiative 6,Industrial,Cartridges,North America,PMM_04,Medium,Growth,2024Q1,Month3,329540.79,329940.44,95,93.0,12,80.3,28.2,92.5,Low
INIT-0051,Cartridges Initiative 6,Industrial,Cartridges,North America,PMM_04,Medium,Growth,2024Q2,Month1,382385.31,395644.02,95,93.0,27,64.9,26.7,96.0,Low
INIT-0051,Cartridges Initiative 6,Industrial,Cartridges,North America,PMM_04,Medium,Growth,2024Q2,Month2,383428.06,373529.64,95,94.3,24,69.5,27.4,85.3,Low
INIT-0051,Cartridges Initiative 6,Industrial,Cartridges,North America,PMM_04,Medium,Growth,2024Q2,Month3,390826.36,396472.0,95,93.2,32,81.2,32.7,82.3,Low
INIT-0051,Cartridges Initiative 6,Industrial,Cartridges,North America,PMM_04,Medium,Growth,2024Q3,Month1,423359.83,454974.53,95,94.4,21,80.4,31.4,88.5,Low
INIT-0051,Cartridges Initiative 6,Industrial,Cartridges,North America,PMM_04,Medium,Growth,2024Q3,Month2,425806.18,452275.36,95,91.3,28,80.3,24.0,83.4,Low
INIT-0051,Cartridges Initiative 6,Industrial,Cartridges,North America,PMM_04,Medium,Growth,2024Q3,Month3,447152.44,444609.91,95,95.8,17,90.2,27.9,89.8,Low
INIT-0051,Cartridges Initiative 6,Industrial,Cartridges,North America,PMM_04,Medium,Growth,2024Q4,Month1,491711.6,509179.61,95,97.2,14,70.7,28.5,85.1,Low
INIT-0051,Cartridges Initiative 6,Industrial,Cartridges,North America,PMM_04,Medium,Growth,2024Q4,Month2,516001.25,541015.07,95,96.1,18,83.2,32.5,99.5,Low
INIT-0051,Cartridges Initiative 6,Industrial,Cartridges,North America,PMM_04,Medium,Growth,2024Q4,Month3,524272.53,543482.47,95,92.1,27,79.9,27.3,90.3,Low
INIT-0051,Cartridges Initiative 6,Industrial,Cartridges,North America,PMM_04,Medium,Growth,2025Q1,Month1,611648.65,654596.89,95,95.3,16,62.5,30.4,89.5,Low
INIT-0051,Cartridges Initiative 6,Industrial,Cartridges,North America,PMM_04,Medium,Growth,2025Q1,Month2,587571.98,561536.4,95,94.9,21,69.2,34.1,87.9,Low
INIT-0051,Cartridges Initiative 6,Industrial,Cartridges,North America,PMM_04,Medium,Growth,2025Q1,Month3,574501.85,584814.53,95,94.1,33,89.7,33.6,101.3,Low
INIT-0051,Cartridges Initiative 6,Industrial,Cartridges,North America,PMM_04,Medium,Growth,2025Q2,Month1,672781.66,701129.12,95,92.7,12,77.8,31.2,101.7,Low
INIT-0051,Cartridges Initiative 6,Industrial,Cartridges,North America,PMM_04,Medium,Growth,2025Q2,Month2,706608.51,733091.71,95,93.5,32,73.0,31.6,96.6,Low
INIT-0051,Cartridges Initiative 6,Industrial,Cartridges,North America,PMM_04,Medium,Growth,2025Q2,Month3,699607.43,721212.5,95,94.7,25,66.4,31.4,90.0,Low
INIT-0051,Cartridges Initiative 6,Industrial,Cartridges,North America,PMM_04,Medium,Growth,2025Q3,Month1,764638.33,822031.47,95,94.4,13,95.5,24.0,81.3,Low
INIT-0051,Cartridges Initiative 6,Industrial,Cartridges,North America,PMM_04,Medium,Growth,2025Q3,Month2,775648.12,765557.16,95,97.0,31,73.6,33.8,79.4,Low
INIT-0051,Cartridges Initiative 6,Industrial,Cartridges,North America,PMM_04,Medium,Growth,2025Q3,Month3,741826.25,717064.82,95,91.4,25,100.0,31.3,96.9,Low
INIT-0051,Cartridges Initiative 6,Industrial,Cartridges,North America,PMM_04,Medium,Growth,2025Q4,Month1,881696.94,944143.43,95,94.0,15,89.4,29.2,81.8,Low
INIT-0051,Cartridges Initiative 6,Industrial,Cartridges,North America,PMM_04,Medium,Growth,2025Q4,Month2,916844.37,944895.79,95,93.4,25,72.8,36.4,91.9,Low
INIT-0051,Cartridges Initiative 6,Industrial,Cartridges,North America,PMM_04,Medium,Growth,2025Q4,Month3,881934.08,886024.26,95,92.1,30,75.2,26.3,87.7,Low
INIT-0052,Gas Filters Initiative 7,Industrial,Gas Filters,EMEA,PMM_07,High,Growth,2024Q1,Month1,296540.11,293703.83,95,91.7,16,66.6,26.2,88.8,Low
INIT-0052,Gas Filters Initiative 7,Industrial,Gas Filters,EMEA,PMM_07,High,Growth,2024Q1,Month2,325440.75,323979.28,95,91.6,18,79.6,31.0,78.7,Low
INIT-0052,Gas Filters Initiative 7,Industrial,Gas Filters,EMEA,PMM_07,High,Growth,2024Q1,Month3,302287.75,320920.06,95,90.2,26,94.2,27.7,101.1,Low
INIT-0052,Gas Filters Initiative 7,Industrial,Gas Filters,EMEA,PMM_07,High,Growth,2024Q2,Month1,355715.65,379153.46,95,93.4,18,79.8,29.2,90.0,Low
INIT-0052,Gas Filters Initiative 7,Industrial,Gas Filters,EMEA,PMM_07,High,Growth,2024Q2,Month2,357604.91,346256.19,95,94.6,17,64.0,24.7,89.2,Low
INIT-0052,Gas Filters Initiative 7,Industrial,Gas Filters,EMEA,PMM_07,High,Growth,2024Q2,Month3,362125.13,370434.29,95,91.8,16,85.3,27.6,79.1,Low
INIT-0052,Gas Filters Initiative 7,Industrial,Gas Filters,EMEA,PMM_07,High,Growth,2024Q3,Month1,429518.55,456624.25,95,90.9,33,89.5,33.8,100.4,Low
INIT-0052,Gas Filters Initiative 7,Industrial,Gas Filters,EMEA,PMM_07,High,Growth,2024Q3,Month2,411942.11,440972.48,95,96.1,15,81.5,26.8,98.9,Low
INIT-0052,Gas Filters Initiative 7,Industrial,Gas Filters,EMEA,PMM_07,High,Growth,2024Q3,Month3,415401.75,426560.1,95,93.7,24,74.7,29.6,93.2,Low
INIT-0052,Gas Filters Initiative 7,Industrial,Gas Filters,EMEA,PMM_07,High,Growth,2024Q4,Month1,493950.67,484707.6,95,92.5,27,82.7,29.2,99.6,Low
INIT-0052,Gas Filters Initiative 7,Industrial,Gas Filters,EMEA,PMM_07,High,Growth,2024Q4,Month2,483769.16,471748.39,95,96.0,27,72.6,30.6,91.0,Low
INIT-0052,Gas Filters Initiative 7,Industrial,Gas Filters,EMEA,PMM_07,High,Growth,2024Q4,Month3,465670.88,458908.98,95,94.9,19,90.2,32.5,97.2,Low
INIT-0052,Gas Filters Initiative 7,Industrial,Gas Filters,EMEA,PMM_07,High,Growth,2025Q1,Month1,579344.95,555573.47,95,91.8,27,72.4,28.9,91.5,Low
INIT-0052,Gas Filters Initiative 7,Industrial,Gas Filters,EMEA,PMM_07,High,Growth,2025Q1,Month2,562303.74,563890.56,95,93.4,29,84.9,31.1,85.0,Low
INIT-0052,Gas Filters Initiative 7,Industrial,Gas Filters,EMEA,PMM_07,High,Growth,2025Q1,Month3,590451.23,595419.64,95,96.9,17,62.5,28.5,85.3,Low
INIT-0052,Gas Filters Initiative 7,Industrial,Gas Filters,EMEA,PMM_07,High,Growth,2025Q2,Month1,634466.34,605498.12,95,95.0,22,75.3,30.4,75.2,Low
INIT-0052,Gas Filters Initiative 7,Industrial,Gas Filters,EMEA,PMM_07,High,Growth,2025Q2,Month2,651372.25,700602.44,95,91.9,11,77.4,31.6,105.1,Low
INIT-0052,Gas Filters Initiative 7,Industrial,Gas Filters,EMEA,PMM_07,High,Growth,2025Q2,Month3,630893.92,626377.02,95,90.4,10,81.2,34.4,80.1,Low
INIT-0052,Gas Filters Initiative 7,Industrial,Gas Filters,EMEA,PMM_07,High,Growth,2025Q3,Month1,748281.52,721105.02,95,96.3,9,85.4,33.2,99.0,Low
INIT-0052,Gas Filters Initiative 7,Industrial,Gas Filters,EMEA,PMM_07,High,Growth,2025Q3,Month2,754224.35,747351.32,95,91.5,22,87.0,32.6,96.3,Low
INIT-0052,Gas Filters Initiative 7,Industrial,Gas Filters,EMEA,PMM_07,High,Growth,2025Q3,Month3,773949.01,742490.32,95,96.9,21,76.7,28.8,106.1,Low
INIT-0052,Gas Filters Initiative 7,Industrial,Gas Filters,EMEA,PMM_07,High,Growth,2025Q4,Month1,878691.4,858686.41,95,93.6,34,66.1,29.8,88.4,Low
INIT-0052,Gas Filters Initiative 7,Industrial,Gas Filters,EMEA,PMM_07,High,Growth,2025Q4,Month2,850951.59,853014.17,95,96.1,19,92.3,26.1,102.9,Low
INIT-0052,Gas Filters Initiative 7,Industrial,Gas Filters,EMEA,PMM_07,High,Growth,2025Q4,Month3,879064.3,923751.62,95,93.6,8,91.4,27.0,82.5,Low
INIT-0053,Cartridges Initiative 8,Industrial,Cartridges,APAC,PMM_20,Medium,Growth,2024Q1,Month1,272354.75,265975.98,95,88.6,33,76.0,29.4,88.6,Medium
INIT-0053,Cartridges Initiative 8,Industrial,Cartridges,APAC,PMM_20,Medium,Growth,2024Q1,Month2,271121.5,286891.37,95,90.1,35,81.9,31.6,83.8,Low
INIT-0053,Cartridges Initiative 8,Industrial,Cartridges,APAC,PMM_20,Medium,Growth,2024Q1,Month3,269336.38,287458.75,95,89.2,29,82.0,24.0,85.1,Low
INIT-0053,Cartridges Initiative 8,Industrial,Cartridges,APAC,PMM_20,Medium,Growth,2024Q2,Month1,317543.86,324853.27,95,94.5,31,77.7,30.9,92.5,Low
INIT-0053,Cartridges Initiative 8,Industrial,Cartridges,APAC,PMM_20,Medium,Growth,2024Q2,Month2,315185.84,307598.45,95,87.6,34,95.6,32.6,82.2,Medium
INIT-0053,Cartridges Initiative 8,Industrial,Cartridges,APAC,PMM_20,Medium,Growth,2024Q2,Month3,315122.48,313771.41,95,92.0,27,87.5,28.9,87.2,Low
INIT-0053,Cartridges Initiative 8,Industrial,Cartridges,APAC,PMM_20,Medium,Growth,2024Q3,Month1,358269.15,364222.27,95,91.2,31,81.7,30.7,92.4,Low
INIT-0053,Cartridges Initiative 8,Industrial,Cartridges,APAC,PMM_20,Medium,Growth,2024Q3,Month2,354668.61,382948.13,95,89.1,31,78.7,32.3,87.9,Low
INIT-0053,Cartridges Initiative 8,Industrial,Cartridges,APAC,PMM_20,Medium,Growth,2024Q3,Month3,357058.72,370209.69,95,87.5,35,72.3,24.9,91.9,Low
INIT-0053,Cartridges Initiative 8,Industrial,Cartridges,APAC,PMM_20,Medium,Growth,2024Q4,Month1,414495.24,444571.17,95,90.2,26,68.5,31.4,102.2,Low
INIT-0053,Cartridges Initiative 8,Industrial,Cartridges,APAC,PMM_20,Medium,Growth,2024Q4,Month2,407684.07,388947.85,95,92.3,19,77.0,33.2,84.5,Low
INIT-0053,Cartridges Initiative 8,Industrial,Cartridges,APAC,PMM_20,Medium,Growth,2024Q4,Month3,440079.0,456312.4,95,89.2,36,70.4,26.1,80.9,Low
INIT-0053,Cartridges Initiative 8,Industrial,Cartridges,APAC,PMM_20,Medium,Growth,2025Q1,Month1,500821.61,513520.21,95,93.4,39,86.3,29.2,84.4,Low
INIT-0053,Cartridges Initiative 8,Industrial,Cartridges,APAC,PMM_20,Medium,Growth,2025Q1,Month2,488310.67,479821.88,95,91.5,38,68.6,26.8,97.0,Medium
INIT-0053,Cartridges Initiative 8,Industrial,Cartridges,APAC,PMM_20,Medium,Growth,2025Q1,Month3,519696.64,544997.46,95,90.6,33,73.8,27.7,97.9,Low
INIT-0053,Cartridges Initiative 8,Industrial,Cartridges,APAC,PMM_20,Medium,Growth,2025Q2,Month1,599007.78,623117.54,95,89.6,36,62.6,28.5,93.0,Low
INIT-0053,Cartridges Initiative 8,Industrial,Cartridges,APAC,PMM_20,Medium,Growth,2025Q2,Month2,590331.62,585214.7,95,90.1,40,73.6,31.9,99.0,Medium
INIT-0053,Cartridges Initiative 8,Industrial,Cartridges,APAC,PMM_20,Medium,Growth,2025Q2,Month3,572589.66,576180.17,95,90.8,17,72.9,31.3,86.0,Low
INIT-0053,Cartridges Initiative 8,Industrial,Cartridges,APAC,PMM_20,Medium,Growth,2025Q3,Month1,628287.92,601656.78,95,90.9,35,86.7,33.7,94.8,Medium
INIT-0053,Cartridges Initiative 8,Industrial,Cartridges,APAC,PMM_20,Medium,Growth,2025Q3,Month2,671707.07,639789.36,95,94.4,18,68.9,27.0,90.8,Low
INIT-0053,Cartridges Initiative 8,Industrial,Cartridges,APAC,PMM_20,Medium,Growth,2025Q3,Month3,675942.58,665161.84,95,87.7,18,80.4,26.4,84.5,Low
INIT-0053,Cartridges Initiative 8,Industrial,Cartridges,APAC,PMM_20,Medium,Growth,2025Q4,Month1,760792.18,773195.01,95,90.8,23,72.5,29.5,84.1,Low
INIT-0053,Cartridges Initiative 8,Industrial,Cartridges,APAC,PMM_20,Medium,Growth,2025Q4,Month2,794512.88,795354.21,95,91.2,17,95.1,26.8,90.8,Low
INIT-0053,Cartridges Initiative 8,Industrial,Cartridges,APAC,PMM_20,Medium,Growth,2025Q4,Month3,757515.32,756253.59,95,87.7,25,77.4,30.9,91.6,Low
INIT-0054,Membranes Initiative 9,Industrial,Membranes,North America,PMM_08,Low,Launch,2024Q1,Month1,290950.8,274545.99,95,88.5,65,51.9,32.9,84.2,Medium
INIT-0054,Membranes Initiative 9,Industrial,Membranes,North America,PMM_08,Low,Launch,2024Q1,Month2,265843.3,235909.6,95,90.5,20,39.8,29.6,91.8,Medium
INIT-0054,Membranes Initiative 9,Industrial,Membranes,North America,PMM_08,Low,Launch,2024Q1,Month3,270067.4,245431.32,95,89.9,41,45.9,32.8,100.0,Medium
INIT-0054,Membranes Initiative 9,Industrial,Membranes,North America,PMM_08,Low,Launch,2024Q2,Month1,307809.6,288583.61,95,92.6,46,53.7,31.0,81.6,Medium
INIT-0054,Membranes Initiative 9,Industrial,Membranes,North America,PMM_08,Low,Launch,2024Q2,Month2,310334.56,272579.01,95,87.0,45,53.2,27.4,95.7,Medium
INIT-0054,Membranes Initiative 9,Industrial,Membranes,North America,PMM_08,Low,Launch,2024Q2,Month3,306294.01,262588.8,95,92.0,40,52.9,28.9,79.0,Medium
INIT-0054,Membranes Initiative 9,Industrial,Membranes,North America,PMM_08,Low,Launch,2024Q3,Month1,324629.92,297293.49,95,89.6,23,35.5,28.2,89.6,Medium
INIT-0054,Membranes Initiative 9,Industrial,Membranes,North America,PMM_08,Low,Launch,2024Q3,Month2,354564.09,311900.25,95,90.0,34,57.5,28.9,86.6,Medium
INIT-0054,Membranes Initiative 9,Industrial,Membranes,North America,PMM_08,Low,Launch,2024Q3,Month3,354456.36,331923.43,95,90.8,43,52.2,29.8,90.2,Medium
INIT-0054,Membranes Initiative 9,Industrial,Membranes,North America,PMM_08,Low,Launch,2024Q4,Month1,351149.66,319804.71,95,87.4,59,57.4,29.5,79.6,Medium
INIT-0054,Membranes Initiative 9,Industrial,Membranes,North America,PMM_08,Low,Launch,2024Q4,Month2,370909.42,308361.59,95,85.0,58,67.5,26.4,83.7,Medium
INIT-0054,Membranes Initiative 9,Industrial,Membranes,North America,PMM_08,Low,Launch,2024Q4,Month3,381845.09,321367.74,95,84.4,22,61.7,25.5,93.8,Medium
INIT-0054,Membranes Initiative 9,Industrial,Membranes,North America,PMM_08,Low,Launch,2025Q1,Month1,415258.27,388700.68,95,92.0,32,65.9,23.7,82.4,Medium
INIT-0054,Membranes Initiative 9,Industrial,Membranes,North America,PMM_08,Low,Launch,2025Q1,Month2,392085.65,352995.43,95,87.7,29,57.7,32.8,100.9,Medium
INIT-0054,Membranes Initiative 9,Industrial,Membranes,North America,PMM_08,Low,Launch,2025Q1,Month3,414472.94,371551.55,95,92.1,62,53.7,28.3,97.6,Medium
INIT-0054,Membranes Initiative 9,Industrial,Membranes,North America,PMM_08,Low,Launch,2025Q2,Month1,425258.83,355217.26,95,89.9,51,51.5,32.7,61.9,Medium
INIT-0054,Membranes Initiative 9,Industrial,Membranes,North America,PMM_08,Low,Launch,2025Q2,Month2,437370.82,410986.34,95,83.1,21,62.3,34.1,84.1,Medium
INIT-0054,Membranes Initiative 9,Industrial,Membranes,North America,PMM_08,Low,Launch,2025Q2,Month3,441178.94,405540.95,95,92.7,55,51.6,31.9,99.2,Medium
INIT-0054,Membranes Initiative 9,Industrial,Membranes,North America,PMM_08,Low,Launch,2025Q3,Month1,455442.93,434919.76,95,85.6,34,48.8,33.5,86.8,Medium
INIT-0054,Membranes Initiative 9,Industrial,Membranes,North America,PMM_08,Low,Launch,2025Q3,Month2,469733.9,431751.51,95,89.8,43,42.9,30.6,90.2,Medium
INIT-0054,Membranes Initiative 9,Industrial,Membranes,North America,PMM_08,Low,Launch,2025Q3,Month3,462138.09,418601.02,95,87.5,69,72.2,31.6,91.0,Medium
INIT-0054,Membranes Initiative 9,Industrial,Membranes,North America,PMM_08,Low,Launch,2025Q4,Month1,509126.58,426200.26,95,86.2,39,67.2,25.4,87.7,Medium
INIT-0054,Membranes Initiative 9,Industrial,Membranes,North America,PMM_08,Low,Launch,2025Q4,Month2,526657.67,440040.32,95,87.8,23,42.5,31.1,92.9,Medium
INIT-0054,Membranes Initiative 9,Industrial,Membranes,North America,PMM_08,Low,Launch,2025Q4,Month3,508920.46,437738.93,95,91.6,38,56.5,31.2,84.2,Medium
INIT-0055,Cartridges Initiative 10,Industrial,Cartridges,EMEA,PMM_14,Medium,Growth,2024Q1,Month1,122174.14,121387.87,95,93.6,27,78.8,33.4,96.5,Low
INIT-0055,Cartridges Initiative 10,Industrial,Cartridges,EMEA,PMM_14,Medium,Growth,2024Q1,Month2,117175.15,124611.49,95,93.4,12,78.3,30.2,103.5,Low
INIT-0055,Cartridges Initiative 10,Industrial,Cartridges,EMEA,PMM_14,Medium,Growth,2024Q1,Month3,114906.46,122943.93,95,91.5,30,74.1,27.6,93.0,Low
INIT-0055,Cartridges Initiative 10,Industrial,Cartridges,EMEA,PMM_14,Medium,Growth,2024Q2,Month1,142338.27,136844.78,95,96.6,10,75.3,30.6,93.5,Low
INIT-0055,Cartridges Initiative 10,Industrial,Cartridges,EMEA,PMM_14,Medium,Growth,2024Q2,Month2,145078.97,141926.42,95,95.6,10,76.0,31.4,104.8,Low
INIT-0055,Cartridges Initiative 10,Industrial,Cartridges,EMEA,PMM_14,Medium,Growth,2024Q2,Month3,137528.27,131817.42,95,95.7,32,69.9,23.6,90.4,Low
INIT-0055,Cartridges Initiative 10,Industrial,Cartridges,EMEA,PMM_14,Medium,Growth,2024Q3,Month1,167597.06,162378.36,95,96.4,30,82.4,32.4,96.9,Low
INIT-0055,Cartridges Initiative 10,Industrial,Cartridges,EMEA,PMM_14,Medium,Growth,2024Q3,Month2,154640.54,155653.04,95,95.8,15,82.9,27.2,99.4,Low
INIT-0055,Cartridges Initiative 10,Industrial,Cartridges,EMEA,PMM_14,Medium,Growth,2024Q3,Month3,154278.3,160169.69,95,92.5,11,68.1,27.4,92.2,Low
INIT-0055,Cartridges Initiative 10,Industrial,Cartridges,EMEA,PMM_14,Medium,Growth,2024Q4,Month1,194786.97,210338.28,95,93.0,24,54.0,25.6,84.6,Low
INIT-0055,Cartridges Initiative 10,Industrial,Cartridges,EMEA,PMM_14,Medium,Growth,2024Q4,Month2,196613.87,210139.62,95,97.0,34,88.9,26.7,80.4,Low
INIT-0055,Cartridges Initiative 10,Industrial,Cartridges,EMEA,PMM_14,Medium,Growth,2024Q4,Month3,183591.93,187159.72,95,90.8,10,60.1,28.3,88.3,Low
INIT-0055,Cartridges Initiative 10,Industrial,Cartridges,EMEA,PMM_14,Medium,Growth,2025Q1,Month1,214890.8,217104.71,95,91.9,34,78.7,29.6,101.4,Low
INIT-0055,Cartridges Initiative 10,Industrial,Cartridges,EMEA,PMM_14,Medium,Growth,2025Q1,Month2,210101.34,223215.81,95,94.0,19,64.9,25.4,110.0,Low
INIT-0055,Cartridges Initiative 10,Industrial,Cartridges,EMEA,PMM_14,Medium,Growth,2025Q1,Month3,225244.58,218327.35,95,93.9,30,82.8,30.4,100.5,Low
INIT-0055,Cartridges Initiative 10,Industrial,Cartridges,EMEA,PMM_14,Medium,Growth,2025Q2,Month1,245967.21,242261.61,95,92.9,32,80.9,27.3,95.0,Low
INIT-0055,Cartridges Initiative 10,Industrial,Cartridges,EMEA,PMM_14,Medium,Growth,2025Q2,Month2,241840.65,233555.32,95,95.4,19,77.8,33.4,106.1,Low
INIT-0055,Cartridges Initiative 10,Industrial,Cartridges,EMEA,PMM_14,Medium,Growth,2025Q2,Month3,239230.68,231220.59,95,91.3,34,96.3,30.9,87.3,Medium
INIT-0055,Cartridges Initiative 10,Industrial,Cartridges,EMEA,PMM_14,Medium,Growth,2025Q3,Month1,267480.1,282106.51,95,93.3,28,84.1,28.9,104.3,Low
INIT-0055,Cartridges Initiative 10,Industrial,Cartridges,EMEA,PMM_14,Medium,Growth,2025Q3,Month2,275250.36,290616.69,95,92.2,27,75.6,30.3,83.9,Low
INIT-0055,Cartridges Initiative 10,Industrial,Cartridges,EMEA,PMM_14,Medium,Growth,2025Q3,Month3,282514.71,289804.45,95,95.2,8,71.8,29.3,92.2,Low
INIT-0055,Cartridges Initiative 10,Industrial,Cartridges,EMEA,PMM_14,Medium,Growth,2025Q4,Month1,315329.43,317260.25,95,96.1,15,84.8,26.0,97.9,Low
INIT-0055,Cartridges Initiative 10,Industrial,Cartridges,EMEA,PMM_14,Medium,Growth,2025Q4,Month2,291965.59,296888.63,95,90.1,24,75.3,31.0,81.6,Low
INIT-0055,Cartridges Initiative 10,Industrial,Cartridges,EMEA,PMM_14,Medium,Growth,2025Q4,Month3,299700.71,310684.74,95,96.8,19,72.6,25.0,106.9,Low
INIT-0056,Membranes Initiative 11,Industrial,Membranes,APAC,PMM_17,Medium,Mature,2024Q1,Month1,226882.43,224149.61,95,92.7,9,67.8,27.1,97.7,Low
INIT-0056,Membranes Initiative 11,Industrial,Membranes,APAC,PMM_17,Medium,Mature,2024Q1,Month2,222877.29,219111.72,95,94.7,18,81.0,28.8,104.4,Low
INIT-0056,Membranes Initiative 11,Industrial,Membranes,APAC,PMM_17,Medium,Mature,2024Q1,Month3,222446.55,222573.82,95,96.1,15,76.5,27.4,98.6,Low
INIT-0056,Membranes Initiative 11,Industrial,Membranes,APAC,PMM_17,Medium,Mature,2024Q2,Month1,228132.87,236381.54,95,92.8,18,79.7,31.8,87.0,Low
INIT-0056,Membranes Initiative 11,Industrial,Membranes,APAC,PMM_17,Medium,Mature,2024Q2,Month2,220514.83,223159.26,95,96.3,23,88.3,31.2,88.5,Low
INIT-0056,Membranes Initiative 11,Industrial,Membranes,APAC,PMM_17,Medium,Mature,2024Q2,Month3,223926.56,232642.32,95,94.5,20,75.4,31.6,74.4,Low
INIT-0056,Membranes Initiative 11,Industrial,Membranes,APAC,PMM_17,Medium,Mature,2024Q3,Month1,241271.71,244147.26,95,96.6,17,89.1,31.3,90.5,Low
INIT-0056,Membranes Initiative 11,Industrial,Membranes,APAC,PMM_17,Medium,Mature,2024Q3,Month2,233902.11,230364.75,95,96.5,21,96.6,33.2,99.9,Low
INIT-0056,Membranes Initiative 11,Industrial,Membranes,APAC,PMM_17,Medium,Mature,2024Q3,Month3,230882.29,234914.77,95,95.4,22,71.2,28.7,94.9,Low
INIT-0056,Membranes Initiative 11,Industrial,Membranes,APAC,PMM_17,Medium,Mature,2024Q4,Month1,228908.74,225856.44,95,92.6,13,71.1,36.0,85.6,Low
INIT-0056,Membranes Initiative 11,Industrial,Membranes,APAC,PMM_17,Medium,Mature,2024Q4,Month2,231856.38,228943.42,95,93.8,13,75.6,25.2,110.0,Low
INIT-0056,Membranes Initiative 11,Industrial,Membranes,APAC,PMM_17,Medium,Mature,2024Q4,Month3,236864.92,245982.4,95,95.4,24,69.3,32.3,97.7,Low
INIT-0056,Membranes Initiative 11,Industrial,Membranes,APAC,PMM_17,Medium,Mature,2025Q1,Month1,232208.36,239498.38,95,92.2,20,84.4,28.6,87.7,Low
INIT-0056,Membranes Initiative 11,Industrial,Membranes,APAC,PMM_17,Medium,Mature,2025Q1,Month2,224457.58,226034.72,95,96.2,21,84.4,31.5,110.0,Low
INIT-0056,Membranes Initiative 11,Industrial,Membranes,APAC,PMM_17,Medium,Mature,2025Q1,Month3,239539.41,237085.98,95,95.7,16,69.6,29.5,84.9,Low
INIT-0056,Membranes Initiative 11,Industrial,Membranes,APAC,PMM_17,Medium,Mature,2025Q2,Month1,227141.86,227642.36,95,96.8,16,77.7,31.1,78.3,Low
INIT-0056,Membranes Initiative 11,Industrial,Membranes,APAC,PMM_17,Medium,Mature,2025Q2,Month2,238388.47,234325.74,95,96.3,17,73.5,32.8,94.1,Low
INIT-0056,Membranes Initiative 11,Industrial,Membranes,APAC,PMM_17,Medium,Mature,2025Q2,Month3,229952.6,237041.91,95,93.0,15,72.8,30.4,93.4,Low
INIT-0056,Membranes Initiative 11,Industrial,Membranes,APAC,PMM_17,Medium,Mature,2025Q3,Month1,236685.8,242628.5,95,95.1,9,74.9,32.8,90.1,Low
INIT-0056,Membranes Initiative 11,Industrial,Membranes,APAC,PMM_17,Medium,Mature,2025Q3,Month2,236189.18,238095.74,95,92.8,16,89.8,24.3,103.3,Low
INIT-0056,Membranes Initiative 11,Industrial,Membranes,APAC,PMM_17,Medium,Mature,2025Q3,Month3,236851.41,234604.51,95,97.8,13,83.0,32.5,88.7,Low
INIT-0056,Membranes Initiative 11,Industrial,Membranes,APAC,PMM_17,Medium,Mature,2025Q4,Month1,262302.17,262044.25,95,94.4,15,77.2,33.5,99.6,Low
INIT-0056,Membranes Initiative 11,Industrial,Membranes,APAC,PMM_17,Medium,Mature,2025Q4,Month2,239755.66,241128.28,95,93.4,14,75.0,30.7,95.5,Low
INIT-0056,Membranes Initiative 11,Industrial,Membranes,APAC,PMM_17,Medium,Mature,2025Q4,Month3,244219.93,251596.01,95,93.0,20,74.8,33.6,83.9,Low
INIT-0057,Gas Filters Initiative 12,Industrial,Gas Filters,APAC,PMM_12,Medium,Launch,2024Q1,Month1,269452.59,257078.94,95,82.9,62,65.4,30.4,79.4,Medium
INIT-0057,Gas Filters Initiative 12,Industrial,Gas Filters,APAC,PMM_12,Medium,Launch,2024Q1,Month2,280373.84,237631.02,95,86.2,30,57.6,34.4,97.7,Medium
INIT-0057,Gas Filters Initiative 12,Industrial,Gas Filters,APAC,PMM_12,Medium,Launch,2024Q1,Month3,284228.08,239431.38,95,87.8,41,67.4,32.2,92.5,Medium
INIT-0057,Gas Filters Initiative 12,Industrial,Gas Filters,APAC,PMM_12,Medium,Launch,2024Q2,Month1,296113.66,266646.65,95,80.8,67,71.7,35.5,99.9,Medium
INIT-0057,Gas Filters Initiative 12,Industrial,Gas Filters,APAC,PMM_12,Medium,Launch,2024Q2,Month2,310818.93,272338.17,95,84.0,43,51.0,24.1,83.1,Medium
INIT-0057,Gas Filters Initiative 12,Industrial,Gas Filters,APAC,PMM_12,Medium,Launch,2024Q2,Month3,311631.16,287123.8,95,84.6,37,52.3,29.6,92.4,Medium
INIT-0057,Gas Filters Initiative 12,Industrial,Gas Filters,APAC,PMM_12,Medium,Launch,2024Q3,Month1,325232.63,270075.23,95,84.7,50,39.0,28.8,97.8,Medium
INIT-0057,Gas Filters Initiative 12,Industrial,Gas Filters,APAC,PMM_12,Medium,Launch,2024Q3,Month2,332309.31,301174.29,95,83.9,61,68.4,32.1,89.7,Medium
INIT-0057,Gas Filters Initiative 12,Industrial,Gas Filters,APAC,PMM_12,Medium,Launch,2024Q3,Month3,308929.03,264652.26,95,84.6,42,73.0,28.0,98.2,Medium
INIT-0057,Gas Filters Initiative 12,Industrial,Gas Filters,APAC,PMM_12,Medium,Launch,2024Q4,Month1,364362.08,346339.56,95,89.7,77,50.4,27.9,82.3,Medium
INIT-0057,Gas Filters Initiative 12,Industrial,Gas Filters,APAC,PMM_12,Medium,Launch,2024Q4,Month2,356868.32,330602.67,95,85.1,75,51.6,31.0,93.8,Medium
INIT-0057,Gas Filters Initiative 12,Industrial,Gas Filters,APAC,PMM_12,Medium,Launch,2024Q4,Month3,338543.19,309373.26,95,85.8,50,34.2,25.7,100.4,Medium
INIT-0057,Gas Filters Initiative 12,Industrial,Gas Filters,APAC,PMM_12,Medium,Launch,2025Q1,Month1,383878.24,347454.32,95,89.0,52,56.9,27.4,104.1,Medium
INIT-0057,Gas Filters Initiative 12,Industrial,Gas Filters,APAC,PMM_12,Medium,Launch,2025Q1,Month2,359109.37,295890.7,95,84.4,49,52.4,32.7,100.8,Medium
INIT-0057,Gas Filters Initiative 12,Industrial,Gas Filters,APAC,PMM_12,Medium,Launch,2025Q1,Month3,367033.88,335569.83,95,90.6,78,44.2,29.0,103.7,Medium
INIT-0057,Gas Filters Initiative 12,Industrial,Gas Filters,APAC,PMM_12,Medium,Launch,2025Q2,Month1,389822.29,340223.37,95,83.3,42,40.9,23.8,98.4,Medium
INIT-0057,Gas Filters Initiative 12,Industrial,Gas Filters,APAC,PMM_12,Medium,Launch,2025Q2,Month2,395185.22,370388.42,95,89.9,74,68.8,30.2,101.4,Medium
INIT-0057,Gas Filters Initiative 12,Industrial,Gas Filters,APAC,PMM_12,Medium,Launch,2025Q2,Month3,401334.32,333177.92,95,85.8,63,56.8,33.3,95.8,High
INIT-0057,Gas Filters Initiative 12,Industrial,Gas Filters,APAC,PMM_12,Medium,Launch,2025Q3,Month1,438295.97,417159.7,95,81.1,30,54.3,33.6,81.5,Medium
INIT-0057,Gas Filters Initiative 12,Industrial,Gas Filters,APAC,PMM_12,Medium,Launch,2025Q3,Month2,427871.95,351609.32,95,90.6,49,55.1,26.3,86.6,Medium
INIT-0057,Gas Filters Initiative 12,Industrial,Gas Filters,APAC,PMM_12,Medium,Launch,2025Q3,Month3,426114.04,380523.42,95,85.3,34,50.5,21.3,86.7,Medium
INIT-0057,Gas Filters Initiative 12,Industrial,Gas Filters,APAC,PMM_12,Medium,Launch,2025Q4,Month1,431080.07,359538.07,95,80.2,49,58.0,23.7,90.5,Medium
INIT-0057,Gas Filters Initiative 12,Industrial,Gas Filters,APAC,PMM_12,Medium,Launch,2025Q4,Month2,431398.85,390886.52,95,86.7,73,50.2,29.4,92.7,Medium
INIT-0057,Gas Filters Initiative 12,Industrial,Gas Filters,APAC,PMM_12,Medium,Launch,2025Q4,Month3,455565.39,436835.0,95,85.0,35,50.9,30.8,86.8,Medium
INIT-0058,Membranes Initiative 13,Industrial,Membranes,North America,PMM_06,High,Mature,2024Q1,Month1,107168.32,108465.53,95,97.5,4,61.4,32.6,102.8,Low
INIT-0058,Membranes Initiative 13,Industrial,Membranes,North America,PMM_06,High,Mature,2024Q1,Month2,108993.43,108396.73,95,100.1,4,100.0,28.9,105.1,Low
INIT-0058,Membranes Initiative 13,Industrial,Membranes,North America,PMM_06,High,Mature,2024Q1,Month3,101022.83,102932.4,95,97.0,1,81.3,29.0,95.5,Low
INIT-0058,Membranes Initiative 13,Industrial,Membranes,North America,PMM_06,High,Mature,2024Q2,Month1,112184.14,111380.38,95,97.0,2,89.8,33.0,85.8,Low
INIT-0058,Membranes Initiative 13,Industrial,Membranes,North America,PMM_06,High,Mature,2024Q2,Month2,113484.19,113799.76,95,98.0,5,95.1,26.1,90.4,Low
INIT-0058,Membranes Initiative 13,Industrial,Membranes,North America,PMM_06,High,Mature,2024Q2,Month3,115893.01,117741.57,95,98.5,10,80.8,31.7,90.8,Low
INIT-0058,Membranes Initiative 13,Industrial,Membranes,North America,PMM_06,High,Mature,2024Q3,Month1,111619.01,111221.58,95,98.8,11,85.7,34.5,83.1,Low
INIT-0058,Membranes Initiative 13,Industrial,Membranes,North America,PMM_06,High,Mature,2024Q3,Month2,111271.8,111848.11,95,98.5,4,91.5,31.4,91.5,Low
INIT-0058,Membranes Initiative 13,Industrial,Membranes,North America,PMM_06,High,Mature,2024Q3,Month3,109303.99,112299.41,95,99.0,7,82.5,26.3,91.0,Low
INIT-0058,Membranes Initiative 13,Industrial,Membranes,North America,PMM_06,High,Mature,2024Q4,Month1,109393.85,108518.81,95,99.0,6,81.5,32.9,88.6,Low
INIT-0058,Membranes Initiative 13,Industrial,Membranes,North America,PMM_06,High,Mature,2024Q4,Month2,117941.57,121329.09,95,99.2,1,83.6,26.7,88.5,Low
INIT-0058,Membranes Initiative 13,Industrial,Membranes,North America,PMM_06,High,Mature,2024Q4,Month3,110961.59,111362.68,95,98.4,3,84.2,29.7,103.7,Low
INIT-0058,Membranes Initiative 13,Industrial,Membranes,North America,PMM_06,High,Mature,2025Q1,Month1,116328.58,114352.48,95,97.4,3,80.8,29.1,81.3,Low
INIT-0058,Membranes Initiative 13,Industrial,Membranes,North America,PMM_06,High,Mature,2025Q1,Month2,121121.38,121387.87,95,96.1,2,69.1,30.6,94.6,Low
INIT-0058,Membranes Initiative 13,Industrial,Membranes,North America,PMM_06,High,Mature,2025Q1,Month3,112020.89,113980.69,95,98.4,0,74.4,30.7,94.8,Low
INIT-0058,Membranes Initiative 13,Industrial,Membranes,North America,PMM_06,High,Mature,2025Q2,Month1,113356.83,117608.95,95,99.2,3,61.5,31.2,93.3,Low
INIT-0058,Membranes Initiative 13,Industrial,Membranes,North America,PMM_06,High,Mature,2025Q2,Month2,121072.37,121424.78,95,99.9,6,80.7,25.0,109.5,Low
INIT-0058,Membranes Initiative 13,Industrial,Membranes,North America,PMM_06,High,Mature,2025Q2,Month3,116788.58,115762.28,95,98.5,11,83.2,27.8,94.9,Low
INIT-0058,Membranes Initiative 13,Industrial,Membranes,North America,PMM_06,High,Mature,2025Q3,Month1,119533.16,118166.55,95,96.7,11,79.8,27.1,87.3,Low
INIT-0058,Membranes Initiative 13,Industrial,Membranes,North America,PMM_06,High,Mature,2025Q3,Month2,124433.02,126914.27,95,97.6,8,90.5,25.0,108.2,Low
INIT-0058,Membranes Initiative 13,Industrial,Membranes,North America,PMM_06,High,Mature,2025Q3,Month3,119427.66,121709.69,95,97.9,10,76.8,28.0,80.9,Low
INIT-0058,Membranes Initiative 13,Industrial,Membranes,North America,PMM_06,High,Mature,2025Q4,Month1,122172.97,124233.37,95,97.9,11,63.3,28.7,89.5,Low
INIT-0058,Membranes Initiative 13,Industrial,Membranes,North America,PMM_06,High,Mature,2025Q4,Month2,118461.72,116394.74,95,98.2,11,92.5,29.4,110.0,Low
INIT-0058,Membranes Initiative 13,Industrial,Membranes,North America,PMM_06,High,Mature,2025Q4,Month3,128245.59,127422.23,95,98.4,3,66.2,24.9,87.2,Low
INIT-0059,Gas Filters Initiative 14,Industrial,Gas Filters,APAC,PMM_03,High,Launch,2024Q1,Month1,152415.11,129507.51,95,86.3,50,32.6,33.1,86.8,Medium
INIT-0059,Gas Filters Initiative 14,Industrial,Gas Filters,APAC,PMM_03,High,Launch,2024Q1,Month2,150953.02,141810.64,95,89.6,64,54.0,27.5,97.5,Medium
INIT-0059,Gas Filters Initiative 14,Industrial,Gas Filters,APAC,PMM_03,High,Launch,2024Q1,Month3,150020.84,129810.01,95,81.3,36,46.4,28.8,96.4,Medium
INIT-0059,Gas Filters Initiative 14,Industrial,Gas Filters,APAC,PMM_03,High,Launch,2024Q2,Month1,172034.58,148439.72,95,88.6,67,75.5,30.3,91.8,Medium
INIT-0059,Gas Filters Initiative 14,Industrial,Gas Filters,APAC,PMM_03,High,Launch,2024Q2,Month2,169128.44,140581.74,95,90.9,78,69.6,30.2,82.5,High
INIT-0059,Gas Filters Initiative 14,Industrial,Gas Filters,APAC,PMM_03,High,Launch,2024Q2,Month3,174468.31,164817.27,95,83.9,30,30.1,31.2,90.2,Medium
INIT-0059,Gas Filters Initiative 14,Industrial,Gas Filters,APAC,PMM_03,High,Launch,2024Q3,Month1,192033.41,162549.06,95,82.7,57,62.4,24.3,78.8,Medium
INIT-0059,Gas Filters Initiative 14,Industrial,Gas Filters,APAC,PMM_03,High,Launch,2024Q3,Month2,177610.06,151986.68,95,85.1,72,39.7,33.3,104.4,High
INIT-0059,Gas Filters Initiative 14,Industrial,Gas Filters,APAC,PMM_03,High,Launch,2024Q3,Month3,185535.08,154759.34,95,82.9,54,64.3,31.1,83.1,Medium
INIT-0059,Gas Filters Initiative 14,Industrial,Gas Filters,APAC,PMM_03,High,Launch,2024Q4,Month1,198559.71,181804.26,95,86.2,74,54.6,33.0,85.5,Medium
INIT-0059,Gas Filters Initiative 14,Industrial,Gas Filters,APAC,PMM_03,High,Launch,2024Q4,Month2,193090.31,182722.74,95,83.7,28,60.4,29.1,95.0,Medium
INIT-0059,Gas Filters Initiative 14,Industrial,Gas Filters,APAC,PMM_03,High,Launch,2024Q4,Month3,196316.69,164325.96,95,85.7,40,46.4,30.5,84.9,Medium
INIT-0059,Gas Filters Initiative 14,Industrial,Gas Filters,APAC,PMM_03,High,Launch,2025Q1,Month1,198905.48,186548.32,95,81.5,57,46.7,28.0,97.0,Medium
INIT-0059,Gas Filters Initiative 14,Industrial,Gas Filters,APAC,PMM_03,High,Launch,2025Q1,Month2,208754.75,189461.2,95,85.2,51,58.6,28.3,106.4,Medium
INIT-0059,Gas Filters Initiative 14,Industrial,Gas Filters,APAC,PMM_03,High,Launch,2025Q1,Month3,206974.06,183359.65,95,86.9,30,61.2,23.0,97.2,Medium
INIT-0059,Gas Filters Initiative 14,Industrial,Gas Filters,APAC,PMM_03,High,Launch,2025Q2,Month1,218203.68,186902.22,95,81.5,62,56.5,30.0,94.6,High
INIT-0059,Gas Filters Initiative 14,Industrial,Gas Filters,APAC,PMM_03,High,Launch,2025Q2,Month2,233450.42,212033.46,95,85.6,53,44.3,27.6,97.5,Medium
INIT-0059,Gas Filters Initiative 14,Industrial,Gas Filters,APAC,PMM_03,High,Launch,2025Q2,Month3,227769.2,197039.61,95,88.0,35,52.7,27.3,97.6,Medium
INIT-0059,Gas Filters Initiative 14,Industrial,Gas Filters,APAC,PMM_03,High,Launch,2025Q3,Month1,255093.77,229456.18,95,84.2,74,44.9,24.7,88.4,Medium
INIT-0059,Gas Filters Initiative 14,Industrial,Gas Filters,APAC,PMM_03,High,Launch,2025Q3,Month2,252192.4,209252.36,95,90.5,62,50.0,24.6,88.9,Medium
INIT-0059,Gas Filters Initiative 14,Industrial,Gas Filters,APAC,PMM_03,High,Launch,2025Q3,Month3,240816.2,214503.6,95,88.3,72,61.4,31.1,102.6,Medium
INIT-0059,Gas Filters Initiative 14,Industrial,Gas Filters,APAC,PMM_03,High,Launch,2025Q4,Month1,263363.27,227802.84,95,90.0,53,30.7,33.6,108.7,Medium
INIT-0059,Gas Filters Initiative 14,Industrial,Gas Filters,APAC,PMM_03,High,Launch,2025Q4,Month2,270833.35,250642.17,95,90.2,31,50.6,29.0,99.8,Medium
INIT-0059,Gas Filters Initiative 14,Industrial,Gas Filters,APAC,PMM_03,High,Launch,2025Q4,Month3,267336.65,243155.07,95,83.6,51,53.5,32.1,84.6,Medium
INIT-0060,Cartridges Initiative 15,Industrial,Cartridges,APAC,PMM_06,Medium,Mature,2024Q1,Month1,119789.76,118378.39,95,95.3,24,84.0,28.2,90.7,Low
INIT-0060,Cartridges Initiative 15,Industrial,Cartridges,APAC,PMM_06,Medium,Mature,2024Q1,Month2,118674.37,118554.71,95,95.1,16,94.9,26.9,93.1,Low
INIT-0060,Cartridges Initiative 15,Industrial,Cartridges,APAC,PMM_06,Medium,Mature,2024Q1,Month3,119453.71,120827.88,95,92.6,14,66.6,31.2,105.9,Low
INIT-0060,Cartridges Initiative 15,Industrial,Cartridges,APAC,PMM_06,Medium,Mature,2024Q2,Month1,120415.95,119581.22,95,94.2,14,78.5,30.2,92.2,Low
INIT-0060,Cartridges Initiative 15,Industrial,Cartridges,APAC,PMM_06,Medium,Mature,2024Q2,Month2,129205.15,133992.5,95,94.8,16,86.9,35.3,81.1,Low
INIT-0060,Cartridges Initiative 15,Industrial,Cartridges,APAC,PMM_06,Medium,Mature,2024Q2,Month3,128757.57,126914.57,95,94.6,18,77.5,29.1,91.4,Low
INIT-0060,Cartridges Initiative 15,Industrial,Cartridges,APAC,PMM_06,Medium,Mature,2024Q3,Month1,119555.41,122854.99,95,93.5,13,75.1,31.2,84.9,Low
INIT-0060,Cartridges Initiative 15,Industrial,Cartridges,APAC,PMM_06,Medium,Mature,2024Q3,Month2,125084.48,125835.15,95,94.6,12,73.6,31.8,93.4,Low
INIT-0060,Cartridges Initiative 15,Industrial,Cartridges,APAC,PMM_06,Medium,Mature,2024Q3,Month3,121110.98,122951.3,95,95.1,13,72.1,23.2,82.1,Low
INIT-0060,Cartridges Initiative 15,Industrial,Cartridges,APAC,PMM_06,Medium,Mature,2024Q4,Month1,132667.87,130975.19,95,95.7,18,74.9,30.8,79.0,Low
INIT-0060,Cartridges Initiative 15,Industrial,Cartridges,APAC,PMM_06,Medium,Mature,2024Q4,Month2,133142.21,134113.4,95,93.6,16,82.9,28.4,91.2,Low
INIT-0060,Cartridges Initiative 15,Industrial,Cartridges,APAC,PMM_06,Medium,Mature,2024Q4,Month3,135125.45,135517.66,95,96.4,18,83.4,28.0,92.7,Low
INIT-0060,Cartridges Initiative 15,Industrial,Cartridges,APAC,PMM_06,Medium,Mature,2025Q1,Month1,127449.03,129432.94,95,97.1,16,94.5,29.5,85.3,Low
INIT-0060,Cartridges Initiative 15,Industrial,Cartridges,APAC,PMM_06,Medium,Mature,2025Q1,Month2,132035.59,130196.21,95,94.1,11,80.3,26.4,88.0,Low
INIT-0060,Cartridges Initiative 15,Industrial,Cartridges,APAC,PMM_06,Medium,Mature,2025Q1,Month3,132269.11,131936.63,95,94.5,13,69.4,28.7,95.6,Low
INIT-0060,Cartridges Initiative 15,Industrial,Cartridges,APAC,PMM_06,Medium,Mature,2025Q2,Month1,138754.64,140613.6,95,92.9,18,91.1,29.8,96.5,Low
INIT-0060,Cartridges Initiative 15,Industrial,Cartridges,APAC,PMM_06,Medium,Mature,2025Q2,Month2,133125.53,134097.43,95,94.1,9,79.7,29.7,79.7,Low
INIT-0060,Cartridges Initiative 15,Industrial,Cartridges,APAC,PMM_06,Medium,Mature,2025Q2,Month3,131635.53,131739.14,95,97.1,12,78.9,31.5,101.7,Low
INIT-0060,Cartridges Initiative 15,Industrial,Cartridges,APAC,PMM_06,Medium,Mature,2025Q3,Month1,131397.32,136437.02,95,94.5,21,93.2,30.3,83.8,Low
INIT-0060,Cartridges Initiative 15,Industrial,Cartridges,APAC,PMM_06,Medium,Mature,2025Q3,Month2,136365.91,140854.97,95,96.3,15,72.9,30.1,96.2,Low
INIT-0060,Cartridges Initiative 15,Industrial,Cartridges,APAC,PMM_06,Medium,Mature,2025Q3,Month3,135941.63,137680.44,95,97.0,6,89.1,30.0,90.8,Low
INIT-0060,Cartridges Initiative 15,Industrial,Cartridges,APAC,PMM_06,Medium,Mature,2025Q4,Month1,137823.57,140524.28,95,93.7,14,75.1,29.7,106.7,Low
INIT-0060,Cartridges Initiative 15,Industrial,Cartridges,APAC,PMM_06,Medium,Mature,2025Q4,Month2,133444.0,137772.91,95,95.7,8,74.7,31.7,94.2,Low
INIT-0060,Cartridges Initiative 15,Industrial,Cartridges,APAC,PMM_06,Medium,Mature,2025Q4,Month3,135448.61,139973.45,95,96.1,20,88.3,27.7,79.2,Low
INIT-0061,Membranes Initiative 16,Industrial,Membranes,APAC,PMM_03,Low,Growth,2024Q1,Month1,248111.45,249458.86,95,93.0,18,63.5,34.9,97.5,Low
INIT-0061,Membranes Initiative 16,Industrial,Membranes,APAC,PMM_03,Low,Growth,2024Q1,Month2,252990.68,242770.65,95,93.8,35,59.4,28.2,93.4,Medium
INIT-0061,Membranes Initiative 16,Industrial,Membranes,APAC,PMM_03,Low,Growth,2024Q1,Month3,244430.15,253607.21,95,93.9,45,75.5,29.4,96.2,Low
INIT-0061,Membranes Initiative 16,Industrial,Membranes,APAC,PMM_03,Low,Growth,2024Q2,Month1,272763.64,289245.35,95,92.6,22,86.9,26.9,90.8,Low
INIT-0061,Membranes Initiative 16,Industrial,Membranes,APAC,PMM_03,Low,Growth,2024Q2,Month2,270811.57,269326.51,95,93.2,43,83.0,26.8,94.1,Medium
INIT-0061,Membranes Initiative 16,Industrial,Membranes,APAC,PMM_03,Low,Growth,2024Q2,Month3,283418.21,278002.3,95,95.6,19,67.6,34.2,98.7,Low
INIT-0061,Membranes Initiative 16,Industrial,Membranes,APAC,PMM_03,Low,Growth,2024Q3,Month1,321356.88,335696.23,95,89.0,30,77.1,27.8,98.1,Low
INIT-0061,Membranes Initiative 16,Industrial,Membranes,APAC,PMM_03,Low,Growth,2024Q3,Month2,305039.41,325821.77,95,91.0,20,75.3,29.2,85.0,Low
INIT-0061,Membranes Initiative 16,Industrial,Membranes,APAC,PMM_03,Low,Growth,2024Q3,Month3,331111.61,357163.26,95,93.8,25,76.5,31.5,89.1,Low
INIT-0061,Membranes Initiative 16,Industrial,Membranes,APAC,PMM_03,Low,Growth,2024Q4,Month1,371183.75,354369.07,95,92.9,33,74.1,30.4,101.5,Medium
INIT-0061,Membranes Initiative 16,Industrial,Membranes,APAC,PMM_03,Low,Growth,2024Q4,Month2,363017.44,380096.8,95,94.5,28,77.1,30.0,87.3,Low
INIT-0061,Membranes Initiative 16,Industrial,Membranes,APAC,PMM_03,Low,Growth,2024Q4,Month3,359013.8,355037.25,95,91.4,26,70.5,31.3,107.9,Low
INIT-0061,Membranes Initiative 16,Industrial,Membranes,APAC,PMM_03,Low,Growth,2025Q1,Month1,425310.52,434083.56,95,92.9,43,75.4,33.5,83.4,Low
INIT-0061,Membranes Initiative 16,Industrial,Membranes,APAC,PMM_03,Low,Growth,2025Q1,Month2,422208.42,409360.75,95,93.9,33,82.8,28.4,92.7,Low
INIT-0061,Membranes Initiative 16,Industrial,Membranes,APAC,PMM_03,Low,Growth,2025Q1,Month3,423309.32,415686.47,95,90.4,23,71.5,32.7,101.8,Low
INIT-0061,Membranes Initiative 16,Industrial,Membranes,APAC,PMM_03,Low,Growth,2025Q2,Month1,488741.34,489956.01,95,93.6,41,61.3,32.8,83.2,Low
INIT-0061,Membranes Initiative 16,Industrial,Membranes,APAC,PMM_03,Low,Growth,2025Q2,Month2,473826.21,460585.58,95,91.3,40,83.4,34.3,84.5,Medium
INIT-0061,Membranes Initiative 16,Industrial,Membranes,APAC,PMM_03,Low,Growth,2025Q2,Month3,508909.47,543452.47,95,93.5,22,69.4,29.5,88.3,Low
INIT-0061,Membranes Initiative 16,Industrial,Membranes,APAC,PMM_03,Low,Growth,2025Q3,Month1,574317.12,598803.21,95,92.7,38,76.7,28.9,91.6,Low
INIT-0061,Membranes Initiative 16,Industrial,Membranes,APAC,PMM_03,Low,Growth,2025Q3,Month2,569005.06,580679.88,95,91.6,33,69.3,31.7,94.1,Low
INIT-0061,Membranes Initiative 16,Industrial,Membranes,APAC,PMM_03,Low,Growth,2025Q3,Month3,556369.3,540956.03,95,90.7,33,89.5,24.3,100.0,Medium
INIT-0061,Membranes Initiative 16,Industrial,Membranes,APAC,PMM_03,Low,Growth,2025Q4,Month1,653665.17,701968.45,95,90.0,20,89.8,30.2,93.4,Low
INIT-0061,Membranes Initiative 16,Industrial,Membranes,APAC,PMM_03,Low,Growth,2025Q4,Month2,636582.06,655295.86,95,91.2,44,72.2,24.7,109.9,Low
INIT-0061,Membranes Initiative 16,Industrial,Membranes,APAC,PMM_03,Low,Growth,2025Q4,Month3,619133.49,631450.71,95,92.0,44,56.0,30.6,80.6,Low
INIT-0062,Membranes Initiative 17,Industrial,Membranes,EMEA,PMM_02,Medium,Mature,2024Q1,Month1,207358.79,208032.68,95,98.4,7,86.8,36.3,99.4,Low
INIT-0062,Membranes Initiative 17,Industrial,Membranes,EMEA,PMM_02,Medium,Mature,2024Q1,Month2,217438.65,224167.99,95,98.7,4,59.1,28.7,100.4,Low
INIT-0062,Membranes Initiative 17,Industrial,Membranes,EMEA,PMM_02,Medium,Mature,2024Q1,Month3,200759.91,197720.58,95,97.3,5,82.7,28.0,100.3,Low
INIT-0062,Membranes Initiative 17,Industrial,Membranes,EMEA,PMM_02,Medium,Mature,2024Q2,Month1,204734.63,207296.31,95,97.0,6,59.7,31.9,82.5,Low
INIT-0062,Membranes Initiative 17,Industrial,Membranes,EMEA,PMM_02,Medium,Mature,2024Q2,Month2,217218.26,215092.56,95,95.3,10,77.6,28.5,100.9,Low
INIT-0062,Membranes Initiative 17,Industrial,Membranes,EMEA,PMM_02,Medium,Mature,2024Q2,Month3,215866.96,214644.23,95,96.4,11,65.5,31.6,78.7,Low
INIT-0062,Membranes Initiative 17,Industrial,Membranes,EMEA,PMM_02,Medium,Mature,2024Q3,Month1,205803.81,207026.46,95,98.4,4,82.9,30.6,98.2,Low
INIT-0062,Membranes Initiative 17,Industrial,Membranes,EMEA,PMM_02,Medium,Mature,2024Q3,Month2,219729.97,222312.84,95,98.8,8,67.5,25.0,83.6,Low
INIT-0062,Membranes Initiative 17,Industrial,Membranes,EMEA,PMM_02,Medium,Mature,2024Q3,Month3,208427.19,207668.07,95,97.5,0,58.1,30.2,91.8,Low
INIT-0062,Membranes Initiative 17,Industrial,Membranes,EMEA,PMM_02,Medium,Mature,2024Q4,Month1,227378.58,227563.08,95,98.3,6,79.8,27.5,101.3,Low
INIT-0062,Membranes Initiative 17,Industrial,Membranes,EMEA,PMM_02,Medium,Mature,2024Q4,Month2,222386.1,230730.44,95,97.9,5,73.0,27.1,94.9,Low
INIT-0062,Membranes Initiative 17,Industrial,Membranes,EMEA,PMM_02,Medium,Mature,2024Q4,Month3,223347.34,226937.46,95,96.3,9,66.3,28.6,83.5,Low
INIT-0062,Membranes Initiative 17,Industrial,Membranes,EMEA,PMM_02,Medium,Mature,2025Q1,Month1,220247.43,227459.15,95,98.2,7,61.9,27.8,93.5,Low
INIT-0062,Membranes Initiative 17,Industrial,Membranes,EMEA,PMM_02,Medium,Mature,2025Q1,Month2,212873.37,209413.23,95,97.2,9,62.3,32.0,94.0,Low
INIT-0062,Membranes Initiative 17,Industrial,Membranes,EMEA,PMM_02,Medium,Mature,2025Q1,Month3,218745.22,215588.88,95,98.4,9,63.1,30.3,102.0,Low
INIT-0062,Membranes Initiative 17,Industrial,Membranes,EMEA,PMM_02,Medium,Mature,2025Q2,Month1,230454.32,232264.82,95,97.2,1,79.4,33.4,98.6,Low
INIT-0062,Membranes Initiative 17,Industrial,Membranes,EMEA,PMM_02,Medium,Mature,2025Q2,Month2,218663.72,215645.72,95,95.9,9,77.0,25.8,93.3,Low
INIT-0062,Membranes Initiative 17,Industrial,Membranes,EMEA,PMM_02,Medium,Mature,2025Q2,Month3,231540.14,239797.49,95,96.4,8,87.7,26.0,82.6,Low
INIT-0062,Membranes Initiative 17,Industrial,Membranes,EMEA,PMM_02,Medium,Mature,2025Q3,Month1,227025.66,235574.32,95,97.6,7,72.4,27.2,101.0,Low
INIT-0062,Membranes Initiative 17,Industrial,Membranes,EMEA,PMM_02,Medium,Mature,2025Q3,Month2,231013.1,237210.34,95,98.0,7,78.3,29.3,96.0,Low
INIT-0062,Membranes Initiative 17,Industrial,Membranes,EMEA,PMM_02,Medium,Mature,2025Q3,Month3,227077.12,226737.7,95,96.5,7,84.7,35.5,103.7,Low
INIT-0062,Membranes Initiative 17,Industrial,Membranes,EMEA,PMM_02,Medium,Mature,2025Q4,Month1,231685.52,230677.71,95,97.0,1,54.7,31.1,99.2,Low
INIT-0062,Membranes Initiative 17,Industrial,Membranes,EMEA,PMM_02,Medium,Mature,2025Q4,Month2,222111.37,220744.52,95,97.9,3,82.2,34.0,91.0,Low
INIT-0062,Membranes Initiative 17,Industrial,Membranes,EMEA,PMM_02,Medium,Mature,2025Q4,Month3,231110.66,230901.87,95,98.5,3,62.4,26.7,95.2,Low
INIT-0063,Cartridges Initiative 18,Industrial,Cartridges,North America,PMM_16,Medium,Mature,2024Q1,Month1,149770.05,154856.29,95,98.8,8,90.9,32.0,88.2,Low
INIT-0063,Cartridges Initiative 18,Industrial,Cartridges,North America,PMM_16,Medium,Mature,2024Q1,Month2,147205.96,152004.99,95,97.8,3,94.3,33.8,98.7,Low
INIT-0063,Cartridges Initiative 18,Industrial,Cartridges,North America,PMM_16,Medium,Mature,2024Q1,Month3,146022.23,151320.17,95,98.2,0,93.2,30.9,103.1,Low
INIT-0063,Cartridges Initiative 18,Industrial,Cartridges,North America,PMM_16,Medium,Mature,2024Q2,Month1,146848.2,148056.16,95,98.3,3,70.2,33.8,81.4,Low
INIT-0063,Cartridges Initiative 18,Industrial,Cartridges,North America,PMM_16,Medium,Mature,2024Q2,Month2,155904.9,161687.2,95,97.2,0,84.8,32.9,92.7,Low
INIT-0063,Cartridges Initiative 18,Industrial,Cartridges,North America,PMM_16,Medium,Mature,2024Q2,Month3,153193.1,158709.33,95,97.7,4,95.8,31.5,99.1,Low
INIT-0063,Cartridges Initiative 18,Industrial,Cartridges,North America,PMM_16,Medium,Mature,2024Q3,Month1,161206.18,159964.7,95,97.9,1,64.1,30.8,89.8,Low
INIT-0063,Cartridges Initiative 18,Industrial,Cartridges,North America,PMM_16,Medium,Mature,2024Q3,Month2,155322.11,156797.48,95,96.8,10,83.0,28.4,103.0,Low
INIT-0063,Cartridges Initiative 18,Industrial,Cartridges,North America,PMM_16,Medium,Mature,2024Q3,Month3,160150.96,164202.12,95,96.7,8,75.4,32.7,101.7,Low
INIT-0063,Cartridges Initiative 18,Industrial,Cartridges,North America,PMM_16,Medium,Mature,2024Q4,Month1,161161.73,162714.28,95,98.8,6,80.8,30.5,89.1,Low
INIT-0063,Cartridges Initiative 18,Industrial,Cartridges,North America,PMM_16,Medium,Mature,2024Q4,Month2,157385.59,156885.67,95,99.1,0,73.1,26.7,98.1,Low
INIT-0063,Cartridges Initiative 18,Industrial,Cartridges,North America,PMM_16,Medium,Mature,2024Q4,Month3,157974.58,157042.04,95,98.3,3,90.2,30.9,83.1,Low
INIT-0063,Cartridges Initiative 18,Industrial,Cartridges,North America,PMM_16,Medium,Mature,2025Q1,Month1,154829.01,152586.51,95,98.4,4,88.7,29.4,85.7,Low
INIT-0063,Cartridges Initiative 18,Industrial,Cartridges,North America,PMM_16,Medium,Mature,2025Q1,Month2,161868.24,160935.69,95,100.1,2,80.3,29.3,93.9,Low
INIT-0063,Cartridges Initiative 18,Industrial,Cartridges,North America,PMM_16,Medium,Mature,2025Q1,Month3,153753.56,150990.5,95,97.9,8,84.0,31.6,93.6,Low
INIT-0063,Cartridges Initiative 18,Industrial,Cartridges,North America,PMM_16,Medium,Mature,2025Q2,Month1,158227.98,160325.72,95,96.6,1,82.3,30.6,95.7,Low
INIT-0063,Cartridges Initiative 18,Industrial,Cartridges,North America,PMM_16,Medium,Mature,2025Q2,Month2,155299.01,161005.36,95,97.4,3,61.9,37.3,91.0,Low
INIT-0063,Cartridges Initiative 18,Industrial,Cartridges,North America,PMM_16,Medium,Mature,2025Q2,Month3,154498.57,160654.55,95,98.6,2,80.2,33.7,100.3,Low
INIT-0063,Cartridges Initiative 18,Industrial,Cartridges,North America,PMM_16,Medium,Mature,2025Q3,Month1,163545.91,161091.58,95,97.1,2,61.4,25.5,89.0,Low
INIT-0063,Cartridges Initiative 18,Industrial,Cartridges,North America,PMM_16,Medium,Mature,2025Q3,Month2,153731.89,158352.36,95,97.5,4,59.3,33.2,91.3,Low
INIT-0063,Cartridges Initiative 18,Industrial,Cartridges,North America,PMM_16,Medium,Mature,2025Q3,Month3,150593.4,153712.54,95,99.9,9,89.2,30.5,89.7,Low
INIT-0063,Cartridges Initiative 18,Industrial,Cartridges,North America,PMM_16,Medium,Mature,2025Q4,Month1,166184.21,163385.56,95,96.6,8,70.6,35.0,103.0,Low
INIT-0063,Cartridges Initiative 18,Industrial,Cartridges,North America,PMM_16,Medium,Mature,2025Q4,Month2,153650.57,153863.39,95,98.0,8,56.8,33.7,80.3,Low
INIT-0063,Cartridges Initiative 18,Industrial,Cartridges,North America,PMM_16,Medium,Mature,2025Q4,Month3,160456.23,161058.69,95,100.4,10,74.2,25.5,98.3,Low
INIT-0064,Gas Filters Initiative 19,Industrial,Gas Filters,EMEA,PMM_12,Medium,Growth,2024Q1,Month1,329464.46,346138.74,95,90.9,9,77.3,30.7,98.7,Low
INIT-0064,Gas Filters Initiative 19,Industrial,Gas Filters,EMEA,PMM_12,Medium,Growth,2024Q1,Month2,329665.74,323254.98,95,90.2,13,76.1,32.3,90.8,Low
INIT-0064,Gas Filters Initiative 19,Industrial,Gas Filters,EMEA,PMM_12,Medium,Growth,2024Q1,Month3,354222.38,367981.83,95,93.2,29,61.7,33.7,93.3,Low
INIT-0064,Gas Filters Initiative 19,Industrial,Gas Filters,EMEA,PMM_12,Medium,Growth,2024Q2,Month1,378868.5,360833.02,95,96.4,26,72.8,28.9,83.8,Low
INIT-0064,Gas Filters Initiative 19,Industrial,Gas Filters,EMEA,PMM_12,Medium,Growth,2024Q2,Month2,401366.24,427514.12,95,91.6,16,88.4,27.4,102.3,Low
INIT-0064,Gas Filters Initiative 19,Industrial,Gas Filters,EMEA,PMM_12,Medium,Growth,2024Q2,Month3,413446.92,394578.32,95,92.6,27,79.3,24.3,90.7,Low
INIT-0064,Gas Filters Initiative 19,Industrial,Gas Filters,EMEA,PMM_12,Medium,Growth,2024Q3,Month1,467354.71,484921.08,95,93.2,15,72.7,30.4,90.2,Low
INIT-0064,Gas Filters Initiative 19,Industrial,Gas Filters,EMEA,PMM_12,Medium,Growth,2024Q3,Month2,465394.67,496741.92,95,90.2,23,88.2,36.9,102.3,Low
INIT-0064,Gas Filters Initiative 19,Industrial,Gas Filters,EMEA,PMM_12,Medium,Growth,2024Q3,Month3,472113.45,489875.76,95,91.9,12,76.9,27.2,72.9,Low
INIT-0064,Gas Filters Initiative 19,Industrial,Gas Filters,EMEA,PMM_12,Medium,Growth,2024Q4,Month1,514424.25,523460.89,95,92.4,26,76.5,28.4,107.2,Low
INIT-0064,Gas Filters Initiative 19,Industrial,Gas Filters,EMEA,PMM_12,Medium,Growth,2024Q4,Month2,508492.25,522159.73,95,90.0,20,99.4,35.3,85.8,Low
INIT-0064,Gas Filters Initiative 19,Industrial,Gas Filters,EMEA,PMM_12,Medium,Growth,2024Q4,Month3,512533.84,503543.25,95,96.0,14,92.6,34.7,99.3,Low
INIT-0064,Gas Filters Initiative 19,Industrial,Gas Filters,EMEA,PMM_12,Medium,Growth,2025Q1,Month1,621789.32,596541.96,95,93.1,30,86.5,32.4,84.3,Low
INIT-0064,Gas Filters Initiative 19,Industrial,Gas Filters,EMEA,PMM_12,Medium,Growth,2025Q1,Month2,606566.37,601095.76,95,90.4,26,81.0,30.1,101.8,Low
INIT-0064,Gas Filters Initiative 19,Industrial,Gas Filters,EMEA,PMM_12,Medium,Growth,2025Q1,Month3,616581.12,585803.32,95,91.3,31,65.9,21.0,90.7,Medium
INIT-0064,Gas Filters Initiative 19,Industrial,Gas Filters,EMEA,PMM_12,Medium,Growth,2025Q2,Month1,717295.87,689419.13,95,94.0,9,89.0,29.7,93.7,Low
INIT-0064,Gas Filters Initiative 19,Industrial,Gas Filters,EMEA,PMM_12,Medium,Growth,2025Q2,Month2,664785.24,637853.39,95,90.9,27,76.0,33.2,104.0,Low
INIT-0064,Gas Filters Initiative 19,Industrial,Gas Filters,EMEA,PMM_12,Medium,Growth,2025Q2,Month3,667490.96,718907.04,95,96.2,29,82.7,28.8,102.6,Low
INIT-0064,Gas Filters Initiative 19,Industrial,Gas Filters,EMEA,PMM_12,Medium,Growth,2025Q3,Month1,791518.17,775412.0,95,90.9,8,67.5,28.0,89.7,Low
INIT-0064,Gas Filters Initiative 19,Industrial,Gas Filters,EMEA,PMM_12,Medium,Growth,2025Q3,Month2,744108.64,785031.46,95,93.6,12,88.3,28.4,87.2,Low
INIT-0064,Gas Filters Initiative 19,Industrial,Gas Filters,EMEA,PMM_12,Medium,Growth,2025Q3,Month3,757264.55,744032.55,95,92.2,26,74.0,29.0,83.5,Low
INIT-0064,Gas Filters Initiative 19,Industrial,Gas Filters,EMEA,PMM_12,Medium,Growth,2025Q4,Month1,849597.48,816049.48,95,94.6,30,75.8,33.8,102.4,Low
INIT-0064,Gas Filters Initiative 19,Industrial,Gas Filters,EMEA,PMM_12,Medium,Growth,2025Q4,Month2,844856.87,851981.06,95,92.2,27,86.0,24.6,101.0,Low
INIT-0064,Gas Filters Initiative 19,Industrial,Gas Filters,EMEA,PMM_12,Medium,Growth,2025Q4,Month3,864516.76,858165.54,95,91.0,25,85.5,28.6,95.7,Low
INIT-0065,Gas Filters Initiative 20,Industrial,Gas Filters,APAC,PMM_01,Medium,Launch,2024Q1,Month1,324432.36,267253.98,95,81.2,70,64.7,30.2,85.2,High
INIT-0065,Gas Filters Initiative 20,Industrial,Gas Filters,APAC,PMM_01,Medium,Launch,2024Q1,Month2,317063.09,285238.73,95,84.3,34,47.0,27.4,83.7,Medium
INIT-0065,Gas Filters Initiative 20,Industrial,Gas Filters,APAC,PMM_01,Medium,Launch,2024Q1,Month3,333474.36,306555.42,95,83.8,77,42.5,31.4,99.1,Medium
INIT-0065,Gas Filters Initiative 20,Industrial,Gas Filters,APAC,PMM_01,Medium,Launch,2024Q2,Month1,364208.08,347901.18,95,90.1,80,46.4,25.5,86.5,Medium
INIT-0065,Gas Filters Initiative 20,Industrial,Gas Filters,APAC,PMM_01,Medium,Launch,2024Q2,Month2,353269.17,334612.77,95,81.7,33,58.3,26.4,85.2,Medium
INIT-0065,Gas Filters Initiative 20,Industrial,Gas Filters,APAC,PMM_01,Medium,Launch,2024Q2,Month3,360365.08,338001.78,95,87.7,74,46.3,29.8,94.7,Medium
INIT-0065,Gas Filters Initiative 20,Industrial,Gas Filters,APAC,PMM_01,Medium,Launch,2024Q3,Month1,381832.41,323116.01,95,86.4,76,55.7,34.0,107.2,High
INIT-0065,Gas Filters Initiative 20,Industrial,Gas Filters,APAC,PMM_01,Medium,Launch,2024Q3,Month2,389275.87,364523.72,95,81.8,53,61.6,29.9,93.5,Medium
INIT-0065,Gas Filters Initiative 20,Industrial,Gas Filters,APAC,PMM_01,Medium,Launch,2024Q3,Month3,373365.27,342696.26,95,88.7,33,48.9,31.8,105.8,Medium
INIT-0065,Gas Filters Initiative 20,Industrial,Gas Filters,APAC,PMM_01,Medium,Launch,2024Q4,Month1,402690.66,359763.85,95,83.5,60,39.9,26.8,83.2,Medium
INIT-0065,Gas Filters Initiative 20,Industrial,Gas Filters,APAC,PMM_01,Medium,Launch,2024Q4,Month2,430649.2,383303.31,95,88.4,46,47.4,36.7,86.5,Medium
INIT-0065,Gas Filters Initiative 20,Industrial,Gas Filters,APAC,PMM_01,Medium,Launch,2024Q4,Month3,420629.24,358401.43,95,89.7,70,65.3,33.9,82.6,Medium
INIT-0065,Gas Filters Initiative 20,Industrial,Gas Filters,APAC,PMM_01,Medium,Launch,2025Q1,Month1,459325.25,419411.92,95,85.6,59,57.4,31.8,100.7,Medium
INIT-0065,Gas Filters Initiative 20,Industrial,Gas Filters,APAC,PMM_01,Medium,Launch,2025Q1,Month2,475620.35,449630.8,95,84.1,40,62.6,25.8,85.6,Medium
INIT-0065,Gas Filters Initiative 20,Industrial,Gas Filters,APAC,PMM_01,Medium,Launch,2025Q1,Month3,454749.48,424694.14,95,81.3,57,50.6,35.5,108.1,Medium
INIT-0065,Gas Filters Initiative 20,Industrial,Gas Filters,APAC,PMM_01,Medium,Launch,2025Q2,Month1,479779.8,402769.16,95,88.7,57,82.5,30.2,84.1,Medium
INIT-0065,Gas Filters Initiative 20,Industrial,Gas Filters,APAC,PMM_01,Medium,Launch,2025Q2,Month2,515481.33,490109.6,95,84.6,50,49.1,28.7,81.5,Medium
INIT-0065,Gas Filters Initiative 20,Industrial,Gas Filters,APAC,PMM_01,Medium,Launch,2025Q2,Month3,479327.98,443018.12,95,80.1,61,57.4,32.0,84.1,Medium
INIT-0065,Gas Filters Initiative 20,Industrial,Gas Filters,APAC,PMM_01,Medium,Launch,2025Q3,Month1,556514.06,478618.71,95,83.0,57,50.3,27.8,91.6,Medium
INIT-0065,Gas Filters Initiative 20,Industrial,Gas Filters,APAC,PMM_01,Medium,Launch,2025Q3,Month2,522484.94,498584.09,95,90.0,57,54.2,28.6,93.8,Medium
INIT-0065,Gas Filters Initiative 20,Industrial,Gas Filters,APAC,PMM_01,Medium,Launch,2025Q3,Month3,531240.19,473286.91,95,86.5,66,55.7,31.1,80.1,Medium
INIT-0065,Gas Filters Initiative 20,Industrial,Gas Filters,APAC,PMM_01,Medium,Launch,2025Q4,Month1,595608.26,505431.66,95,87.0,47,52.1,30.5,93.8,Medium
INIT-0065,Gas Filters Initiative 20,Industrial,Gas Filters,APAC,PMM_01,Medium,Launch,2025Q4,Month2,566937.07,468079.02,95,86.8,66,73.6,31.5,99.1,High
INIT-0065,Gas Filters Initiative 20,Industrial,Gas Filters,APAC,PMM_01,Medium,Launch,2025Q4,Month3,563270.79,467992.53,95,87.9,42,59.8,32.8,89.1,Medium
INIT-0066,Beer Initiative 1,Food & Beverage,Beer,EMEA,PMM_10,High,Decline,2024Q1,Month1,189744.59,177874.28,95,86.8,15,92.4,23.0,95.1,Low
INIT-0066,Beer Initiative 1,Food & Beverage,Beer,EMEA,PMM_10,High,Decline,2024Q1,Month2,194115.44,175499.39,95,93.2,15,78.0,25.8,89.6,Low
INIT-0066,Beer Initiative 1,Food & Beverage,Beer,EMEA,PMM_10,High,Decline,2024Q1,Month3,189279.75,163989.25,95,90.2,38,84.9,33.3,94.8,Medium
INIT-0066,Beer Initiative 1,Food & Beverage,Beer,EMEA,PMM_10,High,Decline,2024Q2,Month1,178820.43,143476.05,95,89.6,28,65.9,31.8,89.4,Medium
INIT-0066,Beer Initiative 1,Food & Beverage,Beer,EMEA,PMM_10,High,Decline,2024Q2,Month2,185875.11,160392.01,95,87.2,30,88.4,28.8,74.9,Medium
INIT-0066,Beer Initiative 1,Food & Beverage,Beer,EMEA,PMM_10,High,Decline,2024Q2,Month3,179858.13,149004.27,95,92.5,23,62.0,26.2,90.2,Medium
INIT-0066,Beer Initiative 1,Food & Beverage,Beer,EMEA,PMM_10,High,Decline,2024Q3,Month1,173700.21,145873.9,95,85.2,22,83.6,22.1,81.1,Medium
INIT-0066,Beer Initiative 1,Food & Beverage,Beer,EMEA,PMM_10,High,Decline,2024Q3,Month2,169453.52,155147.14,95,86.3,21,100.0,28.0,96.2,Medium
INIT-0066,Beer Initiative 1,Food & Beverage,Beer,EMEA,PMM_10,High,Decline,2024Q3,Month3,166399.71,140605.58,95,91.8,41,75.8,24.1,93.4,Medium
INIT-0066,Beer Initiative 1,Food & Beverage,Beer,EMEA,PMM_10,High,Decline,2024Q4,Month1,162058.59,133198.16,95,90.5,38,61.8,31.7,105.9,Medium
INIT-0066,Beer Initiative 1,Food & Beverage,Beer,EMEA,PMM_10,High,Decline,2024Q4,Month2,150429.34,130318.31,95,87.9,34,68.0,29.1,98.7,Medium
INIT-0066,Beer Initiative 1,Food & Beverage,Beer,EMEA,PMM_10,High,Decline,2024Q4,Month3,157532.55,138815.02,95,86.0,44,68.6,27.7,95.9,Medium
INIT-0066,Beer Initiative 1,Food & Beverage,Beer,EMEA,PMM_10,High,Decline,2025Q1,Month1,154761.44,136002.68,95,91.3,33,58.0,23.9,100.8,Medium
INIT-0066,Beer Initiative 1,Food & Beverage,Beer,EMEA,PMM_10,High,Decline,2025Q1,Month2,142749.03,120552.4,95,88.1,18,73.6,23.3,95.2,Medium
INIT-0066,Beer Initiative 1,Food & Beverage,Beer,EMEA,PMM_10,High,Decline,2025Q1,Month3,152515.64,133131.93,95,86.0,42,68.8,27.5,90.8,Medium
INIT-0066,Beer Initiative 1,Food & Beverage,Beer,EMEA,PMM_10,High,Decline,2025Q2,Month1,135613.1,117701.05,95,86.3,30,78.9,24.7,92.4,Medium
INIT-0066,Beer Initiative 1,Food & Beverage,Beer,EMEA,PMM_10,High,Decline,2025Q2,Month2,146881.96,120016.41,95,87.3,39,65.2,30.7,91.4,Medium
INIT-0066,Beer Initiative 1,Food & Beverage,Beer,EMEA,PMM_10,High,Decline,2025Q2,Month3,139231.14,113854.28,95,89.2,40,73.9,24.9,89.0,Medium
INIT-0066,Beer Initiative 1,Food & Beverage,Beer,EMEA,PMM_10,High,Decline,2025Q3,Month1,126663.37,114728.94,95,93.0,18,58.6,35.1,110.0,Low
INIT-0066,Beer Initiative 1,Food & Beverage,Beer,EMEA,PMM_10,High,Decline,2025Q3,Month2,133320.46,115964.25,95,87.6,40,79.9,26.7,89.8,Medium
INIT-0066,Beer Initiative 1,Food & Beverage,Beer,EMEA,PMM_10,High,Decline,2025Q3,Month3,134758.82,125607.0,95,87.9,23,88.2,28.9,94.1,Medium
INIT-0066,Beer Initiative 1,Food & Beverage,Beer,EMEA,PMM_10,High,Decline,2025Q4,Month1,121396.35,97364.39,95,89.3,25,72.9,25.3,89.1,Medium
INIT-0066,Beer Initiative 1,Food & Beverage,Beer,EMEA,PMM_10,High,Decline,2025Q4,Month2,116906.15,107163.63,95,92.3,37,78.7,24.6,91.7,Medium
INIT-0066,Beer Initiative 1,Food & Beverage,Beer,EMEA,PMM_10,High,Decline,2025Q4,Month3,120930.74,105069.16,95,91.8,18,79.3,24.5,106.9,Medium
INIT-0067,Beer Initiative 2,Food & Beverage,Beer,EMEA,PMM_04,Low,Launch,2024Q1,Month1,123660.34,105248.43,95,90.0,64,57.3,24.6,81.6,Medium
INIT-0067,Beer Initiative 2,Food & Beverage,Beer,EMEA,PMM_04,Low,Launch,2024Q1,Month2,117661.4,96874.5,95,86.4,32,47.3,29.9,88.9,Medium
INIT-0067,Beer Initiative 2,Food & Beverage,Beer,EMEA,PMM_04,Low,Launch,2024Q1,Month3,119135.24,107116.93,95,83.3,65,64.9,29.1,74.5,Medium
INIT-0067,Beer Initiative 2,Food & Beverage,Beer,EMEA,PMM_04,Low,Launch,2024Q2,Month1,139138.77,124601.66,95,89.1,58,67.5,27.2,92.1,Medium
INIT-0067,Beer Initiative 2,Food & Beverage,Beer,EMEA,PMM_04,Low,Launch,2024Q2,Month2,126139.14,113599.98,95,83.1,46,38.3,30.6,101.9,Medium
INIT-0067,Beer Initiative 2,Food & Beverage,Beer,EMEA,PMM_04,Low,Launch,2024Q2,Month3,133852.13,126307.69,95,83.6,59,47.9,23.6,90.6,Medium
INIT-0067,Beer Initiative 2,Food & Beverage,Beer,EMEA,PMM_04,Low,Launch,2024Q3,Month1,152852.73,127427.37,95,84.7,27,68.0,27.8,93.7,Medium
INIT-0067,Beer Initiative 2,Food & Beverage,Beer,EMEA,PMM_04,Low,Launch,2024Q3,Month2,142096.45,118732.46,95,82.9,26,54.0,28.3,99.4,Medium
INIT-0067,Beer Initiative 2,Food & Beverage,Beer,EMEA,PMM_04,Low,Launch,2024Q3,Month3,150446.26,140952.14,95,84.5,62,48.3,21.7,91.4,Medium
INIT-0067,Beer Initiative 2,Food & Beverage,Beer,EMEA,PMM_04,Low,Launch,2024Q4,Month1,166774.03,141122.17,95,89.7,33,51.7,32.3,91.6,Medium
INIT-0067,Beer Initiative 2,Food & Beverage,Beer,EMEA,PMM_04,Low,Launch,2024Q4,Month2,162697.21,149113.23,95,91.8,58,49.1,33.9,88.4,Medium
INIT-0067,Beer Initiative 2,Food & Beverage,Beer,EMEA,PMM_04,Low,Launch,2024Q4,Month3,167397.35,156750.0,95,90.6,63,57.0,24.6,88.4,Medium
INIT-0067,Beer Initiative 2,Food & Beverage,Beer,EMEA,PMM_04,Low,Launch,2025Q1,Month1,165362.94,147201.56,95,87.9,22,46.9,29.4,86.7,Medium
INIT-0067,Beer Initiative 2,Food & Beverage,Beer,EMEA,PMM_04,Low,Launch,2025Q1,Month2,164618.76,155564.11,95,87.2,64,57.4,29.6,101.3,Medium
INIT-0067,Beer Initiative 2,Food & Beverage,Beer,EMEA,PMM_04,Low,Launch,2025Q1,Month3,176590.78,154573.59,95,89.5,28,47.1,33.8,97.9,Medium
INIT-0067,Beer Initiative 2,Food & Beverage,Beer,EMEA,PMM_04,Low,Launch,2025Q2,Month1,171425.88,149638.34,95,91.7,43,64.3,31.1,88.8,Medium
INIT-0067,Beer Initiative 2,Food & Beverage,Beer,EMEA,PMM_04,Low,Launch,2025Q2,Month2,186056.63,162245.47,95,83.4,32,47.0,26.6,89.6,Medium
INIT-0067,Beer Initiative 2,Food & Beverage,Beer,EMEA,PMM_04,Low,Launch,2025Q2,Month3,176054.53,168706.61,95,92.6,57,50.5,25.8,74.6,Medium
INIT-0067,Beer Initiative 2,Food & Beverage,Beer,EMEA,PMM_04,Low,Launch,2025Q3,Month1,185762.93,170786.01,95,83.6,38,63.5,33.2,87.3,Medium
INIT-0067,Beer Initiative 2,Food & Beverage,Beer,EMEA,PMM_04,Low,Launch,2025Q3,Month2,198470.86,175430.71,95,89.7,37,71.4,25.5,81.5,Medium
INIT-0067,Beer Initiative 2,Food & Beverage,Beer,EMEA,PMM_04,Low,Launch,2025Q3,Month3,184063.65,165928.92,95,86.7,24,51.1,27.9,96.3,Medium
INIT-0067,Beer Initiative 2,Food & Beverage,Beer,EMEA,PMM_04,Low,Launch,2025Q4,Month1,205764.95,191059.53,95,84.8,54,79.0,29.7,91.1,Medium
INIT-0067,Beer Initiative 2,Food & Beverage,Beer,EMEA,PMM_04,Low,Launch,2025Q4,Month2,222040.87,198336.88,95,82.1,56,59.6,30.7,93.1,Medium
INIT-0067,Beer Initiative 2,Food & Beverage,Beer,EMEA,PMM_04,Low,Launch,2025Q4,Month3,208424.52,188324.7,95,83.6,43,61.8,31.0,84.8,Medium
INIT-0068,Dairy Initiative 3,Food & Beverage,Dairy,APAC,PMM_16,High,Mature,2024Q1,Month1,213913.71,210303.52,95,93.3,11,73.2,28.1,92.9,Low
INIT-0068,Dairy Initiative 3,Food & Beverage,Dairy,APAC,PMM_16,High,Mature,2024Q1,Month2,211439.47,208606.92,95,94.9,22,73.4,28.2,86.5,Low
INIT-0068,Dairy Initiative 3,Food & Beverage,Dairy,APAC,PMM_16,High,Mature,2024Q1,Month3,196600.14,194995.35,95,97.0,15,77.4,22.5,83.0,Low
INIT-0068,Dairy Initiative 3,Food & Beverage,Dairy,APAC,PMM_16,High,Mature,2024Q2,Month1,199943.07,197003.25,95,94.1,13,82.7,27.3,97.2,Low
INIT-0068,Dairy Initiative 3,Food & Beverage,Dairy,APAC,PMM_16,High,Mature,2024Q2,Month2,207553.92,208279.93,95,95.1,9,66.9,27.3,88.3,Low
INIT-0068,Dairy Initiative 3,Food & Beverage,Dairy,APAC,PMM_16,High,Mature,2024Q2,Month3,201068.01,209041.4,95,95.7,14,88.2,29.4,91.8,Low
INIT-0068,Dairy Initiative 3,Food & Beverage,Dairy,APAC,PMM_16,High,Mature,2024Q3,Month1,202931.34,206603.84,95,93.2,14,84.1,27.2,81.0,Low
INIT-0068,Dairy Initiative 3,Food & Beverage,Dairy,APAC,PMM_16,High,Mature,2024Q3,Month2,213570.14,216269.33,95,96.6,23,82.1,27.3,83.4,Low
INIT-0068,Dairy Initiative 3,Food & Beverage,Dairy,APAC,PMM_16,High,Mature,2024Q3,Month3,213409.62,209758.64,95,96.1,12,73.1,27.7,88.4,Low
INIT-0068,Dairy Initiative 3,Food & Beverage,Dairy,APAC,PMM_16,High,Mature,2024Q4,Month1,215202.16,214054.35,95,96.3,20,83.2,29.1,93.1,Low
INIT-0068,Dairy Initiative 3,Food & Beverage,Dairy,APAC,PMM_16,High,Mature,2024Q4,Month2,210396.55,210363.34,95,96.9,15,72.8,28.1,100.1,Low
INIT-0068,Dairy Initiative 3,Food & Beverage,Dairy,APAC,PMM_16,High,Mature,2024Q4,Month3,204650.5,204517.44,95,96.2,15,77.2,27.3,89.3,Low
INIT-0068,Dairy Initiative 3,Food & Beverage,Dairy,APAC,PMM_16,High,Mature,2025Q1,Month1,203390.58,210425.51,95,96.0,10,68.7,31.3,87.5,Low
INIT-0068,Dairy Initiative 3,Food & Beverage,Dairy,APAC,PMM_16,High,Mature,2025Q1,Month2,208789.4,209133.57,95,94.7,12,55.4,26.6,105.7,Low
INIT-0068,Dairy Initiative 3,Food & Beverage,Dairy,APAC,PMM_16,High,Mature,2025Q1,Month3,202809.15,206517.84,95,95.3,5,83.3,26.9,82.4,Low
INIT-0068,Dairy Initiative 3,Food & Beverage,Dairy,APAC,PMM_16,High,Mature,2025Q2,Month1,208971.04,208997.76,95,94.1,12,65.9,32.0,107.9,Low
INIT-0068,Dairy Initiative 3,Food & Beverage,Dairy,APAC,PMM_16,High,Mature,2025Q2,Month2,219126.69,227475.77,95,93.5,13,72.2,23.5,110.0,Low
INIT-0068,Dairy Initiative 3,Food & Beverage,Dairy,APAC,PMM_16,High,Mature,2025Q2,Month3,219241.54,226019.98,95,92.5,18,76.6,24.5,90.7,Low
INIT-0068,Dairy Initiative 3,Food & Beverage,Dairy,APAC,PMM_16,High,Mature,2025Q3,Month1,235339.71,236094.26,95,95.7,13,70.0,22.3,90.2,Low
INIT-0068,Dairy Initiative 3,Food & Beverage,Dairy,APAC,PMM_16,High,Mature,2025Q3,Month2,218917.06,220869.07,95,93.7,12,75.6,26.1,101.7,Low
INIT-0068,Dairy Initiative 3,Food & Beverage,Dairy,APAC,PMM_16,High,Mature,2025Q3,Month3,237452.33,233981.24,95,93.5,13,89.5,31.9,89.3,Low
INIT-0068,Dairy Initiative 3,Food & Beverage,Dairy,APAC,PMM_16,High,Mature,2025Q4,Month1,222674.21,221608.26,95,93.9,13,75.5,29.7,95.4,Low
INIT-0068,Dairy Initiative 3,Food & Beverage,Dairy,APAC,PMM_16,High,Mature,2025Q4,Month2,236290.23,239771.35,95,96.5,18,90.5,27.8,86.9,Low
INIT-0068,Dairy Initiative 3,Food & Beverage,Dairy,APAC,PMM_16,High,Mature,2025Q4,Month3,218858.02,226275.83,95,97.2,14,66.1,30.5,89.7,Low
INIT-0069,Beer Initiative 4,Food & Beverage,Beer,North America,PMM_08,Medium,Growth,2024Q1,Month1,269657.52,276315.33,95,96.4,30,61.6,28.3,88.7,Low
INIT-0069,Beer Initiative 4,Food & Beverage,Beer,North America,PMM_08,Medium,Growth,2024Q1,Month2,253182.84,265814.99,95,96.9,28,86.0,31.8,96.2,Low
INIT-0069,Beer Initiative 4,Food & Beverage,Beer,North America,PMM_08,Medium,Growth,2024Q1,Month3,255497.97,264001.14,95,97.3,33,80.1,27.7,89.4,Low
INIT-0069,Beer Initiative 4,Food & Beverage,Beer,North America,PMM_08,Medium,Growth,2024Q2,Month1,312755.24,324949.81,95,91.0,18,69.9,26.1,100.7,Low
INIT-0069,Beer Initiative 4,Food & Beverage,Beer,North America,PMM_08,Medium,Growth,2024Q2,Month2,307018.78,298462.91,95,91.8,17,81.0,27.3,96.3,Low
INIT-0069,Beer Initiative 4,Food & Beverage,Beer,North America,PMM_08,Medium,Growth,2024Q2,Month3,293118.87,285534.33,95,97.8,20,65.6,31.0,90.0,Low
INIT-0069,Beer Initiative 4,Food & Beverage,Beer,North America,PMM_08,Medium,Growth,2024Q3,Month1,335506.55,343129.72,95,96.9,31,75.6,27.7,100.6,Low
INIT-0069,Beer Initiative 4,Food & Beverage,Beer,North America,PMM_08,Medium,Growth,2024Q3,Month2,368472.08,390483.96,95,92.8,14,84.6,23.8,98.1,Low
INIT-0069,Beer Initiative 4,Food & Beverage,Beer,North America,PMM_08,Medium,Growth,2024Q3,Month3,344730.27,356354.48,95,92.9,21,78.2,27.1,98.5,Low
INIT-0069,Beer Initiative 4,Food & Beverage,Beer,North America,PMM_08,Medium,Growth,2024Q4,Month1,407107.87,429497.2,95,95.3,33,79.5,31.7,96.8,Low
INIT-0069,Beer Initiative 4,Food & Beverage,Beer,North America,PMM_08,Medium,Growth,2024Q4,Month2,406667.0,393433.49,95,96.3,31,89.4,23.3,89.9,Low
INIT-0069,Beer Initiative 4,Food & Beverage,Beer,North America,PMM_08,Medium,Growth,2024Q4,Month3,395248.17,405278.87,95,97.7,27,70.7,29.4,84.7,Low
INIT-0069,Beer Initiative 4,Food & Beverage,Beer,North America,PMM_08,Medium,Growth,2025Q1,Month1,444793.93,433433.57,95,91.1,30,59.2,25.6,96.7,Low
INIT-0069,Beer Initiative 4,Food & Beverage,Beer,North America,PMM_08,Medium,Growth,2025Q1,Month2,455507.36,459811.43,95,97.3,22,80.2,25.8,87.0,Low
INIT-0069,Beer Initiative 4,Food & Beverage,Beer,North America,PMM_08,Medium,Growth,2025Q1,Month3,468548.3,454821.72,95,94.5,22,83.3,30.0,77.7,Low
INIT-0069,Beer Initiative 4,Food & Beverage,Beer,North America,PMM_08,Medium,Growth,2025Q2,Month1,518048.56,554524.13,95,95.0,29,77.8,29.1,91.7,Low
INIT-0069,Beer Initiative 4,Food & Beverage,Beer,North America,PMM_08,Medium,Growth,2025Q2,Month2,526786.81,537241.48,95,92.4,14,95.1,25.4,102.0,Low
INIT-0069,Beer Initiative 4,Food & Beverage,Beer,North America,PMM_08,Medium,Growth,2025Q2,Month3,566823.19,608943.49,95,98.5,10,86.4,23.6,108.8,Low
INIT-0069,Beer Initiative 4,Food & Beverage,Beer,North America,PMM_08,Medium,Growth,2025Q3,Month1,650110.52,695872.18,95,95.0,18,91.6,23.7,83.4,Low
INIT-0069,Beer Initiative 4,Food & Beverage,Beer,North America,PMM_08,Medium,Growth,2025Q3,Month2,656276.35,656764.74,95,93.9,14,84.5,26.1,87.4,Low
INIT-0069,Beer Initiative 4,Food & Beverage,Beer,North America,PMM_08,Medium,Growth,2025Q3,Month3,642306.49,629379.07,95,96.0,25,68.4,28.9,102.4,Low
INIT-0069,Beer Initiative 4,Food & Beverage,Beer,North America,PMM_08,Medium,Growth,2025Q4,Month1,685949.28,686168.77,95,92.3,15,66.4,31.0,85.4,Low
INIT-0069,Beer Initiative 4,Food & Beverage,Beer,North America,PMM_08,Medium,Growth,2025Q4,Month2,692491.18,657985.44,95,94.5,32,70.7,23.4,92.2,Low
INIT-0069,Beer Initiative 4,Food & Beverage,Beer,North America,PMM_08,Medium,Growth,2025Q4,Month3,726219.43,777849.62,95,95.6,12,66.9,24.4,99.1,Low
INIT-0070,Beer Initiative 5,Food & Beverage,Beer,APAC,PMM_11,Low,Mature,2024Q1,Month1,225854.11,229188.69,95,95.2,12,74.8,30.1,95.6,Low
INIT-0070,Beer Initiative 5,Food & Beverage,Beer,APAC,PMM_11,Low,Mature,2024Q1,Month2,212560.01,212835.9,95,95.9,13,64.4,28.0,101.1,Low
INIT-0070,Beer Initiative 5,Food & Beverage,Beer,APAC,PMM_11,Low,Mature,2024Q1,Month3,226251.72,225589.63,95,95.7,10,73.3,25.7,85.1,Low
INIT-0070,Beer Initiative 5,Food & Beverage,Beer,APAC,PMM_11,Low,Mature,2024Q2,Month1,219199.68,219870.51,95,94.6,20,89.2,27.1,92.5,Low
INIT-0070,Beer Initiative 5,Food & Beverage,Beer,APAC,PMM_11,Low,Mature,2024Q2,Month2,240122.16,243911.67,95,96.3,20,67.7,35.3,99.5,Low
INIT-0070,Beer Initiative 5,Food & Beverage,Beer,APAC,PMM_11,Low,Mature,2024Q2,Month3,228758.08,226977.46,95,93.2,15,76.1,27.9,85.6,Low
INIT-0070,Beer Initiative 5,Food & Beverage,Beer,APAC,PMM_11,Low,Mature,2024Q3,Month1,232883.64,230463.44,95,94.5,13,76.9,27.7,99.0,Low
INIT-0070,Beer Initiative 5,Food & Beverage,Beer,APAC,PMM_11,Low,Mature,2024Q3,Month2,239238.36,235448.58,95,94.1,12,84.1,29.3,90.3,Low
INIT-0070,Beer Initiative 5,Food & Beverage,Beer,APAC,PMM_11,Low,Mature,2024Q3,Month3,236192.8,242533.72,95,95.7,8,95.2,28.3,100.0,Low
INIT-0070,Beer Initiative 5,Food & Beverage,Beer,APAC,PMM_11,Low,Mature,2024Q4,Month1,252274.8,253778.94,95,94.7,21,100.0,27.3,98.2,Low
INIT-0070,Beer Initiative 5,Food & Beverage,Beer,APAC,PMM_11,Low,Mature,2024Q4,Month2,252051.9,258706.36,95,95.2,10,65.4,25.9,110.0,Low
INIT-0070,Beer Initiative 5,Food & Beverage,Beer,APAC,PMM_11,Low,Mature,2024Q4,Month3,239775.76,241221.44,95,95.0,17,80.1,32.8,97.4,Low
INIT-0070,Beer Initiative 5,Food & Beverage,Beer,APAC,PMM_11,Low,Mature,2025Q1,Month1,260803.19,263461.37,95,95.6,13,79.5,29.9,92.1,Low
INIT-0070,Beer Initiative 5,Food & Beverage,Beer,APAC,PMM_11,Low,Mature,2025Q1,Month2,261478.66,265706.95,95,94.9,14,65.7,30.5,99.3,Low
INIT-0070,Beer Initiative 5,Food & Beverage,Beer,APAC,PMM_11,Low,Mature,2025Q1,Month3,248458.02,251607.06,95,96.8,18,73.8,25.3,106.2,Low
INIT-0070,Beer Initiative 5,Food & Beverage,Beer,APAC,PMM_11,Low,Mature,2025Q2,Month1,258729.89,265871.01,95,95.6,17,54.3,34.1,103.8,Low
INIT-0070,Beer Initiative 5,Food & Beverage,Beer,APAC,PMM_11,Low,Mature,2025Q2,Month2,256978.8,257985.57,95,94.2,10,72.3,28.2,88.4,Low
INIT-0070,Beer Initiative 5,Food & Beverage,Beer,APAC,PMM_11,Low,Mature,2025Q2,Month3,248624.43,244894.6,95,97.0,14,90.9,29.3,79.2,Low
INIT-0070,Beer Initiative 5,Food & Beverage,Beer,APAC,PMM_11,Low,Mature,2025Q3,Month1,254957.48,265012.42,95,93.3,12,96.8,28.3,96.8,Low
INIT-0070,Beer Initiative 5,Food & Beverage,Beer,APAC,PMM_11,Low,Mature,2025Q3,Month2,256776.41,265886.54,95,97.1,6,68.2,26.9,97.6,Low
INIT-0070,Beer Initiative 5,Food & Beverage,Beer,APAC,PMM_11,Low,Mature,2025Q3,Month3,266813.96,276147.62,95,94.1,19,90.3,29.3,87.5,Low
INIT-0070,Beer Initiative 5,Food & Beverage,Beer,APAC,PMM_11,Low,Mature,2025Q4,Month1,271611.02,277480.76,95,94.9,24,54.7,29.9,105.1,Low
INIT-0070,Beer Initiative 5,Food & Beverage,Beer,APAC,PMM_11,Low,Mature,2025Q4,Month2,264172.4,271029.66,95,94.0,13,77.3,28.1,91.4,Low
INIT-0070,Beer Initiative 5,Food & Beverage,Beer,APAC,PMM_11,Low,Mature,2025Q4,Month3,280624.15,289586.8,95,93.7,8,87.9,27.4,89.6,Low
INIT-0071,Wine Initiative 6,Food & Beverage,Wine,APAC,PMM_13,Medium,Growth,2024Q1,Month1,197575.05,188415.61,95,89.1,30,69.8,26.3,93.5,Medium
INIT-0071,Wine Initiative 6,Food & Beverage,Wine,APAC,PMM_13,Medium,Growth,2024Q1,Month2,204772.09,200163.45,95,90.7,35,87.8,28.8,83.8,Medium
INIT-0071,Wine Initiative 6,Food & Beverage,Wine,APAC,PMM_13,Medium,Growth,2024Q1,Month3,194408.3,186617.12,95,89.8,24,75.6,35.7,96.3,Low
INIT-0071,Wine Initiative 6,Food & Beverage,Wine,APAC,PMM_13,Medium,Growth,2024Q2,Month1,218591.48,219039.48,95,91.1,21,59.9,27.6,86.3,Low
INIT-0071,Wine Initiative 6,Food & Beverage,Wine,APAC,PMM_13,Medium,Growth,2024Q2,Month2,231356.17,221878.27,95,88.2,18,83.1,30.9,103.1,Low
INIT-0071,Wine Initiative 6,Food & Beverage,Wine,APAC,PMM_13,Medium,Growth,2024Q2,Month3,218797.55,217923.06,95,91.3,26,97.5,31.0,99.0,Low
INIT-0071,Wine Initiative 6,Food & Beverage,Wine,APAC,PMM_13,Medium,Growth,2024Q3,Month1,274331.62,288101.62,95,95.7,36,68.6,25.2,96.6,Low
INIT-0071,Wine Initiative 6,Food & Beverage,Wine,APAC,PMM_13,Medium,Growth,2024Q3,Month2,276546.32,265645.77,95,92.0,44,86.6,31.0,98.3,Medium
INIT-0071,Wine Initiative 6,Food & Beverage,Wine,APAC,PMM_13,Medium,Growth,2024Q3,Month3,275405.36,282996.38,95,87.9,27,78.2,23.6,83.0,Low
INIT-0071,Wine Initiative 6,Food & Beverage,Wine,APAC,PMM_13,Medium,Growth,2024Q4,Month1,297844.81,311367.5,95,91.1,21,86.0,32.9,90.7,Low
INIT-0071,Wine Initiative 6,Food & Beverage,Wine,APAC,PMM_13,Medium,Growth,2024Q4,Month2,301510.23,317247.55,95,93.1,45,92.0,27.8,90.2,Low
INIT-0071,Wine Initiative 6,Food & Beverage,Wine,APAC,PMM_13,Medium,Growth,2024Q4,Month3,313417.46,304518.9,95,91.9,38,74.0,25.3,86.5,Medium
INIT-0071,Wine Initiative 6,Food & Beverage,Wine,APAC,PMM_13,Medium,Growth,2025Q1,Month1,330562.47,337746.16,95,94.2,17,68.3,25.6,86.7,Low
INIT-0071,Wine Initiative 6,Food & Beverage,Wine,APAC,PMM_13,Medium,Growth,2025Q1,Month2,353239.09,363408.29,95,94.1,23,64.2,20.0,99.1,Low
INIT-0071,Wine Initiative 6,Food & Beverage,Wine,APAC,PMM_13,Medium,Growth,2025Q1,Month3,331803.47,341755.05,95,90.9,31,78.8,30.7,110.0,Low
INIT-0071,Wine Initiative 6,Food & Beverage,Wine,APAC,PMM_13,Medium,Growth,2025Q2,Month1,386036.48,408632.18,95,88.7,46,95.1,31.1,88.2,Low
INIT-0071,Wine Initiative 6,Food & Beverage,Wine,APAC,PMM_13,Medium,Growth,2025Q2,Month2,418014.94,446965.43,95,88.3,37,91.8,26.8,94.0,Low
INIT-0071,Wine Initiative 6,Food & Beverage,Wine,APAC,PMM_13,Medium,Growth,2025Q2,Month3,399115.61,392693.06,95,88.7,37,82.9,26.7,84.8,Medium
INIT-0071,Wine Initiative 6,Food & Beverage,Wine,APAC,PMM_13,Medium,Growth,2025Q3,Month1,456337.72,488312.55,95,91.7,27,91.9,31.5,94.2,Low
INIT-0071,Wine Initiative 6,Food & Beverage,Wine,APAC,PMM_13,Medium,Growth,2025Q3,Month2,463267.41,449469.74,95,92.0,29,90.1,26.8,102.6,Low
INIT-0071,Wine Initiative 6,Food & Beverage,Wine,APAC,PMM_13,Medium,Growth,2025Q3,Month3,460009.85,481998.51,95,94.1,31,67.5,29.1,83.4,Low
INIT-0071,Wine Initiative 6,Food & Beverage,Wine,APAC,PMM_13,Medium,Growth,2025Q4,Month1,534092.58,538572.63,95,91.5,32,73.2,26.1,104.0,Low
INIT-0071,Wine Initiative 6,Food & Beverage,Wine,APAC,PMM_13,Medium,Growth,2025Q4,Month2,526969.58,524495.86,95,95.0,41,85.9,24.8,100.2,Low
INIT-0071,Wine Initiative 6,Food & Beverage,Wine,APAC,PMM_13,Medium,Growth,2025Q4,Month3,518417.72,518231.86,95,93.1,29,73.3,21.9,97.1,Low
INIT-0072,Wine Initiative 7,Food & Beverage,Wine,APAC,PMM_02,Medium,Growth,2024Q1,Month1,155983.12,148622.76,95,90.3,16,73.9,20.3,83.0,Low
INIT-0072,Wine Initiative 7,Food & Beverage,Wine,APAC,PMM_02,Medium,Growth,2024Q1,Month2,154933.1,158332.49,95,94.1,35,92.6,24.2,84.8,Low
INIT-0072,Wine Initiative 7,Food & Beverage,Wine,APAC,PMM_02,Medium,Growth,2024Q1,Month3,156888.19,161000.98,95,92.5,41,89.3,25.8,91.7,Low
INIT-0072,Wine Initiative 7,Food & Beverage,Wine,APAC,PMM_02,Medium,Growth,2024Q2,Month1,178900.56,176296.99,95,89.9,24,75.0,26.9,101.1,Low
INIT-0072,Wine Initiative 7,Food & Beverage,Wine,APAC,PMM_02,Medium,Growth,2024Q2,Month2,183010.35,184581.81,95,89.6,23,84.6,28.7,102.8,Low
INIT-0072,Wine Initiative 7,Food & Beverage,Wine,APAC,PMM_02,Medium,Growth,2024Q2,Month3,183618.96,186681.88,95,95.4,28,72.0,27.6,100.9,Low
INIT-0072,Wine Initiative 7,Food & Beverage,Wine,APAC,PMM_02,Medium,Growth,2024Q3,Month1,200900.34,211503.62,95,90.2,34,87.7,29.3,98.4,Low
INIT-0072,Wine Initiative 7,Food & Beverage,Wine,APAC,PMM_02,Medium,Growth,2024Q3,Month2,196819.38,205225.8,95,93.3,45,83.3,24.4,97.5,Low
INIT-0072,Wine Initiative 7,Food & Beverage,Wine,APAC,PMM_02,Medium,Growth,2024Q3,Month3,197858.91,204219.22,95,90.6,17,87.0,26.2,90.9,Low
INIT-0072,Wine Initiative 7,Food & Beverage,Wine,APAC,PMM_02,Medium,Growth,2024Q4,Month1,238435.68,233224.43,95,92.4,36,85.9,26.9,95.5,Low
INIT-0072,Wine Initiative 7,Food & Beverage,Wine,APAC,PMM_02,Medium,Growth,2024Q4,Month2,241445.82,256217.47,95,90.1,24,81.7,32.8,89.2,Low
INIT-0072,Wine Initiative 7,Food & Beverage,Wine,APAC,PMM_02,Medium,Growth,2024Q4,Month3,235884.53,225424.85,95,93.3,40,85.0,23.9,83.1,Medium
INIT-0072,Wine Initiative 7,Food & Beverage,Wine,APAC,PMM_02,Medium,Growth,2025Q1,Month1,261487.21,269459.81,95,92.6,39,77.2,30.6,79.1,Low
INIT-0072,Wine Initiative 7,Food & Beverage,Wine,APAC,PMM_02,Medium,Growth,2025Q1,Month2,270286.04,257577.14,95,94.3,31,65.1,33.2,97.7,Low
INIT-0072,Wine Initiative 7,Food & Beverage,Wine,APAC,PMM_02,Medium,Growth,2025Q1,Month3,277997.54,281004.33,95,88.4,16,87.2,22.1,80.8,Low
INIT-0072,Wine Initiative 7,Food & Beverage,Wine,APAC,PMM_02,Medium,Growth,2025Q2,Month1,320403.57,342687.91,95,88.8,25,78.0,26.6,101.1,Low
INIT-0072,Wine Initiative 7,Food & Beverage,Wine,APAC,PMM_02,Medium,Growth,2025Q2,Month2,302705.34,325778.21,95,93.6,29,70.2,28.3,95.0,Low
INIT-0072,Wine Initiative 7,Food & Beverage,Wine,APAC,PMM_02,Medium,Growth,2025Q2,Month3,299317.17,305616.37,95,94.2,26,99.3,27.4,85.8,Low
INIT-0072,Wine Initiative 7,Food & Beverage,Wine,APAC,PMM_02,Medium,Growth,2025Q3,Month1,336067.14,333700.61,95,88.4,22,77.9,33.9,93.8,Low
INIT-0072,Wine Initiative 7,Food & Beverage,Wine,APAC,PMM_02,Medium,Growth,2025Q3,Month2,343581.6,335057.32,95,90.9,24,64.5,27.2,95.2,Low
INIT-0072,Wine Initiative 7,Food & Beverage,Wine,APAC,PMM_02,Medium,Growth,2025Q3,Month3,331986.17,331128.35,95,91.6,29,73.9,21.0,87.3,Low
INIT-0072,Wine Initiative 7,Food & Beverage,Wine,APAC,PMM_02,Medium,Growth,2025Q4,Month1,421440.04,438204.91,95,93.5,30,69.1,26.2,99.0,Low
INIT-0072,Wine Initiative 7,Food & Beverage,Wine,APAC,PMM_02,Medium,Growth,2025Q4,Month2,425390.76,424247.33,95,92.9,21,71.4,30.1,80.1,Low
INIT-0072,Wine Initiative 7,Food & Beverage,Wine,APAC,PMM_02,Medium,Growth,2025Q4,Month3,425106.97,440096.4,95,94.1,27,71.1,26.2,87.1,Low
INIT-0073,Beer Initiative 8,Food & Beverage,Beer,EMEA,PMM_06,Low,Growth,2024Q1,Month1,276680.23,286971.17,95,94.7,8,65.3,30.1,76.4,Low
INIT-0073,Beer Initiative 8,Food & Beverage,Beer,EMEA,PMM_06,Low,Growth,2024Q1,Month2,265960.73,279429.09,95,90.4,8,77.1,22.4,89.9,Low
INIT-0073,Beer Initiative 8,Food & Beverage,Beer,EMEA,PMM_06,Low,Growth,2024Q1,Month3,283614.02,288872.0,95,95.6,20,84.5,26.2,86.4,Low
INIT-0073,Beer Initiative 8,Food & Beverage,Beer,EMEA,PMM_06,Low,Growth,2024Q2,Month1,313906.23,328333.96,95,92.3,34,69.4,27.2,93.2,Low
INIT-0073,Beer Initiative 8,Food & Beverage,Beer,EMEA,PMM_06,Low,Growth,2024Q2,Month2,325826.74,316608.0,95,93.1,20,66.3,35.2,100.9,Low
INIT-0073,Beer Initiative 8,Food & Beverage,Beer,EMEA,PMM_06,Low,Growth,2024Q2,Month3,321313.52,321893.18,95,96.6,13,84.0,30.9,94.9,Low
INIT-0073,Beer Initiative 8,Food & Beverage,Beer,EMEA,PMM_06,Low,Growth,2024Q3,Month1,371054.65,357866.69,95,93.2,11,78.7,27.4,104.3,Low
INIT-0073,Beer Initiative 8,Food & Beverage,Beer,EMEA,PMM_06,Low,Growth,2024Q3,Month2,376861.93,364241.84,95,90.8,23,86.1,29.8,78.1,Low
INIT-0073,Beer Initiative 8,Food & Beverage,Beer,EMEA,PMM_06,Low,Growth,2024Q3,Month3,376725.69,405228.74,95,93.2,26,91.0,29.2,85.3,Low
INIT-0073,Beer Initiative 8,Food & Beverage,Beer,EMEA,PMM_06,Low,Growth,2024Q4,Month1,441879.67,476503.05,95,94.8,14,71.2,30.8,102.2,Low
INIT-0073,Beer Initiative 8,Food & Beverage,Beer,EMEA,PMM_06,Low,Growth,2024Q4,Month2,436872.44,432570.33,95,97.0,25,96.3,29.3,101.3,Low
INIT-0073,Beer Initiative 8,Food & Beverage,Beer,EMEA,PMM_06,Low,Growth,2024Q4,Month3,447069.44,452340.16,95,95.1,12,75.5,25.2,102.0,Low
INIT-0073,Beer Initiative 8,Food & Beverage,Beer,EMEA,PMM_06,Low,Growth,2025Q1,Month1,502542.68,507776.09,95,92.6,11,74.3,27.8,84.9,Low
INIT-0073,Beer Initiative 8,Food & Beverage,Beer,EMEA,PMM_06,Low,Growth,2025Q1,Month2,519434.81,538246.38,95,95.3,23,79.4,26.9,81.3,Low
INIT-0073,Beer Initiative 8,Food & Beverage,Beer,EMEA,PMM_06,Low,Growth,2025Q1,Month3,504666.04,533271.18,95,94.0,32,74.2,27.0,86.2,Low
INIT-0073,Beer Initiative 8,Food & Beverage,Beer,EMEA,PMM_06,Low,Growth,2025Q2,Month1,571426.49,602817.38,95,92.8,11,85.7,27.1,74.1,Low
INIT-0073,Beer Initiative 8,Food & Beverage,Beer,EMEA,PMM_06,Low,Growth,2025Q2,Month2,573773.79,573331.86,95,94.2,31,87.2,29.7,88.0,Low
INIT-0073,Beer Initiative 8,Food & Beverage,Beer,EMEA,PMM_06,Low,Growth,2025Q2,Month3,592932.19,593493.23,95,90.4,26,78.5,33.1,83.2,Low
INIT-0073,Beer Initiative 8,Food & Beverage,Beer,EMEA,PMM_06,Low,Growth,2025Q3,Month1,666475.43,683979.47,95,96.9,15,75.5,29.8,97.9,Low
INIT-0073,Beer Initiative 8,Food & Beverage,Beer,EMEA,PMM_06,Low,Growth,2025Q3,Month2,703974.06,725023.75,95,90.8,16,84.7,32.4,94.0,Low
INIT-0073,Beer Initiative 8,Food & Beverage,Beer,EMEA,PMM_06,Low,Growth,2025Q3,Month3,659373.83,650857.54,95,94.6,17,89.8,28.2,98.9,Low
INIT-0073,Beer Initiative 8,Food & Beverage,Beer,EMEA,PMM_06,Low,Growth,2025Q4,Month1,760384.82,815157.17,95,90.8,8,92.7,30.1,91.5,Low
INIT-0073,Beer Initiative 8,Food & Beverage,Beer,EMEA,PMM_06,Low,Growth,2025Q4,Month2,745540.93,765355.78,95,96.6,29,70.0,28.3,86.5,Low
INIT-0073,Beer Initiative 8,Food & Beverage,Beer,EMEA,PMM_06,Low,Growth,2025Q4,Month3,794492.88,834039.45,95,92.8,26,90.9,27.9,86.8,Low
INIT-0074,Beer Initiative 9,Food & Beverage,Beer,EMEA,PMM_14,High,Mature,2024Q1,Month1,265314.08,264100.24,95,97.0,4,70.3,31.6,76.7,Low
INIT-0074,Beer Initiative 9,Food & Beverage,Beer,EMEA,PMM_14,High,Mature,2024Q1,Month2,274353.73,280042.27,95,98.7,7,63.7,24.9,94.6,Low
INIT-0074,Beer Initiative 9,Food & Beverage,Beer,EMEA,PMM_14,High,Mature,2024Q1,Month3,277689.28,273572.8,95,96.7,7,96.2,24.1,94.0,Low
INIT-0074,Beer Initiative 9,Food & Beverage,Beer,EMEA,PMM_14,High,Mature,2024Q2,Month1,281344.92,277693.76,95,97.6,10,78.9,29.3,77.7,Low
INIT-0074,Beer Initiative 9,Food & Beverage,Beer,EMEA,PMM_14,High,Mature,2024Q2,Month2,256612.71,258384.62,95,95.5,6,90.4,30.4,85.3,Low
INIT-0074,Beer Initiative 9,Food & Beverage,Beer,EMEA,PMM_14,High,Mature,2024Q2,Month3,275594.1,284926.36,95,95.2,8,77.1,28.7,97.4,Low
INIT-0074,Beer Initiative 9,Food & Beverage,Beer,EMEA,PMM_14,High,Mature,2024Q3,Month1,279226.57,277877.95,95,95.4,1,94.2,24.4,79.4,Low
INIT-0074,Beer Initiative 9,Food & Beverage,Beer,EMEA,PMM_14,High,Mature,2024Q3,Month2,261608.15,270176.05,95,96.4,0,74.0,22.7,95.2,Low
INIT-0074,Beer Initiative 9,Food & Beverage,Beer,EMEA,PMM_14,High,Mature,2024Q3,Month3,277585.92,282271.17,95,97.8,2,81.9,30.2,97.8,Low
INIT-0074,Beer Initiative 9,Food & Beverage,Beer,EMEA,PMM_14,High,Mature,2024Q4,Month1,282040.0,283759.75,95,95.7,10,65.5,26.7,89.7,Low
INIT-0074,Beer Initiative 9,Food & Beverage,Beer,EMEA,PMM_14,High,Mature,2024Q4,Month2,261068.35,269933.38,95,97.4,3,87.4,31.0,98.1,Low
INIT-0074,Beer Initiative 9,Food & Beverage,Beer,EMEA,PMM_14,High,Mature,2024Q4,Month3,267187.09,275758.35,95,95.8,8,75.8,29.1,103.0,Low
INIT-0074,Beer Initiative 9,Food & Beverage,Beer,EMEA,PMM_14,High,Mature,2025Q1,Month1,265613.96,272424.0,95,96.2,3,73.8,26.8,92.0,Low
INIT-0074,Beer Initiative 9,Food & Beverage,Beer,EMEA,PMM_14,High,Mature,2025Q1,Month2,264869.97,268560.12,95,97.8,2,89.3,28.0,99.5,Low
INIT-0074,Beer Initiative 9,Food & Beverage,Beer,EMEA,PMM_14,High,Mature,2025Q1,Month3,283771.59,281793.67,95,98.6,3,100.0,25.5,81.8,Low
INIT-0074,Beer Initiative 9,Food & Beverage,Beer,EMEA,PMM_14,High,Mature,2025Q2,Month1,256982.04,258690.86,95,96.1,11,67.9,29.5,83.9,Low
INIT-0074,Beer Initiative 9,Food & Beverage,Beer,EMEA,PMM_14,High,Mature,2025Q2,Month2,260361.11,257321.55,95,98.6,3,74.5,26.0,90.7,Low
INIT-0074,Beer Initiative 9,Food & Beverage,Beer,EMEA,PMM_14,High,Mature,2025Q2,Month3,267938.09,271641.81,95,98.2,0,84.3,24.1,82.7,Low
INIT-0074,Beer Initiative 9,Food & Beverage,Beer,EMEA,PMM_14,High,Mature,2025Q3,Month1,271350.58,271208.39,95,97.1,9,95.5,25.7,102.2,Low
INIT-0074,Beer Initiative 9,Food & Beverage,Beer,EMEA,PMM_14,High,Mature,2025Q3,Month2,277602.33,277281.82,95,98.2,6,63.4,29.7,86.2,Low
INIT-0074,Beer Initiative 9,Food & Beverage,Beer,EMEA,PMM_14,High,Mature,2025Q3,Month3,259403.47,256285.5,95,97.8,10,73.4,25.0,108.3,Low
INIT-0074,Beer Initiative 9,Food & Beverage,Beer,EMEA,PMM_14,High,Mature,2025Q4,Month1,278928.85,284735.02,95,97.9,1,91.6,27.4,87.9,Low
INIT-0074,Beer Initiative 9,Food & Beverage,Beer,EMEA,PMM_14,High,Mature,2025Q4,Month2,265144.3,267638.71,95,96.1,1,64.5,30.0,88.2,Low
INIT-0074,Beer Initiative 9,Food & Beverage,Beer,EMEA,PMM_14,High,Mature,2025Q4,Month3,268060.95,269264.97,95,97.3,11,77.6,29.5,79.3,Low
INIT-0075,Beer Initiative 10,Food & Beverage,Beer,EMEA,PMM_06,Low,Decline,2024Q1,Month1,132826.58,123425.28,95,92.9,39,66.8,23.6,91.3,Medium
INIT-0075,Beer Initiative 10,Food & Beverage,Beer,EMEA,PMM_06,Low,Decline,2024Q1,Month2,145024.14,121595.04,95,85.2,23,75.7,27.8,94.4,Medium
INIT-0075,Beer Initiative 10,Food & Beverage,Beer,EMEA,PMM_06,Low,Decline,2024Q1,Month3,140523.79,121610.33,95,91.3,42,84.2,23.3,88.6,Medium
INIT-0075,Beer Initiative 10,Food & Beverage,Beer,EMEA,PMM_06,Low,Decline,2024Q2,Month1,129499.68,121490.8,95,91.1,42,71.6,26.7,86.4,Medium
INIT-0075,Beer Initiative 10,Food & Beverage,Beer,EMEA,PMM_06,Low,Decline,2024Q2,Month2,129054.78,117953.72,95,93.5,40,100.0,24.4,92.7,Medium
INIT-0075,Beer Initiative 10,Food & Beverage,Beer,EMEA,PMM_06,Low,Decline,2024Q2,Month3,136864.94,114039.08,95,90.2,44,71.2,32.5,89.4,Medium
INIT-0075,Beer Initiative 10,Food & Beverage,Beer,EMEA,PMM_06,Low,Decline,2024Q3,Month1,122200.67,113962.08,95,90.4,36,97.1,28.3,91.1,Medium
INIT-0075,Beer Initiative 10,Food & Beverage,Beer,EMEA,PMM_06,Low,Decline,2024Q3,Month2,128729.75,115679.22,95,86.6,31,89.6,29.2,109.5,Medium
INIT-0075,Beer Initiative 10,Food & Beverage,Beer,EMEA,PMM_06,Low,Decline,2024Q3,Month3,122457.28,111113.03,95,93.8,36,100.0,35.3,92.2,Medium
INIT-0075,Beer Initiative 10,Food & Beverage,Beer,EMEA,PMM_06,Low,Decline,2024Q4,Month1,126010.27,111632.58,95,86.0,37,70.0,30.9,98.9,Medium
INIT-0075,Beer Initiative 10,Food & Beverage,Beer,EMEA,PMM_06,Low,Decline,2024Q4,Month2,125505.81,104653.36,95,85.0,37,80.4,33.3,87.0,Medium
INIT-0075,Beer Initiative 10,Food & Beverage,Beer,EMEA,PMM_06,Low,Decline,2024Q4,Month3,115567.94,99040.96,95,92.2,24,72.2,27.6,89.3,Medium
INIT-0075,Beer Initiative 10,Food & Beverage,Beer,EMEA,PMM_06,Low,Decline,2025Q1,Month1,119420.91,113222.64,95,86.9,39,77.9,29.5,86.7,Medium
INIT-0075,Beer Initiative 10,Food & Beverage,Beer,EMEA,PMM_06,Low,Decline,2025Q1,Month2,113173.49,101737.92,95,92.3,32,81.3,25.0,95.6,Medium
INIT-0075,Beer Initiative 10,Food & Beverage,Beer,EMEA,PMM_06,Low,Decline,2025Q1,Month3,111062.64,92351.67,95,87.2,16,75.6,31.1,94.5,Medium
INIT-0075,Beer Initiative 10,Food & Beverage,Beer,EMEA,PMM_06,Low,Decline,2025Q2,Month1,110712.36,89079.04,95,90.3,42,94.1,28.6,82.8,Medium
INIT-0075,Beer Initiative 10,Food & Beverage,Beer,EMEA,PMM_06,Low,Decline,2025Q2,Month2,103708.55,92912.58,95,91.6,21,93.1,29.1,93.3,Medium
INIT-0075,Beer Initiative 10,Food & Beverage,Beer,EMEA,PMM_06,Low,Decline,2025Q2,Month3,108724.27,98803.29,95,91.8,15,94.1,26.7,101.1,Low
INIT-0075,Beer Initiative 10,Food & Beverage,Beer,EMEA,PMM_06,Low,Decline,2025Q3,Month1,108941.89,98404.68,95,88.9,23,83.0,23.1,91.1,Medium
INIT-0075,Beer Initiative 10,Food & Beverage,Beer,EMEA,PMM_06,Low,Decline,2025Q3,Month2,101649.57,95093.39,95,85.7,25,79.3,25.3,89.4,Medium
INIT-0075,Beer Initiative 10,Food & Beverage,Beer,EMEA,PMM_06,Low,Decline,2025Q3,Month3,100391.17,91709.04,95,93.0,19,80.5,31.6,94.8,Low
INIT-0075,Beer Initiative 10,Food & Beverage,Beer,EMEA,PMM_06,Low,Decline,2025Q4,Month1,99319.07,87524.94,95,90.4,38,86.9,31.6,83.7,Medium
INIT-0075,Beer Initiative 10,Food & Beverage,Beer,EMEA,PMM_06,Low,Decline,2025Q4,Month2,100920.5,87880.63,95,87.6,44,82.0,30.9,92.4,Medium
INIT-0075,Beer Initiative 10,Food & Beverage,Beer,EMEA,PMM_06,Low,Decline,2025Q4,Month3,96638.04,84152.52,95,92.0,44,72.0,27.0,83.1,Medium
INIT-0076,Dairy Initiative 11,Food & Beverage,Dairy,North America,PMM_16,Low,Mature,2024Q1,Month1,285110.83,293267.63,95,96.7,11,76.4,28.7,95.7,Low
INIT-0076,Dairy Initiative 11,Food & Beverage,Dairy,North America,PMM_16,Low,Mature,2024Q1,Month2,290785.73,292670.62,95,99.5,9,95.9,20.1,84.9,Low
INIT-0076,Dairy Initiative 11,Food & Beverage,Dairy,North America,PMM_16,Low,Mature,2024Q1,Month3,293801.12,295890.5,95,99.6,2,68.4,27.8,97.5,Low
INIT-0076,Dairy Initiative 11,Food & Beverage,Dairy,North America,PMM_16,Low,Mature,2024Q2,Month1,304285.39,301601.16,95,100.8,2,88.0,25.6,95.8,Low
INIT-0076,Dairy Initiative 11,Food & Beverage,Dairy,North America,PMM_16,Low,Mature,2024Q2,Month2,289816.81,297547.41,95,96.6,6,64.5,31.5,95.8,Low
INIT-0076,Dairy Initiative 11,Food & Beverage,Dairy,North America,PMM_16,Low,Mature,2024Q2,Month3,285007.62,290415.6,95,97.2,9,89.0,30.8,95.3,Low
INIT-0076,Dairy Initiative 11,Food & Beverage,Dairy,North America,PMM_16,Low,Mature,2024Q3,Month1,321982.01,332158.97,95,98.1,6,70.8,26.3,87.8,Low
INIT-0076,Dairy Initiative 11,Food & Beverage,Dairy,North America,PMM_16,Low,Mature,2024Q3,Month2,315675.6,322312.96,95,99.5,3,77.6,28.8,97.1,Low
INIT-0076,Dairy Initiative 11,Food & Beverage,Dairy,North America,PMM_16,Low,Mature,2024Q3,Month3,311196.38,310093.75,95,99.2,8,84.7,28.9,93.8,Low
INIT-0076,Dairy Initiative 11,Food & Beverage,Dairy,North America,PMM_16,Low,Mature,2024Q4,Month1,301632.11,300461.93,95,98.0,6,93.2,24.2,93.9,Low
INIT-0076,Dairy Initiative 11,Food & Beverage,Dairy,North America,PMM_16,Low,Mature,2024Q4,Month2,309647.66,316260.82,95,97.1,2,50.2,27.7,101.1,Low
INIT-0076,Dairy Initiative 11,Food & Beverage,Dairy,North America,PMM_16,Low,Mature,2024Q4,Month3,294968.07,303307.85,95,99.7,8,64.4,23.8,83.0,Low
INIT-0076,Dairy Initiative 11,Food & Beverage,Dairy,North America,PMM_16,Low,Mature,2025Q1,Month1,298506.84,296876.76,95,100.0,1,79.0,29.3,99.9,Low
INIT-0076,Dairy Initiative 11,Food & Beverage,Dairy,North America,PMM_16,Low,Mature,2025Q1,Month2,306191.11,311805.84,95,97.5,9,72.9,28.5,88.3,Low
INIT-0076,Dairy Initiative 11,Food & Beverage,Dairy,North America,PMM_16,Low,Mature,2025Q1,Month3,321616.48,322712.16,95,100.4,5,75.7,28.3,84.3,Low
INIT-0076,Dairy Initiative 11,Food & Beverage,Dairy,North America,PMM_16,Low,Mature,2025Q2,Month1,303031.96,297231.84,95,96.2,5,60.4,31.4,85.4,Low
INIT-0076,Dairy Initiative 11,Food & Beverage,Dairy,North America,PMM_16,Low,Mature,2025Q2,Month2,305480.16,311438.71,95,98.9,3,60.0,24.3,86.4,Low
INIT-0076,Dairy Initiative 11,Food & Beverage,Dairy,North America,PMM_16,Low,Mature,2025Q2,Month3,322949.58,330725.97,95,100.2,1,79.0,31.7,96.4,Low
INIT-0076,Dairy Initiative 11,Food & Beverage,Dairy,North America,PMM_16,Low,Mature,2025Q3,Month1,302257.77,306218.12,95,98.6,7,80.7,29.5,97.9,Low
INIT-0076,Dairy Initiative 11,Food & Beverage,Dairy,North America,PMM_16,Low,Mature,2025Q3,Month2,315361.15,320834.38,95,98.8,9,94.9,29.6,87.9,Low
INIT-0076,Dairy Initiative 11,Food & Beverage,Dairy,North America,PMM_16,Low,Mature,2025Q3,Month3,321953.36,317393.5,95,96.9,0,90.6,31.5,101.1,Low
INIT-0076,Dairy Initiative 11,Food & Beverage,Dairy,North America,PMM_16,Low,Mature,2025Q4,Month1,299552.05,297563.52,95,96.3,2,67.5,26.2,106.9,Low
INIT-0076,Dairy Initiative 11,Food & Beverage,Dairy,North America,PMM_16,Low,Mature,2025Q4,Month2,324664.0,322917.19,95,99.2,2,50.0,28.3,84.7,Low
INIT-0076,Dairy Initiative 11,Food & Beverage,Dairy,North America,PMM_16,Low,Mature,2025Q4,Month3,318291.77,315592.85,95,99.5,0,86.1,27.9,92.6,Low
INIT-0077,Wine Initiative 12,Food & Beverage,Wine,North America,PMM_04,Low,Mature,2024Q1,Month1,105968.65,107962.1,95,100.7,4,65.3,24.0,74.3,Low
INIT-0077,Wine Initiative 12,Food & Beverage,Wine,North America,PMM_04,Low,Mature,2024Q1,Month2,100104.8,102589.25,95,98.9,7,86.2,21.3,94.8,Low
INIT-0077,Wine Initiative 12,Food & Beverage,Wine,North America,PMM_04,Low,Mature,2024Q1,Month3,100258.73,98735.05,95,98.9,0,81.7,28.0,93.0,Low
INIT-0077,Wine Initiative 12,Food & Beverage,Wine,North America,PMM_04,Low,Mature,2024Q2,Month1,110151.15,108168.19,95,97.5,0,71.6,30.8,89.5,Low
INIT-0077,Wine Initiative 12,Food & Beverage,Wine,North America,PMM_04,Low,Mature,2024Q2,Month2,105361.49,106972.0,95,97.4,0,61.7,22.7,91.5,Low
INIT-0077,Wine Initiative 12,Food & Beverage,Wine,North America,PMM_04,Low,Mature,2024Q2,Month3,106804.84,105451.28,95,100.0,1,65.9,28.2,83.1,Low
INIT-0077,Wine Initiative 12,Food & Beverage,Wine,North America,PMM_04,Low,Mature,2024Q3,Month1,110739.86,110818.43,95,96.5,10,69.7,24.7,82.9,Low
INIT-0077,Wine Initiative 12,Food & Beverage,Wine,North America,PMM_04,Low,Mature,2024Q3,Month2,109194.55,108855.19,95,98.8,3,82.1,22.7,81.0,Low
INIT-0077,Wine Initiative 12,Food & Beverage,Wine,North America,PMM_04,Low,Mature,2024Q3,Month3,112365.56,113177.99,95,96.9,3,75.5,29.1,91.9,Low
INIT-0077,Wine Initiative 12,Food & Beverage,Wine,North America,PMM_04,Low,Mature,2024Q4,Month1,113009.85,114871.64,95,98.7,9,63.7,34.6,92.7,Low
INIT-0077,Wine Initiative 12,Food & Beverage,Wine,North America,PMM_04,Low,Mature,2024Q4,Month2,120303.3,123298.43,95,100.0,8,51.8,27.9,101.6,Low
INIT-0077,Wine Initiative 12,Food & Beverage,Wine,North America,PMM_04,Low,Mature,2024Q4,Month3,113979.52,117211.5,95,99.0,1,79.3,31.1,81.8,Low
INIT-0077,Wine Initiative 12,Food & Beverage,Wine,North America,PMM_04,Low,Mature,2025Q1,Month1,121155.28,121602.49,95,98.6,4,82.8,25.4,94.1,Low
INIT-0077,Wine Initiative 12,Food & Beverage,Wine,North America,PMM_04,Low,Mature,2025Q1,Month2,123560.43,123936.4,95,98.0,5,80.4,33.5,92.1,Low
INIT-0077,Wine Initiative 12,Food & Beverage,Wine,North America,PMM_04,Low,Mature,2025Q1,Month3,114649.55,117539.52,95,99.6,3,75.2,28.3,89.3,Low
INIT-0077,Wine Initiative 12,Food & Beverage,Wine,North America,PMM_04,Low,Mature,2025Q2,Month1,119164.45,120937.11,95,96.6,4,81.4,29.7,97.8,Low
INIT-0077,Wine Initiative 12,Food & Beverage,Wine,North America,PMM_04,Low,Mature,2025Q2,Month2,121319.27,121644.32,95,97.1,1,70.0,22.6,74.6,Low
INIT-0077,Wine Initiative 12,Food & Beverage,Wine,North America,PMM_04,Low,Mature,2025Q2,Month3,126093.29,126463.42,95,96.6,3,85.3,28.0,96.2,Low
INIT-0077,Wine Initiative 12,Food & Beverage,Wine,North America,PMM_04,Low,Mature,2025Q3,Month1,126098.91,130779.46,95,96.1,6,83.6,28.3,102.7,Low
INIT-0077,Wine Initiative 12,Food & Beverage,Wine,North America,PMM_04,Low,Mature,2025Q3,Month2,124512.48,125540.63,95,98.7,1,89.6,25.8,91.5,Low
INIT-0077,Wine Initiative 12,Food & Beverage,Wine,North America,PMM_04,Low,Mature,2025Q3,Month3,133859.83,133999.74,95,98.0,10,98.4,25.1,100.7,Low
INIT-0077,Wine Initiative 12,Food & Beverage,Wine,North America,PMM_04,Low,Mature,2025Q4,Month1,131332.32,132223.63,95,99.4,5,77.7,27.8,90.7,Low
INIT-0077,Wine Initiative 12,Food & Beverage,Wine,North America,PMM_04,Low,Mature,2025Q4,Month2,128618.9,130923.23,95,97.8,10,71.0,29.0,80.4,Low
INIT-0077,Wine Initiative 12,Food & Beverage,Wine,North America,PMM_04,Low,Mature,2025Q4,Month3,127123.88,124714.85,95,98.6,9,88.4,20.9,87.0,Low
INIT-0078,Wine Initiative 13,Food & Beverage,Wine,EMEA,PMM_10,Medium,Growth,2024Q1,Month1,278144.31,275968.93,95,90.4,12,67.9,28.2,95.1,Low
INIT-0078,Wine Initiative 13,Food & Beverage,Wine,EMEA,PMM_10,Medium,Growth,2024Q1,Month2,276171.56,285331.4,95,95.1,17,70.5,32.0,93.1,Low
INIT-0078,Wine Initiative 13,Food & Beverage,Wine,EMEA,PMM_10,Medium,Growth,2024Q1,Month3,268483.13,258700.56,95,90.0,18,82.8,25.9,88.2,Low
INIT-0078,Wine Initiative 13,Food & Beverage,Wine,EMEA,PMM_10,Medium,Growth,2024Q2,Month1,292655.51,279854.65,95,95.1,14,72.3,33.8,92.4,Low
INIT-0078,Wine Initiative 13,Food & Beverage,Wine,EMEA,PMM_10,Medium,Growth,2024Q2,Month2,299838.1,308437.84,95,94.7,13,77.2,25.3,101.1,Low
INIT-0078,Wine Initiative 13,Food & Beverage,Wine,EMEA,PMM_10,Medium,Growth,2024Q2,Month3,302299.71,312852.08,95,94.5,11,75.9,33.8,85.5,Low
INIT-0078,Wine Initiative 13,Food & Beverage,Wine,EMEA,PMM_10,Medium,Growth,2024Q3,Month1,323443.49,319507.47,95,94.4,32,71.6,25.9,81.0,Low
INIT-0078,Wine Initiative 13,Food & Beverage,Wine,EMEA,PMM_10,Medium,Growth,2024Q3,Month2,338500.53,342312.32,95,91.5,18,73.9,27.8,100.0,Low
INIT-0078,Wine Initiative 13,Food & Beverage,Wine,EMEA,PMM_10,Medium,Growth,2024Q3,Month3,331247.92,339341.47,95,94.0,10,67.7,26.4,89.3,Low
INIT-0078,Wine Initiative 13,Food & Beverage,Wine,EMEA,PMM_10,Medium,Growth,2024Q4,Month1,397832.6,385714.82,95,95.7,26,76.7,31.3,78.4,Low
INIT-0078,Wine Initiative 13,Food & Beverage,Wine,EMEA,PMM_10,Medium,Growth,2024Q4,Month2,380502.57,389507.27,95,94.5,13,71.1,26.7,90.0,Low
INIT-0078,Wine Initiative 13,Food & Beverage,Wine,EMEA,PMM_10,Medium,Growth,2024Q4,Month3,378686.24,398587.38,95,92.8,11,100.0,28.9,89.3,Low
INIT-0078,Wine Initiative 13,Food & Beverage,Wine,EMEA,PMM_10,Medium,Growth,2025Q1,Month1,473621.62,479277.91,95,96.3,28,91.6,33.1,89.1,Low
INIT-0078,Wine Initiative 13,Food & Beverage,Wine,EMEA,PMM_10,Medium,Growth,2025Q1,Month2,448593.25,427941.29,95,91.8,24,82.6,27.8,89.8,Low
INIT-0078,Wine Initiative 13,Food & Beverage,Wine,EMEA,PMM_10,Medium,Growth,2025Q1,Month3,484078.49,470591.87,95,96.1,17,73.2,33.7,88.0,Low
INIT-0078,Wine Initiative 13,Food & Beverage,Wine,EMEA,PMM_10,Medium,Growth,2025Q2,Month1,559807.56,548513.12,95,94.3,31,78.2,29.2,83.6,Low
INIT-0078,Wine Initiative 13,Food & Beverage,Wine,EMEA,PMM_10,Medium,Growth,2025Q2,Month2,563350.37,584998.61,95,95.0,29,92.9,30.7,92.5,Low
INIT-0078,Wine Initiative 13,Food & Beverage,Wine,EMEA,PMM_10,Medium,Growth,2025Q2,Month3,558596.34,555473.84,95,93.5,9,93.0,27.8,89.1,Low
INIT-0078,Wine Initiative 13,Food & Beverage,Wine,EMEA,PMM_10,Medium,Growth,2025Q3,Month1,647044.09,621790.48,95,90.6,25,82.0,20.6,96.0,Low
INIT-0078,Wine Initiative 13,Food & Beverage,Wine,EMEA,PMM_10,Medium,Growth,2025Q3,Month2,630626.24,625045.13,95,94.6,25,85.4,26.2,96.1,Low
INIT-0078,Wine Initiative 13,Food & Beverage,Wine,EMEA,PMM_10,Medium,Growth,2025Q3,Month3,657032.51,629151.8,95,94.6,32,74.1,30.0,84.6,Low
INIT-0078,Wine Initiative 13,Food & Beverage,Wine,EMEA,PMM_10,Medium,Growth,2025Q4,Month1,734780.13,705324.78,95,91.5,26,71.4,26.7,110.0,Low
INIT-0078,Wine Initiative 13,Food & Beverage,Wine,EMEA,PMM_10,Medium,Growth,2025Q4,Month2,751447.14,777254.17,95,92.3,19,83.2,27.4,78.5,Low
INIT-0078,Wine Initiative 13,Food & Beverage,Wine,EMEA,PMM_10,Medium,Growth,2025Q4,Month3,727001.99,720343.94,95,94.8,18,74.8,32.3,80.1,Low
INIT-0079,Beer Initiative 14,Food & Beverage,Beer,APAC,PMM_05,Low,Growth,2024Q1,Month1,295319.5,290355.42,95,92.2,29,78.0,30.6,102.0,Low
INIT-0079,Beer Initiative 14,Food & Beverage,Beer,APAC,PMM_05,Low,Growth,2024Q1,Month2,300112.17,292805.76,95,90.8,26,79.7,28.4,80.0,Low
INIT-0079,Beer Initiative 14,Food & Beverage,Beer,APAC,PMM_05,Low,Growth,2024Q1,Month3,309226.73,329017.15,95,89.3,26,91.7,25.9,82.3,Low
INIT-0079,Beer Initiative 14,Food & Beverage,Beer,APAC,PMM_05,Low,Growth,2024Q2,Month1,354527.77,360116.1,95,88.2,36,77.6,28.3,81.5,Low
INIT-0079,Beer Initiative 14,Food & Beverage,Beer,APAC,PMM_05,Low,Growth,2024Q2,Month2,348805.88,342279.39,95,89.4,25,65.9,26.4,87.9,Low
INIT-0079,Beer Initiative 14,Food & Beverage,Beer,APAC,PMM_05,Low,Growth,2024Q2,Month3,354458.46,366600.55,95,95.0,48,80.7,27.7,95.6,Low
INIT-0079,Beer Initiative 14,Food & Beverage,Beer,APAC,PMM_05,Low,Growth,2024Q3,Month1,393988.21,399606.82,95,89.5,35,87.3,28.8,92.8,Low
INIT-0079,Beer Initiative 14,Food & Beverage,Beer,APAC,PMM_05,Low,Growth,2024Q3,Month2,368465.43,354587.59,95,95.5,28,83.4,28.3,99.3,Low
INIT-0079,Beer Initiative 14,Food & Beverage,Beer,APAC,PMM_05,Low,Growth,2024Q3,Month3,393848.21,399186.37,95,92.9,24,84.1,27.8,89.4,Low
INIT-0079,Beer Initiative 14,Food & Beverage,Beer,APAC,PMM_05,Low,Growth,2024Q4,Month1,457271.04,465219.79,95,95.3,25,79.7,26.6,90.5,Low
INIT-0079,Beer Initiative 14,Food & Beverage,Beer,APAC,PMM_05,Low,Growth,2024Q4,Month2,449871.38,433212.52,95,94.5,41,69.7,28.1,88.6,Medium
INIT-0079,Beer Initiative 14,Food & Beverage,Beer,APAC,PMM_05,Low,Growth,2024Q4,Month3,431235.37,411298.63,95,91.4,32,78.8,28.8,83.9,Medium
INIT-0079,Beer Initiative 14,Food & Beverage,Beer,APAC,PMM_05,Low,Growth,2025Q1,Month1,497422.11,474149.16,95,94.8,42,70.9,27.4,87.8,Medium
INIT-0079,Beer Initiative 14,Food & Beverage,Beer,APAC,PMM_05,Low,Growth,2025Q1,Month2,541625.51,577707.23,95,91.8,29,82.0,30.7,96.1,Low
INIT-0079,Beer Initiative 14,Food & Beverage,Beer,APAC,PMM_05,Low,Growth,2025Q1,Month3,517456.51,493895.27,95,95.0,40,87.2,27.2,91.6,Medium
INIT-0079,Beer Initiative 14,Food & Beverage,Beer,APAC,PMM_05,Low,Growth,2025Q2,Month1,614290.58,600643.35,95,93.9,37,80.4,29.4,78.9,Low
INIT-0079,Beer Initiative 14,Food & Beverage,Beer,APAC,PMM_05,Low,Growth,2025Q2,Month2,632548.68,652011.74,95,92.1,39,70.6,25.5,103.0,Low
INIT-0079,Beer Initiative 14,Food & Beverage,Beer,APAC,PMM_05,Low,Growth,2025Q2,Month3,628658.88,619556.36,95,91.8,16,78.2,31.3,87.2,Low
INIT-0079,Beer Initiative 14,Food & Beverage,Beer,APAC,PMM_05,Low,Growth,2025Q3,Month1,729514.78,755804.89,95,90.7,33,70.2,26.5,75.6,Low
INIT-0079,Beer Initiative 14,Food & Beverage,Beer,APAC,PMM_05,Low,Growth,2025Q3,Month2,733770.37,703017.43,95,94.1,19,70.8,26.6,92.6,Low
INIT-0079,Beer Initiative 14,Food & Beverage,Beer,APAC,PMM_05,Low,Growth,2025Q3,Month3,749673.89,759769.97,95,87.5,39,71.0,29.8,102.0,Medium
INIT-0079,Beer Initiative 14,Food & Beverage,Beer,APAC,PMM_05,Low,Growth,2025Q4,Month1,845418.32,904785.43,95,94.7,39,83.1,23.5,99.9,Low
INIT-0079,Beer Initiative 14,Food & Beverage,Beer,APAC,PMM_05,Low,Growth,2025Q4,Month2,819594.06,818573.97,95,88.8,22,83.7,26.9,106.1,Low
INIT-0079,Beer Initiative 14,Food & Beverage,Beer,APAC,PMM_05,Low,Growth,2025Q4,Month3,808729.59,782450.45,95,91.3,24,79.2,27.3,87.0,Low
INIT-0080,Dairy Initiative 15,Food & Beverage,Dairy,APAC,PMM_04,Medium,Decline,2024Q1,Month1,270921.8,219957.07,95,84.6,37,85.7,30.6,100.0,Medium
INIT-0080,Dairy Initiative 15,Food & Beverage,Dairy,APAC,PMM_04,Medium,Decline,2024Q1,Month2,285575.95,255093.28,95,86.9,43,83.0,38.0,98.0,Medium
INIT-0080,Dairy Initiative 15,Food & Beverage,Dairy,APAC,PMM_04,Medium,Decline,2024Q1,Month3,267478.16,227890.48,95,91.0,51,73.6,26.4,101.4,Medium
INIT-0080,Dairy Initiative 15,Food & Beverage,Dairy,APAC,PMM_04,Medium,Decline,2024Q2,Month1,255048.05,241037.79,95,84.1,40,82.7,29.1,93.0,Medium
INIT-0080,Dairy Initiative 15,Food & Beverage,Dairy,APAC,PMM_04,Medium,Decline,2024Q2,Month2,259341.3,228395.2,95,84.1,47,87.5,27.6,90.5,Medium
INIT-0080,Dairy Initiative 15,Food & Beverage,Dairy,APAC,PMM_04,Medium,Decline,2024Q2,Month3,260523.72,240286.45,95,92.2,41,88.8,28.0,95.4,Medium
INIT-0080,Dairy Initiative 15,Food & Beverage,Dairy,APAC,PMM_04,Medium,Decline,2024Q3,Month1,256731.73,232633.09,95,86.5,26,90.1,30.2,87.5,Medium
INIT-0080,Dairy Initiative 15,Food & Beverage,Dairy,APAC,PMM_04,Medium,Decline,2024Q3,Month2,242545.66,223237.71,95,89.1,44,67.6,31.7,93.4,Medium
INIT-0080,Dairy Initiative 15,Food & Beverage,Dairy,APAC,PMM_04,Medium,Decline,2024Q3,Month3,247440.83,215898.57,95,91.0,37,95.7,29.0,94.5,Medium
INIT-0080,Dairy Initiative 15,Food & Beverage,Dairy,APAC,PMM_04,Medium,Decline,2024Q4,Month1,230569.5,187387.78,95,90.5,43,86.6,27.3,89.2,Medium
INIT-0080,Dairy Initiative 15,Food & Beverage,Dairy,APAC,PMM_04,Medium,Decline,2024Q4,Month2,232957.48,189557.31,95,88.8,35,96.5,22.6,87.9,Medium
INIT-0080,Dairy Initiative 15,Food & Beverage,Dairy,APAC,PMM_04,Medium,Decline,2024Q4,Month3,240220.0,193362.15,95,86.8,39,78.6,29.7,92.5,Medium
INIT-0080,Dairy Initiative 15,Food & Beverage,Dairy,APAC,PMM_04,Medium,Decline,2025Q1,Month1,237571.02,191656.45,95,85.5,47,69.5,31.9,93.3,Medium
INIT-0080,Dairy Initiative 15,Food & Beverage,Dairy,APAC,PMM_04,Medium,Decline,2025Q1,Month2,225042.83,201733.69,95,86.1,58,91.1,32.3,94.8,Medium
INIT-0080,Dairy Initiative 15,Food & Beverage,Dairy,APAC,PMM_04,Medium,Decline,2025Q1,Month3,236293.03,218159.08,95,86.1,55,79.4,28.2,98.1,Medium
INIT-0080,Dairy Initiative 15,Food & Beverage,Dairy,APAC,PMM_04,Medium,Decline,2025Q2,Month1,229259.7,205116.55,95,86.0,29,73.8,26.7,86.3,Medium
INIT-0080,Dairy Initiative 15,Food & Beverage,Dairy,APAC,PMM_04,Medium,Decline,2025Q2,Month2,218213.4,198351.38,95,89.5,51,75.5,25.9,92.0,Medium
INIT-0080,Dairy Initiative 15,Food & Beverage,Dairy,APAC,PMM_04,Medium,Decline,2025Q2,Month3,220614.34,189673.91,95,88.7,47,75.8,29.0,87.9,Medium
INIT-0080,Dairy Initiative 15,Food & Beverage,Dairy,APAC,PMM_04,Medium,Decline,2025Q3,Month1,219341.42,194353.92,95,84.9,31,90.8,26.9,86.2,Medium
INIT-0080,Dairy Initiative 15,Food & Beverage,Dairy,APAC,PMM_04,Medium,Decline,2025Q3,Month2,211438.32,198938.31,95,85.1,37,85.1,30.9,97.0,Medium
INIT-0080,Dairy Initiative 15,Food & Beverage,Dairy,APAC,PMM_04,Medium,Decline,2025Q3,Month3,213629.15,174501.25,95,88.4,27,73.5,25.7,77.9,Medium
INIT-0080,Dairy Initiative 15,Food & Beverage,Dairy,APAC,PMM_04,Medium,Decline,2025Q4,Month1,201348.99,186193.82,95,87.2,38,84.5,26.4,91.3,Medium
INIT-0080,Dairy Initiative 15,Food & Beverage,Dairy,APAC,PMM_04,Medium,Decline,2025Q4,Month2,206279.91,195068.1,95,88.5,44,90.3,26.1,74.2,Medium
INIT-0080,Dairy Initiative 15,Food & Beverage,Dairy,APAC,PMM_04,Medium,Decline,2025Q4,Month3,206240.13,165117.72,95,86.7,26,93.3,31.2,85.8,Medium
