order_id,order_date,business_unit,sku,region,channel,customer_tier,list_price,net_price,discount_pct,quantity,revenue
ORD-000001,2024-01-01,Biopharma Consumables,BIO-001,North America,Distributor,Standard,1779.25,1563.92,12.1,105,164211.5
ORD-000002,2024-01-01,Biopharma Consumables,BIO-001,North America,Distributor,Transactional,1779.25,1581.62,11.11,55,86988.87
ORD-000003,2024-01-01,Biopharma Consumables,BIO-001,North America,Direct,Standard,1779.25,1580.68,11.16,64,101163.23
ORD-000004,2024-01-01,Biopharma Consumables,BIO-001,EMEA,Direct,Transactional,1779.25,1690.56,4.98,64,108195.89
ORD-000005,2024-01-01,Biopharma Consumables,BIO-001,APAC,Direct,Standard,1779.25,1641.58,7.74,58,95211.37
ORD-000006,2024-01-01,Biopharma Consumables,BIO-001,North America,Distributor,Standard,1779.25,1532.08,13.89,90,137886.88
ORD-000007,2024-01-01,Biopharma Consumables,BIO-001,APAC,Distributor,Transactional,1779.25,1511.32,15.06,45,68009.5
ORD-000008,2024-01-01,Biopharma Consumables,BIO-001,North America,Direct,Standard,1779.25,1598.88,10.14,62,99130.29
ORD-000009,2024-01-01,Biopharma Consumables,BIO-001,EMEA,Distributor,Standard,1779.25,1535.82,13.68,79,121329.54
ORD-000010,2024-01-01,Biopharma Consumables,BIO-001,APAC,Distributor,Strategic,1779.25,1385.22,22.15,108,149604.16
ORD-000011,2024-01-01,Biopharma Consumables,BIO-002,APAC,Distributor,Strategic,4285.61,3513.46,18.02,88,309184.42
ORD-000012,2024-01-01,Biopharma Consumables,BIO-002,North America,Distributor,Standard,4285.61,3564.37,16.83,116,413466.97
ORD-000013,2024-01-01,Biopharma Consumables,BIO-002,EMEA,Direct,Standard,4285.61,3850.47,10.15,63,242579.43
ORD-000014,2024-01-01,Biopharma Consumables,BIO-002,North America,Distributor,Standard,4285.61,3687.85,13.95,71,261837.61
ORD-000015,2024-01-01,Biopharma Consumables,BIO-002,North America,Distributor,Standard,4285.61,3595.29,16.11,115,413458.33
ORD-000016,2024-01-01,Biopharma Consumables,BIO-002,APAC,Direct,Strategic,4285.61,3507.79,18.15,79,277115.56
ORD-000017,2024-01-01,Biopharma Consumables,BIO-002,EMEA,Direct,Standard,4285.61,3822.57,10.8,55,210241.27
ORD-000018,2024-01-01,Biopharma Consumables,BIO-002,North America,Direct,Strategic,4285.61,3461.9,19.22,89,308109.25
ORD-000019,2024-01-01,Biopharma Consumables,BIO-002,EMEA,Direct,Strategic,4285.61,3606.77,15.84,109,393137.9
ORD-000020,2024-01-01,Biopharma Consumables,BIO-002,APAC,Distributor,Transactional,4285.61,3900.76,8.98,58,226244.15
ORD-000021,2024-01-01,Biopharma Consumables,BIO-002,North America,Distributor,Strategic,4285.61,3331.53,22.26,95,316495.79
ORD-000022,2024-01-01,Biopharma Consumables,BIO-002,North America,Distributor,Standard,4285.61,3611.14,15.74,77,278058.01
ORD-000023,2024-01-01,Biopharma Consumables,BIO-003,North America,Direct,Standard,3334.17,2956.81,11.32,76,224717.68
ORD-000024,2024-01-01,Biopharma Consumables,BIO-003,EMEA,Distributor,Standard,3334.17,2836.1,14.94,60,170165.88
ORD-000025,2024-01-01,Biopharma Consumables,BIO-003,EMEA,Direct,Transactional,3334.17,3140.33,5.81,71,222963.53
ORD-000026,2024-01-01,Biopharma Consumables,BIO-003,North America,Distributor,Standard,3334.17,2856.68,14.32,82,234247.92
ORD-000027,2024-01-01,Biopharma Consumables,BIO-003,EMEA,Direct,Standard,3334.17,2947.87,11.59,76,224038.26
ORD-000028,2024-01-01,Biopharma Consumables,BIO-003,EMEA,Direct,Standard,3334.17,2975.0,10.77,76,226099.85
ORD-000029,2024-01-01,Biopharma Consumables,BIO-003,APAC,Distributor,Transactional,3334.17,2989.14,10.35,52,155435.2
ORD-000030,2024-01-01,Biopharma Consumables,BIO-003,North America,Distributor,Strategic,3334.17,2484.89,25.47,75,186367.0
ORD-000031,2024-01-01,Biopharma Consumables,BIO-003,North America,Direct,Transactional,3334.17,3178.79,4.66,54,171654.69
ORD-000032,2024-01-01,Biopharma Consumables,BIO-003,North America,Distributor,Strategic,3334.17,2598.38,22.07,102,265034.38
ORD-000033,2024-01-01,Biopharma Consumables,BIO-003,EMEA,Distributor,Standard,3334.17,2814.98,15.57,63,177343.43
ORD-000034,2024-01-01,Biopharma Consumables,BIO-003,North America,Direct,Transactional,3334.17,3108.87,6.76,67,208294.12
ORD-000035,2024-01-01,Biopharma Consumables,BIO-003,North America,Direct,Standard,3334.17,2953.48,11.42,105,310114.9
ORD-000036,2024-01-01,Biopharma Consumables,BIO-003,EMEA,Direct,Standard,3334.17,2937.39,11.9,42,123370.58
ORD-000037,2024-01-01,Biopharma Consumables,BIO-003,APAC,Distributor,Standard,3334.17,2868.36,13.97,57,163496.62
ORD-000038,2024-01-01,Biopharma Consumables,BIO-003,EMEA,Direct,Standard,3334.17,3022.76,9.34,66,199502.43
ORD-000039,2024-01-01,Biopharma Consumables,BIO-003,EMEA,Distributor,Standard,3334.17,2877.51,13.7,80,230201.18
ORD-000040,2024-01-01,Biopharma Consumables,BIO-004,EMEA,Direct,Standard,2754.16,2485.02,9.77,68,168981.26
ORD-000041,2024-01-01,Biopharma Consumables,BIO-004,North America,Direct,Strategic,2754.16,2278.51,17.27,98,223294.03
ORD-000042,2024-01-01,Biopharma Consumables,BIO-004,North America,Distributor,Standard,2754.16,2353.83,14.54,78,183598.91
ORD-000043,2024-01-01,Biopharma Consumables,BIO-004,EMEA,Distributor,Standard,2754.16,2345.79,14.83,65,152476.21
ORD-000044,2024-01-01,Biopharma Consumables,BIO-004,APAC,Direct,Transactional,2754.16,2597.91,5.67,65,168863.99
ORD-000045,2024-01-01,Biopharma Consumables,BIO-004,North America,Distributor,Standard,2754.16,2390.2,13.22,117,279652.88
ORD-000046,2024-01-01,Biopharma Consumables,BIO-004,North America,Distributor,Strategic,2754.16,2134.86,22.49,136,290340.43
ORD-000047,2024-01-01,Biopharma Consumables,BIO-004,EMEA,Direct,Standard,2754.16,2428.97,11.81,60,145738.18
ORD-000048,2024-01-01,Biopharma Consumables,BIO-004,APAC,Direct,Standard,2754.16,2475.62,10.11,52,128732.05
ORD-000049,2024-01-01,Biopharma Consumables,BIO-004,North America,Direct,Strategic,2754.16,2233.06,18.92,116,259034.44
ORD-000050,2024-01-01,Biopharma Consumables,BIO-004,EMEA,Direct,Transactional,2754.16,2608.37,5.29,52,135635.46
ORD-000051,2024-01-01,Biopharma Consumables,BIO-004,APAC,Distributor,Transactional,2754.16,2506.19,9.0,56,140346.58
ORD-000052,2024-01-01,Biopharma Consumables,BIO-004,EMEA,Direct,Transactional,2754.16,2589.7,5.97,29,75101.3
ORD-000053,2024-01-01,Biopharma Consumables,BIO-004,North America,Distributor,Transactional,2754.16,2458.39,10.74,64,157337.21
ORD-000054,2024-01-01,Biopharma Consumables,BIO-004,APAC,Direct,Transactional,2754.16,2579.66,6.34,35,90287.99
ORD-000055,2024-01-01,Biopharma Consumables,BIO-004,APAC,Direct,Standard,2754.16,2496.59,9.35,92,229686.52
ORD-000056,2024-01-01,Biopharma Consumables,BIO-005,North America,Distributor,Transactional,828.68,718.59,13.28,52,37366.85
ORD-000057,2024-01-01,Biopharma Consumables,BIO-005,EMEA,Direct,Standard,828.68,769.59,7.13,80,61567.07
ORD-000058,2024-01-01,Biopharma Consumables,BIO-005,North America,Distributor,Transactional,828.68,762.22,8.02,111,84606.84
ORD-000059,2024-01-01,Biopharma Consumables,BIO-005,North America,Direct,Standard,828.68,742.14,10.44,58,43044.13
ORD-000060,2024-01-01,Biopharma Consumables,BIO-005,APAC,Distributor,Standard,828.68,732.48,11.61,70,51273.94
ORD-000061,2024-01-01,Biopharma Consumables,BIO-005,EMEA,Direct,Transactional,828.68,795.97,3.95,62,49350.27
ORD-000062,2024-01-01,Biopharma Consumables,BIO-005,North America,Direct,Standard,828.68,726.53,12.33,79,57396.01
ORD-000063,2024-01-01,Biopharma Consumables,BIO-005,EMEA,Distributor,Transactional,828.68,758.5,8.47,58,43992.8
ORD-000064,2024-01-01,Biopharma Consumables,BIO-005,North America,Direct,Strategic,828.68,666.36,19.59,69,45978.98
ORD-000065,2024-01-01,Biopharma Consumables,BIO-005,APAC,Direct,Standard,828.68,751.86,9.27,83,62404.62
ORD-000066,2024-01-01,Biopharma Consumables,BIO-005,APAC,Direct,Transactional,828.68,800.13,3.44,46,36806.15
ORD-000067,2024-01-01,Biopharma Consumables,BIO-005,EMEA,Direct,Strategic,828.68,693.21,16.35,95,65854.69
ORD-000068,2024-01-01,Biopharma Consumables,BIO-005,EMEA,Distributor,Strategic,828.68,652.96,21.2,78,50931.07
ORD-000069,2024-01-01,Biopharma Consumables,BIO-005,North America,Direct,Standard,828.68,745.1,10.09,51,38000.03
ORD-000070,2024-01-01,Biopharma Consumables,BIO-005,APAC,Distributor,Strategic,828.68,647.77,21.83,99,64128.98
ORD-000071,2024-01-01,Biopharma Consumables,BIO-005,North America,Direct,Standard,828.68,716.3,13.56,69,49424.83
ORD-000072,2024-01-01,Biopharma Consumables,BIO-005,EMEA,Direct,Standard,828.68,738.65,10.86,73,53921.18
ORD-000073,2024-01-01,Biopharma Consumables,BIO-005,North America,Direct,Standard,828.68,755.89,8.78,59,44597.38
ORD-000074,2024-01-01,Biopharma Consumables,BIO-005,North America,Direct,Standard,828.68,724.84,12.53,100,72484.14
ORD-000075,2024-01-01,Biopharma Consumables,BIO-005,North America,Direct,Standard,828.68,751.29,9.34,89,66864.68
ORD-000076,2024-01-01,Biopharma Consumables,BIO-005,North America,Distributor,Standard,828.68,730.05,11.9,79,57673.97
ORD-000077,2024-01-01,Biopharma Consumables,BIO-006,North America,Direct,Strategic,828.58,710.54,14.25,108,76738.14
ORD-000078,2024-01-01,Biopharma Consumables,BIO-006,APAC,Distributor,Standard,828.58,706.35,14.75,71,50150.83
ORD-000079,2024-01-01,Biopharma Consumables,BIO-006,EMEA,Direct,Transactional,828.58,785.88,5.15,41,32221.01
ORD-000080,2024-01-01,Biopharma Consumables,BIO-006,North America,Direct,Standard,828.58,737.78,10.96,45,33200.18
ORD-000081,2024-01-01,Biopharma Consumables,BIO-006,EMEA,Direct,Standard,828.58,753.2,9.1,84,63268.82
ORD-000082,2024-01-01,Biopharma Consumables,BIO-006,EMEA,Direct,Standard,828.58,738.55,10.87,55,40620.05
ORD-000083,2024-01-01,Biopharma Consumables,BIO-006,APAC,Direct,Strategic,828.58,673.37,18.73,126,84844.21
ORD-000084,2024-01-01,Biopharma Consumables,BIO-006,APAC,Direct,Strategic,828.58,674.53,18.59,80,53962.4
ORD-000085,2024-01-01,Biopharma Consumables,BIO-006,North America,Distributor,Standard,828.58,715.68,13.62,106,75862.52
ORD-000086,2024-01-01,Biopharma Consumables,BIO-006,North America,Distributor,Standard,828.58,708.51,14.49,79,55972.47
ORD-000087,2024-01-01,Biopharma Consumables,BIO-006,APAC,Distributor,Strategic,828.58,644.24,22.25,100,64423.63
ORD-000088,2024-01-01,Biopharma Consumables,BIO-006,APAC,Distributor,Standard,828.58,710.32,14.27,63,44749.85
ORD-000089,2024-01-01,Biopharma Consumables,BIO-007,North America,Distributor,Transactional,402.66,364.5,9.48,86,31346.69
ORD-000090,2024-01-01,Biopharma Consumables,BIO-007,APAC,Direct,Standard,402.66,365.08,9.33,59,21539.77
ORD-000091,2024-01-01,Biopharma Consumables,BIO-007,EMEA,Distributor,Standard,402.66,356.15,11.55,76,27067.35
ORD-000092,2024-01-01,Biopharma Consumables,BIO-007,APAC,Distributor,Standard,402.66,342.34,14.98,59,20197.97
ORD-000093,2024-01-01,Biopharma Consumables,BIO-007,EMEA,Distributor,Strategic,402.66,303.31,24.67,139,42160.58
ORD-000094,2024-01-01,Biopharma Consumables,BIO-007,North America,Distributor,Standard,402.66,336.67,16.39,95,31983.46
ORD-000095,2024-01-01,Biopharma Consumables,BIO-007,EMEA,Direct,Transactional,402.66,363.17,9.81,58,21063.88
ORD-000096,2024-01-01,Biopharma Consumables,BIO-007,North America,Distributor,Strategic,402.66,320.19,20.48,82,26255.64
ORD-000097,2024-01-01,Biopharma Consumables,BIO-007,North America,Direct,Transactional,402.66,387.58,3.75,53,20541.77
ORD-000098,2024-01-01,Biopharma Consumables,BIO-007,North America,Direct,Standard,402.66,363.79,9.65,88,32013.71
ORD-000099,2024-01-01,Biopharma Consumables,BIO-007,North America,Distributor,Strategic,402.66,318.9,20.8,112,35717.28
ORD-000100,2024-01-01,Biopharma Consumables,BIO-007,EMEA,Direct,Transactional,402.66,381.97,5.14,48,18334.5
ORD-000101,2024-01-01,Biopharma Consumables,BIO-008,EMEA,Direct,Standard,3917.87,3595.28,8.23,61,219312.12
ORD-000102,2024-01-01,Biopharma Consumables,BIO-008,APAC,Direct,Standard,3917.87,3591.35,8.33,92,330403.83
ORD-000103,2024-01-01,Biopharma Consumables,BIO-008,North America,Direct,Standard,3917.87,3520.28,10.15,64,225297.7
ORD-000104,2024-01-01,Biopharma Consumables,BIO-008,North America,Direct,Standard,3917.87,3484.3,11.07,93,324039.71
ORD-000105,2024-01-01,Biopharma Consumables,BIO-008,EMEA,Direct,Standard,3917.87,3624.21,7.5,109,395038.8
ORD-000106,2024-01-01,Biopharma Consumables,BIO-008,North America,Direct,Standard,3917.87,3617.56,7.67,86,311110.12
ORD-000107,2024-01-01,Biopharma Consumables,BIO-008,EMEA,Direct,Standard,3917.87,3468.97,11.46,77,267110.5
ORD-000108,2024-01-01,Biopharma Consumables,BIO-008,North America,Direct,Standard,3917.87,3605.31,7.98,74,266792.92
ORD-000109,2024-01-01,Biopharma Consumables,BIO-008,APAC,Direct,Strategic,3917.87,3308.42,15.56,91,301066.06
ORD-000110,2024-01-01,Biopharma Consumables,BIO-008,APAC,Direct,Strategic,3917.87,3197.6,18.38,103,329353.21
ORD-000111,2024-01-01,Biopharma Consumables,BIO-008,North America,Distributor,Standard,3917.87,3346.82,14.58,36,120485.55
ORD-000112,2024-01-01,Biopharma Consumables,BIO-008,EMEA,Direct,Standard,3917.87,3562.02,9.08,46,163852.8
ORD-000113,2024-01-01,Biopharma Consumables,BIO-008,EMEA,Direct,Standard,3917.87,3403.76,13.12,82,279108.72
ORD-000114,2024-01-01,Biopharma Consumables,BIO-008,North America,Direct,Standard,3917.87,3559.91,9.14,76,270553.06
ORD-000115,2024-01-01,Biopharma Consumables,BIO-008,North America,Distributor,Strategic,3917.87,3045.37,22.27,107,325854.22
ORD-000116,2024-01-01,Biopharma Consumables,BIO-008,EMEA,Direct,Transactional,3917.87,3645.63,6.95,59,215092.11
ORD-000117,2024-01-01,Biopharma Consumables,BIO-008,North America,Direct,Transactional,3917.87,3760.33,4.02,55,206818.13
ORD-000118,2024-01-01,Biopharma Consumables,BIO-008,EMEA,Distributor,Standard,3917.87,3320.36,15.25,78,258987.85
ORD-000119,2024-01-01,Biopharma Consumables,BIO-009,EMEA,Distributor,Strategic,2764.85,2122.64,23.23,102,216509.12
ORD-000120,2024-01-01,Biopharma Consumables,BIO-009,APAC,Distributor,Standard,2764.85,2376.6,14.04,65,154478.79
ORD-000121,2024-01-01,Biopharma Consumables,BIO-009,North America,Distributor,Standard,2764.85,2421.01,12.44,115,278415.69
ORD-000122,2024-01-01,Biopharma Consumables,BIO-009,North America,Direct,Transactional,2764.85,2556.17,7.55,53,135476.79
ORD-000123,2024-01-01,Biopharma Consumables,BIO-009,North America,Direct,Transactional,2764.85,2569.37,7.07,56,143884.87
ORD-000124,2024-01-01,Biopharma Consumables,BIO-009,EMEA,Direct,Standard,2764.85,2506.84,9.33,88,220602.05
ORD-000125,2024-01-01,Biopharma Consumables,BIO-009,North America,Direct,Standard,2764.85,2530.09,8.49,53,134094.86
ORD-000126,2024-01-01,Biopharma Consumables,BIO-009,North America,Distributor,Standard,2764.85,2313.47,16.33,79,182763.95
ORD-000127,2024-01-01,Biopharma Consumables,BIO-009,EMEA,Distributor,Transactional,2764.85,2392.57,13.46,48,114843.59
ORD-000128,2024-01-01,Biopharma Consumables,BIO-009,EMEA,Distributor,Standard,2764.85,2404.22,13.04,61,146657.43
ORD-000129,2024-01-01,Biopharma Consumables,BIO-009,APAC,Direct,Strategic,2764.85,2282.66,17.44,71,162069.08
ORD-000130,2024-01-01,Biopharma Consumables,BIO-009,North America,Distributor,Standard,2764.85,2369.36,14.3,65,154008.11
ORD-000131,2024-01-01,Biopharma Consumables,BIO-009,North America,Distributor,Standard,2764.85,2355.23,14.82,108,254364.93
ORD-000132,2024-01-01,Biopharma Consumables,BIO-009,EMEA,Direct,Standard,2764.85,2489.74,9.95,81,201668.87
ORD-000133,2024-01-01,Biopharma Consumables,BIO-009,EMEA,Direct,Transactional,2764.85,2709.55,2.0,45,121929.9
ORD-000134,2024-01-01,Biopharma Consumables,BIO-009,North America,Distributor,Standard,2764.85,2353.55,14.88,88,207112.77
ORD-000135,2024-01-01,Biopharma Consumables,BIO-009,APAC,Distributor,Transactional,2764.85,2467.53,10.75,69,170259.48
ORD-000136,2024-01-01,Biopharma Consumables,BIO-009,APAC,Direct,Transactional,2764.85,2605.89,5.75,45,117265.06
ORD-000137,2024-01-01,Biopharma Consumables,BIO-009,North America,Distributor,Transactional,2764.85,2497.73,9.66,60,149863.57
ORD-000138,2024-01-01,Biopharma Consumables,BIO-009,APAC,Distributor,Standard,2764.85,2351.0,14.97,117,275067.15
ORD-000139,2024-01-01,Biopharma Consumables,BIO-009,APAC,Direct,Transactional,2764.85,2548.82,7.81,47,119794.52
ORD-000140,2024-01-01,Biopharma Consumables,BIO-009,APAC,Distributor,Strategic,2764.85,2112.06,23.61,61,128835.46
ORD-000141,2024-01-01,Biopharma Consumables,BIO-009,North America,Distributor,Strategic,2764.85,2141.36,22.55,67,143471.02
ORD-000142,2024-01-01,Biopharma Consumables,BIO-010,APAC,Distributor,Standard,3230.12,2848.06,11.83,36,102530.1
ORD-000143,2024-01-01,Biopharma Consumables,BIO-010,EMEA,Direct,Strategic,3230.12,2594.34,19.68,108,280188.63
ORD-000144,2024-01-01,Biopharma Consumables,BIO-010,APAC,Direct,Standard,3230.12,2981.02,7.71,63,187804.16
ORD-000145,2024-01-01,Biopharma Consumables,BIO-010,North America,Direct,Standard,3230.12,2861.05,11.43,70,200273.54
ORD-000146,2024-01-01,Biopharma Consumables,BIO-010,North America,Distributor,Transactional,3230.12,2879.5,10.85,79,227480.34
ORD-000147,2024-01-01,Biopharma Consumables,BIO-010,North America,Direct,Transactional,3230.12,2975.78,7.87,65,193425.88
ORD-000148,2024-01-01,Biopharma Consumables,BIO-010,North America,Distributor,Standard,3230.12,2779.85,13.94,48,133432.57
ORD-000149,2024-01-01,Biopharma Consumables,BIO-010,North America,Distributor,Standard,3230.12,2791.32,13.58,67,187018.15
ORD-000150,2024-01-01,Biopharma Consumables,BIO-010,EMEA,Distributor,Standard,3230.12,2739.83,15.18,93,254803.83
ORD-000151,2024-01-01,Biopharma Consumables,BIO-010,EMEA,Direct,Standard,3230.12,2790.72,13.6,75,209304.13
ORD-000152,2024-01-01,Biopharma Consumables,BIO-010,North America,Direct,Standard,3230.12,2919.08,9.63,42,122601.37
ORD-000153,2024-01-01,Biopharma Consumables,BIO-010,North America,Direct,Standard,3230.12,2859.19,11.48,77,220157.71
ORD-000154,2024-01-01,Biopharma Consumables,BIO-010,North America,Distributor,Transactional,3230.12,2904.21,10.09,63,182965.54
ORD-000155,2024-01-01,Medical,MED-001,North America,Distributor,Standard,239.54,206.72,13.7,115,23772.55
ORD-000156,2024-01-01,Medical,MED-001,EMEA,Direct,Strategic,239.54,198.77,17.02,94,18683.96
ORD-000157,2024-01-01,Medical,MED-001,APAC,Direct,Strategic,239.54,194.2,18.93,104,20196.99
ORD-000158,2024-01-01,Medical,MED-001,EMEA,Direct,Transactional,239.54,225.03,6.06,47,10576.57
ORD-000159,2024-01-01,Medical,MED-001,North America,Direct,Standard,239.54,211.67,11.64,80,16933.44
ORD-000160,2024-01-01,Medical,MED-001,EMEA,Direct,Standard,239.54,214.78,10.34,83,17826.89
ORD-000161,2024-01-01,Medical,MED-001,EMEA,Distributor,Transactional,239.54,221.46,7.55,54,11958.61
ORD-000162,2024-01-01,Medical,MED-001,North America,Distributor,Standard,239.54,208.25,13.06,97,20200.67
ORD-000163,2024-01-01,Medical,MED-001,North America,Direct,Transactional,239.54,224.01,6.49,55,12320.36
ORD-000164,2024-01-01,Medical,MED-001,APAC,Direct,Standard,239.54,211.46,11.72,36,7612.58
ORD-000165,2024-01-01,Medical,MED-001,APAC,Direct,Standard,239.54,211.61,11.66,53,11215.23
ORD-000166,2024-01-01,Medical,MED-001,North America,Direct,Standard,239.54,212.01,11.49,67,14204.57
ORD-000167,2024-01-01,Medical,MED-001,EMEA,Distributor,Strategic,239.54,183.8,23.27,133,24445.34
ORD-000168,2024-01-01,Medical,MED-002,APAC,Direct,Strategic,4369.11,3587.36,17.89,82,294163.6
ORD-000169,2024-01-01,Medical,MED-002,North America,Direct,Standard,4369.11,3944.65,9.72,82,323461.19
ORD-000170,2024-01-01,Medical,MED-002,North America,Distributor,Transactional,4369.11,3872.14,11.37,70,271050.08
ORD-000171,2024-01-01,Medical,MED-002,EMEA,Distributor,Strategic,4369.11,3469.41,20.59,100,346940.81
ORD-000172,2024-01-01,Medical,MED-002,EMEA,Distributor,Strategic,4369.11,3350.88,23.31,139,465772.71
ORD-000173,2024-01-01,Medical,MED-002,EMEA,Distributor,Transactional,4369.11,3961.62,9.33,75,297121.34
ORD-000174,2024-01-01,Medical,MED-002,EMEA,Direct,Standard,4369.11,3825.15,12.45,44,168306.49
ORD-000175,2024-01-01,Medical,MED-002,APAC,Direct,Transactional,4369.11,4041.09,7.51,52,210136.56
ORD-000176,2024-01-01,Medical,MED-002,EMEA,Distributor,Standard,4369.11,3679.48,15.78,69,253884.04
ORD-000177,2024-01-01,Medical,MED-002,APAC,Direct,Transactional,4369.11,4099.06,6.18,36,147566.31
ORD-000178,2024-01-01,Medical,MED-002,EMEA,Direct,Standard,4369.11,3974.07,9.04,46,182807.33
ORD-000179,2024-01-01,Medical,MED-002,EMEA,Distributor,Standard,4369.11,3904.83,10.63,76,296767.15
ORD-000180,2024-01-01,Medical,MED-002,EMEA,Direct,Standard,4369.11,4023.26,7.92,50,201163.25
ORD-000181,2024-01-01,Medical,MED-002,EMEA,Distributor,Transactional,4369.11,3948.76,9.62,79,311951.82
ORD-000182,2024-01-01,Medical,MED-002,APAC,Direct,Strategic,4369.11,3693.62,15.46,73,269634.19
ORD-000183,2024-01-01,Medical,MED-002,APAC,Direct,Standard,4369.11,3832.94,12.27,67,256807.03
ORD-000184,2024-01-01,Medical,MED-002,North America,Direct,Standard,4369.11,3925.29,10.16,62,243368.05
ORD-000185,2024-01-01,Medical,MED-002,EMEA,Direct,Transactional,4369.11,4015.38,8.1,54,216830.5
ORD-000186,2024-01-01,Medical,MED-002,EMEA,Distributor,Standard,4369.11,3754.23,14.07,70,262796.14
ORD-000187,2024-01-01,Medical,MED-003,APAC,Distributor,Standard,3771.13,3200.9,15.12,56,179250.57
ORD-000188,2024-01-01,Medical,MED-003,EMEA,Distributor,Strategic,3771.13,2988.73,20.75,161,481185.67
ORD-000189,2024-01-01,Medical,MED-003,EMEA,Distributor,Standard,3771.13,3173.9,15.84,110,349128.67
ORD-000190,2024-01-01,Medical,MED-003,North America,Distributor,Standard,3771.13,3288.63,12.79,114,374903.74
ORD-000191,2024-01-01,Medical,MED-003,EMEA,Distributor,Strategic,3771.13,2924.36,22.45,96,280738.17
ORD-000192,2024-01-01,Medical,MED-003,North America,Direct,Transactional,3771.13,3577.76,5.13,41,146688.24
ORD-000193,2024-01-01,Medical,MED-003,North America,Direct,Strategic,3771.13,3127.5,17.07,116,362789.68
ORD-000194,2024-01-01,Medical,MED-003,EMEA,Direct,Standard,3771.13,3324.57,11.84,56,186175.78
ORD-000195,2024-01-01,Medical,MED-003,EMEA,Direct,Standard,3771.13,3450.05,8.51,77,265654.11
ORD-000196,2024-01-01,Medical,MED-003,EMEA,Distributor,Standard,3771.13,3181.44,15.64,106,337232.21
ORD-000197,2024-01-01,Medical,MED-003,North America,Direct,Transactional,3771.13,3540.73,6.11,77,272636.11
ORD-000198,2024-01-01,Medical,MED-003,EMEA,Direct,Transactional,3771.13,3537.3,6.2,58,205163.63
ORD-000199,2024-01-01,Medical,MED-003,North America,Direct,Standard,3771.13,3433.85,8.94,87,298745.15
ORD-000200,2024-01-01,Medical,MED-003,North America,Direct,Standard,3771.13,3372.03,10.58,143,482200.61
ORD-000201,2024-01-01,Medical,MED-003,APAC,Distributor,Standard,3771.13,3267.98,13.34,96,313725.83
ORD-000202,2024-01-01,Medical,MED-003,North America,Direct,Standard,3771.13,3363.66,10.8,66,222001.84
ORD-000203,2024-01-01,Medical,MED-004,EMEA,Distributor,Strategic,1073.68,878.14,18.21,89,78154.78
ORD-000204,2024-01-01,Medical,MED-004,North America,Direct,Strategic,1073.68,879.5,18.08,106,93227.13
ORD-000205,2024-01-01,Medical,MED-004,EMEA,Direct,Standard,1073.68,957.61,10.81,56,53626.11
ORD-000206,2024-01-01,Medical,MED-004,North America,Distributor,Standard,1073.68,920.97,14.22,68,62625.71
ORD-000207,2024-01-01,Medical,MED-004,North America,Direct,Standard,1073.68,966.05,10.02,68,65691.74
ORD-000208,2024-01-01,Medical,MED-004,EMEA,Direct,Standard,1073.68,988.32,7.95,61,60287.6
ORD-000209,2024-01-01,Medical,MED-004,APAC,Distributor,Transactional,1073.68,966.79,9.96,51,49306.24
ORD-000210,2024-01-01,Medical,MED-004,North America,Distributor,Strategic,1073.68,861.28,19.78,144,124024.99
ORD-000211,2024-01-01,Medical,MED-004,North America,Direct,Standard,1073.68,985.52,8.21,69,68001.02
ORD-000212,2024-01-01,Medical,MED-004,EMEA,Direct,Standard,1073.68,942.61,12.21,74,69753.45
ORD-000213,2024-01-01,Medical,MED-004,EMEA,Direct,Standard,1073.68,967.73,9.87,85,82257.08
ORD-000214,2024-01-01,Medical,MED-004,APAC,Distributor,Standard,1073.68,922.85,14.05,50,46142.26
ORD-000215,2024-01-01,Medical,MED-004,EMEA,Distributor,Strategic,1073.68,833.65,22.36,77,64191.07
ORD-000216,2024-01-01,Medical,MED-004,North America,Distributor,Transactional,1073.68,988.0,7.98,50,49400.16
ORD-000217,2024-01-01,Medical,MED-004,EMEA,Direct,Strategic,1073.68,875.86,18.42,87,76200.1
ORD-000218,2024-01-01,Medical,MED-004,North America,Direct,Transactional,1073.68,993.21,7.49,53,52640.3
ORD-000219,2024-01-01,Medical,MED-004,North America,Direct,Standard,1073.68,955.97,10.96,97,92729.4
ORD-000220,2024-01-01,Medical,MED-004,APAC,Distributor,Standard,1073.68,922.44,14.09,75,69183.18
ORD-000221,2024-01-01,Medical,MED-004,APAC,Distributor,Strategic,1073.68,828.5,22.84,82,67936.91
ORD-000222,2024-01-01,Medical,MED-004,EMEA,Direct,Standard,1073.68,969.87,9.67,76,73710.19
ORD-000223,2024-01-01,Medical,MED-004,North America,Distributor,Transactional,1073.68,952.82,11.26,56,53357.84
ORD-000224,2024-01-01,Medical,MED-004,EMEA,Distributor,Standard,1073.68,920.45,14.27,41,37738.25
ORD-000225,2024-01-01,Medical,MED-005,APAC,Direct,Standard,940.94,839.87,10.74,72,60470.36
ORD-000226,2024-01-01,Medical,MED-005,EMEA,Direct,Standard,940.94,836.21,11.13,78,65224.54
ORD-000227,2024-01-01,Medical,MED-005,North America,Direct,Strategic,940.94,759.88,19.24,82,62309.9
ORD-000228,2024-01-01,Medical,MED-005,North America,Distributor,Transactional,940.94,863.72,8.21,67,57869.48
ORD-000229,2024-01-01,Medical,MED-005,EMEA,Direct,Transactional,940.94,904.95,3.83,34,30768.15
ORD-000230,2024-01-01,Medical,MED-005,APAC,Distributor,Standard,940.94,784.83,16.59,77,60432.12
ORD-000231,2024-01-01,Medical,MED-005,North America,Direct,Standard,940.94,830.38,11.75,55,45670.9
ORD-000232,2024-01-01,Medical,MED-005,EMEA,Distributor,Strategic,940.94,712.17,24.31,161,114658.83
ORD-000233,2024-01-01,Medical,MED-005,EMEA,Distributor,Standard,940.94,809.31,13.99,83,67172.45
ORD-000234,2024-01-01,Medical,MED-005,North America,Distributor,Transactional,940.94,845.6,10.13,87,73566.94
ORD-000235,2024-01-01,Medical,MED-006,North America,Direct,Standard,947.81,850.33,10.28,82,69727.02
ORD-000236,2024-01-01,Medical,MED-006,APAC,Direct,Standard,947.81,858.32,9.44,78,66948.99
ORD-000237,2024-01-01,Medical,MED-006,North America,Direct,Standard,947.81,860.53,9.21,87,74866.3
ORD-000238,2024-01-01,Medical,MED-006,APAC,Direct,Standard,947.81,845.73,10.77,55,46514.97
ORD-000239,2024-01-01,Medical,MED-006,North America,Direct,Transactional,947.81,928.85,2.0,60,55731.21
ORD-000240,2024-01-01,Medical,MED-006,North America,Distributor,Strategic,947.81,728.4,23.15,177,128926.8
ORD-000241,2024-01-01,Medical,MED-006,North America,Direct,Standard,947.81,847.98,10.53,65,55118.78
ORD-000242,2024-01-01,Medical,MED-006,APAC,Direct,Transactional,947.81,891.24,5.97,23,20498.63
ORD-000243,2024-01-01,Medical,MED-006,APAC,Direct,Standard,947.81,878.09,7.36,59,51807.37
ORD-000244,2024-01-01,Medical,MED-006,EMEA,Distributor,Standard,947.81,837.33,11.66,62,51914.54
ORD-000245,2024-01-01,Medical,MED-006,North America,Distributor,Standard,947.81,813.98,14.12,87,70816.17
ORD-000246,2024-01-01,Medical,MED-006,North America,Direct,Standard,947.81,850.18,10.3,95,80766.83
ORD-000247,2024-01-01,Medical,MED-006,APAC,Distributor,Strategic,947.81,733.9,22.57,115,84398.08
ORD-000248,2024-01-01,Medical,MED-007,APAC,Distributor,Standard,1473.45,1319.4,10.46,58,76524.93
ORD-000249,2024-01-01,Medical,MED-007,North America,Direct,Transactional,1473.45,1399.35,5.03,64,89558.51
ORD-000250,2024-01-01,Medical,MED-007,North America,Direct,Standard,1473.45,1323.4,10.18,94,124399.33
ORD-000251,2024-01-01,Medical,MED-007,APAC,Distributor,Standard,1473.45,1260.15,14.48,76,95771.67
ORD-000252,2024-01-01,Medical,MED-007,North America,Direct,Transactional,1473.45,1389.04,5.73,94,130569.33
ORD-000253,2024-01-01,Medical,MED-007,APAC,Direct,Transactional,1473.45,1425.51,3.25,55,78403.04
ORD-000254,2024-01-01,Medical,MED-007,EMEA,Distributor,Standard,1473.45,1265.67,14.1,81,102519.31
ORD-000255,2024-01-01,Medical,MED-007,APAC,Direct,Transactional,1473.45,1390.92,5.6,45,62591.2
ORD-000256,2024-01-01,Medical,MED-007,APAC,Distributor,Strategic,1473.45,1103.71,25.09,63,69533.63
ORD-000257,2024-01-01,Medical,MED-007,APAC,Direct,Transactional,1473.45,1379.19,6.4,51,70338.6
ORD-000258,2024-01-01,Medical,MED-007,North America,Distributor,Standard,1473.45,1240.93,15.78,153,189861.81
ORD-000259,2024-01-01,Medical,MED-007,North America,Distributor,Strategic,1473.45,1143.3,22.41,123,140626.5
ORD-000260,2024-01-01,Medical,MED-007,North America,Direct,Transactional,1473.45,1431.94,2.82,50,71597.17
ORD-000261,2024-01-01,Medical,MED-007,North America,Direct,Transactional,1473.45,1397.54,5.15,50,69877.02
ORD-000262,2024-01-01,Medical,MED-007,EMEA,Distributor,Standard,1473.45,1245.11,15.5,75,93382.93
ORD-000263,2024-01-01,Medical,MED-008,EMEA,Direct,Strategic,2432.69,2009.48,17.4,112,225061.51
ORD-000264,2024-01-01,Medical,MED-008,EMEA,Distributor,Standard,2432.69,2128.62,12.5,70,149003.14
ORD-000265,2024-01-01,Medical,MED-008,APAC,Distributor,Transactional,2432.69,2233.65,8.18,75,167523.83
ORD-000266,2024-01-01,Medical,MED-008,EMEA,Direct,Standard,2432.69,2149.02,11.66,69,148282.63
ORD-000267,2024-01-01,Medical,MED-008,APAC,Direct,Standard,2432.69,2197.52,9.67,77,169208.83
ORD-000268,2024-01-01,Medical,MED-008,APAC,Distributor,Transactional,2432.69,2223.56,8.6,75,166766.69
ORD-000269,2024-01-01,Medical,MED-008,APAC,Direct,Transactional,2432.69,2319.96,4.63,42,97438.36
ORD-000270,2024-01-01,Medical,MED-008,EMEA,Direct,Standard,2432.69,2227.87,8.42,60,133672.24
ORD-000271,2024-01-01,Medical,MED-008,APAC,Distributor,Standard,2432.69,2059.18,15.35,65,133846.86
ORD-000272,2024-01-01,Medical,MED-008,North America,Distributor,Strategic,2432.69,1894.94,22.11,121,229288.02
ORD-000273,2024-01-01,Medical,MED-008,EMEA,Direct,Strategic,2432.69,1985.13,18.4,115,228290.02
ORD-000274,2024-01-01,Medical,MED-008,EMEA,Direct,Standard,2432.69,2213.29,9.02,53,117304.31
ORD-000275,2024-01-01,Medical,MED-008,APAC,Direct,Standard,2432.69,2144.84,11.83,94,201614.72
ORD-000276,2024-01-01,Medical,MED-008,EMEA,Direct,Standard,2432.69,2110.2,13.26,86,181477.45
ORD-000277,2024-01-01,Medical,MED-008,EMEA,Direct,Standard,2432.69,2193.27,9.84,62,135982.88
ORD-000278,2024-01-01,Medical,MED-008,North America,Direct,Standard,2432.69,2240.74,7.89,75,168055.38
ORD-000279,2024-01-01,Medical,MED-008,North America,Direct,Strategic,2432.69,1955.23,19.63,93,181836.68
ORD-000280,2024-01-01,Medical,MED-009,EMEA,Direct,Standard,2028.96,1793.32,11.61,69,123738.88
ORD-000281,2024-01-01,Medical,MED-009,APAC,Direct,Standard,2028.96,1867.99,7.93,40,74719.77
ORD-000282,2024-01-01,Medical,MED-009,EMEA,Distributor,Standard,2028.96,1759.61,13.28,72,126691.78
ORD-000283,2024-01-01,Medical,MED-009,EMEA,Distributor,Strategic,2028.96,1607.92,20.75,63,101298.95
ORD-000284,2024-01-01,Medical,MED-009,EMEA,Distributor,Strategic,2028.96,1589.43,21.66,110,174837.61
ORD-000285,2024-01-01,Medical,MED-009,EMEA,Direct,Standard,2028.96,1819.77,10.31,91,165599.36
ORD-000286,2024-01-01,Medical,MED-009,North America,Distributor,Strategic,2028.96,1617.4,20.28,108,174678.99
ORD-000287,2024-01-01,Medical,MED-009,EMEA,Direct,Strategic,2028.96,1723.38,15.06,110,189571.88
ORD-000288,2024-01-01,Medical,MED-009,APAC,Distributor,Standard,2028.96,1781.23,12.21,77,137155.01
ORD-000289,2024-01-01,Medical,MED-009,EMEA,Distributor,Transactional,2028.96,1881.43,7.27,53,99716.02
ORD-000290,2024-01-01,Medical,MED-009,EMEA,Distributor,Standard,2028.96,1778.11,12.36,68,120911.43
ORD-000291,2024-01-01,Medical,MED-009,APAC,Direct,Strategic,2028.96,1662.24,18.07,83,137965.84
ORD-000292,2024-01-01,Medical,MED-009,North America,Direct,Standard,2028.96,1796.7,11.45,101,181466.71
ORD-000293,2024-01-01,Medical,MED-009,APAC,Direct,Standard,2028.96,1827.46,9.93,68,124267.54
ORD-000294,2024-01-01,Medical,MED-010,North America,Direct,Strategic,1416.85,1167.31,17.61,130,151750.88
ORD-000295,2024-01-01,Medical,MED-010,North America,Distributor,Standard,1416.85,1213.4,14.36,96,116486.07
ORD-000296,2024-01-01,Medical,MED-010,North America,Direct,Standard,1416.85,1300.54,8.21,77,100141.29
ORD-000297,2024-01-01,Medical,MED-010,APAC,Distributor,Standard,1416.85,1241.09,12.4,50,62054.42
ORD-000298,2024-01-01,Medical,MED-010,North America,Direct,Transactional,1416.85,1373.9,3.03,68,93425.3
ORD-000299,2024-01-01,Industrial,IND-001,EMEA,Direct,Transactional,2811.56,2630.56,6.44,65,170986.25
ORD-000300,2024-01-01,Industrial,IND-001,North America,Direct,Strategic,2811.56,2193.96,21.97,91,199650.21
ORD-000301,2024-01-01,Industrial,IND-001,EMEA,Distributor,Strategic,2811.56,2208.27,21.46,119,262784.56
ORD-000302,2024-01-01,Industrial,IND-001,APAC,Distributor,Strategic,2811.56,2177.11,22.57,93,202471.53
ORD-000303,2024-01-01,Industrial,IND-001,EMEA,Direct,Standard,2811.56,2503.42,10.96,57,142695.06
ORD-000304,2024-01-01,Industrial,IND-001,EMEA,Distributor,Transactional,2811.56,2532.72,9.92,72,182355.78
ORD-000305,2024-01-01,Industrial,IND-001,EMEA,Distributor,Standard,2811.56,2368.78,15.75,88,208452.26
ORD-000306,2024-01-01,Industrial,IND-001,APAC,Direct,Standard,2811.56,2502.74,10.98,69,172689.23
ORD-000307,2024-01-01,Industrial,IND-001,EMEA,Direct,Standard,2811.56,2482.1,11.72,57,141479.65
ORD-000308,2024-01-01,Industrial,IND-001,APAC,Direct,Transactional,2811.56,2602.67,7.43,49,127530.83
ORD-000309,2024-01-01,Industrial,IND-001,EMEA,Distributor,Transactional,2811.56,2512.63,10.63,59,148245.35
ORD-000310,2024-01-01,Industrial,IND-001,APAC,Distributor,Standard,2811.56,2419.06,13.96,45,108857.71
ORD-000311,2024-01-01,Industrial,IND-001,EMEA,Direct,Standard,2811.56,2525.9,10.16,84,212175.64
ORD-000312,2024-01-01,Industrial,IND-001,APAC,Direct,Standard,2811.56,2530.35,10.0,59,149290.84
ORD-000313,2024-01-01,Industrial,IND-002,EMEA,Direct,Standard,756.8,671.21,11.31,75,50340.68
ORD-000314,2024-01-01,Industrial,IND-002,APAC,Direct,Standard,756.8,673.91,10.95,45,30325.73
ORD-000315,2024-01-01,Industrial,IND-002,North America,Distributor,Standard,756.8,626.01,17.28,71,44447.01
ORD-000316,2024-01-01,Industrial,IND-002,EMEA,Direct,Transactional,756.8,705.98,6.71,60,42358.97
ORD-000317,2024-01-01,Industrial,IND-002,North America,Distributor,Standard,756.8,671.66,11.25,71,47687.76
ORD-000318,2024-01-01,Industrial,IND-002,North America,Distributor,Standard,756.8,650.84,14.0,63,41003.18
ORD-000319,2024-01-01,Industrial,IND-003,APAC,Direct,Standard,1420.83,1297.04,8.71,63,81713.64
ORD-000320,2024-01-01,Industrial,IND-003,North America,Distributor,Standard,1420.83,1216.32,14.39,87,105819.61
ORD-000321,2024-01-01,Industrial,IND-003,North America,Distributor,Strategic,1420.83,1109.64,21.9,165,183091.22
ORD-000322,2024-01-01,Industrial,IND-003,EMEA,Direct,Strategic,1420.83,1144.5,19.45,143,163664.21
ORD-000323,2024-01-01,Industrial,IND-003,North America,Direct,Transactional,1420.83,1344.92,5.34,56,75315.33
ORD-000324,2024-01-01,Industrial,IND-003,EMEA,Direct,Standard,1420.83,1290.48,9.17,50,64523.98
ORD-000325,2024-01-01,Industrial,IND-003,APAC,Direct,Transactional,1420.83,1344.03,5.41,55,73921.83
ORD-000326,2024-01-01,Industrial,IND-003,APAC,Direct,Standard,1420.83,1311.86,7.67,60,78711.64
ORD-000327,2024-01-01,Industrial,IND-003,EMEA,Direct,Standard,1420.83,1245.75,12.32,55,68516.51
ORD-000328,2024-01-01,Industrial,IND-003,North America,Direct,Standard,1420.83,1262.96,11.11,64,80829.28
ORD-000329,2024-01-01,Industrial,IND-003,North America,Direct,Standard,1420.83,1262.14,11.17,49,61845.07
ORD-000330,2024-01-01,Industrial,IND-003,EMEA,Distributor,Standard,1420.83,1247.08,12.23,103,128449.15
ORD-000331,2024-01-01,Industrial,IND-003,EMEA,Distributor,Strategic,1420.83,1113.31,21.64,100,111331.27
ORD-000332,2024-01-01,Industrial,IND-003,North America,Distributor,Standard,1420.83,1248.32,12.14,72,89879.15
ORD-000333,2024-01-01,Industrial,IND-003,APAC,Distributor,Transactional,1420.83,1327.2,6.59,39,51760.8
ORD-000334,2024-01-01,Industrial,IND-003,North America,Direct,Standard,1420.83,1282.49,9.74,125,160311.77
ORD-000335,2024-01-01,Industrial,IND-003,APAC,Direct,Transactional,1420.83,1339.96,5.69,36,48238.7
ORD-000336,2024-01-01,Industrial,IND-004,APAC,Distributor,Strategic,1743.67,1347.03,22.75,115,154908.99
ORD-000337,2024-01-01,Industrial,IND-004,North America,Direct,Transactional,1743.67,1645.93,5.61,49,80650.66
ORD-000338,2024-01-01,Industrial,IND-004,North America,Direct,Strategic,1743.67,1451.66,16.75,152,220651.7
ORD-000339,2024-01-01,Industrial,IND-004,EMEA,Distributor,Strategic,1743.67,1338.06,23.26,92,123101.1
ORD-000340,2024-01-01,Industrial,IND-004,EMEA,Direct,Strategic,1743.67,1467.06,15.86,96,140837.42
ORD-000341,2024-01-01,Industrial,IND-004,APAC,Direct,Transactional,1743.67,1637.8,6.07,45,73700.96
ORD-000342,2024-01-01,Industrial,IND-004,EMEA,Direct,Standard,1743.67,1558.17,10.64,75,116862.56
ORD-000343,2024-01-01,Industrial,IND-004,EMEA,Distributor,Standard,1743.67,1463.14,16.09,88,128756.27
ORD-000344,2024-01-01,Industrial,IND-004,APAC,Direct,Strategic,1743.67,1462.52,16.12,86,125776.48
ORD-000345,2024-01-01,Industrial,IND-004,EMEA,Direct,Standard,1743.67,1569.82,9.97,66,103608.33
ORD-000346,2024-01-01,Industrial,IND-005,APAC,Distributor,Strategic,2133.9,1685.23,21.03,117,197172.02
ORD-000347,2024-01-01,Industrial,IND-005,APAC,Distributor,Standard,2133.9,1797.0,15.79,57,102429.28
ORD-000348,2024-01-01,Industrial,IND-005,North America,Distributor,Standard,2133.9,1834.7,14.02,63,115586.16
ORD-000349,2024-01-01,Industrial,IND-005,North America,Direct,Transactional,2133.9,2055.17,3.69,87,178799.9
ORD-000350,2024-01-01,Industrial,IND-005,APAC,Direct,Standard,2133.9,1926.57,9.72,81,156051.96
ORD-000351,2024-01-01,Industrial,IND-005,EMEA,Direct,Standard,2133.9,1938.14,9.17,64,124041.07
ORD-000352,2024-01-01,Industrial,IND-005,North America,Direct,Transactional,2133.9,2089.23,2.09,66,137889.0
ORD-000353,2024-01-01,Industrial,IND-005,North America,Distributor,Transactional,2133.9,1950.99,8.57,82,159981.33
ORD-000354,2024-01-01,Industrial,IND-005,North America,Direct,Strategic,2133.9,1738.67,18.52,92,159957.92
ORD-000355,2024-01-01,Industrial,IND-005,APAC,Direct,Standard,2133.9,1953.48,8.46,73,142604.09
ORD-000356,2024-01-01,Industrial,IND-005,EMEA,Distributor,Transactional,2133.9,1975.75,7.41,47,92860.47
ORD-000357,2024-01-01,Industrial,IND-005,APAC,Direct,Standard,2133.9,1873.79,12.19,47,88068.13
ORD-000358,2024-01-01,Industrial,IND-006,North America,Distributor,Standard,3565.52,3031.56,14.98,58,175830.21
ORD-000359,2024-01-01,Industrial,IND-006,APAC,Direct,Standard,3565.52,3332.47,6.54,76,253267.37
ORD-000360,2024-01-01,Industrial,IND-006,EMEA,Distributor,Standard,3565.52,3054.04,14.35,92,280971.54
ORD-000361,2024-01-01,Industrial,IND-006,North America,Distributor,Strategic,3565.52,2850.58,20.05,94,267954.74
ORD-000362,2024-01-01,Industrial,IND-006,EMEA,Distributor,Standard,3565.52,3124.73,12.36,78,243728.97
ORD-000363,2024-01-01,Industrial,IND-006,North America,Direct,Transactional,3565.52,3354.81,5.91,57,191224.11
ORD-000364,2024-01-01,Industrial,IND-006,APAC,Direct,Transactional,3565.52,3351.21,6.01,35,117292.24
ORD-000365,2024-01-01,Industrial,IND-006,EMEA,Direct,Strategic,3565.52,2983.47,16.32,85,253594.99
ORD-000366,2024-01-01,Industrial,IND-006,APAC,Direct,Standard,3565.52,3144.15,11.82,78,245243.37
ORD-000367,2024-01-01,Industrial,IND-006,EMEA,Direct,Standard,3565.52,3262.58,8.5,51,166391.52
ORD-000368,2024-01-01,Industrial,IND-006,North America,Distributor,Standard,3565.52,3095.0,13.2,64,198079.96
ORD-000369,2024-01-01,Industrial,IND-006,North America,Direct,Transactional,3565.52,3277.39,8.08,78,255636.43
ORD-000370,2024-01-01,Industrial,IND-006,EMEA,Distributor,Strategic,3565.52,2832.65,20.55,83,235109.66
ORD-000371,2024-01-01,Industrial,IND-006,North America,Direct,Strategic,3565.52,2842.77,20.27,97,275748.82
ORD-000372,2024-01-01,Industrial,IND-006,North America,Direct,Standard,3565.52,3213.43,9.87,51,163884.75
ORD-000373,2024-01-01,Industrial,IND-007,North America,Distributor,Standard,1018.58,872.96,14.3,75,65472.35
ORD-000374,2024-01-01,Industrial,IND-007,North America,Direct,Transactional,1018.58,945.07,7.22,51,48198.52
ORD-000375,2024-01-01,Industrial,IND-007,North America,Direct,Standard,1018.58,920.01,9.68,81,74520.52
ORD-000376,2024-01-01,Industrial,IND-007,EMEA,Direct,Strategic,1018.58,858.63,15.7,98,84145.71
ORD-000377,2024-01-01,Industrial,IND-007,North America,Distributor,Strategic,1018.58,807.7,20.7,108,87231.59
ORD-000378,2024-01-01,Industrial,IND-007,EMEA,Distributor,Strategic,1018.58,767.76,24.62,145,111325.45
ORD-000379,2024-01-01,Industrial,IND-007,EMEA,Direct,Strategic,1018.58,829.75,18.54,94,77996.36
ORD-000380,2024-01-01,Industrial,IND-007,North America,Direct,Standard,1018.58,906.3,11.02,107,96974.31
ORD-000381,2024-01-01,Industrial,IND-007,APAC,Distributor,Transactional,1018.58,938.12,7.9,58,54410.93
ORD-000382,2024-01-01,Industrial,IND-007,EMEA,Direct,Strategic,1018.58,824.8,19.02,91,75056.44
ORD-000383,2024-01-01,Industrial,IND-007,North America,Direct,Transactional,1018.58,940.55,7.66,66,62076.5
ORD-000384,2024-01-01,Industrial,IND-007,North America,Distributor,Standard,1018.58,845.54,16.99,92,77789.36
ORD-000385,2024-01-01,Industrial,IND-007,APAC,Direct,Standard,1018.58,927.27,8.96,61,56563.54
ORD-000386,2024-01-01,Industrial,IND-007,North America,Distributor,Standard,1018.58,895.18,12.12,87,77880.44
ORD-000387,2024-01-01,Industrial,IND-007,North America,Direct,Standard,1018.58,914.65,10.2,82,75001.24
ORD-000388,2024-01-01,Industrial,IND-007,North America,Direct,Standard,1018.58,871.66,14.42,96,83679.79
ORD-000389,2024-01-01,Industrial,IND-008,APAC,Direct,Standard,2386.92,2122.89,11.06,73,154971.1
ORD-000390,2024-01-01,Industrial,IND-008,North America,Distributor,Standard,2386.92,2039.59,14.55,85,173365.47
ORD-000391,2024-01-01,Industrial,IND-008,APAC,Distributor,Standard,2386.92,2092.24,12.35,78,163194.99
ORD-000392,2024-01-01,Industrial,IND-008,EMEA,Direct,Strategic,2386.92,1922.34,19.46,112,215301.67
ORD-000393,2024-01-01,Industrial,IND-008,North America,Direct,Strategic,2386.92,1967.34,17.58,104,204602.92
ORD-000394,2024-01-01,Industrial,IND-008,North America,Direct,Standard,2386.92,2197.55,7.93,69,151631.07
ORD-000395,2024-01-01,Industrial,IND-008,EMEA,Direct,Standard,2386.92,2109.35,11.63,75,158201.06
ORD-000396,2024-01-01,Industrial,IND-008,EMEA,Distributor,Standard,2386.92,2089.05,12.48,80,167124.19
ORD-000397,2024-01-01,Industrial,IND-008,North America,Direct,Standard,2386.92,2165.16,9.29,69,149395.88
ORD-000398,2024-01-01,Industrial,IND-008,EMEA,Direct,Strategic,2386.92,1863.44,21.93,79,147211.75
ORD-000399,2024-01-01,Industrial,IND-008,North America,Direct,Transactional,2386.92,2199.15,7.87,60,131948.81
ORD-000400,2024-01-01,Industrial,IND-008,APAC,Direct,Strategic,2386.92,1985.92,16.8,77,152915.74
ORD-000401,2024-01-01,Industrial,IND-008,APAC,Direct,Strategic,2386.92,1967.15,17.59,100,196714.54
ORD-000402,2024-01-01,Industrial,IND-009,North America,Direct,Transactional,2727.0,2640.14,3.19,57,150488.19
ORD-000403,2024-01-01,Industrial,IND-009,North America,Direct,Standard,2727.0,2382.24,12.64,76,181050.32
ORD-000404,2024-01-01,Industrial,IND-009,North America,Direct,Standard,2727.0,2462.55,9.7,83,204391.24
ORD-000405,2024-01-01,Industrial,IND-009,EMEA,Direct,Transactional,2727.0,2506.26,8.09,64,160400.34
ORD-000406,2024-01-01,Industrial,IND-009,EMEA,Direct,Standard,2727.0,2396.9,12.11,70,167782.87
ORD-000407,2024-01-01,Industrial,IND-009,APAC,Distributor,Transactional,2727.0,2432.16,10.81,76,184843.91
ORD-000408,2024-01-01,Industrial,IND-009,EMEA,Distributor,Strategic,2727.0,2053.05,24.71,95,195040.02
ORD-000409,2024-01-01,Industrial,IND-009,North America,Direct,Standard,2727.0,2419.51,11.28,74,179043.54
ORD-000410,2024-01-01,Industrial,IND-010,EMEA,Distributor,Standard,352.06,308.54,12.36,110,33939.11
ORD-000411,2024-01-01,Industrial,IND-010,North America,Direct,Strategic,352.06,294.04,16.48,117,34402.66
ORD-000412,2024-01-01,Industrial,IND-010,EMEA,Distributor,Transactional,352.06,320.53,8.95,53,16988.25
ORD-000413,2024-01-01,Industrial,IND-010,North America,Direct,Strategic,352.06,290.45,17.5,112,32529.87
ORD-000414,2024-01-01,Industrial,IND-010,EMEA,Direct,Transactional,352.06,332.68,5.51,69,22954.61
ORD-000415,2024-01-01,Industrial,IND-010,North America,Distributor,Strategic,352.06,268.47,23.74,86,23088.68
ORD-000416,2024-01-01,Industrial,IND-010,North America,Distributor,Standard,352.06,297.06,15.62,59,17526.44
ORD-000417,2024-01-01,Industrial,IND-010,APAC,Distributor,Transactional,352.06,311.2,11.61,85,26451.61
ORD-000418,2024-01-01,Industrial,IND-010,EMEA,Distributor,Transactional,352.06,318.71,9.47,87,27727.7
ORD-000419,2024-01-01,Industrial,IND-010,North America,Distributor,Transactional,352.06,317.94,9.69,74,23527.84
ORD-000420,2024-01-01,Industrial,IND-010,APAC,Distributor,Standard,352.06,299.47,14.94,86,25754.23
ORD-000421,2024-01-01,Industrial,IND-010,EMEA,Distributor,Standard,352.06,299.82,14.84,66,19788.3
ORD-000422,2024-01-01,Industrial,IND-010,EMEA,Distributor,Standard,352.06,306.69,12.89,73,22388.51
ORD-000423,2024-01-01,Industrial,IND-010,North America,Distributor,Standard,352.06,297.74,15.43,84,25010.2
ORD-000424,2024-01-01,Food & Beverage,FOO-001,EMEA,Distributor,Transactional,2792.82,2511.72,10.07,66,165773.2
ORD-000425,2024-01-01,Food & Beverage,FOO-001,North America,Distributor,Standard,2792.82,2395.49,14.23,102,244340.48
ORD-000426,2024-01-01,Food & Beverage,FOO-001,North America,Direct,Standard,2792.82,2505.37,10.29,68,170365.03
ORD-000427,2024-01-01,Food & Beverage,FOO-001,APAC,Distributor,Strategic,2792.82,2215.92,20.66,112,248182.66
ORD-000428,2024-01-01,Food & Beverage,FOO-001,North America,Direct,Strategic,2792.82,2298.74,17.69,69,158612.81
ORD-000429,2024-01-01,Food & Beverage,FOO-001,North America,Direct,Standard,2792.82,2584.85,7.45,75,193863.58
ORD-000430,2024-01-01,Food & Beverage,FOO-001,North America,Direct,Strategic,2792.82,2322.37,16.85,81,188111.92
ORD-000431,2024-01-01,Food & Beverage,FOO-001,North America,Distributor,Strategic,2792.82,2141.48,23.32,95,203441.06
ORD-000432,2024-01-01,Food & Beverage,FOO-001,EMEA,Direct,Standard,2792.82,2528.6,9.46,74,187116.68
ORD-000433,2024-01-01,Food & Beverage,FOO-001,North America,Distributor,Standard,2792.82,2437.29,12.73,83,202295.34
ORD-000434,2024-01-01,Food & Beverage,FOO-001,APAC,Direct,Standard,2792.82,2440.69,12.61,60,146441.62
ORD-000435,2024-01-01,Food & Beverage,FOO-001,APAC,Distributor,Standard,2792.82,2350.56,15.84,69,162188.31
ORD-000436,2024-01-01,Food & Beverage,FOO-001,EMEA,Distributor,Standard,2792.82,2349.59,15.87,74,173869.67
ORD-000437,2024-01-01,Food & Beverage,FOO-001,EMEA,Direct,Standard,2792.82,2534.13,9.26,63,159650.24
ORD-000438,2024-01-01,Food & Beverage,FOO-001,EMEA,Direct,Standard,2792.82,2501.15,10.44,48,120055.38
ORD-000439,2024-01-01,Food & Beverage,FOO-001,North America,Distributor,Strategic,2792.82,2216.47,20.64,87,192832.47
ORD-000440,2024-01-01,Food & Beverage,FOO-001,North America,Distributor,Transactional,2792.82,2559.82,8.34,65,166388.52
ORD-000441,2024-01-01,Food & Beverage,FOO-001,North America,Direct,Standard,2792.82,2496.72,10.6,73,182260.25
ORD-000442,2024-01-01,Food & Beverage,FOO-002,APAC,Direct,Standard,891.78,795.45,10.8,86,68408.52
ORD-000443,2024-01-01,Food & Beverage,FOO-002,EMEA,Direct,Strategic,891.78,720.17,19.24,67,48251.29
ORD-000444,2024-01-01,Food & Beverage,FOO-002,North America,Direct,Transactional,891.78,868.21,2.64,42,36464.96
ORD-000445,2024-01-01,Food & Beverage,FOO-002,EMEA,Direct,Standard,891.78,786.93,11.76,55,43281.09
ORD-000446,2024-01-01,Food & Beverage,FOO-002,North America,Direct,Standard,891.78,792.33,11.15,79,62593.74
ORD-000447,2024-01-01,Food & Beverage,FOO-002,North America,Direct,Standard,891.78,786.55,11.8,63,49552.95
ORD-000448,2024-01-01,Food & Beverage,FOO-002,EMEA,Direct,Strategic,891.78,738.88,17.15,100,73888.2
ORD-000449,2024-01-01,Food & Beverage,FOO-002,North America,Direct,Transactional,891.78,819.16,8.14,42,34404.56
ORD-000450,2024-01-01,Food & Beverage,FOO-002,North America,Distributor,Standard,891.78,769.28,13.74,78,60003.78
ORD-000451,2024-01-01,Food & Beverage,FOO-002,APAC,Direct,Transactional,891.78,847.67,4.95,33,27973.22
ORD-000452,2024-01-01,Food & Beverage,FOO-002,EMEA,Direct,Transactional,891.78,850.17,4.67,68,57811.44
ORD-000453,2024-01-01,Food & Beverage,FOO-003,EMEA,Direct,Standard,432.97,392.72,9.3,67,26312.19
ORD-000454,2024-01-01,Food & Beverage,FOO-003,North America,Direct,Standard,432.97,389.12,10.13,36,14008.45
ORD-000455,2024-01-01,Food & Beverage,FOO-003,EMEA,Distributor,Transactional,432.97,384.06,11.3,71,27268.11
ORD-000456,2024-01-01,Food & Beverage,FOO-003,North America,Direct,Standard,432.97,395.84,8.58,102,40375.66
ORD-000457,2024-01-01,Food & Beverage,FOO-003,APAC,Distributor,Standard,432.97,379.53,12.34,73,27705.74
ORD-000458,2024-01-01,Food & Beverage,FOO-003,North America,Direct,Transactional,432.97,404.71,6.53,53,21449.45
ORD-000459,2024-01-01,Food & Beverage,FOO-003,EMEA,Direct,Standard,432.97,397.53,8.19,53,21069.05
ORD-000460,2024-01-01,Food & Beverage,FOO-003,APAC,Direct,Transactional,432.97,403.47,6.82,57,22997.58
ORD-000461,2024-01-01,Food & Beverage,FOO-003,EMEA,Distributor,Standard,432.97,369.33,14.7,72,26591.53
ORD-000462,2024-01-01,Food & Beverage,FOO-003,EMEA,Direct,Transactional,432.97,397.15,8.27,61,24226.0
ORD-000463,2024-01-01,Food & Beverage,FOO-003,North America,Distributor,Standard,432.97,372.79,13.9,88,32805.21
ORD-000464,2024-01-01,Food & Beverage,FOO-003,North America,Distributor,Standard,432.97,368.74,14.83,59,21755.86
ORD-000465,2024-01-01,Food & Beverage,FOO-003,North America,Distributor,Transactional,432.97,403.73,6.75,57,23012.8
ORD-000466,2024-01-01,Food & Beverage,FOO-004,North America,Direct,Standard,4277.65,3878.84,9.32,80,310306.83
ORD-000467,2024-01-01,Food & Beverage,FOO-004,APAC,Direct,Standard,4277.65,3823.53,10.62,49,187352.99
ORD-000468,2024-01-01,Food & Beverage,FOO-004,EMEA,Direct,Strategic,4277.65,3667.34,14.27,67,245711.63
ORD-000469,2024-01-01,Food & Beverage,FOO-004,APAC,Distributor,Transactional,4277.65,3858.54,9.8,37,142765.84
ORD-000470,2024-01-01,Food & Beverage,FOO-004,APAC,Distributor,Strategic,4277.65,3290.72,23.07,60,197442.95
ORD-000471,2024-01-01,Food & Beverage,FOO-004,APAC,Distributor,Standard,4277.65,3708.63,13.3,62,229935.14
ORD-000472,2024-01-01,Food & Beverage,FOO-004,EMEA,Distributor,Strategic,4277.65,3413.7,20.2,83,283337.46
ORD-000473,2024-01-01,Food & Beverage,FOO-004,North America,Direct,Strategic,4277.65,3497.85,18.23,114,398755.01
ORD-000474,2024-01-01,Food & Beverage,FOO-004,EMEA,Distributor,Standard,4277.65,3664.33,14.34,93,340782.39
ORD-000475,2024-01-01,Food & Beverage,FOO-004,APAC,Direct,Standard,4277.65,3745.53,12.44,65,243459.48
ORD-000476,2024-01-01,Food & Beverage,FOO-004,APAC,Direct,Transactional,4277.65,4147.21,3.05,47,194918.85
ORD-000477,2024-01-01,Food & Beverage,FOO-004,APAC,Direct,Standard,4277.65,3806.71,11.01,40,152268.3
ORD-000478,2024-01-01,Food & Beverage,FOO-004,North America,Direct,Transactional,4277.65,4027.05,5.86,69,277866.72
ORD-000479,2024-01-01,Food & Beverage,FOO-005,APAC,Direct,Transactional,4350.5,4084.68,6.11,48,196064.51
ORD-000480,2024-01-01,Food & Beverage,FOO-005,North America,Distributor,Strategic,4350.5,3477.78,20.06,119,413855.42
ORD-000481,2024-01-01,Food & Beverage,FOO-005,EMEA,Direct,Strategic,4350.5,3469.78,20.24,99,343507.98
ORD-000482,2024-01-01,Food & Beverage,FOO-005,North America,Direct,Strategic,4350.5,3498.97,19.57,129,451367.58
ORD-000483,2024-01-01,Food & Beverage,FOO-005,North America,Distributor,Transactional,4350.5,3939.83,9.44,57,224570.52
ORD-000484,2024-01-01,Food & Beverage,FOO-005,North America,Distributor,Standard,4350.5,3736.69,14.11,73,272778.11
ORD-000485,2024-01-01,Food & Beverage,FOO-005,EMEA,Direct,Transactional,4350.5,4202.61,3.4,60,252156.87
ORD-000486,2024-01-01,Food & Beverage,FOO-005,APAC,Direct,Standard,4350.5,3921.92,9.85,62,243158.8
ORD-000487,2024-01-01,Food & Beverage,FOO-005,North America,Direct,Transactional,4350.5,4219.04,3.02,59,248923.1
ORD-000488,2024-01-01,Food & Beverage,FOO-005,North America,Distributor,Strategic,4350.5,3583.09,17.64,97,347559.95
ORD-000489,2024-01-01,Food & Beverage,FOO-005,EMEA,Direct,Standard,4350.5,3875.74,10.91,69,267426.34
ORD-000490,2024-01-01,Food & Beverage,FOO-005,North America,Direct,Standard,4350.5,3940.89,9.42,82,323153.38
ORD-000491,2024-01-01,Food & Beverage,FOO-005,EMEA,Direct,Transactional,4350.5,4109.86,5.53,53,217822.76
ORD-000492,2024-01-01,Food & Beverage,FOO-005,North America,Distributor,Transactional,4350.5,3851.6,11.47,71,273463.6
ORD-000493,2024-01-01,Food & Beverage,FOO-005,EMEA,Direct,Standard,4350.5,3940.03,9.43,73,287622.33
ORD-000494,2024-01-01,Food & Beverage,FOO-005,EMEA,Distributor,Standard,4350.5,3592.53,17.42,68,244292.35
ORD-000495,2024-01-01,Food & Beverage,FOO-005,North America,Distributor,Transactional,4350.5,3854.89,11.39,75,289116.56
ORD-000496,2024-01-01,Food & Beverage,FOO-006,North America,Distributor,Strategic,3666.53,2810.37,23.35,121,340055.03
ORD-000497,2024-01-01,Food & Beverage,FOO-006,EMEA,Distributor,Standard,3666.53,3247.84,11.42,102,331279.21
ORD-000498,2024-01-01,Food & Beverage,FOO-006,North America,Distributor,Standard,3666.53,3077.84,16.06,91,280083.24
ORD-000499,2024-01-01,Food & Beverage,FOO-006,North America,Distributor,Transactional,3666.53,3315.61,9.57,55,182358.79
ORD-000500,2024-01-01,Food & Beverage,FOO-006,EMEA,Direct,Strategic,3666.53,3065.45,16.39,134,410770.03
ORD-000501,2024-01-01,Food & Beverage,FOO-006,North America,Distributor,Transactional,3666.53,3210.66,12.43,99,317855.18
ORD-000502,2024-01-01,Food & Beverage,FOO-006,North America,Distributor,Standard,3666.53,3162.72,13.74,87,275156.48
ORD-000503,2024-01-01,Food & Beverage,FOO-006,North America,Direct,Standard,3666.53,3293.76,10.17,82,270087.96
ORD-000504,2024-01-01,Food & Beverage,FOO-006,APAC,Direct,Strategic,3666.53,3055.01,16.68,74,226070.76
ORD-000505,2024-01-01,Food & Beverage,FOO-006,EMEA,Direct,Transactional,3666.53,3382.46,7.75,43,145445.88
ORD-000506,2024-01-01,Food & Beverage,FOO-006,North America,Direct,Transactional,3666.53,3433.81,6.35,54,185425.62
ORD-000507,2024-01-01,Food & Beverage,FOO-007,EMEA,Direct,Standard,1475.07,1327.01,10.04,66,87582.85
ORD-000508,2024-01-01,Food & Beverage,FOO-007,North America,Direct,Standard,1475.07,1362.11,7.66,91,123952.24
ORD-000509,2024-01-01,Food & Beverage,FOO-007,North America,Direct,Strategic,1475.07,1210.25,17.95,107,129497.24
ORD-000510,2024-01-01,Food & Beverage,FOO-007,APAC,Distributor,Transactional,1475.07,1354.27,8.19,41,55525.05
ORD-000511,2024-01-01,Food & Beverage,FOO-007,EMEA,Direct,Strategic,1475.07,1229.85,16.62,99,121754.68
ORD-000512,2024-01-01,Food & Beverage,FOO-007,EMEA,Distributor,Transactional,1475.07,1288.59,12.64,64,82470.07
ORD-000513,2024-01-01,Food & Beverage,FOO-007,North America,Direct,Standard,1475.07,1304.44,11.57,73,95223.8
ORD-000514,2024-01-01,Food & Beverage,FOO-007,APAC,Direct,Standard,1475.07,1302.74,11.68,82,106824.73
ORD-000515,2024-01-01,Food & Beverage,FOO-007,North America,Distributor,Standard,1475.07,1254.02,14.99,75,94051.14
ORD-000516,2024-01-01,Food & Beverage,FOO-008,North America,Direct,Standard,574.87,503.68,12.38,82,41301.51
ORD-000517,2024-01-01,Food & Beverage,FOO-008,EMEA,Direct,Transactional,574.87,557.85,2.96,73,40722.81
ORD-000518,2024-01-01,Food & Beverage,FOO-008,North America,Direct,Transactional,574.87,549.23,4.46,78,42840.08
ORD-000519,2024-01-01,Food & Beverage,FOO-008,APAC,Direct,Standard,574.87,515.51,10.33,36,18558.23
ORD-000520,2024-01-01,Food & Beverage,FOO-008,EMEA,Direct,Standard,574.87,527.33,8.27,46,24257.26
ORD-000521,2024-01-01,Food & Beverage,FOO-008,EMEA,Direct,Standard,574.87,515.9,10.26,96,49526.27
ORD-000522,2024-01-01,Food & Beverage,FOO-008,EMEA,Distributor,Standard,574.87,508.9,11.48,51,25953.96
ORD-000523,2024-01-01,Food & Beverage,FOO-008,North America,Distributor,Standard,574.87,493.69,14.12,77,38014.49
ORD-000524,2024-01-01,Food & Beverage,FOO-008,EMEA,Direct,Transactional,574.87,547.42,4.78,54,29560.66
ORD-000525,2024-01-01,Food & Beverage,FOO-008,North America,Direct,Strategic,574.87,473.31,17.67,82,38811.26
ORD-000526,2024-01-01,Food & Beverage,FOO-008,APAC,Distributor,Standard,574.87,474.8,17.41,75,35610.33
ORD-000527,2024-01-01,Food & Beverage,FOO-008,North America,Distributor,Strategic,574.87,443.58,22.84,73,32381.06
ORD-000528,2024-01-01,Food & Beverage,FOO-008,EMEA,Distributor,Transactional,574.87,519.3,9.67,74,38428.55
ORD-000529,2024-01-01,Food & Beverage,FOO-008,North America,Direct,Standard,574.87,528.29,8.1,79,41735.06
ORD-000530,2024-01-01,Food & Beverage,FOO-008,APAC,Direct,Standard,574.87,522.62,9.09,68,35538.41
ORD-000531,2024-01-01,Food & Beverage,FOO-009,APAC,Distributor,Transactional,3126.41,2755.57,11.86,63,173600.73
ORD-000532,2024-01-01,Food & Beverage,FOO-009,APAC,Direct,Standard,3126.41,2786.87,10.86,49,136556.43
ORD-000533,2024-01-01,Food & Beverage,FOO-009,North America,Distributor,Transactional,3126.41,2886.2,7.68,70,202033.84
ORD-000534,2024-01-01,Food & Beverage,FOO-009,EMEA,Direct,Strategic,3126.41,2586.06,17.28,52,134475.07
ORD-000535,2024-01-01,Food & Beverage,FOO-009,EMEA,Direct,Standard,3126.41,2823.05,9.7,71,200436.33
ORD-000536,2024-01-01,Food & Beverage,FOO-009,North America,Distributor,Standard,3126.41,2681.37,14.24,131,351259.13
ORD-000537,2024-01-01,Food & Beverage,FOO-009,North America,Direct,Strategic,3126.41,2465.0,21.16,129,317985.63
ORD-000538,2024-01-01,Food & Beverage,FOO-009,North America,Direct,Strategic,3126.41,2561.21,18.08,74,189529.43
ORD-000539,2024-01-01,Food & Beverage,FOO-009,APAC,Distributor,Transactional,3126.41,2829.43,9.5,45,127324.14
ORD-000540,2024-01-01,Food & Beverage,FOO-009,North America,Distributor,Standard,3126.41,2702.89,13.55,48,129738.57
ORD-000541,2024-01-01,Food & Beverage,FOO-009,North America,Direct,Strategic,3126.41,2558.48,18.17,119,304459.4
ORD-000542,2024-01-01,Food & Beverage,FOO-009,North America,Direct,Strategic,3126.41,2540.39,18.74,96,243877.38
ORD-000543,2024-01-01,Food & Beverage,FOO-009,EMEA,Distributor,Strategic,3126.41,2480.69,20.65,72,178609.8
ORD-000544,2024-01-01,Food & Beverage,FOO-009,APAC,Direct,Standard,3126.41,2798.63,10.48,53,148327.18
ORD-000545,2024-01-01,Food & Beverage,FOO-009,North America,Distributor,Standard,3126.41,2632.39,15.8,72,189532.28
ORD-000546,2024-01-01,Food & Beverage,FOO-009,North America,Direct,Standard,3126.41,2790.2,10.75,49,136719.58
ORD-000547,2024-01-01,Food & Beverage,FOO-010,APAC,Distributor,Transactional,2064.66,1815.83,12.05,43,78080.56
ORD-000548,2024-01-01,Food & Beverage,FOO-010,North America,Distributor,Standard,2064.66,1778.81,13.84,67,119180.52
ORD-000549,2024-01-01,Food & Beverage,FOO-010,North America,Distributor,Strategic,2064.66,1573.13,23.81,104,163605.39
ORD-000550,2024-01-01,Food & Beverage,FOO-010,EMEA,Distributor,Transactional,2064.66,1836.92,11.03,80,146953.49
ORD-000551,2024-01-01,Food & Beverage,FOO-010,North America,Direct,Standard,2064.66,1915.41,7.23,69,132163.37
ORD-000552,2024-01-01,Food & Beverage,FOO-010,North America,Distributor,Transactional,2064.66,1861.7,9.83,39,72606.32
ORD-000553,2024-01-01,Food & Beverage,FOO-010,EMEA,Direct,Standard,2064.66,1859.38,9.94,71,132015.85
ORD-000554,2024-01-01,Food & Beverage,FOO-010,EMEA,Distributor,Standard,2064.66,1765.68,14.48,82,144785.41
ORD-000555,2024-01-01,Food & Beverage,FOO-010,North America,Direct,Standard,2064.66,1842.01,10.78,54,99468.72
ORD-000556,2024-01-01,Food & Beverage,FOO-010,EMEA,Direct,Strategic,2064.66,1690.82,18.11,63,106521.48
ORD-000557,2024-04-01,Biopharma Consumables,BIO-001,North America,Distributor,Standard,1779.25,1530.48,13.98,108,165291.62
ORD-000558,2024-04-01,Biopharma Consumables,BIO-001,EMEA,Distributor,Transactional,1779.25,1624.76,8.68,86,139729.45
ORD-000559,2024-04-01,Biopharma Consumables,BIO-001,North America,Distributor,Standard,1779.25,1540.26,13.43,92,141703.89
ORD-000560,2024-04-01,Biopharma Consumables,BIO-001,EMEA,Direct,Transactional,1779.25,1690.77,4.97,64,108209.03
ORD-000561,2024-04-01,Biopharma Consumables,BIO-001,APAC,Distributor,Transactional,1779.25,1566.89,11.94,54,84612.26
ORD-000562,2024-04-01,Biopharma Consumables,BIO-001,APAC,Direct,Strategic,1779.25,1419.47,20.22,105,149044.62
ORD-000563,2024-04-01,Biopharma Consumables,BIO-001,EMEA,Direct,Standard,1779.25,1564.35,12.08,75,117326.05
ORD-000564,2024-04-01,Biopharma Consumables,BIO-001,North America,Direct,Transactional,1779.25,1676.25,5.79,79,132423.79
ORD-000565,2024-04-01,Biopharma Consumables,BIO-001,APAC,Direct,Standard,1779.25,1594.31,10.39,44,70149.8
ORD-000566,2024-04-01,Biopharma Consumables,BIO-001,North America,Distributor,Transactional,1779.25,1577.89,11.32,72,113608.0
ORD-000567,2024-04-01,Biopharma Consumables,BIO-001,North America,Distributor,Transactional,1779.25,1629.06,8.44,85,138469.96
ORD-000568,2024-04-01,Biopharma Consumables,BIO-001,EMEA,Direct,Standard,1779.25,1588.82,10.7,70,111217.3
ORD-000569,2024-04-01,Biopharma Consumables,BIO-001,APAC,Distributor,Transactional,1779.25,1571.9,11.65,42,66019.72
ORD-000570,2024-04-01,Biopharma Consumables,BIO-001,EMEA,Distributor,Standard,1779.25,1529.34,14.05,80,122347.14
ORD-000571,2024-04-01,Biopharma Consumables,BIO-002,APAC,Direct,Strategic,4285.61,3489.97,18.57,125,436246.84
ORD-000572,2024-04-01,Biopharma Consumables,BIO-002,APAC,Distributor,Transactional,4285.61,3760.37,12.26,66,248184.36
ORD-000573,2024-04-01,Biopharma Consumables,BIO-002,EMEA,Direct,Standard,4285.61,3846.25,10.25,76,292314.94
ORD-000574,2024-04-01,Biopharma Consumables,BIO-002,North America,Distributor,Standard,4285.61,3713.22,13.36,100,371322.12
ORD-000575,2024-04-01,Biopharma Consumables,BIO-002,EMEA,Distributor,Standard,4285.61,3767.46,12.09,61,229814.93
ORD-000576,2024-04-01,Biopharma Consumables,BIO-002,APAC,Direct,Standard,4285.61,3850.34,10.16,65,250272.35
ORD-000577,2024-04-01,Biopharma Consumables,BIO-002,EMEA,Direct,Transactional,4285.61,3989.55,6.91,53,211446.1
ORD-000578,2024-04-01,Biopharma Consumables,BIO-002,EMEA,Direct,Transactional,4285.61,4152.11,3.12,53,220061.58
ORD-000579,2024-04-01,Biopharma Consumables,BIO-002,North America,Direct,Standard,4285.61,3941.51,8.03,79,311379.08
ORD-000580,2024-04-01,Biopharma Consumables,BIO-002,North America,Direct,Strategic,4285.61,3487.4,18.63,105,366176.67
ORD-000581,2024-04-01,Biopharma Consumables,BIO-002,EMEA,Direct,Standard,4285.61,3757.35,12.33,71,266772.1
ORD-000582,2024-04-01,Biopharma Consumables,BIO-002,APAC,Direct,Strategic,4285.61,3415.29,20.31,74,252731.69
ORD-000583,2024-04-01,Biopharma Consumables,BIO-002,EMEA,Direct,Transactional,4285.61,4036.0,5.82,66,266376.28
ORD-000584,2024-04-01,Biopharma Consumables,BIO-002,APAC,Distributor,Strategic,4285.61,3387.11,20.97,114,386130.23
ORD-000585,2024-04-01,Biopharma Consumables,BIO-003,North America,Direct,Standard,3334.17,2984.22,10.5,54,161147.92
ORD-000586,2024-04-01,Biopharma Consumables,BIO-003,North America,Distributor,Transactional,3334.17,3099.8,7.03,48,148790.34
ORD-000587,2024-04-01,Biopharma Consumables,BIO-003,North America,Direct,Strategic,3334.17,2748.5,17.57,113,310580.94
ORD-000588,2024-04-01,Biopharma Consumables,BIO-003,North America,Distributor,Strategic,3334.17,2586.84,22.41,143,369917.68
ORD-000589,2024-04-01,Biopharma Consumables,BIO-003,North America,Distributor,Strategic,3334.17,2517.38,24.5,111,279429.09
ORD-000590,2024-04-01,Biopharma Consumables,BIO-003,North America,Direct,Standard,3334.17,3056.87,8.32,83,253720.43
ORD-000591,2024-04-01,Biopharma Consumables,BIO-003,North America,Direct,Transactional,3334.17,3089.83,7.33,68,210108.52
ORD-000592,2024-04-01,Biopharma Consumables,BIO-003,North America,Direct,Standard,3334.17,3015.14,9.57,66,198999.16
ORD-000593,2024-04-01,Biopharma Consumables,BIO-003,APAC,Direct,Transactional,3334.17,3054.08,8.4,41,125217.21
ORD-000594,2024-04-01,Biopharma Consumables,BIO-003,North America,Direct,Transactional,3334.17,3070.25,7.92,51,156582.78
ORD-000595,2024-04-01,Biopharma Consumables,BIO-003,North America,Distributor,Standard,3334.17,2847.74,14.59,79,224971.64
ORD-000596,2024-04-01,Biopharma Consumables,BIO-003,North America,Direct,Standard,3334.17,2947.04,11.61,61,179769.22
ORD-000597,2024-04-01,Biopharma Consumables,BIO-003,North America,Distributor,Standard,3334.17,2792.1,16.26,76,212199.43
ORD-000598,2024-04-01,Biopharma Consumables,BIO-004,EMEA,Direct,Standard,2754.16,2489.91,9.59,70,174293.94
ORD-000599,2024-04-01,Biopharma Consumables,BIO-004,North America,Direct,Strategic,2754.16,2276.63,17.34,113,257259.29
ORD-000600,2024-04-01,Biopharma Consumables,BIO-004,EMEA,Direct,Standard,2754.16,2461.61,10.62,112,275700.67
ORD-000601,2024-04-01,Biopharma Consumables,BIO-004,EMEA,Direct,Strategic,2754.16,2264.65,17.77,101,228729.97
ORD-000602,2024-04-01,Biopharma Consumables,BIO-004,North America,Distributor,Transactional,2754.16,2435.57,11.57,53,129085.0
ORD-000603,2024-04-01,Biopharma Consumables,BIO-004,EMEA,Direct,Transactional,2754.16,2590.89,5.93,62,160635.33
ORD-000604,2024-04-01,Biopharma Consumables,BIO-004,North America,Distributor,Standard,2754.16,2336.02,15.18,94,219586.18
ORD-000605,2024-04-01,Biopharma Consumables,BIO-004,APAC,Direct,Transactional,2754.16,2570.52,6.67,60,154230.93
ORD-000606,2024-04-01,Biopharma Consumables,BIO-004,APAC,Direct,Strategic,2754.16,2177.66,20.93,70,152436.05
ORD-000607,2024-04-01,Biopharma Consumables,BIO-004,North America,Distributor,Strategic,2754.16,2132.04,22.59,151,321938.11
ORD-000608,2024-04-01,Biopharma Consumables,BIO-004,EMEA,Direct,Standard,2754.16,2478.43,10.01,77,190838.77
ORD-000609,2024-04-01,Biopharma Consumables,BIO-004,EMEA,Distributor,Standard,2754.16,2407.44,12.59,68,163706.12
ORD-000610,2024-04-01,Biopharma Consumables,BIO-004,North America,Distributor,Standard,2754.16,2324.97,15.58,98,227847.48
ORD-000611,2024-04-01,Biopharma Consumables,BIO-004,EMEA,Distributor,Transactional,2754.16,2551.67,7.35,75,191375.49
ORD-000612,2024-04-01,Biopharma Consumables,BIO-004,APAC,Direct,Standard,2754.16,2451.28,11.0,78,191199.89
ORD-000613,2024-04-01,Biopharma Consumables,BIO-004,APAC,Direct,Transactional,2754.16,2573.1,6.57,56,144093.87
ORD-000614,2024-04-01,Biopharma Consumables,BIO-004,EMEA,Direct,Transactional,2754.16,2494.75,9.42,55,137211.23
ORD-000615,2024-04-01,Biopharma Consumables,BIO-004,North America,Direct,Standard,2754.16,2457.85,10.76,90,221206.8
ORD-000616,2024-04-01,Biopharma Consumables,BIO-004,EMEA,Distributor,Standard,2754.16,2389.77,13.23,79,188792.16
ORD-000617,2024-04-01,Biopharma Consumables,BIO-004,EMEA,Distributor,Strategic,2754.16,2084.08,24.33,96,200071.59
ORD-000618,2024-04-01,Biopharma Consumables,BIO-005,EMEA,Distributor,Standard,828.68,672.3,18.87,62,41682.67
ORD-000619,2024-04-01,Biopharma Consumables,BIO-005,North America,Distributor,Strategic,828.68,646.76,21.95,104,67263.52
ORD-000620,2024-04-01,Biopharma Consumables,BIO-005,North America,Distributor,Standard,828.68,737.15,11.05,92,67817.92
ORD-000621,2024-04-01,Biopharma Consumables,BIO-005,EMEA,Direct,Transactional,828.68,777.41,6.19,57,44312.53
ORD-000622,2024-04-01,Biopharma Consumables,BIO-005,North America,Distributor,Standard,828.68,728.47,12.09,96,69933.34
ORD-000623,2024-04-01,Biopharma Consumables,BIO-005,North America,Direct,Transactional,828.68,786.66,5.07,52,40906.57
ORD-000624,2024-04-01,Biopharma Consumables,BIO-005,North America,Distributor,Strategic,828.68,646.17,22.02,116,74955.75
ORD-000625,2024-04-01,Biopharma Consumables,BIO-005,EMEA,Direct,Standard,828.68,723.69,12.67,98,70921.57
ORD-000626,2024-04-01,Biopharma Consumables,BIO-005,North America,Direct,Strategic,828.68,658.46,20.54,117,77040.34
ORD-000627,2024-04-01,Biopharma Consumables,BIO-005,EMEA,Direct,Transactional,828.68,789.75,4.7,54,42646.71
ORD-000628,2024-04-01,Biopharma Consumables,BIO-005,EMEA,Distributor,Standard,828.68,731.57,11.72,78,57062.28
ORD-000629,2024-04-01,Biopharma Consumables,BIO-005,EMEA,Direct,Strategic,828.68,661.3,20.2,55,36371.76
ORD-000630,2024-04-01,Biopharma Consumables,BIO-005,APAC,Distributor,Strategic,828.68,624.64,24.62,105,65587.66
ORD-000631,2024-04-01,Biopharma Consumables,BIO-005,EMEA,Distributor,Standard,828.68,716.41,13.55,60,42984.37
ORD-000632,2024-04-01,Biopharma Consumables,BIO-005,APAC,Distributor,Standard,828.68,702.0,15.29,62,43524.25
ORD-000633,2024-04-01,Biopharma Consumables,BIO-005,EMEA,Direct,Standard,828.68,759.21,8.38,57,43275.15
ORD-000634,2024-04-01,Biopharma Consumables,BIO-006,EMEA,Direct,Strategic,828.58,661.95,20.11,105,69505.04
ORD-000635,2024-04-01,Biopharma Consumables,BIO-006,EMEA,Distributor,Standard,828.58,713.63,13.87,99,70649.04
ORD-000636,2024-04-01,Biopharma Consumables,BIO-006,APAC,Distributor,Standard,828.58,710.43,14.26,70,49730.44
ORD-000637,2024-04-01,Biopharma Consumables,BIO-006,APAC,Distributor,Standard,828.58,700.95,15.4,67,46963.9
ORD-000638,2024-04-01,Biopharma Consumables,BIO-006,North America,Direct,Transactional,828.58,760.89,8.17,81,61631.76
ORD-000639,2024-04-01,Biopharma Consumables,BIO-006,APAC,Direct,Transactional,828.58,783.72,5.41,44,34483.47
ORD-000640,2024-04-01,Biopharma Consumables,BIO-006,EMEA,Direct,Transactional,828.58,780.69,5.78,30,23420.83
ORD-000641,2024-04-01,Biopharma Consumables,BIO-006,North America,Direct,Standard,828.58,723.6,12.67,94,68018.47
ORD-000642,2024-04-01,Biopharma Consumables,BIO-006,EMEA,Direct,Strategic,828.58,664.95,19.75,123,81788.31
ORD-000643,2024-04-01,Biopharma Consumables,BIO-006,EMEA,Distributor,Transactional,828.58,746.16,9.95,76,56708.14
ORD-000644,2024-04-01,Biopharma Consumables,BIO-006,APAC,Distributor,Strategic,828.58,643.49,22.34,100,64348.91
ORD-000645,2024-04-01,Biopharma Consumables,BIO-006,EMEA,Distributor,Standard,828.58,708.62,14.48,103,72987.77
ORD-000646,2024-04-01,Biopharma Consumables,BIO-006,EMEA,Distributor,Standard,828.58,715.09,13.7,70,50056.15
ORD-000647,2024-04-01,Biopharma Consumables,BIO-006,EMEA,Direct,Strategic,828.58,672.53,18.83,91,61200.62
ORD-000648,2024-04-01,Biopharma Consumables,BIO-006,APAC,Direct,Transactional,828.58,771.85,6.85,40,30874.04
ORD-000649,2024-04-01,Biopharma Consumables,BIO-006,North America,Direct,Transactional,828.58,778.89,6.0,50,38944.69
ORD-000650,2024-04-01,Biopharma Consumables,BIO-006,North America,Distributor,Strategic,828.58,640.19,22.74,122,78102.75
ORD-000651,2024-04-01,Biopharma Consumables,BIO-006,EMEA,Direct,Transactional,828.58,781.48,5.68,65,50796.4
ORD-000652,2024-04-01,Biopharma Consumables,BIO-007,EMEA,Direct,Transactional,402.66,376.46,6.51,39,14681.82
ORD-000653,2024-04-01,Biopharma Consumables,BIO-007,EMEA,Distributor,Strategic,402.66,318.3,20.95,96,30556.5
ORD-000654,2024-04-01,Biopharma Consumables,BIO-007,EMEA,Direct,Standard,402.66,363.37,9.76,59,21438.85
ORD-000655,2024-04-01,Biopharma Consumables,BIO-007,APAC,Direct,Transactional,402.66,378.71,5.95,44,16663.41
ORD-000656,2024-04-01,Biopharma Consumables,BIO-007,EMEA,Distributor,Transactional,402.66,359.86,10.63,43,15474.08
ORD-000657,2024-04-01,Biopharma Consumables,BIO-007,North America,Distributor,Transactional,402.66,346.65,13.91,62,21492.46
ORD-000658,2024-04-01,Biopharma Consumables,BIO-007,EMEA,Direct,Transactional,402.66,387.42,3.79,77,29831.09
ORD-000659,2024-04-01,Biopharma Consumables,BIO-007,North America,Direct,Standard,402.66,362.33,10.02,114,41306.12
ORD-000660,2024-04-01,Biopharma Consumables,BIO-007,North America,Distributor,Standard,402.66,345.56,14.18,58,20042.67
ORD-000661,2024-04-01,Biopharma Consumables,BIO-007,EMEA,Direct,Standard,402.66,361.39,10.25,88,31802.14
ORD-000662,2024-04-01,Biopharma Consumables,BIO-007,EMEA,Distributor,Standard,402.66,350.77,12.89,88,30867.35
ORD-000663,2024-04-01,Biopharma Consumables,BIO-007,North America,Distributor,Standard,402.66,350.25,13.02,66,23116.35
ORD-000664,2024-04-01,Biopharma Consumables,BIO-007,EMEA,Distributor,Standard,402.66,346.51,13.94,68,23562.93
ORD-000665,2024-04-01,Biopharma Consumables,BIO-007,EMEA,Direct,Strategic,402.66,337.59,16.16,54,18229.72
ORD-000666,2024-04-01,Biopharma Consumables,BIO-007,EMEA,Distributor,Strategic,402.66,316.27,21.46,113,35738.12
ORD-000667,2024-04-01,Biopharma Consumables,BIO-007,North America,Distributor,Strategic,402.66,314.34,21.93,138,43379.24
ORD-000668,2024-04-01,Biopharma Consumables,BIO-007,APAC,Direct,Strategic,402.66,321.17,20.24,64,20554.92
ORD-000669,2024-04-01,Biopharma Consumables,BIO-007,North America,Direct,Standard,402.66,351.86,12.62,61,21463.31
ORD-000670,2024-04-01,Biopharma Consumables,BIO-007,North America,Distributor,Transactional,402.66,365.63,9.2,61,22303.27
ORD-000671,2024-04-01,Biopharma Consumables,BIO-007,North America,Direct,Transactional,402.66,377.31,6.3,58,21884.24
ORD-000672,2024-04-01,Biopharma Consumables,BIO-007,North America,Direct,Transactional,402.66,378.05,6.11,54,20414.63
ORD-000673,2024-04-01,Biopharma Consumables,BIO-007,APAC,Direct,Transactional,402.66,379.59,5.73,38,14424.46
ORD-000674,2024-04-01,Biopharma Consumables,BIO-007,APAC,Direct,Standard,402.66,356.11,11.56,57,20298.45
ORD-000675,2024-04-01,Biopharma Consumables,BIO-007,EMEA,Direct,Standard,402.66,356.62,11.43,59,21040.78
ORD-000676,2024-04-01,Biopharma Consumables,BIO-007,EMEA,Direct,Strategic,402.66,329.9,18.07,64,21113.29
ORD-000677,2024-04-01,Biopharma Consumables,BIO-008,North America,Direct,Strategic,3917.87,3242.49,17.24,118,382613.63
ORD-000678,2024-04-01,Biopharma Consumables,BIO-008,APAC,Direct,Standard,3917.87,3493.03,10.84,84,293414.81
ORD-000679,2024-04-01,Biopharma Consumables,BIO-008,EMEA,Direct,Standard,3917.87,3527.83,9.96,55,194030.51
ORD-000680,2024-04-01,Biopharma Consumables,BIO-008,North America,Distributor,Transactional,3917.87,3659.86,6.59,84,307428.27
ORD-000681,2024-04-01,Biopharma Consumables,BIO-008,APAC,Distributor,Standard,3917.87,3376.45,13.82,60,202586.89
ORD-000682,2024-04-01,Biopharma Consumables,BIO-008,EMEA,Distributor,Transactional,3917.87,3501.42,10.63,50,175071.09
ORD-000683,2024-04-01,Biopharma Consumables,BIO-008,North America,Distributor,Standard,3917.87,3344.91,14.62,91,304386.88
ORD-000684,2024-04-01,Biopharma Consumables,BIO-008,APAC,Distributor,Strategic,3917.87,3010.51,23.16,125,376313.36
ORD-000685,2024-04-01,Biopharma Consumables,BIO-008,EMEA,Distributor,Transactional,3917.87,3552.31,9.33,57,202481.45
ORD-000686,2024-04-01,Biopharma Consumables,BIO-008,EMEA,Direct,Strategic,3917.87,3269.26,16.56,70,228847.91
ORD-000687,2024-04-01,Biopharma Consumables,BIO-008,North America,Direct,Strategic,3917.87,3211.06,18.04,107,343583.18
ORD-000688,2024-04-01,Biopharma Consumables,BIO-008,EMEA,Distributor,Transactional,3917.87,3573.41,8.79,39,139362.93
ORD-000689,2024-04-01,Biopharma Consumables,BIO-008,North America,Distributor,Transactional,3917.87,3527.9,9.95,81,285759.51
ORD-000690,2024-04-01,Biopharma Consumables,BIO-008,EMEA,Distributor,Standard,3917.87,3294.81,15.9,88,289943.03
ORD-000691,2024-04-01,Biopharma Consumables,BIO-008,EMEA,Direct,Strategic,3917.87,3219.54,17.82,113,363808.21
ORD-000692,2024-04-01,Biopharma Consumables,BIO-009,EMEA,Direct,Strategic,2764.85,2215.55,19.87,103,228201.38
ORD-000693,2024-04-01,Biopharma Consumables,BIO-009,North America,Direct,Standard,2764.85,2453.43,11.26,105,257610.39
ORD-000694,2024-04-01,Biopharma Consumables,BIO-009,EMEA,Direct,Standard,2764.85,2449.16,11.42,68,166542.9
ORD-000695,2024-04-01,Biopharma Consumables,BIO-009,APAC,Distributor,Standard,2764.85,2336.59,15.49,98,228986.11
ORD-000696,2024-04-01,Biopharma Consumables,BIO-009,EMEA,Distributor,Standard,2764.85,2431.66,12.05,121,294230.26
ORD-000697,2024-04-01,Biopharma Consumables,BIO-009,EMEA,Direct,Transactional,2764.85,2617.15,5.34,47,123006.05
ORD-000698,2024-04-01,Biopharma Consumables,BIO-009,North America,Direct,Transactional,2764.85,2558.47,7.46,51,130481.76
ORD-000699,2024-04-01,Biopharma Consumables,BIO-009,North America,Direct,Standard,2764.85,2423.58,12.34,82,198733.58
ORD-000700,2024-04-01,Biopharma Consumables,BIO-009,EMEA,Distributor,Standard,2764.85,2413.58,12.7,61,147228.66
ORD-000701,2024-04-01,Biopharma Consumables,BIO-010,APAC,Direct,Standard,3230.12,2895.64,10.35,87,251921.1
ORD-000702,2024-04-01,Biopharma Consumables,BIO-010,North America,Direct,Standard,3230.12,2911.11,9.88,72,209599.93
ORD-000703,2024-04-01,Biopharma Consumables,BIO-010,North America,Distributor,Strategic,3230.12,2449.63,24.16,94,230265.09
ORD-000704,2024-04-01,Biopharma Consumables,BIO-010,EMEA,Distributor,Standard,3230.12,2775.86,14.06,83,230396.23
ORD-000705,2024-04-01,Biopharma Consumables,BIO-010,APAC,Distributor,Strategic,3230.12,2452.81,24.06,131,321318.24
ORD-000706,2024-04-01,Biopharma Consumables,BIO-010,APAC,Direct,Transactional,3230.12,3033.07,6.1,60,181984.19
ORD-000707,2024-04-01,Biopharma Consumables,BIO-010,EMEA,Direct,Transactional,3230.12,3025.29,6.34,58,175466.8
ORD-000708,2024-04-01,Biopharma Consumables,BIO-010,North America,Direct,Transactional,3230.12,2964.19,8.23,65,192672.5
ORD-000709,2024-04-01,Biopharma Consumables,BIO-010,North America,Direct,Standard,3230.12,2889.01,10.56,66,190674.37
ORD-000710,2024-04-01,Biopharma Consumables,BIO-010,EMEA,Distributor,Strategic,3230.12,2476.51,23.33,89,220409.29
ORD-000711,2024-04-01,Biopharma Consumables,BIO-010,APAC,Distributor,Standard,3230.12,2783.17,13.84,66,183689.16
ORD-000712,2024-04-01,Biopharma Consumables,BIO-010,North America,Direct,Transactional,3230.12,3068.0,5.02,59,181012.12
ORD-000713,2024-04-01,Biopharma Consumables,BIO-010,North America,Distributor,Transactional,3230.12,2918.9,9.63,48,140107.18
ORD-000714,2024-04-01,Biopharma Consumables,BIO-010,EMEA,Distributor,Standard,3230.12,2782.41,13.86,107,297717.51
ORD-000715,2024-04-01,Biopharma Consumables,BIO-010,North America,Direct,Standard,3230.12,2912.03,9.85,67,195106.29
ORD-000716,2024-04-01,Biopharma Consumables,BIO-010,EMEA,Distributor,Standard,3230.12,2783.75,13.82,98,272807.38
ORD-000717,2024-04-01,Biopharma Consumables,BIO-010,EMEA,Direct,Strategic,3230.12,2679.61,17.04,88,235805.54
ORD-000718,2024-04-01,Biopharma Consumables,BIO-010,EMEA,Direct,Transactional,3230.12,2961.83,8.31,41,121435.01
ORD-000719,2024-04-01,Biopharma Consumables,BIO-010,North America,Distributor,Standard,3230.12,2784.89,13.78,85,236715.97
ORD-000720,2024-04-01,Biopharma Consumables,BIO-010,EMEA,Distributor,Standard,3230.12,2756.02,14.68,93,256310.23
ORD-000721,2024-04-01,Biopharma Consumables,BIO-010,EMEA,Distributor,Standard,3230.12,2744.21,15.04,78,214048.24
ORD-000722,2024-04-01,Medical,MED-001,EMEA,Direct,Transactional,241.6,234.07,3.12,31,7256.03
ORD-000723,2024-04-01,Medical,MED-001,APAC,Direct,Transactional,241.6,226.91,6.08,73,16564.49
ORD-000724,2024-04-01,Medical,MED-001,North America,Distributor,Standard,241.6,207.26,14.21,102,21140.73
ORD-000725,2024-04-01,Medical,MED-001,North America,Direct,Strategic,241.6,201.06,16.78,165,33175.36
ORD-000726,2024-04-01,Medical,MED-001,North America,Direct,Transactional,241.6,229.08,5.18,82,18784.58
ORD-000727,2024-04-01,Medical,MED-001,APAC,Distributor,Standard,241.6,210.08,13.04,97,20378.15
ORD-000728,2024-04-01,Medical,MED-001,EMEA,Direct,Transactional,241.6,224.24,7.18,70,15697.1
ORD-000729,2024-04-01,Medical,MED-001,North America,Direct,Standard,241.6,213.84,11.49,88,18817.78
ORD-000730,2024-04-01,Medical,MED-001,North America,Direct,Standard,241.6,217.39,10.02,76,16521.7
ORD-000731,2024-04-01,Medical,MED-001,EMEA,Distributor,Strategic,241.6,186.53,22.79,100,18652.87
ORD-000732,2024-04-01,Medical,MED-001,EMEA,Direct,Standard,241.6,214.68,11.14,76,16315.42
ORD-000733,2024-04-01,Medical,MED-001,EMEA,Distributor,Standard,241.6,205.65,14.88,79,16246.45
ORD-000734,2024-04-01,Medical,MED-001,APAC,Direct,Transactional,241.6,217.41,10.01,67,14566.42
ORD-000735,2024-04-01,Medical,MED-001,APAC,Direct,Strategic,241.6,196.94,18.49,96,18905.93
ORD-000736,2024-04-01,Medical,MED-001,APAC,Direct,Standard,241.6,216.69,10.31,23,4983.96
ORD-000737,2024-04-01,Medical,MED-002,EMEA,Direct,Standard,4406.56,3950.7,10.34,71,280499.88
ORD-000738,2024-04-01,Medical,MED-002,APAC,Direct,Strategic,4406.56,3684.72,16.38,104,383210.62
ORD-000739,2024-04-01,Medical,MED-002,APAC,Direct,Standard,4406.56,3983.64,9.6,68,270887.5
ORD-000740,2024-04-01,Medical,MED-002,North America,Direct,Transactional,4406.56,4151.46,5.79,64,265693.6
ORD-000741,2024-04-01,Medical,MED-002,EMEA,Direct,Standard,4406.56,3881.33,11.92,56,217354.44
ORD-000742,2024-04-01,Medical,MED-002,North America,Distributor,Transactional,4406.56,4025.34,8.65,68,273722.89
ORD-000743,2024-04-01,Medical,MED-002,EMEA,Distributor,Strategic,4406.56,3340.88,24.18,129,430973.67
ORD-000744,2024-04-01,Medical,MED-002,APAC,Direct,Standard,4406.56,3948.62,10.39,79,311940.83
ORD-000745,2024-04-01,Medical,MED-002,APAC,Distributor,Standard,4406.56,3777.45,14.28,48,181317.67
ORD-000746,2024-04-01,Medical,MED-002,APAC,Direct,Standard,4406.56,3964.57,10.03,75,297342.93
ORD-000747,2024-04-01,Medical,MED-002,North America,Direct,Standard,4406.56,3963.03,10.07,75,297227.62
ORD-000748,2024-04-01,Medical,MED-002,North America,Direct,Transactional,4406.56,4228.11,4.05,45,190264.76
ORD-000749,2024-04-01,Medical,MED-002,APAC,Direct,Transactional,4406.56,4127.04,6.34,51,210479.16
ORD-000750,2024-04-01,Medical,MED-002,EMEA,Direct,Transactional,4406.56,4115.55,6.6,48,197546.58
ORD-000751,2024-04-01,Medical,MED-002,North America,Distributor,Strategic,4406.56,3432.72,22.1,73,250588.81
ORD-000752,2024-04-01,Medical,MED-003,EMEA,Distributor,Transactional,3803.45,3368.11,11.45,33,111147.5
ORD-000753,2024-04-01,Medical,MED-003,North America,Distributor,Transactional,3803.45,3414.79,10.22,85,290256.96
ORD-000754,2024-04-01,Medical,MED-003,North America,Direct,Transactional,3803.45,3615.81,4.93,57,206101.41
ORD-000755,2024-04-01,Medical,MED-003,EMEA,Distributor,Standard,3803.45,3311.88,12.92,85,281509.77
ORD-000756,2024-04-01,Medical,MED-003,North America,Direct,Standard,3803.45,3387.38,10.94,81,274377.38
ORD-000757,2024-04-01,Medical,MED-003,North America,Direct,Strategic,3803.45,3152.03,17.13,122,384547.65
ORD-000758,2024-04-01,Medical,MED-003,North America,Direct,Standard,3803.45,3422.0,10.03,39,133457.98
ORD-000759,2024-04-01,Medical,MED-003,North America,Distributor,Strategic,3803.45,2958.71,22.21,151,446765.53
ORD-000760,2024-04-01,Medical,MED-003,North America,Direct,Standard,3803.45,3494.12,8.13,90,314471.2
ORD-000761,2024-04-01,Medical,MED-003,North America,Direct,Standard,3803.45,3348.86,11.95,106,354979.14
ORD-000762,2024-04-01,Medical,MED-003,North America,Direct,Transactional,3803.45,3613.84,4.99,96,346928.63
ORD-000763,2024-04-01,Medical,MED-003,North America,Distributor,Standard,3803.45,3323.33,12.62,44,146226.44
ORD-000764,2024-04-01,Medical,MED-003,North America,Direct,Standard,3803.45,3379.39,11.15,76,256833.97
ORD-000765,2024-04-01,Medical,MED-003,North America,Direct,Transactional,3803.45,3621.24,4.79,63,228138.17
ORD-000766,2024-04-01,Medical,MED-003,EMEA,Direct,Transactional,3803.45,3599.38,5.37,72,259155.08
ORD-000767,2024-04-01,Medical,MED-004,North America,Distributor,Standard,1082.88,915.26,15.48,79,72305.8
ORD-000768,2024-04-01,Medical,MED-004,EMEA,Distributor,Standard,1082.88,922.46,14.81,77,71029.5
ORD-000769,2024-04-01,Medical,MED-004,EMEA,Direct,Standard,1082.88,973.87,10.07,67,65249.47
ORD-000770,2024-04-01,Medical,MED-004,EMEA,Distributor,Standard,1082.88,929.68,14.15,95,88319.32
ORD-000771,2024-04-01,Medical,MED-004,North America,Distributor,Strategic,1082.88,807.27,25.45,159,128356.43
ORD-000772,2024-04-01,Medical,MED-004,North America,Distributor,Strategic,1082.88,839.2,22.5,160,134271.39
ORD-000773,2024-04-01,Medical,MED-004,North America,Distributor,Transactional,1082.88,965.26,10.86,65,62741.62
ORD-000774,2024-04-01,Medical,MED-004,North America,Distributor,Standard,1082.88,940.38,13.16,88,82753.32
ORD-000775,2024-04-01,Medical,MED-004,APAC,Direct,Standard,1082.88,978.95,9.6,79,77336.86
ORD-000776,2024-04-01,Medical,MED-004,North America,Direct,Transactional,1082.88,1010.03,6.73,41,41411.23
ORD-000777,2024-04-01,Medical,MED-004,North America,Distributor,Transactional,1082.88,942.86,12.93,83,78257.76
ORD-000778,2024-04-01,Medical,MED-004,North America,Direct,Strategic,1082.88,888.28,17.97,114,101263.67
ORD-000779,2024-04-01,Medical,MED-004,North America,Distributor,Standard,1082.88,956.21,11.7,93,88927.86
ORD-000780,2024-04-01,Medical,MED-004,North America,Direct,Standard,1082.88,961.14,11.24,63,60551.81
ORD-000781,2024-04-01,Medical,MED-004,EMEA,Direct,Standard,1082.88,972.12,10.23,79,76797.13
ORD-000782,2024-04-01,Medical,MED-004,EMEA,Direct,Standard,1082.88,1007.23,6.99,123,123889.42
ORD-000783,2024-04-01,Medical,MED-005,North America,Direct,Standard,949.0,878.74,7.4,81,71178.23
ORD-000784,2024-04-01,Medical,MED-005,APAC,Distributor,Standard,949.0,801.67,15.53,83,66538.63
ORD-000785,2024-04-01,Medical,MED-005,North America,Direct,Standard,949.0,839.7,11.52,125,104962.54
ORD-000786,2024-04-01,Medical,MED-005,EMEA,Direct,Standard,949.0,840.96,11.38,87,73163.54
ORD-000787,2024-04-01,Medical,MED-005,EMEA,Distributor,Standard,949.0,817.94,13.81,95,77704.54
ORD-000788,2024-04-01,Medical,MED-005,APAC,Direct,Standard,949.0,839.94,11.49,45,37797.24
ORD-000789,2024-04-01,Medical,MED-005,APAC,Direct,Strategic,949.0,801.19,15.58,77,61691.79
ORD-000790,2024-04-01,Medical,MED-006,North America,Direct,Strategic,955.93,773.76,19.06,88,68090.88
ORD-000791,2024-04-01,Medical,MED-006,APAC,Distributor,Standard,955.93,842.86,11.83,72,60686.09
ORD-000792,2024-04-01,Medical,MED-006,EMEA,Distributor,Transactional,955.93,885.08,7.41,63,55760.2
ORD-000793,2024-04-01,Medical,MED-006,EMEA,Direct,Strategic,955.93,800.8,16.23,71,56856.9
ORD-000794,2024-04-01,Medical,MED-006,North America,Direct,Strategic,955.93,767.75,19.69,115,88291.08
ORD-000795,2024-04-01,Medical,MED-006,EMEA,Direct,Standard,955.93,825.43,13.65,67,55304.07
ORD-000796,2024-04-01,Medical,MED-006,North America,Direct,Transactional,955.93,919.9,3.77,66,60713.57
ORD-000797,2024-04-01,Medical,MED-006,APAC,Direct,Standard,955.93,865.57,9.45,56,48471.83
ORD-000798,2024-04-01,Medical,MED-006,North America,Direct,Transactional,955.93,895.07,6.37,70,62654.69
ORD-000799,2024-04-01,Medical,MED-006,North America,Distributor,Transactional,955.93,858.39,10.2,81,69529.78
ORD-000800,2024-04-01,Medical,MED-006,EMEA,Distributor,Strategic,955.93,754.19,21.1,101,76173.22
ORD-000801,2024-04-01,Medical,MED-006,North America,Distributor,Strategic,955.93,750.36,21.51,157,117805.78
ORD-000802,2024-04-01,Medical,MED-006,APAC,Distributor,Strategic,955.93,743.31,22.24,96,71358.1
ORD-000803,2024-04-01,Medical,MED-006,EMEA,Distributor,Strategic,955.93,744.83,22.08,60,44689.52
ORD-000804,2024-04-01,Medical,MED-006,EMEA,Direct,Standard,955.93,855.06,10.55,48,41042.88
ORD-000805,2024-04-01,Medical,MED-007,North America,Direct,Transactional,1486.08,1416.91,4.65,54,76513.1
ORD-000806,2024-04-01,Medical,MED-007,North America,Distributor,Standard,1486.08,1304.92,12.19,60,78295.36
ORD-000807,2024-04-01,Medical,MED-007,North America,Distributor,Strategic,1486.08,1146.77,22.83,115,131878.19
ORD-000808,2024-04-01,Medical,MED-007,EMEA,Distributor,Transactional,1486.08,1343.58,9.59,67,90019.6
ORD-000809,2024-04-01,Medical,MED-007,EMEA,Direct,Strategic,1486.08,1221.55,17.8,117,142921.16
ORD-000810,2024-04-01,Medical,MED-007,APAC,Distributor,Standard,1486.08,1279.04,13.93,78,99764.82
ORD-000811,2024-04-01,Medical,MED-007,EMEA,Distributor,Standard,1486.08,1273.56,14.3,90,114620.61
ORD-000812,2024-04-01,Medical,MED-007,EMEA,Distributor,Standard,1486.08,1267.88,14.68,80,101430.01
ORD-000813,2024-04-01,Medical,MED-007,North America,Distributor,Strategic,1486.08,1156.34,22.19,79,91350.59
ORD-000814,2024-04-01,Medical,MED-007,EMEA,Direct,Standard,1486.08,1344.91,9.5,84,112972.57
ORD-000815,2024-04-01,Medical,MED-007,EMEA,Distributor,Standard,1486.08,1267.02,14.74,67,84890.62
ORD-000816,2024-04-01,Medical,MED-007,North America,Distributor,Standard,1486.08,1278.18,13.99,80,102254.58
ORD-000817,2024-04-01,Medical,MED-007,EMEA,Distributor,Standard,1486.08,1256.35,15.46,90,113071.63
ORD-000818,2024-04-01,Medical,MED-007,APAC,Direct,Transactional,1486.08,1412.08,4.98,38,53658.96
ORD-000819,2024-04-01,Medical,MED-007,North America,Direct,Strategic,1486.08,1202.82,19.06,72,86603.28
ORD-000820,2024-04-01,Medical,MED-007,EMEA,Distributor,Transactional,1486.08,1308.8,11.93,44,57587.26
ORD-000821,2024-04-01,Medical,MED-007,North America,Distributor,Standard,1486.08,1267.86,14.68,98,124250.38
ORD-000822,2024-04-01,Medical,MED-007,EMEA,Distributor,Standard,1486.08,1285.04,13.53,97,124649.24
ORD-000823,2024-04-01,Medical,MED-008,EMEA,Direct,Transactional,2453.54,2277.9,7.16,50,113895.06
ORD-000824,2024-04-01,Medical,MED-008,EMEA,Distributor,Standard,2453.54,2128.81,13.24,96,204366.03
ORD-000825,2024-04-01,Medical,MED-008,North America,Direct,Standard,2453.54,2130.57,13.16,102,217318.39
ORD-000826,2024-04-01,Medical,MED-008,North America,Distributor,Transactional,2453.54,2214.15,9.76,68,150562.36
ORD-000827,2024-04-01,Medical,MED-008,North America,Direct,Transactional,2453.54,2232.63,9.0,34,75909.42
ORD-000828,2024-04-01,Medical,MED-008,North America,Distributor,Transactional,2453.54,2260.26,7.88,78,176300.05
ORD-000829,2024-04-01,Medical,MED-008,North America,Distributor,Transactional,2453.54,2198.24,10.41,65,142885.33
ORD-000830,2024-04-01,Medical,MED-008,APAC,Distributor,Strategic,2453.54,1885.74,23.14,63,118801.9
ORD-000831,2024-04-01,Medical,MED-008,North America,Direct,Transactional,2453.54,2339.83,4.63,40,93593.23
ORD-000832,2024-04-01,Medical,MED-008,North America,Distributor,Transactional,2453.54,2217.46,9.62,65,144134.93
ORD-000833,2024-04-01,Medical,MED-008,EMEA,Direct,Standard,2453.54,2167.89,11.64,42,91051.39
ORD-000834,2024-04-01,Medical,MED-008,EMEA,Direct,Standard,2453.54,2182.09,11.06,93,202934.76
ORD-000835,2024-04-01,Medical,MED-008,APAC,Distributor,Transactional,2453.54,2228.19,9.18,36,80214.72
ORD-000836,2024-04-01,Medical,MED-009,EMEA,Direct,Strategic,2046.35,1680.92,17.86,67,112621.96
ORD-000837,2024-04-01,Medical,MED-009,EMEA,Direct,Standard,2046.35,1805.89,11.75,44,79459.12
ORD-000838,2024-04-01,Medical,MED-009,APAC,Direct,Strategic,2046.35,1655.99,19.08,98,162286.97
ORD-000839,2024-04-01,Medical,MED-009,APAC,Distributor,Standard,2046.35,1767.19,13.64,70,123703.16
ORD-000840,2024-04-01,Medical,MED-009,EMEA,Distributor,Strategic,2046.35,1567.38,23.41,124,194354.7
ORD-000841,2024-04-01,Medical,MED-009,North America,Distributor,Strategic,2046.35,1604.13,21.61,88,141163.58
ORD-000842,2024-04-01,Medical,MED-009,North America,Direct,Transactional,2046.35,1917.49,6.3,64,122719.37
ORD-000843,2024-04-01,Medical,MED-009,APAC,Distributor,Strategic,2046.35,1585.47,22.52,76,120495.97
ORD-000844,2024-04-01,Medical,MED-009,North America,Distributor,Transactional,2046.35,1864.93,8.87,69,128680.28
ORD-000845,2024-04-01,Medical,MED-009,APAC,Direct,Strategic,2046.35,1651.23,19.31,68,112283.41
ORD-000846,2024-04-01,Medical,MED-009,North America,Direct,Standard,2046.35,1856.3,9.29,51,94671.27
ORD-000847,2024-04-01,Medical,MED-009,EMEA,Distributor,Transactional,2046.35,1844.03,9.89,36,66385.24
ORD-000848,2024-04-01,Medical,MED-009,North America,Direct,Standard,2046.35,1817.68,11.17,78,141778.81
ORD-000849,2024-04-01,Medical,MED-010,North America,Direct,Standard,1428.99,1279.44,10.47,87,111311.05
ORD-000850,2024-04-01,Medical,MED-010,North America,Direct,Standard,1428.99,1293.52,9.48,75,97014.12
ORD-000851,2024-04-01,Medical,MED-010,EMEA,Distributor,Standard,1428.99,1230.2,13.91,66,81193.2
ORD-000852,2024-04-01,Medical,MED-010,APAC,Direct,Standard,1428.99,1273.68,10.87,70,89157.31
ORD-000853,2024-04-01,Medical,MED-010,EMEA,Distributor,Strategic,1428.99,1103.72,22.76,100,110371.95
ORD-000854,2024-04-01,Medical,MED-010,North America,Distributor,Standard,1428.99,1184.88,17.08,98,116118.45
ORD-000855,2024-04-01,Medical,MED-010,APAC,Distributor,Standard,1428.99,1192.64,16.54,56,66788.08
ORD-000856,2024-04-01,Medical,MED-010,EMEA,Direct,Standard,1428.99,1331.09,6.85,101,134439.78
ORD-000857,2024-04-01,Medical,MED-010,APAC,Direct,Strategic,1428.99,1149.89,19.53,96,110389.11
ORD-000858,2024-04-01,Medical,MED-010,North America,Direct,Standard,1428.99,1288.92,9.8,90,116002.68
ORD-000859,2024-04-01,Medical,MED-010,EMEA,Distributor,Standard,1428.99,1235.9,13.51,71,87748.86
ORD-000860,2024-04-01,Industrial,IND-001,North America,Direct,Strategic,2835.66,2352.92,17.02,82,192939.29
ORD-000861,2024-04-01,Industrial,IND-001,North America,Direct,Standard,2835.66,2564.34,9.57,69,176939.62
ORD-000862,2024-04-01,Industrial,IND-001,EMEA,Distributor,Transactional,2835.66,2554.87,9.9,97,247821.98
ORD-000863,2024-04-01,Industrial,IND-001,EMEA,Direct,Standard,2835.66,2604.86,8.14,116,302163.6
ORD-000864,2024-04-01,Industrial,IND-001,EMEA,Direct,Standard,2835.66,2568.97,9.4,94,241482.96
ORD-000865,2024-04-01,Industrial,IND-001,APAC,Direct,Transactional,2835.66,2608.5,8.01,49,127816.6
ORD-000866,2024-04-01,Industrial,IND-001,EMEA,Direct,Strategic,2835.66,2347.75,17.21,129,302860.15
ORD-000867,2024-04-01,Industrial,IND-001,EMEA,Distributor,Strategic,2835.66,2226.0,21.5,107,238181.66
ORD-000868,2024-04-01,Industrial,IND-001,North America,Direct,Standard,2835.66,2576.46,9.14,79,203540.47
ORD-000869,2024-04-01,Industrial,IND-001,EMEA,Distributor,Standard,2835.66,2470.33,12.88,108,266795.17
ORD-000870,2024-04-01,Industrial,IND-001,EMEA,Distributor,Strategic,2835.66,2157.31,23.92,140,302023.49
ORD-000871,2024-04-01,Industrial,IND-001,North America,Distributor,Standard,2835.66,2449.07,13.63,75,183680.34
ORD-000872,2024-04-01,Industrial,IND-001,North America,Direct,Transactional,2835.66,2656.65,6.31,59,156742.08
ORD-000873,2024-04-01,Industrial,IND-001,North America,Direct,Transactional,2835.66,2592.57,8.57,66,171109.63
ORD-000874,2024-04-01,Industrial,IND-001,North America,Direct,Transactional,2835.66,2633.42,7.13,100,263341.56
ORD-000875,2024-04-01,Industrial,IND-001,EMEA,Distributor,Standard,2835.66,2467.65,12.98,71,175202.85
ORD-000876,2024-04-01,Industrial,IND-001,APAC,Direct,Standard,2835.66,2579.92,9.02,68,175434.69
ORD-000877,2024-04-01,Industrial,IND-001,APAC,Distributor,Standard,2835.66,2411.57,14.96,70,168809.69
ORD-000878,2024-04-01,Industrial,IND-002,EMEA,Distributor,Strategic,763.29,585.27,23.32,96,56185.75
ORD-000879,2024-04-01,Industrial,IND-002,North America,Distributor,Transactional,763.29,665.57,12.8,58,38603.13
ORD-000880,2024-04-01,Industrial,IND-002,North America,Distributor,Standard,763.29,665.36,12.83,72,47906.11
ORD-000881,2024-04-01,Industrial,IND-002,North America,Distributor,Strategic,763.29,591.42,22.52,126,74518.53
ORD-000882,2024-04-01,Industrial,IND-002,EMEA,Direct,Standard,763.29,677.92,11.18,83,56267.47
ORD-000883,2024-04-01,Industrial,IND-002,EMEA,Distributor,Standard,763.29,640.63,16.07,33,21140.9
ORD-000884,2024-04-01,Industrial,IND-002,EMEA,Direct,Transactional,763.29,727.29,4.72,50,36364.4
ORD-000885,2024-04-01,Industrial,IND-002,APAC,Direct,Standard,763.29,703.34,7.85,53,37276.91
ORD-000886,2024-04-01,Industrial,IND-002,North America,Direct,Standard,763.29,682.07,10.64,64,43652.42
ORD-000887,2024-04-01,Industrial,IND-002,APAC,Distributor,Transactional,763.29,689.91,9.61,46,31735.76
ORD-000888,2024-04-01,Industrial,IND-002,APAC,Distributor,Strategic,763.29,593.29,22.27,103,61109.18
ORD-000889,2024-04-01,Industrial,IND-003,EMEA,Direct,Transactional,1433.01,1383.74,3.44,65,89943.27
ORD-000890,2024-04-01,Industrial,IND-003,APAC,Distributor,Transactional,1433.01,1273.88,11.1,48,61146.34
ORD-000891,2024-04-01,Industrial,IND-003,North America,Direct,Transactional,1433.01,1379.88,3.71,46,63474.6
ORD-000892,2024-04-01,Industrial,IND-003,North America,Distributor,Strategic,1433.01,1125.33,21.47,90,101279.51
ORD-000893,2024-04-01,Industrial,IND-003,North America,Distributor,Standard,1433.01,1231.54,14.06,92,113302.09
ORD-000894,2024-04-01,Industrial,IND-003,North America,Distributor,Standard,1433.01,1243.84,13.2,76,94531.96
ORD-000895,2024-04-01,Industrial,IND-003,North America,Direct,Standard,1433.01,1285.18,10.32,86,110525.34
ORD-000896,2024-04-01,Industrial,IND-003,North America,Direct,Standard,1433.01,1288.63,10.07,57,73452.06
ORD-000897,2024-04-01,Industrial,IND-003,North America,Direct,Standard,1433.01,1266.88,11.59,68,86148.1
ORD-000898,2024-04-01,Industrial,IND-003,North America,Direct,Transactional,1433.01,1342.68,6.3,54,72504.49
ORD-000899,2024-04-01,Industrial,IND-003,North America,Direct,Standard,1433.01,1296.06,9.56,70,90723.96
ORD-000900,2024-04-01,Industrial,IND-003,EMEA,Direct,Standard,1433.01,1277.94,10.82,82,104791.29
ORD-000901,2024-04-01,Industrial,IND-003,North America,Direct,Strategic,1433.01,1154.77,19.42,81,93536.11
ORD-000902,2024-04-01,Industrial,IND-003,North America,Distributor,Standard,1433.01,1267.9,11.52,85,107771.18
ORD-000903,2024-04-01,Industrial,IND-003,EMEA,Distributor,Standard,1433.01,1230.44,14.14,71,87361.44
ORD-000904,2024-04-01,Industrial,IND-003,APAC,Distributor,Transactional,1433.01,1277.22,10.87,57,72801.51
ORD-000905,2024-04-01,Industrial,IND-004,EMEA,Direct,Standard,1758.62,1614.3,8.21,86,138829.99
ORD-000906,2024-04-01,Industrial,IND-004,EMEA,Direct,Standard,1758.62,1644.49,6.49,80,131558.99
ORD-000907,2024-04-01,Industrial,IND-004,EMEA,Direct,Transactional,1758.62,1602.21,8.89,58,92927.91
ORD-000908,2024-04-01,Industrial,IND-004,APAC,Direct,Standard,1758.62,1578.1,10.27,71,112044.88
ORD-000909,2024-04-01,Industrial,IND-004,North America,Direct,Strategic,1758.62,1431.28,18.61,109,156009.77
ORD-000910,2024-04-01,Industrial,IND-004,EMEA,Distributor,Standard,1758.62,1542.29,12.3,60,92537.16
ORD-000911,2024-04-01,Industrial,IND-004,EMEA,Direct,Standard,1758.62,1581.81,10.05,91,143944.85
ORD-000912,2024-04-01,Industrial,IND-004,North America,Direct,Transactional,1758.62,1634.44,7.06,47,76818.56
ORD-000913,2024-04-01,Industrial,IND-004,EMEA,Direct,Strategic,1758.62,1411.0,19.77,78,110058.33
ORD-000914,2024-04-01,Industrial,IND-004,EMEA,Direct,Standard,1758.62,1597.58,9.16,55,87866.91
ORD-000915,2024-04-01,Industrial,IND-004,EMEA,Direct,Strategic,1758.62,1475.43,16.1,124,182953.44
ORD-000916,2024-04-01,Industrial,IND-004,North America,Distributor,Strategic,1758.62,1432.62,18.54,140,200566.55
ORD-000917,2024-04-01,Industrial,IND-004,APAC,Distributor,Standard,1758.62,1541.57,12.34,57,87869.31
ORD-000918,2024-04-01,Industrial,IND-004,North America,Distributor,Standard,1758.62,1546.81,12.04,72,111370.13
ORD-000919,2024-04-01,Industrial,IND-004,EMEA,Direct,Transactional,1758.62,1716.48,2.4,56,96122.98
ORD-000920,2024-04-01,Industrial,IND-005,North America,Direct,Standard,2152.2,1879.94,12.65,63,118436.53
ORD-000921,2024-04-01,Industrial,IND-005,EMEA,Distributor,Strategic,2152.2,1728.98,19.66,86,148692.16
ORD-000922,2024-04-01,Industrial,IND-005,North America,Direct,Transactional,2152.2,1999.14,7.11,49,97957.74
ORD-000923,2024-04-01,Industrial,IND-005,North America,Direct,Standard,2152.2,1937.64,9.97,81,156948.52
ORD-000924,2024-04-01,Industrial,IND-005,APAC,Distributor,Transactional,2152.2,1889.63,12.2,55,103929.43
ORD-000925,2024-04-01,Industrial,IND-005,APAC,Direct,Standard,2152.2,1834.4,14.77,75,137579.94
ORD-000926,2024-04-01,Industrial,IND-005,EMEA,Distributor,Standard,2152.2,1890.45,12.16,74,139893.67
ORD-000927,2024-04-01,Industrial,IND-005,North America,Direct,Transactional,2152.2,1988.63,7.6,65,129260.85
ORD-000928,2024-04-01,Industrial,IND-005,North America,Direct,Strategic,2152.2,1757.32,18.35,92,161673.04
ORD-000929,2024-04-01,Industrial,IND-005,APAC,Direct,Transactional,2152.2,2005.54,6.81,48,96266.13
ORD-000930,2024-04-01,Industrial,IND-005,EMEA,Distributor,Standard,2152.2,1846.69,14.2,60,110801.21
ORD-000931,2024-04-01,Industrial,IND-005,EMEA,Distributor,Strategic,2152.2,1675.56,22.15,170,284844.65
ORD-000932,2024-04-01,Industrial,IND-005,North America,Distributor,Strategic,2152.2,1653.5,23.17,66,109130.74
ORD-000933,2024-04-01,Industrial,IND-005,North America,Direct,Standard,2152.2,1919.27,10.82,86,165057.35
ORD-000934,2024-04-01,Industrial,IND-006,North America,Direct,Standard,3596.08,3145.54,12.53,70,220188.07
ORD-000935,2024-04-01,Industrial,IND-006,North America,Distributor,Transactional,3596.08,3180.7,11.55,45,143131.33
ORD-000936,2024-04-01,Industrial,IND-006,APAC,Direct,Standard,3596.08,3195.82,11.13,46,147007.52
ORD-000937,2024-04-01,Industrial,IND-006,North America,Direct,Transactional,3596.08,3452.6,3.99,51,176082.59
ORD-000938,2024-04-01,Industrial,IND-006,EMEA,Distributor,Standard,3596.08,3076.72,14.44,87,267674.79
ORD-000939,2024-04-01,Industrial,IND-006,EMEA,Distributor,Transactional,3596.08,3182.51,11.5,66,210045.77
ORD-000940,2024-04-01,Industrial,IND-006,EMEA,Direct,Transactional,3596.08,3392.32,5.67,51,173008.09
ORD-000941,2024-04-01,Industrial,IND-006,North America,Direct,Standard,3596.08,3269.23,9.09,46,150384.77
ORD-000942,2024-04-01,Industrial,IND-006,EMEA,Direct,Standard,3596.08,3184.81,11.44,37,117837.8
ORD-000943,2024-04-01,Industrial,IND-006,North America,Distributor,Transactional,3596.08,3186.68,11.38,87,277241.55
ORD-000944,2024-04-01,Industrial,IND-006,EMEA,Direct,Standard,3596.08,3231.23,10.15,90,290810.29
ORD-000945,2024-04-01,Industrial,IND-006,EMEA,Distributor,Transactional,3596.08,3167.47,11.92,55,174210.85
ORD-000946,2024-04-01,Industrial,IND-006,EMEA,Direct,Standard,3596.08,3228.67,10.22,83,267979.71
ORD-000947,2024-04-01,Industrial,IND-006,North America,Distributor,Transactional,3596.08,3292.03,8.45,61,200813.84
ORD-000948,2024-04-01,Industrial,IND-007,EMEA,Distributor,Standard,1027.31,855.71,16.7,65,55621.22
ORD-000949,2024-04-01,Industrial,IND-007,APAC,Distributor,Standard,1027.31,885.93,13.76,75,66445.04
ORD-000950,2024-04-01,Industrial,IND-007,APAC,Direct,Standard,1027.31,924.96,9.96,47,43473.15
ORD-000951,2024-04-01,Industrial,IND-007,North America,Distributor,Transactional,1027.31,912.28,11.2,67,61122.43
ORD-000952,2024-04-01,Industrial,IND-007,North America,Direct,Transactional,1027.31,960.61,6.49,63,60518.7
ORD-000953,2024-04-01,Industrial,IND-007,EMEA,Direct,Standard,1027.31,915.25,10.91,56,51254.24
ORD-000954,2024-04-01,Industrial,IND-007,EMEA,Direct,Transactional,1027.31,948.16,7.7,35,33185.76
ORD-000955,2024-04-01,Industrial,IND-007,North America,Direct,Standard,1027.31,936.15,8.87,103,96423.73
ORD-000956,2024-04-01,Industrial,IND-007,North America,Distributor,Strategic,1027.31,776.25,24.44,107,83059.13
ORD-000957,2024-04-01,Industrial,IND-007,North America,Direct,Strategic,1027.31,840.43,18.19,155,130266.79
ORD-000958,2024-04-01,Industrial,IND-007,North America,Direct,Strategic,1027.31,824.13,19.78,107,88182.22
ORD-000959,2024-04-01,Industrial,IND-007,EMEA,Direct,Transactional,1027.31,997.17,2.93,64,63818.78
ORD-000960,2024-04-01,Industrial,IND-007,EMEA,Direct,Standard,1027.31,893.95,12.98,65,58107.06
ORD-000961,2024-04-01,Industrial,IND-007,APAC,Direct,Standard,1027.31,931.23,9.35,47,43767.93
ORD-000962,2024-04-01,Industrial,IND-007,APAC,Direct,Strategic,1027.31,840.44,18.19,63,52947.46
ORD-000963,2024-04-01,Industrial,IND-007,North America,Distributor,Transactional,1027.31,953.0,7.23,75,71474.89
ORD-000964,2024-04-01,Industrial,IND-007,EMEA,Direct,Transactional,1027.31,966.7,5.9,60,58002.06
ORD-000965,2024-04-01,Industrial,IND-007,North America,Direct,Standard,1027.31,888.62,13.5,70,62203.44
ORD-000966,2024-04-01,Industrial,IND-007,APAC,Distributor,Standard,1027.31,880.03,14.34,69,60721.85
ORD-000967,2024-04-01,Industrial,IND-007,APAC,Direct,Strategic,1027.31,822.87,19.9,91,74881.17
ORD-000968,2024-04-01,Industrial,IND-008,North America,Direct,Strategic,2407.38,1990.55,17.31,78,155263.24
ORD-000969,2024-04-01,Industrial,IND-008,APAC,Direct,Transactional,2407.38,2249.43,6.56,60,134965.97
ORD-000970,2024-04-01,Industrial,IND-008,North America,Distributor,Strategic,2407.38,1876.6,22.05,103,193289.95
ORD-000971,2024-04-01,Industrial,IND-008,North America,Distributor,Standard,2407.38,2124.87,11.74,68,144491.32
ORD-000972,2024-04-01,Industrial,IND-008,EMEA,Distributor,Standard,2407.38,2023.6,15.94,85,172005.95
ORD-000973,2024-04-01,Industrial,IND-008,North America,Distributor,Standard,2407.38,2093.08,13.06,80,167446.31
ORD-000974,2024-04-01,Industrial,IND-008,APAC,Direct,Transactional,2407.38,2259.26,6.15,37,83592.79
ORD-000975,2024-04-01,Industrial,IND-008,EMEA,Direct,Strategic,2407.38,1942.02,19.33,63,122347.55
ORD-000976,2024-04-01,Industrial,IND-008,EMEA,Distributor,Transactional,2407.38,2185.05,9.24,75,163878.43
ORD-000977,2024-04-01,Industrial,IND-008,EMEA,Direct,Standard,2407.38,2162.22,10.18,58,125408.64
ORD-000978,2024-04-01,Industrial,IND-008,EMEA,Direct,Standard,2407.38,2199.44,8.64,67,147362.28
ORD-000979,2024-04-01,Industrial,IND-008,APAC,Direct,Transactional,2407.38,2247.17,6.66,43,96628.1
ORD-000980,2024-04-01,Industrial,IND-008,APAC,Direct,Strategic,2407.38,1976.82,17.89,84,166052.73
ORD-000981,2024-04-01,Industrial,IND-008,EMEA,Direct,Standard,2407.38,2166.01,10.03,67,145122.7
ORD-000982,2024-04-01,Industrial,IND-009,North America,Distributor,Transactional,2750.38,2433.46,11.52,74,180076.11
ORD-000983,2024-04-01,Industrial,IND-009,EMEA,Direct,Standard,2750.38,2443.79,11.15,79,193059.02
ORD-000984,2024-04-01,Industrial,IND-009,APAC,Distributor,Standard,2750.38,2391.87,13.03,45,107634.13
ORD-000985,2024-04-01,Industrial,IND-009,North America,Direct,Transactional,2750.38,2568.77,6.6,57,146420.05
ORD-000986,2024-04-01,Industrial,IND-009,APAC,Distributor,Standard,2750.38,2386.98,13.21,89,212440.9
ORD-000987,2024-04-01,Industrial,IND-009,APAC,Direct,Standard,2750.38,2435.06,11.46,57,138798.43
ORD-000988,2024-04-01,Industrial,IND-009,EMEA,Direct,Transactional,2750.38,2530.54,7.99,62,156893.54
ORD-000989,2024-04-01,Industrial,IND-009,North America,Direct,Transactional,2750.38,2575.7,6.35,50,128784.92
ORD-000990,2024-04-01,Industrial,IND-009,EMEA,Direct,Strategic,2750.38,2256.11,17.97,88,198537.4
ORD-000991,2024-04-01,Industrial,IND-009,North America,Distributor,Transactional,2750.38,2489.24,9.49,81,201628.04
ORD-000992,2024-04-01,Industrial,IND-009,North America,Distributor,Strategic,2750.38,2147.29,21.93,123,264116.95
ORD-000993,2024-04-01,Industrial,IND-009,North America,Direct,Standard,2750.38,2385.16,13.28,88,209894.49
ORD-000994,2024-04-01,Industrial,IND-009,EMEA,Direct,Standard,2750.38,2434.35,11.49,98,238566.14
ORD-000995,2024-04-01,Industrial,IND-009,EMEA,Distributor,Standard,2750.38,2443.05,11.17,64,156355.39
ORD-000996,2024-04-01,Industrial,IND-009,North America,Distributor,Standard,2750.38,2368.48,13.89,109,258164.13
ORD-000997,2024-04-01,Industrial,IND-009,North America,Direct,Standard,2750.38,2419.55,12.03,86,208081.14
ORD-000998,2024-04-01,Industrial,IND-009,EMEA,Distributor,Transactional,2750.38,2551.52,7.23,57,145436.84
ORD-000999,2024-04-01,Industrial,IND-009,EMEA,Direct,Strategic,2750.38,2327.03,15.39,99,230375.53
ORD-001000,2024-04-01,Industrial,IND-009,EMEA,Direct,Strategic,2750.38,2266.47,17.59,111,251577.82
ORD-001001,2024-04-01,Industrial,IND-009,APAC,Direct,Standard,2750.38,2469.84,10.2,50,123491.79
ORD-001002,2024-04-01,Industrial,IND-009,EMEA,Distributor,Standard,2750.38,2341.12,14.88,71,166219.58
ORD-001003,2024-04-01,Industrial,IND-010,North America,Distributor,Transactional,355.08,316.01,11.0,54,17064.72
ORD-001004,2024-04-01,Industrial,IND-010,APAC,Distributor,Strategic,355.08,278.79,21.49,53,14775.69
ORD-001005,2024-04-01,Industrial,IND-010,North America,Distributor,Standard,355.08,302.1,14.92,88,26585.11
ORD-001006,2024-04-01,Industrial,IND-010,North America,Distributor,Standard,355.08,300.68,15.32,51,15334.8
ORD-001007,2024-04-01,Industrial,IND-010,North America,Direct,Strategic,355.08,293.0,17.48,109,31936.76
ORD-001008,2024-04-01,Industrial,IND-010,North America,Distributor,Standard,355.08,310.71,12.5,72,22371.06
ORD-001009,2024-04-01,Industrial,IND-010,EMEA,Direct,Standard,355.08,315.56,11.13,65,20511.51
ORD-001010,2024-04-01,Industrial,IND-010,North America,Direct,Strategic,355.08,295.18,16.87,82,24204.89
ORD-001011,2024-04-01,Industrial,IND-010,North America,Distributor,Standard,355.08,289.62,18.43,90,26065.81
ORD-001012,2024-04-01,Industrial,IND-010,EMEA,Distributor,Strategic,355.08,272.76,23.18,68,18547.72
ORD-001013,2024-04-01,Industrial,IND-010,EMEA,Direct,Standard,355.08,311.57,12.25,70,21809.68
ORD-001014,2024-04-01,Industrial,IND-010,EMEA,Distributor,Transactional,355.08,324.53,8.6,70,22716.89
ORD-001015,2024-04-01,Industrial,IND-010,North America,Direct,Standard,355.08,324.95,8.49,88,28595.24
ORD-001016,2024-04-01,Industrial,IND-010,APAC,Distributor,Transactional,355.08,312.37,12.03,55,17180.52
ORD-001017,2024-04-01,Industrial,IND-010,North America,Direct,Transactional,355.08,326.31,8.1,48,15662.99
ORD-001018,2024-04-01,Food & Beverage,FOO-001,EMEA,Direct,Transactional,2816.76,2757.95,2.09,53,146171.31
ORD-001019,2024-04-01,Food & Beverage,FOO-001,North America,Distributor,Transactional,2816.76,2493.22,11.49,56,139620.41
ORD-001020,2024-04-01,Food & Beverage,FOO-001,North America,Direct,Standard,2816.76,2506.6,11.01,88,220580.64
ORD-001021,2024-04-01,Food & Beverage,FOO-001,North America,Distributor,Transactional,2816.76,2493.94,11.46,48,119709.26
ORD-001022,2024-04-01,Food & Beverage,FOO-001,North America,Direct,Standard,2816.76,2519.23,10.56,44,110845.96
ORD-001023,2024-04-01,Food & Beverage,FOO-001,North America,Distributor,Standard,2816.76,2387.15,15.25,87,207681.82
ORD-001024,2024-04-01,Food & Beverage,FOO-001,EMEA,Direct,Standard,2816.76,2542.91,9.72,43,109345.15
ORD-001025,2024-04-01,Food & Beverage,FOO-001,APAC,Direct,Transactional,2816.76,2584.22,8.26,53,136963.77
ORD-001026,2024-04-01,Food & Beverage,FOO-001,EMEA,Distributor,Standard,2816.76,2356.06,16.36,87,204977.47
ORD-001027,2024-04-01,Food & Beverage,FOO-002,APAC,Distributor,Transactional,899.42,806.1,10.38,53,42723.35
ORD-001028,2024-04-01,Food & Beverage,FOO-002,North America,Distributor,Standard,899.42,780.43,13.23,65,50727.88
ORD-001029,2024-04-01,Food & Beverage,FOO-002,North America,Direct,Transactional,899.42,849.1,5.6,52,44153.21
ORD-001030,2024-04-01,Food & Beverage,FOO-002,APAC,Direct,Transactional,899.42,853.48,5.11,42,35846.0
ORD-001031,2024-04-01,Food & Beverage,FOO-002,North America,Distributor,Standard,899.42,787.62,12.43,71,55920.76
ORD-001032,2024-04-01,Food & Beverage,FOO-002,EMEA,Direct,Strategic,899.42,723.93,19.51,95,68773.36
ORD-001033,2024-04-01,Food & Beverage,FOO-002,APAC,Direct,Standard,899.42,802.87,10.74,58,46566.4
ORD-001034,2024-04-01,Food & Beverage,FOO-002,EMEA,Distributor,Standard,899.42,761.87,15.29,82,62472.95
ORD-001035,2024-04-01,Food & Beverage,FOO-002,EMEA,Direct,Strategic,899.42,735.42,18.23,64,47066.83
ORD-001036,2024-04-01,Food & Beverage,FOO-002,APAC,Direct,Standard,899.42,800.59,10.99,92,73654.03
ORD-001037,2024-04-01,Food & Beverage,FOO-002,EMEA,Direct,Standard,899.42,817.72,9.08,54,44157.05
ORD-001038,2024-04-01,Food & Beverage,FOO-003,APAC,Distributor,Standard,436.69,376.28,13.83,74,27844.67
ORD-001039,2024-04-01,Food & Beverage,FOO-003,North America,Direct,Standard,436.69,400.53,8.28,75,30039.74
ORD-001040,2024-04-01,Food & Beverage,FOO-003,APAC,Direct,Transactional,436.69,413.52,5.3,56,23157.23
ORD-001041,2024-04-01,Food & Beverage,FOO-003,APAC,Direct,Standard,436.69,388.09,11.13,58,22509.23
ORD-001042,2024-04-01,Food & Beverage,FOO-003,APAC,Direct,Transactional,436.69,402.95,7.72,25,10073.8
ORD-001043,2024-04-01,Food & Beverage,FOO-003,North America,Direct,Standard,436.69,391.7,10.3,80,31335.63
ORD-001044,2024-04-01,Food & Beverage,FOO-003,EMEA,Distributor,Transactional,436.69,386.26,11.55,58,22403.18
ORD-001045,2024-04-01,Food & Beverage,FOO-003,North America,Direct,Transactional,436.69,410.49,6.0,61,25039.65
ORD-001046,2024-04-01,Food & Beverage,FOO-003,APAC,Distributor,Standard,436.69,377.06,13.65,57,21492.28
ORD-001047,2024-04-01,Food & Beverage,FOO-003,North America,Distributor,Strategic,436.69,334.92,23.3,115,38515.48
ORD-001048,2024-04-01,Food & Beverage,FOO-003,EMEA,Distributor,Standard,436.69,382.33,12.45,65,24851.23
ORD-001049,2024-04-01,Food & Beverage,FOO-003,EMEA,Direct,Strategic,436.69,349.49,19.97,66,23066.36
ORD-001050,2024-04-01,Food & Beverage,FOO-003,EMEA,Distributor,Strategic,436.69,330.6,24.29,116,38349.12
ORD-001051,2024-04-01,Food & Beverage,FOO-003,North America,Distributor,Standard,436.69,373.46,14.48,111,41454.41
ORD-001052,2024-04-01,Food & Beverage,FOO-003,EMEA,Direct,Standard,436.69,395.66,9.39,85,33631.33
ORD-001053,2024-04-01,Food & Beverage,FOO-003,APAC,Direct,Standard,436.69,402.39,7.85,48,19314.89
ORD-001054,2024-04-01,Food & Beverage,FOO-004,APAC,Direct,Transactional,4314.32,3984.44,7.65,52,207190.85
ORD-001055,2024-04-01,Food & Beverage,FOO-004,APAC,Distributor,Standard,4314.32,3738.0,13.36,50,186899.78
ORD-001056,2024-04-01,Food & Beverage,FOO-004,North America,Distributor,Strategic,4314.32,3420.78,20.71,122,417335.45
ORD-001057,2024-04-01,Food & Beverage,FOO-004,North America,Distributor,Transactional,4314.32,3889.48,9.85,49,190584.57
ORD-001058,2024-04-01,Food & Beverage,FOO-004,APAC,Direct,Standard,4314.32,3811.35,11.66,67,255360.23
ORD-001059,2024-04-01,Food & Beverage,FOO-004,EMEA,Direct,Standard,4314.32,3938.31,8.72,105,413523.02
ORD-001060,2024-04-01,Food & Beverage,FOO-004,North America,Direct,Standard,4314.32,3947.71,8.5,93,367136.71
ORD-001061,2024-04-01,Food & Beverage,FOO-004,EMEA,Distributor,Transactional,4314.32,3892.88,9.77,45,175179.67
ORD-001062,2024-04-01,Food & Beverage,FOO-004,North America,Distributor,Strategic,4314.32,3281.22,23.95,111,364215.61
ORD-001063,2024-04-01,Food & Beverage,FOO-004,North America,Distributor,Standard,4314.32,3809.05,11.71,82,312342.35
ORD-001064,2024-04-01,Food & Beverage,FOO-004,EMEA,Distributor,Standard,4314.32,3722.41,13.72,93,346183.91
ORD-001065,2024-04-01,Food & Beverage,FOO-004,EMEA,Direct,Standard,4314.32,3859.95,10.53,56,216157.36
ORD-001066,2024-04-01,Food & Beverage,FOO-004,EMEA,Direct,Standard,4314.32,3930.92,8.89,46,180822.1
ORD-001067,2024-04-01,Food & Beverage,FOO-004,North America,Distributor,Standard,4314.32,3734.32,13.44,85,317417.25
ORD-001068,2024-04-01,Food & Beverage,FOO-004,EMEA,Distributor,Strategic,4314.32,3310.51,23.27,116,384019.72
ORD-001069,2024-04-01,Food & Beverage,FOO-004,EMEA,Direct,Strategic,4314.32,3587.48,16.85,90,322873.39
ORD-001070,2024-04-01,Food & Beverage,FOO-005,APAC,Direct,Standard,4387.79,3869.12,11.82,41,158633.99
ORD-001071,2024-04-01,Food & Beverage,FOO-005,North America,Direct,Standard,4387.79,4024.9,8.27,91,366265.84
ORD-001072,2024-04-01,Food & Beverage,FOO-005,EMEA,Distributor,Transactional,4387.79,4016.48,8.46,46,184758.29
ORD-001073,2024-04-01,Food & Beverage,FOO-005,EMEA,Direct,Strategic,4387.79,3535.76,19.42,100,353576.24
ORD-001074,2024-04-01,Food & Beverage,FOO-005,EMEA,Distributor,Transactional,4387.79,3815.49,13.04,77,293793.08
ORD-001075,2024-04-01,Food & Beverage,FOO-005,North America,Distributor,Standard,4387.79,3702.01,15.63,89,329478.79
ORD-001076,2024-04-01,Food & Beverage,FOO-005,North America,Direct,Standard,4387.79,3906.48,10.97,60,234388.56
ORD-001077,2024-04-01,Food & Beverage,FOO-005,North America,Distributor,Standard,4387.79,3655.88,16.68,118,431393.76
ORD-001078,2024-04-01,Food & Beverage,FOO-005,North America,Direct,Standard,4387.79,4024.65,8.28,75,301848.77
ORD-001079,2024-04-01,Food & Beverage,FOO-005,APAC,Distributor,Standard,4387.79,3825.64,12.81,61,233363.94
ORD-001080,2024-04-01,Food & Beverage,FOO-006,APAC,Direct,Transactional,3697.96,3480.6,5.88,49,170549.34
ORD-001081,2024-04-01,Food & Beverage,FOO-006,North America,Direct,Standard,3697.96,3290.01,11.03,68,223720.68
ORD-001082,2024-04-01,Food & Beverage,FOO-006,North America,Direct,Transactional,3697.96,3411.51,7.75,48,163752.5
ORD-001083,2024-04-01,Food & Beverage,FOO-006,EMEA,Distributor,Strategic,3697.96,2839.49,23.21,92,261232.92
ORD-001084,2024-04-01,Food & Beverage,FOO-006,EMEA,Direct,Standard,3697.96,3321.71,10.17,45,149476.84
ORD-001085,2024-04-01,Food & Beverage,FOO-006,APAC,Direct,Standard,3697.96,3328.23,10.0,86,286227.88
ORD-001086,2024-04-01,Food & Beverage,FOO-006,North America,Direct,Standard,3697.96,3346.67,9.5,97,324627.26
ORD-001087,2024-04-01,Food & Beverage,FOO-006,EMEA,Direct,Standard,3697.96,3358.28,9.19,51,171272.47
ORD-001088,2024-04-01,Food & Beverage,FOO-006,North America,Distributor,Standard,3697.96,3256.22,11.95,70,227935.43
ORD-001089,2024-04-01,Food & Beverage,FOO-006,EMEA,Direct,Transactional,3697.96,3470.58,6.15,49,170058.22
ORD-001090,2024-04-01,Food & Beverage,FOO-006,North America,Distributor,Transactional,3697.96,3295.2,10.89,78,257025.97
ORD-001091,2024-04-01,Food & Beverage,FOO-006,EMEA,Direct,Transactional,3697.96,3497.4,5.42,57,199352.07
ORD-001092,2024-04-01,Food & Beverage,FOO-006,North America,Direct,Strategic,3697.96,2920.98,21.01,133,388490.78
ORD-001093,2024-04-01,Food & Beverage,FOO-006,APAC,Distributor,Strategic,3697.96,2908.38,21.35,135,392631.15
ORD-001094,2024-04-01,Food & Beverage,FOO-006,North America,Distributor,Strategic,3697.96,2894.48,21.73,98,283659.2
ORD-001095,2024-04-01,Food & Beverage,FOO-006,EMEA,Direct,Strategic,3697.96,2971.83,19.64,89,264493.13
ORD-001096,2024-04-01,Food & Beverage,FOO-006,EMEA,Direct,Strategic,3697.96,2984.38,19.3,80,238750.67
ORD-001097,2024-04-01,Food & Beverage,FOO-007,APAC,Distributor,Standard,1487.71,1240.5,16.62,98,121568.85
ORD-001098,2024-04-01,Food & Beverage,FOO-007,APAC,Distributor,Transactional,1487.71,1339.46,9.96,46,61615.3
ORD-001099,2024-04-01,Food & Beverage,FOO-007,EMEA,Distributor,Standard,1487.71,1255.43,15.61,146,183293.21
ORD-001100,2024-04-01,Food & Beverage,FOO-007,EMEA,Distributor,Strategic,1487.71,1188.73,20.1,83,98664.76
ORD-001101,2024-04-01,Food & Beverage,FOO-007,EMEA,Distributor,Strategic,1487.71,1163.72,21.78,119,138482.15
ORD-001102,2024-04-01,Food & Beverage,FOO-007,North America,Distributor,Transactional,1487.71,1319.71,11.29,56,73904.0
ORD-001103,2024-04-01,Food & Beverage,FOO-007,North America,Distributor,Strategic,1487.71,1200.89,19.28,126,151312.52
ORD-001104,2024-04-01,Food & Beverage,FOO-007,APAC,Distributor,Transactional,1487.71,1329.38,10.64,38,50516.26
ORD-001105,2024-04-01,Food & Beverage,FOO-007,EMEA,Distributor,Standard,1487.71,1266.47,14.87,89,112715.75
ORD-001106,2024-04-01,Food & Beverage,FOO-007,EMEA,Direct,Strategic,1487.71,1181.97,20.55,59,69736.18
ORD-001107,2024-04-01,Food & Beverage,FOO-007,EMEA,Direct,Transactional,1487.71,1367.52,8.08,74,101196.65
ORD-001108,2024-04-01,Food & Beverage,FOO-007,EMEA,Direct,Transactional,1487.71,1388.67,6.66,63,87486.37
ORD-001109,2024-04-01,Food & Beverage,FOO-007,North America,Direct,Standard,1487.71,1365.04,8.25,77,105107.83
ORD-001110,2024-04-01,Food & Beverage,FOO-008,North America,Direct,Standard,579.8,497.42,14.21,72,35814.02
ORD-001111,2024-04-01,Food & Beverage,FOO-008,North America,Direct,Standard,579.8,531.93,8.26,102,54257.25
ORD-001112,2024-04-01,Food & Beverage,FOO-008,North America,Direct,Standard,579.8,529.51,8.67,74,39183.72
ORD-001113,2024-04-01,Food & Beverage,FOO-008,North America,Distributor,Standard,579.8,502.74,13.29,103,51782.21
ORD-001114,2024-04-01,Food & Beverage,FOO-008,North America,Direct,Standard,579.8,525.15,9.43,73,38335.84
ORD-001115,2024-04-01,Food & Beverage,FOO-008,APAC,Direct,Transactional,579.8,547.42,5.59,45,24633.8
ORD-001116,2024-04-01,Food & Beverage,FOO-008,APAC,Distributor,Standard,579.8,501.82,13.45,76,38138.26
ORD-001117,2024-04-01,Food & Beverage,FOO-008,APAC,Direct,Standard,579.8,533.7,7.95,59,31488.47
ORD-001118,2024-04-01,Food & Beverage,FOO-008,North America,Distributor,Transactional,579.8,515.86,11.03,37,19086.99
ORD-001119,2024-04-01,Food & Beverage,FOO-008,APAC,Distributor,Transactional,579.8,524.59,9.52,43,22557.33
ORD-001120,2024-04-01,Food & Beverage,FOO-008,APAC,Direct,Strategic,579.8,470.58,18.84,75,35293.83
ORD-001121,2024-04-01,Food & Beverage,FOO-008,EMEA,Direct,Standard,579.8,519.91,10.33,115,59790.11
ORD-001122,2024-04-01,Food & Beverage,FOO-008,North America,Distributor,Standard,579.8,485.85,16.2,90,43726.11
ORD-001123,2024-04-01,Food & Beverage,FOO-008,North America,Direct,Strategic,579.8,479.54,17.29,116,55626.99
ORD-001124,2024-04-01,Food & Beverage,FOO-009,EMEA,Distributor,Transactional,3153.21,2837.26,10.02,78,221306.22
ORD-001125,2024-04-01,Food & Beverage,FOO-009,North America,Distributor,Standard,3153.21,2632.77,16.51,126,331728.4
ORD-001126,2024-04-01,Food & Beverage,FOO-009,EMEA,Direct,Standard,3153.21,2820.08,10.56,99,279188.32
ORD-001127,2024-04-01,Food & Beverage,FOO-009,EMEA,Distributor,Standard,3153.21,2624.97,16.75,80,209997.94
ORD-001128,2024-04-01,Food & Beverage,FOO-009,EMEA,Direct,Standard,3153.21,2843.04,9.84,115,326949.68
ORD-001129,2024-04-01,Food & Beverage,FOO-009,North America,Direct,Transactional,3153.21,2881.98,8.6,72,207502.43
ORD-001130,2024-04-01,Food & Beverage,FOO-009,EMEA,Distributor,Standard,3153.21,2719.42,13.76,77,209394.99
ORD-001131,2024-04-01,Food & Beverage,FOO-009,North America,Distributor,Strategic,3153.21,2463.9,21.86,98,241461.94
ORD-001132,2024-04-01,Food & Beverage,FOO-009,APAC,Distributor,Strategic,3153.21,2536.68,19.55,57,144590.66
ORD-001133,2024-04-01,Food & Beverage,FOO-009,EMEA,Distributor,Transactional,3153.21,2812.73,10.8,53,149074.64
ORD-001134,2024-04-01,Food & Beverage,FOO-009,APAC,Distributor,Standard,3153.21,2702.18,14.3,83,224280.78
ORD-001135,2024-04-01,Food & Beverage,FOO-009,APAC,Direct,Standard,3153.21,2776.16,11.96,74,205436.1
ORD-001136,2024-04-01,Food & Beverage,FOO-009,APAC,Direct,Standard,3153.21,2783.04,11.74,74,205944.85
ORD-001137,2024-04-01,Food & Beverage,FOO-009,North America,Distributor,Standard,3153.21,2684.54,14.86,99,265769.29
ORD-001138,2024-04-01,Food & Beverage,FOO-010,EMEA,Direct,Strategic,2082.36,1707.14,18.02,116,198028.31
ORD-001139,2024-04-01,Food & Beverage,FOO-010,North America,Direct,Standard,2082.36,1905.11,8.51,103,196226.4
ORD-001140,2024-04-01,Food & Beverage,FOO-010,EMEA,Direct,Transactional,2082.36,2040.71,2.0,39,79587.82
ORD-001141,2024-04-01,Food & Beverage,FOO-010,North America,Distributor,Standard,2082.36,1755.73,15.69,71,124656.56
ORD-001142,2024-04-01,Food & Beverage,FOO-010,North America,Distributor,Strategic,2082.36,1607.02,22.83,68,109277.04
ORD-001143,2024-04-01,Food & Beverage,FOO-010,APAC,Direct,Standard,2082.36,1887.85,9.34,52,98168.37
ORD-001144,2024-04-01,Food & Beverage,FOO-010,EMEA,Distributor,Standard,2082.36,1816.85,12.75,93,168966.91
ORD-001145,2024-04-01,Food & Beverage,FOO-010,North America,Direct,Standard,2082.36,1868.41,10.27,65,121446.64
ORD-001146,2024-04-01,Food & Beverage,FOO-010,EMEA,Distributor,Transactional,2082.36,1914.12,8.08,55,105276.5
ORD-001147,2024-04-01,Food & Beverage,FOO-010,EMEA,Distributor,Transactional,2082.36,1879.63,9.74,55,103379.49
ORD-001148,2024-04-01,Food & Beverage,FOO-010,EMEA,Distributor,Strategic,2082.36,1594.67,23.42,79,125978.66
ORD-001149,2024-04-01,Food & Beverage,FOO-010,North America,Direct,Transactional,2082.36,1927.5,7.44,30,57824.91
ORD-001150,2024-04-01,Food & Beverage,FOO-010,North America,Distributor,Transactional,2082.36,1861.59,10.6,67,124726.35
ORD-001151,2024-04-01,Food & Beverage,FOO-010,North America,Distributor,Transactional,2082.36,1890.42,9.22,61,115315.88
ORD-001152,2024-04-01,Food & Beverage,FOO-010,APAC,Direct,Transactional,2082.36,1988.66,4.5,39,77557.7
ORD-001153,2024-04-01,Food & Beverage,FOO-010,EMEA,Direct,Transactional,2082.36,1942.75,6.7,75,145706.12
ORD-001154,2024-04-01,Food & Beverage,FOO-010,North America,Distributor,Standard,2082.36,1797.73,13.67,104,186963.73
ORD-001155,2024-04-01,Food & Beverage,FOO-010,EMEA,Distributor,Standard,2082.36,1807.21,13.21,66,119275.85
ORD-001156,2024-04-01,Food & Beverage,FOO-010,APAC,Distributor,Standard,2082.36,1801.59,13.48,63,113500.07
ORD-001157,2024-04-01,Food & Beverage,FOO-010,EMEA,Direct,Transactional,2082.36,1933.46,7.15,36,69604.63
ORD-001158,2024-04-01,Food & Beverage,FOO-010,APAC,Distributor,Standard,2082.36,1710.41,17.86,45,76968.64
ORD-001159,2024-07-01,Biopharma Consumables,BIO-001,North America,Direct,Standard,1779.25,1582.53,11.06,51,80709.17
ORD-001160,2024-07-01,Biopharma Consumables,BIO-001,EMEA,Direct,Standard,1779.25,1595.18,10.35,45,71783.15
ORD-001161,2024-07-01,Biopharma Consumables,BIO-001,APAC,Direct,Standard,1779.25,1581.83,11.1,51,80673.11
ORD-001162,2024-07-01,Biopharma Consumables,BIO-001,EMEA,Distributor,Standard,1779.25,1572.59,11.61,130,204437.18
ORD-001163,2024-07-01,Biopharma Consumables,BIO-001,North America,Distributor,Standard,1779.25,1514.37,14.89,88,133264.87
ORD-001164,2024-07-01,Biopharma Consumables,BIO-001,North America,Direct,Standard,1779.25,1620.52,8.92,80,129641.56
ORD-001165,2024-07-01,Biopharma Consumables,BIO-001,North America,Direct,Standard,1779.25,1622.05,8.84,93,150850.26
ORD-001166,2024-07-01,Biopharma Consumables,BIO-001,EMEA,Direct,Strategic,1779.25,1465.15,17.65,105,153840.38
ORD-001167,2024-07-01,Biopharma Consumables,BIO-001,EMEA,Direct,Standard,1779.25,1559.8,12.33,86,134142.53
ORD-001168,2024-07-01,Biopharma Consumables,BIO-001,North America,Direct,Standard,1779.25,1602.26,9.95,99,158623.65
ORD-001169,2024-07-01,Biopharma Consumables,BIO-001,APAC,Distributor,Standard,1779.25,1492.83,16.1,58,86584.36
ORD-001170,2024-07-01,Biopharma Consumables,BIO-001,North America,Direct,Standard,1779.25,1612.32,9.38,74,119312.0
ORD-001171,2024-07-01,Biopharma Consumables,BIO-001,EMEA,Direct,Standard,1779.25,1581.36,11.12,63,99625.8
ORD-001172,2024-07-01,Biopharma Consumables,BIO-002,APAC,Direct,Standard,4285.61,3807.11,11.17,51,194162.37
ORD-001173,2024-07-01,Biopharma Consumables,BIO-002,EMEA,Direct,Strategic,4285.61,3442.56,19.67,119,409665.06
ORD-001174,2024-07-01,Biopharma Consumables,BIO-002,EMEA,Direct,Standard,4285.61,3781.46,11.76,67,253357.58
ORD-001175,2024-07-01,Biopharma Consumables,BIO-002,North America,Direct,Transactional,4285.61,4028.18,6.01,78,314198.32
ORD-001176,2024-07-01,Biopharma Consumables,BIO-002,EMEA,Distributor,Transactional,4285.61,3839.15,10.42,50,191957.33
ORD-001177,2024-07-01,Biopharma Consumables,BIO-002,North America,Direct,Standard,4285.61,3846.92,10.24,91,350069.96
ORD-001178,2024-07-01,Biopharma Consumables,BIO-002,APAC,Distributor,Standard,4285.61,3580.86,16.44,69,247079.68
ORD-001179,2024-07-01,Biopharma Consumables,BIO-002,EMEA,Distributor,Transactional,4285.61,3831.41,10.6,58,222221.56
ORD-001180,2024-07-01,Biopharma Consumables,BIO-002,North America,Distributor,Transactional,4285.61,3760.35,12.26,68,255703.57
ORD-001181,2024-07-01,Biopharma Consumables,BIO-002,North America,Direct,Standard,4285.61,3764.43,12.16,73,274803.27
ORD-001182,2024-07-01,Biopharma Consumables,BIO-002,North America,Direct,Standard,4285.61,3867.84,9.75,58,224334.81
ORD-001183,2024-07-01,Biopharma Consumables,BIO-002,EMEA,Direct,Transactional,4285.61,4111.98,4.05,45,185039.07
ORD-001184,2024-07-01,Biopharma Consumables,BIO-002,North America,Direct,Standard,4285.61,3768.35,12.07,101,380603.71
ORD-001185,2024-07-01,Biopharma Consumables,BIO-002,North America,Distributor,Standard,4285.61,3649.53,14.84,97,354004.81
ORD-001186,2024-07-01,Biopharma Consumables,BIO-002,APAC,Distributor,Strategic,4285.61,3354.61,21.72,93,311978.4
ORD-001187,2024-07-01,Biopharma Consumables,BIO-002,North America,Direct,Standard,4285.61,3914.54,8.66,77,301419.76
ORD-001188,2024-07-01,Biopharma Consumables,BIO-002,EMEA,Direct,Strategic,4285.61,3526.09,17.72,94,331452.09
ORD-001189,2024-07-01,Biopharma Consumables,BIO-002,North America,Direct,Standard,4285.61,3774.25,11.93,92,347231.42
ORD-001190,2024-07-01,Biopharma Consumables,BIO-003,North America,Direct,Standard,3334.17,2855.1,14.37,118,336901.82
ORD-001191,2024-07-01,Biopharma Consumables,BIO-003,EMEA,Distributor,Standard,3334.17,2900.9,12.99,46,133441.37
ORD-001192,2024-07-01,Biopharma Consumables,BIO-003,EMEA,Direct,Standard,3334.17,2942.95,11.73,82,241322.03
ORD-001193,2024-07-01,Biopharma Consumables,BIO-003,North America,Direct,Standard,3334.17,2961.04,11.19,64,189506.38
ORD-001194,2024-07-01,Biopharma Consumables,BIO-003,North America,Direct,Strategic,3334.17,2677.22,19.7,97,259690.21
ORD-001195,2024-07-01,Biopharma Consumables,BIO-003,North America,Direct,Standard,3334.17,3093.9,7.21,70,216572.98
ORD-001196,2024-07-01,Biopharma Consumables,BIO-003,EMEA,Direct,Transactional,3334.17,3055.97,8.34,65,198637.8
ORD-001197,2024-07-01,Biopharma Consumables,BIO-003,EMEA,Distributor,Standard,3334.17,2960.43,11.21,70,207230.03
ORD-001198,2024-07-01,Biopharma Consumables,BIO-003,APAC,Direct,Standard,3334.17,2982.91,10.54,26,77555.59
ORD-001199,2024-07-01,Biopharma Consumables,BIO-003,North America,Distributor,Transactional,3334.17,2901.32,12.98,72,208895.09
ORD-001200,2024-07-01,Biopharma Consumables,BIO-003,APAC,Distributor,Standard,3334.17,2850.51,14.51,60,171030.51
ORD-001201,2024-07-01,Biopharma Consumables,BIO-004,EMEA,Distributor,Standard,2754.16,2407.45,12.59,101,243152.8
ORD-001202,2024-07-01,Biopharma Consumables,BIO-004,North America,Direct,Transactional,2754.16,2612.52,5.14,57,148913.39
ORD-001203,2024-07-01,Biopharma Consumables,BIO-004,North America,Direct,Standard,2754.16,2439.75,11.42,74,180541.85
ORD-001204,2024-07-01,Biopharma Consumables,BIO-004,APAC,Distributor,Strategic,2754.16,2154.14,21.79,112,241263.78
ORD-001205,2024-07-01,Biopharma Consumables,BIO-004,APAC,Direct,Standard,2754.16,2519.02,8.54,80,201521.71
ORD-001206,2024-07-01,Biopharma Consumables,BIO-004,APAC,Direct,Transactional,2754.16,2582.0,6.25,44,113608.18
ORD-001207,2024-07-01,Biopharma Consumables,BIO-004,North America,Direct,Standard,2754.16,2439.74,11.42,86,209817.81
ORD-001208,2024-07-01,Biopharma Consumables,BIO-004,APAC,Distributor,Standard,2754.16,2329.04,15.44,64,149058.53
ORD-001209,2024-07-01,Biopharma Consumables,BIO-004,EMEA,Distributor,Transactional,2754.16,2512.26,8.78,72,180882.6
ORD-001210,2024-07-01,Biopharma Consumables,BIO-004,APAC,Distributor,Standard,2754.16,2384.47,13.42,111,264676.33
ORD-001211,2024-07-01,Biopharma Consumables,BIO-004,EMEA,Distributor,Standard,2754.16,2361.88,14.24,68,160608.05
ORD-001212,2024-07-01,Biopharma Consumables,BIO-004,EMEA,Distributor,Standard,2754.16,2323.89,15.62,67,155700.55
ORD-001213,2024-07-01,Biopharma Consumables,BIO-004,APAC,Direct,Transactional,2754.16,2551.16,7.37,58,147967.11
ORD-001214,2024-07-01,Biopharma Consumables,BIO-004,EMEA,Distributor,Standard,2754.16,2356.25,14.45,112,263900.14
ORD-001215,2024-07-01,Biopharma Consumables,BIO-004,APAC,Direct,Strategic,2754.16,2313.69,15.99,86,198977.57
ORD-001216,2024-07-01,Biopharma Consumables,BIO-005,North America,Direct,Strategic,828.68,675.36,18.5,67,45248.92
ORD-001217,2024-07-01,Biopharma Consumables,BIO-005,EMEA,Direct,Strategic,828.68,659.5,20.42,85,56057.09
ORD-001218,2024-07-01,Biopharma Consumables,BIO-005,EMEA,Direct,Transactional,828.68,774.66,6.52,62,48029.16
ORD-001219,2024-07-01,Biopharma Consumables,BIO-005,North America,Direct,Transactional,828.68,764.46,7.75,61,46631.82
ORD-001220,2024-07-01,Biopharma Consumables,BIO-005,EMEA,Distributor,Strategic,828.68,644.73,22.2,92,59315.61
ORD-001221,2024-07-01,Biopharma Consumables,BIO-005,APAC,Direct,Transactional,828.68,784.29,5.36,94,73722.9
ORD-001222,2024-07-01,Biopharma Consumables,BIO-005,North America,Direct,Standard,828.68,735.26,11.27,76,55880.1
ORD-001223,2024-07-01,Biopharma Consumables,BIO-005,EMEA,Direct,Standard,828.68,746.18,9.96,55,41039.69
ORD-001224,2024-07-01,Biopharma Consumables,BIO-005,EMEA,Distributor,Transactional,828.68,755.88,8.78,49,37038.28
ORD-001225,2024-07-01,Biopharma Consumables,BIO-005,EMEA,Direct,Standard,828.68,756.24,8.74,89,67305.41
ORD-001226,2024-07-01,Biopharma Consumables,BIO-005,North America,Distributor,Transactional,828.68,757.81,8.55,81,61382.43
ORD-001227,2024-07-01,Biopharma Consumables,BIO-005,EMEA,Direct,Standard,828.68,722.2,12.85,68,49109.77
ORD-001228,2024-07-01,Biopharma Consumables,BIO-005,North America,Direct,Transactional,828.68,793.0,4.31,57,45201.08
ORD-001229,2024-07-01,Biopharma Consumables,BIO-005,APAC,Distributor,Standard,828.68,725.6,12.44,101,73286.02
ORD-001230,2024-07-01,Biopharma Consumables,BIO-005,EMEA,Direct,Standard,828.68,767.5,7.38,62,47585.19
ORD-001231,2024-07-01,Biopharma Consumables,BIO-005,North America,Distributor,Transactional,828.68,745.09,10.09,69,51410.92
ORD-001232,2024-07-01,Biopharma Consumables,BIO-005,North America,Direct,Standard,828.68,729.62,11.95,86,62746.89
ORD-001233,2024-07-01,Biopharma Consumables,BIO-005,APAC,Distributor,Transactional,828.68,738.21,10.92,32,23622.76
ORD-001234,2024-07-01,Biopharma Consumables,BIO-005,North America,Direct,Strategic,828.68,685.72,17.25,120,82286.0
ORD-001235,2024-07-01,Biopharma Consumables,BIO-006,APAC,Direct,Standard,828.58,743.39,10.28,60,44603.59
ORD-001236,2024-07-01,Biopharma Consumables,BIO-006,EMEA,Direct,Strategic,828.58,679.24,18.02,143,97130.71
ORD-001237,2024-07-01,Biopharma Consumables,BIO-006,EMEA,Direct,Standard,828.58,741.5,10.51,92,68217.89
ORD-001238,2024-07-01,Biopharma Consumables,BIO-006,North America,Distributor,Standard,828.58,705.09,14.9,79,55702.34
ORD-001239,2024-07-01,Biopharma Consumables,BIO-006,EMEA,Distributor,Transactional,828.58,737.02,11.05,73,53802.8
ORD-001240,2024-07-01,Biopharma Consumables,BIO-006,EMEA,Direct,Transactional,828.58,759.69,8.31,90,68372.12
ORD-001241,2024-07-01,Biopharma Consumables,BIO-006,North America,Distributor,Transactional,828.58,724.81,12.52,57,41314.19
ORD-001242,2024-07-01,Biopharma Consumables,BIO-006,North America,Direct,Transactional,828.58,781.53,5.68,78,60958.97
ORD-001243,2024-07-01,Biopharma Consumables,BIO-006,North America,Direct,Transactional,828.58,774.21,6.56,58,44904.41
ORD-001244,2024-07-01,Biopharma Consumables,BIO-006,North America,Direct,Standard,828.58,754.9,8.89,64,48313.37
ORD-001245,2024-07-01,Biopharma Consumables,BIO-006,EMEA,Direct,Strategic,828.58,686.99,17.09,107,73507.91
ORD-001246,2024-07-01,Biopharma Consumables,BIO-006,North America,Distributor,Transactional,828.58,728.32,12.1,72,52439.19
ORD-001247,2024-07-01,Biopharma Consumables,BIO-006,APAC,Direct,Standard,828.58,745.55,10.02,67,49952.18
ORD-001248,2024-07-01,Biopharma Consumables,BIO-006,EMEA,Direct,Standard,828.58,745.49,10.03,86,64112.45
ORD-001249,2024-07-01,Biopharma Consumables,BIO-006,APAC,Direct,Transactional,828.58,760.68,8.19,43,32709.2
ORD-001250,2024-07-01,Biopharma Consumables,BIO-006,North America,Distributor,Standard,828.58,719.32,13.19,90,64738.57
ORD-001251,2024-07-01,Biopharma Consumables,BIO-006,EMEA,Distributor,Standard,828.58,700.82,15.42,67,46955.04
ORD-001252,2024-07-01,Biopharma Consumables,BIO-007,EMEA,Direct,Strategic,402.66,338.85,15.85,86,29141.05
ORD-001253,2024-07-01,Biopharma Consumables,BIO-007,APAC,Direct,Standard,402.66,353.42,12.23,82,28980.76
ORD-001254,2024-07-01,Biopharma Consumables,BIO-007,North America,Distributor,Standard,402.66,346.36,13.98,90,31172.62
ORD-001255,2024-07-01,Biopharma Consumables,BIO-007,North America,Distributor,Standard,402.66,344.07,14.55,104,35783.48
ORD-001256,2024-07-01,Biopharma Consumables,BIO-007,North America,Direct,Strategic,402.66,335.56,16.67,72,24160.28
ORD-001257,2024-07-01,Biopharma Consumables,BIO-007,APAC,Direct,Strategic,402.66,325.37,19.19,84,27331.37
ORD-001258,2024-07-01,Biopharma Consumables,BIO-007,EMEA,Distributor,Transactional,402.66,370.33,8.03,76,28144.72
ORD-001259,2024-07-01,Biopharma Consumables,BIO-007,EMEA,Distributor,Transactional,402.66,350.31,13.0,77,26974.08
ORD-001260,2024-07-01,Biopharma Consumables,BIO-007,North America,Direct,Standard,402.66,361.75,10.16,108,39068.61
ORD-001261,2024-07-01,Biopharma Consumables,BIO-007,APAC,Direct,Transactional,402.66,372.92,7.39,30,11187.61
ORD-001262,2024-07-01,Biopharma Consumables,BIO-007,North America,Direct,Transactional,402.66,374.69,6.95,60,22481.62
ORD-001263,2024-07-01,Biopharma Consumables,BIO-007,North America,Direct,Transactional,402.66,377.16,6.33,59,22252.65
ORD-001264,2024-07-01,Biopharma Consumables,BIO-007,North America,Distributor,Standard,402.66,342.51,14.94,103,35278.49
ORD-001265,2024-07-01,Biopharma Consumables,BIO-008,North America,Direct,Standard,3917.87,3493.91,10.82,78,272524.77
ORD-001266,2024-07-01,Biopharma Consumables,BIO-008,APAC,Direct,Standard,3917.87,3595.75,8.22,62,222936.22
ORD-001267,2024-07-01,Biopharma Consumables,BIO-008,North America,Direct,Standard,3917.87,3500.79,10.65,57,199545.31
ORD-001268,2024-07-01,Biopharma Consumables,BIO-008,North America,Direct,Standard,3917.87,3490.28,10.91,91,317615.41
ORD-001269,2024-07-01,Biopharma Consumables,BIO-008,North America,Distributor,Transactional,3917.87,3526.79,9.98,67,236294.77
ORD-001270,2024-07-01,Biopharma Consumables,BIO-008,North America,Distributor,Strategic,3917.87,3028.22,22.71,173,523881.48
ORD-001271,2024-07-01,Biopharma Consumables,BIO-008,EMEA,Direct,Standard,3917.87,3543.93,9.54,47,166564.66
ORD-001272,2024-07-01,Biopharma Consumables,BIO-008,APAC,Distributor,Standard,3917.87,3320.28,15.25,57,189256.12
ORD-001273,2024-07-01,Biopharma Consumables,BIO-008,North America,Direct,Standard,3917.87,3580.05,8.62,79,282823.84
ORD-001274,2024-07-01,Biopharma Consumables,BIO-008,APAC,Direct,Standard,3917.87,3389.9,13.48,64,216953.43
ORD-001275,2024-07-01,Biopharma Consumables,BIO-008,EMEA,Direct,Transactional,3917.87,3719.1,5.07,55,204550.28
ORD-001276,2024-07-01,Biopharma Consumables,BIO-008,APAC,Distributor,Transactional,3917.87,3520.16,10.15,73,256971.92
ORD-001277,2024-07-01,Biopharma Consumables,BIO-008,North America,Distributor,Standard,3917.87,3352.33,14.43,89,298356.96
ORD-001278,2024-07-01,Biopharma Consumables,BIO-008,EMEA,Distributor,Transactional,3917.87,3474.79,11.31,70,243235.02
ORD-001279,2024-07-01,Biopharma Consumables,BIO-008,APAC,Direct,Strategic,3917.87,3055.79,22.0,102,311690.71
ORD-001280,2024-07-01,Biopharma Consumables,BIO-009,EMEA,Direct,Standard,2764.85,2502.88,9.48,52,130149.58
ORD-001281,2024-07-01,Biopharma Consumables,BIO-009,APAC,Direct,Standard,2764.85,2392.91,13.45,77,184254.19
ORD-001282,2024-07-01,Biopharma Consumables,BIO-009,APAC,Direct,Standard,2764.85,2485.68,10.1,66,164054.75
ORD-001283,2024-07-01,Biopharma Consumables,BIO-009,North America,Direct,Standard,2764.85,2434.87,11.93,79,192354.55
ORD-001284,2024-07-01,Biopharma Consumables,BIO-009,APAC,Direct,Transactional,2764.85,2593.2,6.21,91,235981.49
ORD-001285,2024-07-01,Biopharma Consumables,BIO-009,North America,Direct,Standard,2764.85,2426.38,12.24,70,169846.77
ORD-001286,2024-07-01,Biopharma Consumables,BIO-009,EMEA,Direct,Transactional,2764.85,2598.27,6.02,66,171485.87
ORD-001287,2024-07-01,Biopharma Consumables,BIO-009,North America,Direct,Standard,2764.85,2461.59,10.97,94,231389.73
ORD-001288,2024-07-01,Biopharma Consumables,BIO-009,North America,Direct,Standard,2764.85,2475.7,10.46,107,264899.77
ORD-001289,2024-07-01,Biopharma Consumables,BIO-009,APAC,Direct,Transactional,2764.85,2647.9,4.23,29,76789.11
ORD-001290,2024-07-01,Biopharma Consumables,BIO-009,North America,Direct,Standard,2764.85,2511.6,9.16,95,238602.01
ORD-001291,2024-07-01,Biopharma Consumables,BIO-009,North America,Direct,Standard,2764.85,2467.57,10.75,56,138183.75
ORD-001292,2024-07-01,Biopharma Consumables,BIO-009,EMEA,Direct,Strategic,2764.85,2295.12,16.99,130,298365.86
ORD-001293,2024-07-01,Biopharma Consumables,BIO-009,EMEA,Direct,Transactional,2764.85,2616.27,5.37,52,136046.29
ORD-001294,2024-07-01,Biopharma Consumables,BIO-009,EMEA,Distributor,Standard,2764.85,2336.49,15.49,136,317762.49
ORD-001295,2024-07-01,Biopharma Consumables,BIO-009,EMEA,Distributor,Transactional,2764.85,2560.98,7.37,51,130609.89
ORD-001296,2024-07-01,Biopharma Consumables,BIO-009,North America,Distributor,Strategic,2764.85,2114.2,23.53,171,361528.05
ORD-001297,2024-07-01,Biopharma Consumables,BIO-009,EMEA,Direct,Standard,2764.85,2475.03,10.48,60,148502.01
ORD-001298,2024-07-01,Biopharma Consumables,BIO-010,APAC,Distributor,Standard,3230.12,2790.2,13.62,64,178572.78
ORD-001299,2024-07-01,Biopharma Consumables,BIO-010,EMEA,Distributor,Transactional,3230.12,2944.83,8.83,72,212027.92
ORD-001300,2024-07-01,Biopharma Consumables,BIO-010,APAC,Direct,Transactional,3230.12,3016.38,6.62,56,168917.17
ORD-001301,2024-07-01,Biopharma Consumables,BIO-010,APAC,Distributor,Standard,3230.12,2773.32,14.14,82,227412.61
ORD-001302,2024-07-01,Biopharma Consumables,BIO-010,APAC,Distributor,Transactional,3230.12,2872.21,11.08,54,155099.27
ORD-001303,2024-07-01,Biopharma Consumables,BIO-010,EMEA,Direct,Strategic,3230.12,2635.88,18.4,86,226685.71
ORD-001304,2024-07-01,Biopharma Consumables,BIO-010,EMEA,Direct,Standard,3230.12,2877.1,10.93,85,244553.59
ORD-001305,2024-07-01,Biopharma Consumables,BIO-010,North America,Direct,Strategic,3230.12,2609.59,19.21,100,260959.09
ORD-001306,2024-07-01,Biopharma Consumables,BIO-010,North America,Distributor,Transactional,3230.12,2870.32,11.14,76,218144.58
ORD-001307,2024-07-01,Biopharma Consumables,BIO-010,North America,Direct,Standard,3230.12,2860.03,11.46,92,263122.82
ORD-001308,2024-07-01,Biopharma Consumables,BIO-010,North America,Direct,Standard,3230.12,2858.65,11.5,94,268712.72
ORD-001309,2024-07-01,Biopharma Consumables,BIO-010,North America,Direct,Standard,3230.12,2937.99,9.04,86,252667.54
ORD-001310,2024-07-01,Biopharma Consumables,BIO-010,APAC,Direct,Transactional,3230.12,3049.19,5.6,61,186000.87
ORD-001311,2024-07-01,Biopharma Consumables,BIO-010,EMEA,Distributor,Standard,3230.12,2747.19,14.95,87,239005.74
ORD-001312,2024-07-01,Biopharma Consumables,BIO-010,APAC,Direct,Standard,3230.12,2779.99,13.94,47,130659.57
ORD-001313,2024-07-01,Biopharma Consumables,BIO-010,APAC,Direct,Standard,3230.12,2839.83,12.08,47,133472.04
ORD-001314,2024-07-01,Medical,MED-001,APAC,Distributor,Standard,243.65,209.64,13.96,60,12578.18
ORD-001315,2024-07-01,Medical,MED-001,North America,Distributor,Standard,243.65,210.3,13.69,55,11566.77
ORD-001316,2024-07-01,Medical,MED-001,North America,Distributor,Strategic,243.65,188.77,22.52,131,24729.39
ORD-001317,2024-07-01,Medical,MED-001,North America,Direct,Strategic,243.65,192.63,20.94,139,26775.28
ORD-001318,2024-07-01,Medical,MED-001,North America,Distributor,Standard,243.65,212.08,12.96,82,17390.48
ORD-001319,2024-07-01,Medical,MED-001,EMEA,Distributor,Standard,243.65,214.77,11.85,59,12671.32
ORD-001320,2024-07-01,Medical,MED-001,EMEA,Direct,Transactional,243.65,226.13,7.19,70,15828.93
ORD-001321,2024-07-01,Medical,MED-001,APAC,Direct,Standard,243.65,218.9,10.16,65,14228.52
ORD-001322,2024-07-01,Medical,MED-001,EMEA,Direct,Standard,243.65,219.76,9.8,68,14943.94
ORD-001323,2024-07-01,Medical,MED-001,EMEA,Distributor,Strategic,243.65,193.32,20.66,126,24358.39
ORD-001324,2024-07-01,Medical,MED-001,EMEA,Direct,Standard,243.65,222.2,8.8,90,19997.74
ORD-001325,2024-07-01,Medical,MED-002,EMEA,Distributor,Standard,4444.01,3848.62,13.4,103,396407.77
ORD-001326,2024-07-01,Medical,MED-002,North America,Direct,Transactional,4444.01,4204.69,5.39,88,370012.54
ORD-001327,2024-07-01,Medical,MED-002,APAC,Distributor,Transactional,4444.01,3884.92,12.58,47,182591.26
ORD-001328,2024-07-01,Medical,MED-002,North America,Direct,Standard,4444.01,4103.21,7.67,68,279018.61
ORD-001329,2024-07-01,Medical,MED-002,North America,Distributor,Strategic,4444.01,3470.74,21.9,103,357485.89
ORD-001330,2024-07-01,Medical,MED-002,EMEA,Distributor,Transactional,4444.01,3944.34,11.24,101,398378.71
ORD-001331,2024-07-01,Medical,MED-002,North America,Direct,Standard,4444.01,3960.89,10.87,68,269340.72
ORD-001332,2024-07-01,Medical,MED-002,APAC,Distributor,Standard,4444.01,3812.76,14.2,64,244016.43
ORD-001333,2024-07-01,Medical,MED-002,EMEA,Distributor,Standard,4444.01,3788.8,14.74,94,356147.28
ORD-001334,2024-07-01,Medical,MED-002,EMEA,Distributor,Standard,4444.01,3747.29,15.68,103,385970.57
ORD-001335,2024-07-01,Medical,MED-002,EMEA,Direct,Standard,4444.01,4031.38,9.28,85,342667.72
ORD-001336,2024-07-01,Medical,MED-002,North America,Distributor,Standard,4444.01,3818.81,14.07,81,309323.25
ORD-001337,2024-07-01,Medical,MED-002,North America,Distributor,Strategic,4444.01,3442.84,22.53,160,550854.39
ORD-001338,2024-07-01,Medical,MED-002,EMEA,Distributor,Standard,4444.01,3826.87,13.89,88,336765.0
ORD-001339,2024-07-01,Medical,MED-002,North America,Distributor,Standard,4444.01,3822.16,13.99,79,301950.72
ORD-001340,2024-07-01,Medical,MED-002,EMEA,Direct,Standard,4444.01,4015.99,9.63,90,361439.13
ORD-001341,2024-07-01,Medical,MED-003,North America,Direct,Standard,3835.77,3363.4,12.31,90,302706.41
ORD-001342,2024-07-01,Medical,MED-003,EMEA,Direct,Standard,3835.77,3467.65,9.6,71,246202.99
ORD-001343,2024-07-01,Medical,MED-003,APAC,Direct,Strategic,3835.77,2970.71,22.55,81,240627.62
ORD-001344,2024-07-01,Medical,MED-003,EMEA,Direct,Strategic,3835.77,3179.83,17.1,119,378399.73
ORD-001345,2024-07-01,Medical,MED-003,EMEA,Distributor,Transactional,3835.77,3512.01,8.44,61,214232.51
ORD-001346,2024-07-01,Medical,MED-003,North America,Distributor,Strategic,3835.77,2893.75,24.56,146,422487.81
ORD-001347,2024-07-01,Medical,MED-003,North America,Distributor,Strategic,3835.77,3022.38,21.21,150,453356.76
ORD-001348,2024-07-01,Medical,MED-003,EMEA,Distributor,Transactional,3835.77,3426.73,10.66,42,143922.5
ORD-001349,2024-07-01,Medical,MED-004,North America,Distributor,Standard,1092.08,943.33,13.62,86,81126.51
ORD-001350,2024-07-01,Medical,MED-004,EMEA,Distributor,Standard,1092.08,934.95,14.39,81,75730.97
ORD-001351,2024-07-01,Medical,MED-004,EMEA,Distributor,Transactional,1092.08,1002.19,8.23,44,44096.57
ORD-001352,2024-07-01,Medical,MED-004,North America,Distributor,Standard,1092.08,917.71,15.97,136,124808.17
ORD-001353,2024-07-01,Medical,MED-004,APAC,Direct,Transactional,1092.08,1034.51,5.27,60,62070.41
ORD-001354,2024-07-01,Medical,MED-004,North America,Distributor,Standard,1092.08,921.79,15.59,100,92179.23
ORD-001355,2024-07-01,Medical,MED-004,EMEA,Distributor,Transactional,1092.08,970.74,11.11,72,69893.18
ORD-001356,2024-07-01,Medical,MED-004,APAC,Direct,Transactional,1092.08,1017.76,6.81,58,59030.18
ORD-001357,2024-07-01,Medical,MED-004,North America,Direct,Transactional,1092.08,1009.54,7.56,87,87829.96
ORD-001358,2024-07-01,Medical,MED-004,North America,Distributor,Transactional,1092.08,951.18,12.9,96,91313.16
ORD-001359,2024-07-01,Medical,MED-004,North America,Distributor,Strategic,1092.08,871.75,20.18,73,63637.9
ORD-001360,2024-07-01,Medical,MED-004,North America,Distributor,Transactional,1092.08,969.2,11.25,61,59121.08
ORD-001361,2024-07-01,Medical,MED-004,APAC,Direct,Transactional,1092.08,1015.26,7.03,33,33503.65
ORD-001362,2024-07-01,Medical,MED-004,APAC,Direct,Strategic,1092.08,881.35,19.3,57,50236.88
ORD-001363,2024-07-01,Medical,MED-004,North America,Distributor,Transactional,1092.08,997.28,8.68,52,51858.4
ORD-001364,2024-07-01,Medical,MED-004,North America,Distributor,Standard,1092.08,902.47,17.36,56,50538.18
ORD-001365,2024-07-01,Medical,MED-004,EMEA,Direct,Transactional,1092.08,1014.48,7.11,75,76086.18
ORD-001366,2024-07-01,Medical,MED-004,North America,Distributor,Strategic,1092.08,846.03,22.53,152,128596.15
ORD-001367,2024-07-01,Medical,MED-004,EMEA,Direct,Strategic,1092.08,861.96,21.07,69,59475.13
ORD-001368,2024-07-01,Medical,MED-004,EMEA,Distributor,Standard,1092.08,912.58,16.44,71,64793.29
ORD-001369,2024-07-01,Medical,MED-004,EMEA,Distributor,Transactional,1092.08,995.92,8.81,52,51787.85
ORD-001370,2024-07-01,Medical,MED-005,APAC,Distributor,Transactional,957.07,843.41,11.88,48,40483.52
ORD-001371,2024-07-01,Medical,MED-005,APAC,Distributor,Strategic,957.07,761.17,20.47,122,92863.0
ORD-001372,2024-07-01,Medical,MED-005,North America,Distributor,Strategic,957.07,725.75,24.17,144,104507.32
ORD-001373,2024-07-01,Medical,MED-005,APAC,Distributor,Standard,957.07,825.14,13.78,65,53634.37
ORD-001374,2024-07-01,Medical,MED-005,North America,Distributor,Transactional,957.07,856.56,10.5,90,77090.1
ORD-001375,2024-07-01,Medical,MED-005,EMEA,Distributor,Standard,957.07,795.03,16.93,103,81887.71
ORD-001376,2024-07-01,Medical,MED-005,EMEA,Distributor,Strategic,957.07,736.37,23.06,73,53754.71
ORD-001377,2024-07-01,Medical,MED-005,APAC,Direct,Standard,957.07,831.49,13.12,59,49057.85
ORD-001378,2024-07-01,Medical,MED-005,North America,Direct,Standard,957.07,852.38,10.94,71,60518.96
ORD-001379,2024-07-01,Medical,MED-005,APAC,Direct,Standard,957.07,864.34,9.69,90,77790.36
ORD-001380,2024-07-01,Medical,MED-006,APAC,Direct,Standard,964.06,855.11,11.3,60,51306.55
ORD-001381,2024-07-01,Medical,MED-006,APAC,Distributor,Strategic,964.06,760.44,21.12,106,80606.76
ORD-001382,2024-07-01,Medical,MED-006,APAC,Direct,Standard,964.06,852.69,11.55,52,44339.82
ORD-001383,2024-07-01,Medical,MED-006,North America,Distributor,Standard,964.06,845.04,12.35,76,64222.9
ORD-001384,2024-07-01,Medical,MED-006,EMEA,Distributor,Transactional,964.06,860.0,10.79,72,61919.91
ORD-001385,2024-07-01,Medical,MED-006,North America,Direct,Standard,964.06,840.65,12.8,85,71454.9
ORD-001386,2024-07-01,Medical,MED-006,North America,Distributor,Standard,964.06,840.46,12.82,78,65555.73
ORD-001387,2024-07-01,Medical,MED-006,North America,Distributor,Transactional,964.06,876.37,9.1,76,66603.93
ORD-001388,2024-07-01,Medical,MED-006,EMEA,Distributor,Standard,964.06,801.99,16.81,65,52129.55
ORD-001389,2024-07-01,Medical,MED-006,EMEA,Direct,Standard,964.06,869.72,9.79,46,40007.12
ORD-001390,2024-07-01,Medical,MED-006,North America,Direct,Strategic,964.06,793.07,17.74,93,73755.56
ORD-001391,2024-07-01,Medical,MED-006,EMEA,Distributor,Transactional,964.06,857.75,11.03,81,69478.02
ORD-001392,2024-07-01,Medical,MED-006,APAC,Distributor,Standard,964.06,822.93,14.64,76,62542.54
ORD-001393,2024-07-01,Medical,MED-006,APAC,Direct,Transactional,964.06,908.81,5.73,56,50893.16
ORD-001394,2024-07-01,Medical,MED-007,EMEA,Direct,Strategic,1498.71,1203.24,19.72,87,104681.73
ORD-001395,2024-07-01,Medical,MED-007,APAC,Direct,Strategic,1498.71,1222.83,18.41,108,132066.17
ORD-001396,2024-07-01,Medical,MED-007,North America,Direct,Transactional,1498.71,1392.51,7.09,89,123933.42
ORD-001397,2024-07-01,Medical,MED-007,APAC,Direct,Standard,1498.71,1348.65,10.01,80,107891.81
ORD-001398,2024-07-01,Medical,MED-007,EMEA,Distributor,Standard,1498.71,1289.68,13.95,103,132836.75
ORD-001399,2024-07-01,Medical,MED-007,EMEA,Distributor,Standard,1498.71,1309.85,12.6,96,125745.15
ORD-001400,2024-07-01,Medical,MED-007,APAC,Distributor,Standard,1498.71,1249.81,16.61,111,138728.6
ORD-001401,2024-07-01,Medical,MED-007,APAC,Distributor,Standard,1498.71,1302.07,13.12,72,93749.33
ORD-001402,2024-07-01,Medical,MED-007,EMEA,Distributor,Standard,1498.71,1276.93,14.8,62,79169.55
ORD-001403,2024-07-01,Medical,MED-007,North America,Direct,Strategic,1498.71,1228.77,18.01,82,100759.31
ORD-001404,2024-07-01,Medical,MED-007,North America,Distributor,Standard,1498.71,1307.89,12.73,125,163486.53
ORD-001405,2024-07-01,Medical,MED-008,North America,Distributor,Strategic,2474.39,1974.43,20.21,113,223110.43
ORD-001406,2024-07-01,Medical,MED-008,EMEA,Direct,Transactional,2474.39,2310.82,6.61,54,124784.16
ORD-001407,2024-07-01,Medical,MED-008,North America,Direct,Standard,2474.39,2230.38,9.86,88,196273.57
ORD-001408,2024-07-01,Medical,MED-008,EMEA,Direct,Standard,2474.39,2284.63,7.67,54,123370.27
ORD-001409,2024-07-01,Medical,MED-008,EMEA,Direct,Standard,2474.39,2258.17,8.74,91,205493.36
ORD-001410,2024-07-01,Medical,MED-008,North America,Distributor,Standard,2474.39,2154.19,12.94,101,217572.84
ORD-001411,2024-07-01,Medical,MED-008,North America,Distributor,Standard,2474.39,2080.59,15.92,61,126915.96
ORD-001412,2024-07-01,Medical,MED-008,EMEA,Direct,Standard,2474.39,2223.87,10.12,118,262416.67
ORD-001413,2024-07-01,Medical,MED-008,EMEA,Distributor,Standard,2474.39,2145.09,13.31,78,167317.09
ORD-001414,2024-07-01,Medical,MED-008,APAC,Direct,Transactional,2474.39,2347.65,5.12,64,150249.45
ORD-001415,2024-07-01,Medical,MED-008,APAC,Direct,Standard,2474.39,2217.22,10.39,65,144118.98
ORD-001416,2024-07-01,Medical,MED-008,North America,Distributor,Standard,2474.39,2157.68,12.8,87,187717.88
ORD-001417,2024-07-01,Medical,MED-008,EMEA,Direct,Standard,2474.39,2215.46,10.46,68,150651.33
ORD-001418,2024-07-01,Medical,MED-008,APAC,Distributor,Standard,2474.39,2067.35,16.45,82,169522.39
ORD-001419,2024-07-01,Medical,MED-008,EMEA,Distributor,Transactional,2474.39,2212.96,10.57,59,130564.63
ORD-001420,2024-07-01,Medical,MED-008,EMEA,Direct,Transactional,2474.39,2296.39,7.19,48,110226.54
ORD-001421,2024-07-01,Medical,MED-008,APAC,Distributor,Standard,2474.39,2066.09,16.5,86,177683.41
ORD-001422,2024-07-01,Medical,MED-008,APAC,Direct,Standard,2474.39,2212.91,10.57,88,194736.23
ORD-001423,2024-07-01,Medical,MED-008,North America,Direct,Strategic,2474.39,2052.52,17.05,123,252460.16
ORD-001424,2024-07-01,Medical,MED-009,North America,Distributor,Transactional,2063.74,1820.66,11.78,65,118342.78
ORD-001425,2024-07-01,Medical,MED-009,APAC,Distributor,Standard,2063.74,1785.79,13.47,108,192865.16
ORD-001426,2024-07-01,Medical,MED-009,APAC,Direct,Standard,2063.74,1831.24,11.27,69,126355.55
ORD-001427,2024-07-01,Medical,MED-009,North America,Distributor,Standard,2063.74,1783.81,13.56,121,215840.47
ORD-001428,2024-07-01,Medical,MED-009,North America,Direct,Standard,2063.74,1858.16,9.96,78,144936.39
ORD-001429,2024-07-01,Medical,MED-009,APAC,Direct,Standard,2063.74,1847.48,10.48,44,81289.32
ORD-001430,2024-07-01,Medical,MED-009,North America,Distributor,Standard,2063.74,1798.01,12.88,56,100688.44
ORD-001431,2024-07-01,Medical,MED-009,EMEA,Distributor,Standard,2063.74,1763.64,14.54,89,156964.19
ORD-001432,2024-07-01,Medical,MED-009,EMEA,Direct,Strategic,2063.74,1721.07,16.6,63,108427.51
ORD-001433,2024-07-01,Medical,MED-009,North America,Direct,Transactional,2063.74,1917.39,7.09,57,109290.96
ORD-001434,2024-07-01,Medical,MED-009,APAC,Distributor,Transactional,2063.74,1858.79,9.93,73,135691.54
ORD-001435,2024-07-01,Medical,MED-009,EMEA,Direct,Standard,2063.74,1864.21,9.67,76,141679.92
ORD-001436,2024-07-01,Medical,MED-010,EMEA,Direct,Standard,1441.14,1303.53,9.55,62,80818.87
ORD-001437,2024-07-01,Medical,MED-010,APAC,Direct,Strategic,1441.14,1188.7,17.52,113,134323.4
ORD-001438,2024-07-01,Medical,MED-010,EMEA,Distributor,Transactional,1441.14,1311.03,9.03,47,61618.29
ORD-001439,2024-07-01,Medical,MED-010,APAC,Direct,Strategic,1441.14,1190.55,17.39,80,95243.77
ORD-001440,2024-07-01,Medical,MED-010,EMEA,Distributor,Transactional,1441.14,1264.16,12.28,53,67000.39
ORD-001441,2024-07-01,Medical,MED-010,EMEA,Direct,Standard,1441.14,1308.62,9.19,73,95529.56
ORD-001442,2024-07-01,Medical,MED-010,North America,Direct,Transactional,1441.14,1290.71,10.44,61,78733.06
ORD-001443,2024-07-01,Medical,MED-010,North America,Distributor,Strategic,1441.14,1113.28,22.75,97,107988.4
ORD-001444,2024-07-01,Medical,MED-010,EMEA,Direct,Transactional,1441.14,1318.22,8.53,78,102821.17
ORD-001445,2024-07-01,Medical,MED-010,North America,Direct,Standard,1441.14,1291.02,10.42,74,95535.59
ORD-001446,2024-07-01,Medical,MED-010,North America,Direct,Standard,1441.14,1283.64,10.93,100,128364.48
ORD-001447,2024-07-01,Industrial,IND-001,EMEA,Direct,Standard,2859.76,2623.25,8.27,61,160018.15
ORD-001448,2024-07-01,Industrial,IND-001,North America,Direct,Strategic,2859.76,2369.42,17.15,77,182445.63
ORD-001449,2024-07-01,Industrial,IND-001,APAC,Distributor,Standard,2859.76,2360.88,17.44,88,207757.62
ORD-001450,2024-07-01,Industrial,IND-001,APAC,Distributor,Standard,2859.76,2352.37,17.74,70,164665.77
ORD-001451,2024-07-01,Industrial,IND-001,APAC,Direct,Standard,2859.76,2563.49,10.36,69,176880.54
ORD-001452,2024-07-01,Industrial,IND-001,North America,Direct,Standard,2859.76,2584.87,9.61,65,168016.44
ORD-001453,2024-07-01,Industrial,IND-001,EMEA,Direct,Transactional,2859.76,2658.35,7.04,56,148867.6
ORD-001454,2024-07-01,Industrial,IND-001,APAC,Distributor,Standard,2859.76,2413.02,15.62,61,147194.44
ORD-001455,2024-07-01,Industrial,IND-001,EMEA,Distributor,Transactional,2859.76,2562.8,10.38,60,153768.11
ORD-001456,2024-07-01,Industrial,IND-001,APAC,Direct,Strategic,2859.76,2319.16,18.9,96,222639.08
ORD-001457,2024-07-01,Industrial,IND-001,APAC,Direct,Transactional,2859.76,2688.17,6.0,66,177419.47
ORD-001458,2024-07-01,Industrial,IND-001,North America,Direct,Standard,2859.76,2537.29,11.28,107,271489.54
ORD-001459,2024-07-01,Industrial,IND-001,APAC,Distributor,Transactional,2859.76,2547.31,10.93,52,132460.27
ORD-001460,2024-07-01,Industrial,IND-001,EMEA,Distributor,Transactional,2859.76,2579.47,9.8,84,216675.52
ORD-001461,2024-07-01,Industrial,IND-001,EMEA,Direct,Strategic,2859.76,2349.41,17.85,81,190302.55
ORD-001462,2024-07-01,Industrial,IND-001,North America,Distributor,Strategic,2859.76,2222.54,22.28,91,202250.84
ORD-001463,2024-07-01,Industrial,IND-001,North America,Distributor,Standard,2859.76,2378.87,16.82,86,204582.83
ORD-001464,2024-07-01,Industrial,IND-002,North America,Distributor,Standard,769.77,652.45,15.24,91,59372.99
ORD-001465,2024-07-01,Industrial,IND-002,North America,Distributor,Standard,769.77,660.13,14.24,74,48849.96
ORD-001466,2024-07-01,Industrial,IND-002,EMEA,Direct,Strategic,769.77,642.85,16.49,94,60427.52
ORD-001467,2024-07-01,Industrial,IND-002,North America,Direct,Strategic,769.77,633.17,17.75,104,65849.36
ORD-001468,2024-07-01,Industrial,IND-002,North America,Direct,Transactional,769.77,720.14,6.45,58,41768.24
ORD-001469,2024-07-01,Industrial,IND-002,APAC,Distributor,Standard,769.77,652.89,15.18,54,35255.92
ORD-001470,2024-07-01,Industrial,IND-002,North America,Direct,Transactional,769.77,724.64,5.86,50,36232.03
ORD-001471,2024-07-01,Industrial,IND-002,North America,Distributor,Standard,769.77,660.55,14.19,97,64073.75
ORD-001472,2024-07-01,Industrial,IND-002,North America,Direct,Strategic,769.77,612.45,20.44,69,42259.31
ORD-001473,2024-07-01,Industrial,IND-002,APAC,Distributor,Strategic,769.77,589.45,23.43,90,53050.44
ORD-001474,2024-07-01,Industrial,IND-002,North America,Direct,Transactional,769.77,712.36,7.46,60,42741.86
ORD-001475,2024-07-01,Industrial,IND-002,EMEA,Distributor,Transactional,769.77,681.9,11.41,68,46369.38
ORD-001476,2024-07-01,Industrial,IND-002,EMEA,Direct,Transactional,769.77,704.83,8.44,37,26078.81
ORD-001477,2024-07-01,Industrial,IND-002,EMEA,Distributor,Standard,769.77,659.52,14.32,51,33635.49
ORD-001478,2024-07-01,Industrial,IND-002,EMEA,Distributor,Standard,769.77,653.06,15.16,76,49632.81
ORD-001479,2024-07-01,Industrial,IND-003,APAC,Direct,Transactional,1445.19,1350.67,6.54,34,45922.72
ORD-001480,2024-07-01,Industrial,IND-003,North America,Distributor,Transactional,1445.19,1295.11,10.38,105,135986.57
ORD-001481,2024-07-01,Industrial,IND-003,North America,Distributor,Transactional,1445.19,1288.59,10.84,94,121127.34
ORD-001482,2024-07-01,Industrial,IND-003,EMEA,Direct,Transactional,1445.19,1363.1,5.68,64,87238.23
ORD-001483,2024-07-01,Industrial,IND-003,North America,Distributor,Standard,1445.19,1243.18,13.98,94,116859.05
ORD-001484,2024-07-01,Industrial,IND-003,APAC,Distributor,Standard,1445.19,1234.82,14.56,70,86437.63
ORD-001485,2024-07-01,Industrial,IND-003,EMEA,Direct,Standard,1445.19,1308.77,9.44,75,98158.1
ORD-001486,2024-07-01,Industrial,IND-003,North America,Direct,Transactional,1445.19,1336.8,7.5,75,100260.23
ORD-001487,2024-07-01,Industrial,IND-003,APAC,Distributor,Standard,1445.19,1220.68,15.53,77,93992.43
ORD-001488,2024-07-01,Industrial,IND-003,North America,Direct,Transactional,1445.19,1337.37,7.46,54,72217.92
ORD-001489,2024-07-01,Industrial,IND-003,APAC,Distributor,Standard,1445.19,1181.84,18.22,74,87456.48
ORD-001490,2024-07-01,Industrial,IND-003,APAC,Distributor,Standard,1445.19,1262.39,12.65,76,95941.66
ORD-001491,2024-07-01,Industrial,IND-003,North America,Direct,Transactional,1445.19,1372.78,5.01,72,98839.8
ORD-001492,2024-07-01,Industrial,IND-003,APAC,Distributor,Strategic,1445.19,1068.11,26.09,62,66223.01
ORD-001493,2024-07-01,Industrial,IND-003,North America,Direct,Standard,1445.19,1321.14,8.58,81,107012.55
ORD-001494,2024-07-01,Industrial,IND-003,North America,Direct,Strategic,1445.19,1204.38,16.66,93,112007.29
ORD-001495,2024-07-01,Industrial,IND-004,North America,Distributor,Transactional,1773.57,1582.23,10.79,90,142400.83
ORD-001496,2024-07-01,Industrial,IND-004,APAC,Direct,Transactional,1773.57,1618.63,8.74,63,101973.87
ORD-001497,2024-07-01,Industrial,IND-004,North America,Distributor,Standard,1773.57,1539.5,13.2,91,140094.32
ORD-001498,2024-07-01,Industrial,IND-004,EMEA,Direct,Standard,1773.57,1629.1,8.15,95,154764.07
ORD-001499,2024-07-01,Industrial,IND-004,North America,Direct,Transactional,1773.57,1675.44,5.53,55,92149.45
ORD-001500,2024-07-01,Industrial,IND-004,APAC,Direct,Transactional,1773.57,1647.1,7.13,56,92237.78
ORD-001501,2024-07-01,Industrial,IND-004,EMEA,Direct,Transactional,1773.57,1674.06,5.61,34,56918.04
ORD-001502,2024-07-01,Industrial,IND-004,North America,Direct,Strategic,1773.57,1451.07,18.18,87,126243.17
ORD-001503,2024-07-01,Industrial,IND-004,North America,Direct,Standard,1773.57,1571.59,11.39,52,81722.93
ORD-001504,2024-07-01,Industrial,IND-004,APAC,Distributor,Transactional,1773.57,1551.12,12.54,72,111680.64
ORD-001505,2024-07-01,Industrial,IND-004,APAC,Distributor,Standard,1773.57,1474.15,16.88,118,173950.22
ORD-001506,2024-07-01,Industrial,IND-004,North America,Distributor,Standard,1773.57,1523.22,14.12,85,129473.78
ORD-001507,2024-07-01,Industrial,IND-004,APAC,Direct,Transactional,1773.57,1678.62,5.35,60,100717.25
ORD-001508,2024-07-01,Industrial,IND-004,EMEA,Distributor,Standard,1773.57,1512.65,14.71,72,108910.51
ORD-001509,2024-07-01,Industrial,IND-004,North America,Distributor,Transactional,1773.57,1603.55,9.59,63,101023.7
ORD-001510,2024-07-01,Industrial,IND-005,APAC,Direct,Standard,2170.49,1942.35,10.51,70,135964.27
ORD-001511,2024-07-01,Industrial,IND-005,North America,Distributor,Transactional,2170.49,1945.92,10.35,65,126484.97
ORD-001512,2024-07-01,Industrial,IND-005,EMEA,Distributor,Standard,2170.49,1904.2,12.27,68,129485.84
ORD-001513,2024-07-01,Industrial,IND-005,EMEA,Direct,Strategic,2170.49,1775.72,18.19,135,239721.87
ORD-001514,2024-07-01,Industrial,IND-005,EMEA,Direct,Transactional,2170.49,2044.62,5.8,70,143123.67
ORD-001515,2024-07-01,Industrial,IND-005,EMEA,Distributor,Transactional,2170.49,1951.19,10.1,54,105364.29
ORD-001516,2024-07-01,Industrial,IND-005,EMEA,Distributor,Strategic,2170.49,1728.37,20.37,128,221231.01
ORD-001517,2024-07-01,Industrial,IND-005,EMEA,Distributor,Strategic,2170.49,1668.64,23.12,99,165195.34
ORD-001518,2024-07-01,Industrial,IND-005,North America,Direct,Standard,2170.49,1928.6,11.14,78,150430.61
ORD-001519,2024-07-01,Industrial,IND-005,APAC,Direct,Standard,2170.49,1930.58,11.05,49,94598.24
ORD-001520,2024-07-01,Industrial,IND-005,North America,Direct,Transactional,2170.49,2038.18,6.1,51,103947.13
ORD-001521,2024-07-01,Industrial,IND-005,APAC,Distributor,Strategic,2170.49,1666.86,23.2,159,265030.47
ORD-001522,2024-07-01,Industrial,IND-005,EMEA,Direct,Standard,2170.49,1993.62,8.15,73,145534.42
ORD-001523,2024-07-01,Industrial,IND-005,APAC,Direct,Standard,2170.49,1929.21,11.12,81,156265.66
ORD-001524,2024-07-01,Industrial,IND-005,North America,Distributor,Strategic,2170.49,1737.16,19.96,129,224093.91
ORD-001525,2024-07-01,Industrial,IND-006,APAC,Direct,Strategic,3626.64,2957.36,18.45,123,363754.96
ORD-001526,2024-07-01,Industrial,IND-006,North America,Direct,Standard,3626.64,3285.75,9.4,87,285860.52
ORD-001527,2024-07-01,Industrial,IND-006,EMEA,Distributor,Standard,3626.64,3192.39,11.97,91,290507.74
ORD-001528,2024-07-01,Industrial,IND-006,APAC,Direct,Standard,3626.64,3263.53,10.01,64,208865.77
ORD-001529,2024-07-01,Industrial,IND-006,APAC,Direct,Strategic,3626.64,2942.57,18.86,77,226577.7
ORD-001530,2024-07-01,Industrial,IND-006,APAC,Direct,Transactional,3626.64,3421.83,5.65,39,133451.31
ORD-001531,2024-07-01,Industrial,IND-006,EMEA,Direct,Strategic,3626.64,3002.77,17.2,106,318293.18
ORD-001532,2024-07-01,Industrial,IND-006,North America,Distributor,Standard,3626.64,3052.8,15.82,106,323596.81
ORD-001533,2024-07-01,Industrial,IND-006,EMEA,Direct,Standard,3626.64,3330.6,8.16,47,156538.17
ORD-001534,2024-07-01,Industrial,IND-006,APAC,Direct,Strategic,3626.64,2987.81,17.61,94,280854.22
ORD-001535,2024-07-01,Industrial,IND-006,North America,Distributor,Transactional,3626.64,3287.17,9.36,45,147922.61
ORD-001536,2024-07-01,Industrial,IND-006,APAC,Distributor,Standard,3626.64,3054.89,15.77,89,271885.2
ORD-001537,2024-07-01,Industrial,IND-006,North America,Distributor,Standard,3626.64,3130.5,13.68,104,325571.73
ORD-001538,2024-07-01,Industrial,IND-006,EMEA,Direct,Transactional,3626.64,3295.53,9.13,46,151594.39
ORD-001539,2024-07-01,Industrial,IND-007,North America,Distributor,Strategic,1036.04,818.32,21.01,110,90015.28
ORD-001540,2024-07-01,Industrial,IND-007,EMEA,Direct,Strategic,1036.04,848.71,18.08,100,84871.47
ORD-001541,2024-07-01,Industrial,IND-007,North America,Direct,Standard,1036.04,912.43,11.93,117,106753.9
ORD-001542,2024-07-01,Industrial,IND-007,North America,Direct,Standard,1036.04,919.59,11.24,131,120465.71
ORD-001543,2024-07-01,Industrial,IND-007,APAC,Distributor,Transactional,1036.04,911.05,12.06,56,51018.59
ORD-001544,2024-07-01,Industrial,IND-007,APAC,Distributor,Strategic,1036.04,815.23,21.31,86,70110.08
ORD-001545,2024-07-01,Industrial,IND-007,EMEA,Direct,Strategic,1036.04,881.44,14.92,93,81973.93
ORD-001546,2024-07-01,Industrial,IND-007,APAC,Distributor,Transactional,1036.04,934.52,9.8,40,37380.89
ORD-001547,2024-07-01,Industrial,IND-007,APAC,Distributor,Transactional,1036.04,943.41,8.94,74,69812.52
ORD-001548,2024-07-01,Industrial,IND-007,North America,Distributor,Standard,1036.04,856.61,17.32,123,105363.08
ORD-001549,2024-07-01,Industrial,IND-007,EMEA,Direct,Transactional,1036.04,936.79,9.58,56,52460.3
ORD-001550,2024-07-01,Industrial,IND-007,North America,Direct,Standard,1036.04,925.53,10.67,74,68489.12
ORD-001551,2024-07-01,Industrial,IND-007,North America,Distributor,Transactional,1036.04,939.31,9.34,49,46026.04
ORD-001552,2024-07-01,Industrial,IND-007,APAC,Distributor,Transactional,1036.04,931.12,10.13,41,38175.93
ORD-001553,2024-07-01,Industrial,IND-007,EMEA,Direct,Transactional,1036.04,976.53,5.74,77,75192.57
ORD-001554,2024-07-01,Industrial,IND-007,EMEA,Distributor,Transactional,1036.04,945.22,8.77,36,34027.77
ORD-001555,2024-07-01,Industrial,IND-008,North America,Direct,Standard,2427.84,2149.96,11.45,74,159097.08
ORD-001556,2024-07-01,Industrial,IND-008,EMEA,Distributor,Standard,2427.84,2153.78,11.29,77,165841.0
ORD-001557,2024-07-01,Industrial,IND-008,North America,Direct,Strategic,2427.84,1977.56,18.55,68,134474.26
ORD-001558,2024-07-01,Industrial,IND-008,APAC,Direct,Transactional,2427.84,2292.23,5.59,63,144410.28
ORD-001559,2024-07-01,Industrial,IND-008,North America,Direct,Standard,2427.84,2170.22,10.61,79,171447.17
ORD-001560,2024-07-01,Industrial,IND-008,EMEA,Distributor,Transactional,2427.84,2128.55,12.33,69,146870.18
ORD-001561,2024-07-01,Industrial,IND-008,North America,Distributor,Transactional,2427.84,2179.45,10.23,49,106793.09
ORD-001562,2024-07-01,Industrial,IND-008,EMEA,Direct,Transactional,2427.84,2256.86,7.04,49,110586.32
ORD-001563,2024-07-01,Industrial,IND-008,North America,Direct,Standard,2427.84,2215.71,8.74,66,146236.79
ORD-001564,2024-07-01,Industrial,IND-008,EMEA,Distributor,Strategic,2427.84,1916.94,21.04,120,230033.01
ORD-001565,2024-07-01,Industrial,IND-008,EMEA,Direct,Standard,2427.84,2138.23,11.93,45,96220.26
ORD-001566,2024-07-01,Industrial,IND-008,EMEA,Direct,Standard,2427.84,2173.03,10.5,79,171669.05
ORD-001567,2024-07-01,Industrial,IND-008,EMEA,Direct,Transactional,2427.84,2287.81,5.77,58,132693.02
ORD-001568,2024-07-01,Industrial,IND-008,North America,Direct,Strategic,2427.84,1947.92,19.77,112,218166.51
ORD-001569,2024-07-01,Industrial,IND-009,North America,Distributor,Standard,2773.75,2320.27,16.35,103,238988.22
ORD-001570,2024-07-01,Industrial,IND-009,APAC,Direct,Standard,2773.75,2440.56,12.01,77,187923.34
ORD-001571,2024-07-01,Industrial,IND-009,EMEA,Direct,Strategic,2773.75,2264.55,18.36,96,217396.48
ORD-001572,2024-07-01,Industrial,IND-009,APAC,Direct,Standard,2773.75,2414.12,12.97,67,161745.91
ORD-001573,2024-07-01,Industrial,IND-009,North America,Direct,Transactional,2773.75,2603.67,6.13,67,174445.77
ORD-001574,2024-07-01,Industrial,IND-009,EMEA,Distributor,Strategic,2773.75,2167.3,21.86,121,262243.47
ORD-001575,2024-07-01,Industrial,IND-009,North America,Direct,Standard,2773.75,2554.54,7.9,91,232462.95
ORD-001576,2024-07-01,Industrial,IND-009,North America,Direct,Strategic,2773.75,2246.88,18.99,51,114590.86
ORD-001577,2024-07-01,Industrial,IND-009,North America,Distributor,Transactional,2773.75,2463.13,11.2,49,120693.38
ORD-001578,2024-07-01,Industrial,IND-009,North America,Direct,Standard,2773.75,2446.1,11.81,74,181011.28
ORD-001579,2024-07-01,Industrial,IND-009,North America,Direct,Transactional,2773.75,2658.39,4.16,82,217987.97
ORD-001580,2024-07-01,Industrial,IND-010,EMEA,Direct,Standard,358.09,320.85,10.4,83,26630.38
ORD-001581,2024-07-01,Industrial,IND-010,APAC,Distributor,Standard,358.09,308.43,13.87,77,23748.92
ORD-001582,2024-07-01,Industrial,IND-010,EMEA,Direct,Transactional,358.09,341.12,4.74,51,17397.34
ORD-001583,2024-07-01,Industrial,IND-010,EMEA,Distributor,Standard,358.09,296.2,17.29,71,21029.97
ORD-001584,2024-07-01,Industrial,IND-010,North America,Distributor,Transactional,358.09,324.64,9.34,106,34412.04
ORD-001585,2024-07-01,Industrial,IND-010,North America,Direct,Transactional,358.09,332.13,7.25,77,25574.02
ORD-001586,2024-07-01,Industrial,IND-010,APAC,Direct,Strategic,358.09,284.78,20.47,100,28478.16
ORD-001587,2024-07-01,Industrial,IND-010,APAC,Direct,Strategic,358.09,282.75,21.04,139,39302.82
ORD-001588,2024-07-01,Industrial,IND-010,APAC,Distributor,Transactional,358.09,319.22,10.86,68,21706.89
ORD-001589,2024-07-01,Industrial,IND-010,North America,Direct,Transactional,358.09,337.52,5.74,59,19913.81
ORD-001590,2024-07-01,Industrial,IND-010,North America,Direct,Standard,358.09,314.88,12.07,86,27080.01
ORD-001591,2024-07-01,Industrial,IND-010,EMEA,Direct,Standard,358.09,318.79,10.98,80,25503.29
ORD-001592,2024-07-01,Industrial,IND-010,North America,Direct,Standard,358.09,326.06,8.94,62,20215.91
ORD-001593,2024-07-01,Industrial,IND-010,APAC,Direct,Standard,358.09,317.35,11.38,74,23483.54
ORD-001594,2024-07-01,Industrial,IND-010,EMEA,Distributor,Transactional,358.09,323.83,9.57,52,16839.29
ORD-001595,2024-07-01,Industrial,IND-010,EMEA,Distributor,Standard,358.09,306.83,14.32,72,22091.81
ORD-001596,2024-07-01,Industrial,IND-010,North America,Distributor,Transactional,358.09,318.43,11.08,51,16239.71
ORD-001597,2024-07-01,Industrial,IND-010,North America,Distributor,Standard,358.09,307.01,14.26,85,26096.26
ORD-001598,2024-07-01,Industrial,IND-010,North America,Direct,Transactional,358.09,331.48,7.43,63,20883.48
ORD-001599,2024-07-01,Industrial,IND-010,APAC,Direct,Transactional,358.09,332.12,7.25,41,13616.99
ORD-001600,2024-07-01,Food & Beverage,FOO-001,APAC,Distributor,Transactional,2840.7,2527.1,11.04,61,154153.24
ORD-001601,2024-07-01,Food & Beverage,FOO-001,North America,Direct,Strategic,2840.7,2357.52,17.01,80,188601.46
ORD-001602,2024-07-01,Food & Beverage,FOO-001,North America,Direct,Standard,2840.7,2648.89,6.75,108,286079.97
ORD-001603,2024-07-01,Food & Beverage,FOO-001,EMEA,Distributor,Transactional,2840.7,2559.45,9.9,82,209874.95
ORD-001604,2024-07-01,Food & Beverage,FOO-001,EMEA,Distributor,Standard,2840.7,2441.47,14.05,86,209966.81
ORD-001605,2024-07-01,Food & Beverage,FOO-001,APAC,Direct,Transactional,2840.7,2684.02,5.52,45,120780.99
ORD-001606,2024-07-01,Food & Beverage,FOO-001,EMEA,Distributor,Standard,2840.7,2390.7,15.84,68,162567.32
ORD-001607,2024-07-01,Food & Beverage,FOO-001,APAC,Distributor,Transactional,2840.7,2490.15,12.34,79,196722.02
ORD-001608,2024-07-01,Food & Beverage,FOO-001,North America,Direct,Transactional,2840.7,2653.62,6.59,64,169831.39
ORD-001609,2024-07-01,Food & Beverage,FOO-001,North America,Direct,Strategic,2840.7,2327.87,18.05,95,221147.78
ORD-001610,2024-07-01,Food & Beverage,FOO-001,North America,Direct,Transactional,2840.7,2624.31,7.62,78,204696.12
ORD-001611,2024-07-01,Food & Beverage,FOO-001,APAC,Direct,Standard,2840.7,2570.27,9.52,63,161927.16
ORD-001612,2024-07-01,Food & Beverage,FOO-001,EMEA,Direct,Standard,2840.7,2563.9,9.74,56,143578.58
ORD-001613,2024-07-01,Food & Beverage,FOO-001,North America,Direct,Strategic,2840.7,2246.34,20.92,109,244851.4
ORD-001614,2024-07-01,Food & Beverage,FOO-001,North America,Distributor,Standard,2840.7,2467.88,13.12,70,172751.26
ORD-001615,2024-07-01,Food & Beverage,FOO-002,EMEA,Distributor,Standard,907.07,794.41,12.42,52,41309.1
ORD-001616,2024-07-01,Food & Beverage,FOO-002,North America,Distributor,Strategic,907.07,672.96,25.81,150,100943.86
ORD-001617,2024-07-01,Food & Beverage,FOO-002,North America,Direct,Standard,907.07,810.21,10.68,64,51853.32
ORD-001618,2024-07-01,Food & Beverage,FOO-002,EMEA,Direct,Transactional,907.07,840.29,7.36,52,43695.23
ORD-001619,2024-07-01,Food & Beverage,FOO-002,North America,Direct,Strategic,907.07,740.96,18.31,90,66685.96
ORD-001620,2024-07-01,Food & Beverage,FOO-002,APAC,Distributor,Transactional,907.07,814.32,10.22,54,43973.39
ORD-001621,2024-07-01,Food & Beverage,FOO-002,EMEA,Distributor,Transactional,907.07,843.18,7.04,54,45531.54
ORD-001622,2024-07-01,Food & Beverage,FOO-002,EMEA,Distributor,Transactional,907.07,802.14,11.57,66,52941.07
ORD-001623,2024-07-01,Food & Beverage,FOO-002,North America,Distributor,Standard,907.07,783.36,13.64,96,75202.61
ORD-001624,2024-07-01,Food & Beverage,FOO-002,EMEA,Direct,Standard,907.07,819.52,9.65,85,69659.0
ORD-001625,2024-07-01,Food & Beverage,FOO-002,APAC,Distributor,Standard,907.07,778.82,14.14,59,45950.33
ORD-001626,2024-07-01,Food & Beverage,FOO-002,North America,Direct,Standard,907.07,807.15,11.02,74,59728.85
ORD-001627,2024-07-01,Food & Beverage,FOO-002,APAC,Distributor,Standard,907.07,757.95,16.44,94,71247.34
ORD-001628,2024-07-01,Food & Beverage,FOO-002,North America,Distributor,Standard,907.07,783.34,13.64,117,91650.28
ORD-001629,2024-07-01,Food & Beverage,FOO-002,North America,Direct,Strategic,907.07,745.22,17.84,92,68560.02
ORD-001630,2024-07-01,Food & Beverage,FOO-002,North America,Distributor,Transactional,907.07,806.64,11.07,61,49205.02
ORD-001631,2024-07-01,Food & Beverage,FOO-002,North America,Distributor,Transactional,907.07,808.07,10.91,50,40403.72
ORD-001632,2024-07-01,Food & Beverage,FOO-002,APAC,Distributor,Strategic,907.07,717.94,20.85,110,78973.21
ORD-001633,2024-07-01,Food & Beverage,FOO-002,APAC,Direct,Standard,907.07,805.97,11.15,37,29820.94
ORD-001634,2024-07-01,Food & Beverage,FOO-002,North America,Direct,Standard,907.07,823.37,9.23,74,60929.51
ORD-001635,2024-07-01,Food & Beverage,FOO-002,EMEA,Distributor,Standard,907.07,768.48,15.28,125,96060.38
ORD-001636,2024-07-01,Food & Beverage,FOO-002,EMEA,Direct,Standard,907.07,826.86,8.84,62,51265.33
ORD-001637,2024-07-01,Food & Beverage,FOO-002,APAC,Distributor,Standard,907.07,761.03,16.1,49,37290.5
ORD-001638,2024-07-01,Food & Beverage,FOO-003,APAC,Direct,Standard,440.4,385.11,12.55,63,24262.19
ORD-001639,2024-07-01,Food & Beverage,FOO-003,APAC,Direct,Standard,440.4,385.7,12.42,41,15813.71
ORD-001640,2024-07-01,Food & Beverage,FOO-003,EMEA,Distributor,Standard,440.4,386.69,12.19,80,30935.24
ORD-001641,2024-07-01,Food & Beverage,FOO-003,APAC,Direct,Transactional,440.4,417.06,5.3,39,16265.51
ORD-001642,2024-07-01,Food & Beverage,FOO-003,North America,Direct,Standard,440.4,393.29,10.7,83,32642.95
ORD-001643,2024-07-01,Food & Beverage,FOO-003,APAC,Direct,Strategic,440.4,362.51,17.69,134,48576.15
ORD-001644,2024-07-01,Food & Beverage,FOO-003,APAC,Distributor,Transactional,440.4,395.75,10.14,76,30077.0
ORD-001645,2024-07-01,Food & Beverage,FOO-003,EMEA,Direct,Standard,440.4,402.62,8.58,72,28988.5
ORD-001646,2024-07-01,Food & Beverage,FOO-003,North America,Direct,Standard,440.4,398.32,9.55,45,17924.27
ORD-001647,2024-07-01,Food & Beverage,FOO-003,EMEA,Distributor,Strategic,440.4,347.58,21.08,96,33367.75
ORD-001648,2024-07-01,Food & Beverage,FOO-003,EMEA,Distributor,Transactional,440.4,387.25,12.07,50,19362.28
ORD-001649,2024-07-01,Food & Beverage,FOO-003,North America,Distributor,Standard,440.4,393.43,10.67,119,46817.71
ORD-001650,2024-07-01,Food & Beverage,FOO-004,EMEA,Distributor,Transactional,4350.98,3879.07,10.85,57,221106.83
ORD-001651,2024-07-01,Food & Beverage,FOO-004,APAC,Direct,Transactional,4350.98,3994.4,8.2,44,175753.61
ORD-001652,2024-07-01,Food & Beverage,FOO-004,APAC,Direct,Strategic,4350.98,3445.68,20.81,80,275654.11
ORD-001653,2024-07-01,Food & Beverage,FOO-004,EMEA,Distributor,Standard,4350.98,3806.52,12.51,78,296908.17
ORD-001654,2024-07-01,Food & Beverage,FOO-004,North America,Direct,Strategic,4350.98,3537.52,18.7,91,321914.09
ORD-001655,2024-07-01,Food & Beverage,FOO-004,EMEA,Direct,Standard,4350.98,3895.26,10.47,73,284353.97
ORD-001656,2024-07-01,Food & Beverage,FOO-004,EMEA,Distributor,Strategic,4350.98,3406.63,21.7,83,282750.37
ORD-001657,2024-07-01,Food & Beverage,FOO-004,APAC,Direct,Standard,4350.98,3941.92,9.4,77,303527.62
ORD-001658,2024-07-01,Food & Beverage,FOO-004,North America,Direct,Transactional,4350.98,3985.84,8.39,60,239150.43
ORD-001659,2024-07-01,Food & Beverage,FOO-004,EMEA,Distributor,Transactional,4350.98,4008.8,7.86,117,469029.88
ORD-001660,2024-07-01,Food & Beverage,FOO-004,North America,Direct,Standard,4350.98,3831.49,11.94,92,352496.77
ORD-001661,2024-07-01,Food & Beverage,FOO-004,EMEA,Direct,Transactional,4350.98,4186.0,3.79,36,150695.9
ORD-001662,2024-07-01,Food & Beverage,FOO-004,North America,Direct,Transactional,4350.98,4110.82,5.52,71,291868.4
ORD-001663,2024-07-01,Food & Beverage,FOO-004,North America,Distributor,Standard,4350.98,3676.5,15.5,128,470592.3
ORD-001664,2024-07-01,Food & Beverage,FOO-005,EMEA,Distributor,Standard,4425.08,3820.9,13.65,93,355343.85
ORD-001665,2024-07-01,Food & Beverage,FOO-005,North America,Direct,Strategic,4425.08,3537.75,20.05,77,272406.77
ORD-001666,2024-07-01,Food & Beverage,FOO-005,EMEA,Direct,Standard,4425.08,3966.86,10.36,83,329249.46
ORD-001667,2024-07-01,Food & Beverage,FOO-005,North America,Direct,Transactional,4425.08,4207.19,4.92,55,231395.58
ORD-001668,2024-07-01,Food & Beverage,FOO-005,APAC,Direct,Strategic,4425.08,3619.51,18.2,77,278702.5
ORD-001669,2024-07-01,Food & Beverage,FOO-005,EMEA,Direct,Standard,4425.08,3978.48,10.09,53,210859.22
ORD-001670,2024-07-01,Food & Beverage,FOO-005,North America,Direct,Standard,4425.08,3997.3,9.67,59,235840.89
ORD-001671,2024-07-01,Food & Beverage,FOO-005,North America,Direct,Standard,4425.08,4001.64,9.57,80,320131.37
ORD-001672,2024-07-01,Food & Beverage,FOO-005,North America,Direct,Standard,4425.08,3948.32,10.77,96,379039.09
ORD-001673,2024-07-01,Food & Beverage,FOO-006,APAC,Distributor,Strategic,3729.38,2806.76,24.74,141,395753.36
ORD-001674,2024-07-01,Food & Beverage,FOO-006,EMEA,Distributor,Standard,3729.38,3365.47,9.76,110,370202.2
ORD-001675,2024-07-01,Food & Beverage,FOO-006,EMEA,Distributor,Transactional,3729.38,3328.7,10.74,102,339527.67
ORD-001676,2024-07-01,Food & Beverage,FOO-006,North America,Direct,Standard,3729.38,3323.98,10.87,76,252622.15
ORD-001677,2024-07-01,Food & Beverage,FOO-006,North America,Direct,Transactional,3729.38,3460.24,7.22,49,169551.85
ORD-001678,2024-07-01,Food & Beverage,FOO-006,APAC,Direct,Standard,3729.38,3338.95,10.47,55,183642.48
ORD-001679,2024-07-01,Food & Beverage,FOO-006,EMEA,Direct,Transactional,3729.38,3483.91,6.58,57,198583.09
ORD-001680,2024-07-01,Food & Beverage,FOO-006,North America,Distributor,Transactional,3729.38,3293.73,11.68,60,197624.09
ORD-001681,2024-07-01,Food & Beverage,FOO-006,APAC,Direct,Standard,3729.38,3378.96,9.4,59,199358.37
ORD-001682,2024-07-01,Food & Beverage,FOO-006,EMEA,Direct,Strategic,3729.38,3135.47,15.93,98,307275.95
ORD-001683,2024-07-01,Food & Beverage,FOO-006,APAC,Direct,Strategic,3729.38,3010.36,19.28,72,216745.58
ORD-001684,2024-07-01,Food & Beverage,FOO-006,North America,Direct,Transactional,3729.38,3533.52,5.25,45,159008.56
ORD-001685,2024-07-01,Food & Beverage,FOO-006,North America,Direct,Transactional,3729.38,3456.64,7.31,64,221224.86
ORD-001686,2024-07-01,Food & Beverage,FOO-006,APAC,Direct,Transactional,3729.38,3494.98,6.29,51,178244.02
ORD-001687,2024-07-01,Food & Beverage,FOO-006,North America,Direct,Transactional,3729.38,3429.95,8.03,65,222946.82
ORD-001688,2024-07-01,Food & Beverage,FOO-007,North America,Direct,Standard,1500.36,1323.64,11.78,62,82065.96
ORD-001689,2024-07-01,Food & Beverage,FOO-007,North America,Direct,Strategic,1500.36,1245.61,16.98,105,130789.42
ORD-001690,2024-07-01,Food & Beverage,FOO-007,North America,Distributor,Transactional,1500.36,1330.53,11.32,75,99790.1
ORD-001691,2024-07-01,Food & Beverage,FOO-007,APAC,Distributor,Transactional,1500.36,1359.33,9.4,40,54373.19
ORD-001692,2024-07-01,Food & Beverage,FOO-007,North America,Distributor,Standard,1500.36,1304.88,13.03,77,100475.42
ORD-001693,2024-07-01,Food & Beverage,FOO-007,APAC,Distributor,Transactional,1500.36,1318.61,12.11,58,76479.59
ORD-001694,2024-07-01,Food & Beverage,FOO-007,North America,Direct,Standard,1500.36,1361.27,9.27,80,108901.66
ORD-001695,2024-07-01,Food & Beverage,FOO-007,North America,Direct,Standard,1500.36,1365.29,9.0,64,87378.69
ORD-001696,2024-07-01,Food & Beverage,FOO-007,North America,Direct,Standard,1500.36,1347.71,10.17,86,115903.33
ORD-001697,2024-07-01,Food & Beverage,FOO-007,EMEA,Direct,Strategic,1500.36,1279.56,14.72,68,87010.38
ORD-001698,2024-07-01,Food & Beverage,FOO-007,APAC,Direct,Standard,1500.36,1299.37,13.4,52,67567.49
ORD-001699,2024-07-01,Food & Beverage,FOO-007,North America,Direct,Standard,1500.36,1337.07,10.88,66,88246.36
ORD-001700,2024-07-01,Food & Beverage,FOO-008,EMEA,Distributor,Strategic,584.73,448.39,23.32,101,45287.75
ORD-001701,2024-07-01,Food & Beverage,FOO-008,North America,Direct,Standard,584.73,521.58,10.8,93,48506.84
ORD-001702,2024-07-01,Food & Beverage,FOO-008,North America,Distributor,Standard,584.73,507.27,13.25,112,56814.67
ORD-001703,2024-07-01,Food & Beverage,FOO-008,EMEA,Direct,Standard,584.73,513.1,12.25,74,37969.17
ORD-001704,2024-07-01,Food & Beverage,FOO-008,EMEA,Distributor,Strategic,584.73,451.88,22.72,110,49706.79
ORD-001705,2024-07-01,Food & Beverage,FOO-008,North America,Distributor,Transactional,584.73,528.95,9.54,96,50778.97
ORD-001706,2024-07-01,Food & Beverage,FOO-008,EMEA,Distributor,Strategic,584.73,447.82,23.41,100,44781.77
ORD-001707,2024-07-01,Food & Beverage,FOO-008,EMEA,Direct,Transactional,584.73,543.03,7.13,42,22807.4
ORD-001708,2024-07-01,Food & Beverage,FOO-008,APAC,Direct,Transactional,584.73,539.15,7.79,72,38819.0
ORD-001709,2024-07-01,Food & Beverage,FOO-008,North America,Direct,Standard,584.73,522.98,10.56,54,28241.11
ORD-001710,2024-07-01,Food & Beverage,FOO-009,APAC,Direct,Transactional,3180.01,3018.15,5.09,57,172034.6
ORD-001711,2024-07-01,Food & Beverage,FOO-009,EMEA,Distributor,Strategic,3180.01,2494.63,21.55,92,229506.0
ORD-001712,2024-07-01,Food & Beverage,FOO-009,APAC,Direct,Standard,3180.01,2789.84,12.27,52,145071.46
ORD-001713,2024-07-01,Food & Beverage,FOO-009,EMEA,Direct,Standard,3180.01,2819.45,11.34,89,250931.16
ORD-001714,2024-07-01,Food & Beverage,FOO-009,EMEA,Direct,Standard,3180.01,2835.5,10.83,83,235346.84
ORD-001715,2024-07-01,Food & Beverage,FOO-009,EMEA,Direct,Strategic,3180.01,2609.58,17.94,102,266177.64
ORD-001716,2024-07-01,Food & Beverage,FOO-009,North America,Distributor,Standard,3180.01,2717.9,14.53,67,182099.51
ORD-001717,2024-07-01,Food & Beverage,FOO-009,APAC,Direct,Transactional,3180.01,3082.51,3.07,53,163373.1
ORD-001718,2024-07-01,Food & Beverage,FOO-009,North America,Distributor,Standard,3180.01,2656.83,16.45,58,154095.96
ORD-001719,2024-07-01,Food & Beverage,FOO-009,North America,Direct,Transactional,3180.01,2965.4,6.75,51,151235.25
ORD-001720,2024-07-01,Food & Beverage,FOO-009,North America,Distributor,Standard,3180.01,2665.09,16.19,97,258514.11
ORD-001721,2024-07-01,Food & Beverage,FOO-009,EMEA,Distributor,Standard,3180.01,2694.31,15.27,40,107772.37
ORD-001722,2024-07-01,Food & Beverage,FOO-009,North America,Distributor,Strategic,3180.01,2497.7,21.46,78,194820.29
ORD-001723,2024-07-01,Food & Beverage,FOO-009,APAC,Direct,Standard,3180.01,2760.46,13.19,55,151825.49
ORD-001724,2024-07-01,Food & Beverage,FOO-009,APAC,Direct,Transactional,3180.01,2951.42,7.19,50,147570.87
ORD-001725,2024-07-01,Food & Beverage,FOO-009,APAC,Distributor,Transactional,3180.01,2784.92,12.42,44,122536.5
ORD-001726,2024-07-01,Food & Beverage,FOO-010,APAC,Direct,Standard,2100.06,1902.48,9.41,62,117953.49
ORD-001727,2024-07-01,Food & Beverage,FOO-010,North America,Distributor,Transactional,2100.06,1903.02,9.38,60,114181.45
ORD-001728,2024-07-01,Food & Beverage,FOO-010,North America,Direct,Standard,2100.06,1887.72,10.11,84,158568.58
ORD-001729,2024-07-01,Food & Beverage,FOO-010,EMEA,Distributor,Standard,2100.06,1790.13,14.76,98,175432.44
ORD-001730,2024-07-01,Food & Beverage,FOO-010,North America,Distributor,Standard,2100.06,1849.7,11.92,104,192369.26
ORD-001731,2024-07-01,Food & Beverage,FOO-010,APAC,Distributor,Strategic,2100.06,1675.86,20.2,97,162557.98
ORD-001732,2024-07-01,Food & Beverage,FOO-010,North America,Distributor,Strategic,2100.06,1668.76,20.54,162,270338.66
ORD-001733,2024-07-01,Food & Beverage,FOO-010,EMEA,Distributor,Standard,2100.06,1789.92,14.77,63,112765.16
ORD-001734,2024-07-01,Food & Beverage,FOO-010,EMEA,Direct,Standard,2100.06,1916.77,8.73,82,157174.86
ORD-001735,2024-07-01,Food & Beverage,FOO-010,EMEA,Distributor,Standard,2100.06,1789.5,14.79,116,207581.66
ORD-001736,2024-07-01,Food & Beverage,FOO-010,EMEA,Distributor,Standard,2100.06,1803.45,14.12,82,147882.98
ORD-001737,2024-10-01,Biopharma Consumables,BIO-001,APAC,Distributor,Transactional,1779.25,1551.15,12.82,50,77557.62
ORD-001738,2024-10-01,Biopharma Consumables,BIO-001,North America,Direct,Standard,1779.25,1573.31,11.57,66,103838.57
ORD-001739,2024-10-01,Biopharma Consumables,BIO-001,APAC,Direct,Standard,1779.25,1588.26,10.73,80,127061.07
ORD-001740,2024-10-01,Biopharma Consumables,BIO-001,North America,Direct,Standard,1779.25,1602.94,9.91,97,155484.82
ORD-001741,2024-10-01,Biopharma Consumables,BIO-001,EMEA,Distributor,Standard,1779.25,1553.64,12.68,97,150703.29
ORD-001742,2024-10-01,Biopharma Consumables,BIO-001,APAC,Direct,Strategic,1779.25,1424.1,19.96,86,122472.35
ORD-001743,2024-10-01,Biopharma Consumables,BIO-001,EMEA,Distributor,Transactional,1779.25,1580.43,11.17,75,118532.15
ORD-001744,2024-10-01,Biopharma Consumables,BIO-001,APAC,Distributor,Strategic,1779.25,1347.81,24.25,92,123998.3
ORD-001745,2024-10-01,Biopharma Consumables,BIO-001,North America,Direct,Standard,1779.25,1542.94,13.28,82,126521.15
ORD-001746,2024-10-01,Biopharma Consumables,BIO-001,EMEA,Direct,Strategic,1779.25,1443.27,18.88,107,154430.24
ORD-001747,2024-10-01,Biopharma Consumables,BIO-001,EMEA,Direct,Transactional,1779.25,1623.94,8.73,42,68205.56
ORD-001748,2024-10-01,Biopharma Consumables,BIO-001,APAC,Direct,Transactional,1779.25,1615.0,9.23,43,69444.8
ORD-001749,2024-10-01,Biopharma Consumables,BIO-001,EMEA,Distributor,Standard,1779.25,1508.22,15.23,92,138756.59
ORD-001750,2024-10-01,Biopharma Consumables,BIO-001,EMEA,Direct,Standard,1779.25,1608.46,9.6,57,91682.48
ORD-001751,2024-10-01,Biopharma Consumables,BIO-002,APAC,Distributor,Standard,4285.61,3668.55,14.4,117,429219.96
ORD-001752,2024-10-01,Biopharma Consumables,BIO-002,APAC,Distributor,Standard,4285.61,3584.99,16.35,99,354914.14
ORD-001753,2024-10-01,Biopharma Consumables,BIO-002,EMEA,Distributor,Strategic,4285.61,3366.86,21.44,105,353520.77
ORD-001754,2024-10-01,Biopharma Consumables,BIO-002,EMEA,Direct,Strategic,4285.61,3537.29,17.46,76,268833.86
ORD-001755,2024-10-01,Biopharma Consumables,BIO-002,EMEA,Direct,Transactional,4285.61,4052.13,5.45,47,190450.11
ORD-001756,2024-10-01,Biopharma Consumables,BIO-002,North America,Distributor,Standard,4285.61,3781.13,11.77,65,245773.43
ORD-001757,2024-10-01,Biopharma Consumables,BIO-002,North America,Direct,Strategic,4285.61,3546.5,17.25,111,393661.58
ORD-001758,2024-10-01,Biopharma Consumables,BIO-002,APAC,Direct,Standard,4285.61,3865.77,9.8,50,193288.58
ORD-001759,2024-10-01,Biopharma Consumables,BIO-002,North America,Direct,Strategic,4285.61,3606.38,15.85,95,342605.7
ORD-001760,2024-10-01,Biopharma Consumables,BIO-002,EMEA,Distributor,Standard,4285.61,3608.96,15.79,74,267063.3
ORD-001761,2024-10-01,Biopharma Consumables,BIO-002,APAC,Distributor,Transactional,4285.61,3775.31,11.91,67,252945.7
ORD-001762,2024-10-01,Biopharma Consumables,BIO-002,EMEA,Distributor,Transactional,4285.61,3809.13,11.12,73,278066.65
ORD-001763,2024-10-01,Biopharma Consumables,BIO-002,APAC,Distributor,Standard,4285.61,3613.36,15.69,81,292681.99
ORD-001764,2024-10-01,Biopharma Consumables,BIO-002,EMEA,Direct,Standard,4285.61,3823.92,10.77,64,244730.99
ORD-001765,2024-10-01,Biopharma Consumables,BIO-002,APAC,Direct,Transactional,4285.61,4017.73,6.25,57,229010.54
ORD-001766,2024-10-01,Biopharma Consumables,BIO-002,North America,Direct,Standard,4285.61,3856.24,10.02,107,412617.57
ORD-001767,2024-10-01,Biopharma Consumables,BIO-002,EMEA,Direct,Standard,4285.61,3749.36,12.51,88,329943.72
ORD-001768,2024-10-01,Biopharma Consumables,BIO-002,North America,Direct,Transactional,4285.61,4065.48,5.14,77,313042.04
ORD-001769,2024-10-01,Biopharma Consumables,BIO-002,EMEA,Direct,Standard,4285.61,3920.85,8.51,56,219567.82
ORD-001770,2024-10-01,Biopharma Consumables,BIO-003,EMEA,Distributor,Standard,3334.17,2823.84,15.31,98,276736.81
ORD-001771,2024-10-01,Biopharma Consumables,BIO-003,EMEA,Distributor,Standard,3334.17,2912.33,12.65,62,180564.21
ORD-001772,2024-10-01,Biopharma Consumables,BIO-003,APAC,Distributor,Transactional,3334.17,2927.62,12.19,57,166874.57
ORD-001773,2024-10-01,Biopharma Consumables,BIO-003,APAC,Distributor,Strategic,3334.17,2573.06,22.83,125,321632.6
ORD-001774,2024-10-01,Biopharma Consumables,BIO-003,APAC,Direct,Standard,3334.17,2951.97,11.46,43,126934.68
ORD-001775,2024-10-01,Biopharma Consumables,BIO-003,North America,Distributor,Standard,3334.17,2812.17,15.66,93,261531.76
ORD-001776,2024-10-01,Biopharma Consumables,BIO-003,North America,Distributor,Standard,3334.17,2868.83,13.96,119,341391.25
ORD-001777,2024-10-01,Biopharma Consumables,BIO-003,EMEA,Distributor,Strategic,3334.17,2612.14,21.66,111,289948.05
ORD-001778,2024-10-01,Biopharma Consumables,BIO-003,North America,Distributor,Standard,3334.17,2864.7,14.08,82,234905.1
ORD-001779,2024-10-01,Biopharma Consumables,BIO-003,EMEA,Direct,Transactional,3334.17,3048.65,8.56,69,210356.94
ORD-001780,2024-10-01,Biopharma Consumables,BIO-003,North America,Direct,Standard,3334.17,3070.46,7.91,71,218002.89
ORD-001781,2024-10-01,Biopharma Consumables,BIO-003,EMEA,Distributor,Strategic,3334.17,2508.94,24.75,101,253403.23
ORD-001782,2024-10-01,Biopharma Consumables,BIO-003,North America,Distributor,Standard,3334.17,2805.03,15.87,58,162691.93
ORD-001783,2024-10-01,Biopharma Consumables,BIO-003,EMEA,Direct,Standard,3334.17,2920.0,12.42,116,338719.61
ORD-001784,2024-10-01,Biopharma Consumables,BIO-003,North America,Distributor,Transactional,3334.17,3015.34,9.56,52,156797.75
ORD-001785,2024-10-01,Biopharma Consumables,BIO-003,EMEA,Direct,Transactional,3334.17,3122.44,6.35,57,177978.8
ORD-001786,2024-10-01,Biopharma Consumables,BIO-003,North America,Distributor,Transactional,3334.17,3009.69,9.73,95,285920.83
ORD-001787,2024-10-01,Biopharma Consumables,BIO-003,North America,Direct,Transactional,3334.17,3177.07,4.71,56,177915.7
ORD-001788,2024-10-01,Biopharma Consumables,BIO-003,North America,Direct,Standard,3334.17,3017.83,9.49,105,316871.88
ORD-001789,2024-10-01,Biopharma Consumables,BIO-004,EMEA,Distributor,Transactional,2754.16,2481.55,9.9,56,138966.59
ORD-001790,2024-10-01,Biopharma Consumables,BIO-004,APAC,Distributor,Standard,2754.16,2256.21,18.08,77,173728.25
ORD-001791,2024-10-01,Biopharma Consumables,BIO-004,EMEA,Distributor,Standard,2754.16,2370.0,13.95,88,208560.09
ORD-001792,2024-10-01,Biopharma Consumables,BIO-004,EMEA,Distributor,Standard,2754.16,2321.91,15.69,79,183431.06
ORD-001793,2024-10-01,Biopharma Consumables,BIO-004,North America,Direct,Standard,2754.16,2493.14,9.48,95,236847.84
ORD-001794,2024-10-01,Biopharma Consumables,BIO-004,North America,Direct,Standard,2754.16,2426.82,11.89,109,264522.92
ORD-001795,2024-10-01,Biopharma Consumables,BIO-004,APAC,Distributor,Transactional,2754.16,2410.78,12.47,58,139825.25
ORD-001796,2024-10-01,Biopharma Consumables,BIO-004,EMEA,Direct,Standard,2754.16,2406.96,12.61,61,146824.67
ORD-001797,2024-10-01,Biopharma Consumables,BIO-004,EMEA,Distributor,Standard,2754.16,2383.24,13.47,104,247857.48
ORD-001798,2024-10-01,Biopharma Consumables,BIO-004,EMEA,Direct,Standard,2754.16,2515.9,8.65,100,251589.77
ORD-001799,2024-10-01,Biopharma Consumables,BIO-004,North America,Distributor,Strategic,2754.16,2157.55,21.66,180,388358.9
ORD-001800,2024-10-01,Biopharma Consumables,BIO-004,North America,Distributor,Strategic,2754.16,2158.64,21.62,129,278465.13
ORD-001801,2024-10-01,Biopharma Consumables,BIO-004,APAC,Direct,Transactional,2754.16,2531.93,8.07,50,126596.32
ORD-001802,2024-10-01,Biopharma Consumables,BIO-004,North America,Direct,Standard,2754.16,2443.62,11.28,65,158835.53
ORD-001803,2024-10-01,Biopharma Consumables,BIO-004,APAC,Direct,Standard,2754.16,2515.03,8.68,46,115691.59
ORD-001804,2024-10-01,Biopharma Consumables,BIO-004,North America,Distributor,Standard,2754.16,2402.48,12.77,110,264273.2
ORD-001805,2024-10-01,Biopharma Consumables,BIO-004,North America,Direct,Standard,2754.16,2477.83,10.03,80,198226.6
ORD-001806,2024-10-01,Biopharma Consumables,BIO-004,EMEA,Distributor,Transactional,2754.16,2447.21,11.14,55,134596.77
ORD-001807,2024-10-01,Biopharma Consumables,BIO-004,North America,Distributor,Transactional,2754.16,2433.72,11.63,70,170360.35
ORD-001808,2024-10-01,Biopharma Consumables,BIO-005,EMEA,Direct,Standard,828.68,751.44,9.32,65,48843.87
ORD-001809,2024-10-01,Biopharma Consumables,BIO-005,EMEA,Distributor,Standard,828.68,690.49,16.68,112,77334.48
ORD-001810,2024-10-01,Biopharma Consumables,BIO-005,EMEA,Distributor,Standard,828.68,704.55,14.98,74,52136.69
ORD-001811,2024-10-01,Biopharma Consumables,BIO-005,APAC,Distributor,Standard,828.68,686.36,17.17,84,57654.05
ORD-001812,2024-10-01,Biopharma Consumables,BIO-005,North America,Direct,Transactional,828.68,772.82,6.74,75,57961.82
ORD-001813,2024-10-01,Biopharma Consumables,BIO-005,EMEA,Direct,Strategic,828.68,676.98,18.31,111,75144.78
ORD-001814,2024-10-01,Biopharma Consumables,BIO-005,EMEA,Direct,Transactional,828.68,786.37,5.11,48,37745.76
ORD-001815,2024-10-01,Biopharma Consumables,BIO-005,APAC,Distributor,Transactional,828.68,757.03,8.65,72,54505.99
ORD-001816,2024-10-01,Biopharma Consumables,BIO-005,APAC,Direct,Standard,828.68,755.21,8.87,68,51354.49
ORD-001817,2024-10-01,Biopharma Consumables,BIO-005,EMEA,Direct,Strategic,828.68,701.82,15.31,95,66673.3
ORD-001818,2024-10-01,Biopharma Consumables,BIO-005,North America,Direct,Standard,828.68,727.56,12.2,90,65480.2
ORD-001819,2024-10-01,Biopharma Consumables,BIO-005,APAC,Direct,Transactional,828.68,792.61,4.35,42,33289.62
ORD-001820,2024-10-01,Biopharma Consumables,BIO-005,North America,Direct,Standard,828.68,736.93,11.07,68,50111.33
ORD-001821,2024-10-01,Biopharma Consumables,BIO-005,North America,Distributor,Standard,828.68,694.91,16.14,93,64626.56
ORD-001822,2024-10-01,Biopharma Consumables,BIO-006,APAC,Direct,Standard,828.58,720.89,13.0,66,47578.54
ORD-001823,2024-10-01,Biopharma Consumables,BIO-006,North America,Distributor,Transactional,828.58,740.89,10.58,65,48157.62
ORD-001824,2024-10-01,Biopharma Consumables,BIO-006,EMEA,Direct,Standard,828.58,724.35,12.58,72,52152.93
ORD-001825,2024-10-01,Biopharma Consumables,BIO-006,North America,Distributor,Standard,828.58,704.63,14.96,70,49324.32
ORD-001826,2024-10-01,Biopharma Consumables,BIO-006,APAC,Direct,Strategic,828.58,673.0,18.78,113,76049.55
ORD-001827,2024-10-01,Biopharma Consumables,BIO-006,North America,Direct,Standard,828.58,755.46,8.82,66,49860.41
ORD-001828,2024-10-01,Biopharma Consumables,BIO-006,North America,Distributor,Transactional,828.58,736.96,11.06,21,15476.18
ORD-001829,2024-10-01,Biopharma Consumables,BIO-006,North America,Direct,Transactional,828.58,794.83,4.07,71,56432.63
ORD-001830,2024-10-01,Biopharma Consumables,BIO-006,North America,Distributor,Standard,828.58,703.88,15.05,114,80242.55
ORD-001831,2024-10-01,Biopharma Consumables,BIO-006,EMEA,Direct,Transactional,828.58,788.57,4.83,53,41794.33
ORD-001832,2024-10-01,Biopharma Consumables,BIO-006,EMEA,Distributor,Standard,828.58,701.83,15.3,88,61760.82
ORD-001833,2024-10-01,Biopharma Consumables,BIO-007,North America,Direct,Strategic,402.66,338.93,15.83,64,21691.47
ORD-001834,2024-10-01,Biopharma Consumables,BIO-007,North America,Distributor,Standard,402.66,334.88,16.83,122,40855.09
ORD-001835,2024-10-01,Biopharma Consumables,BIO-007,EMEA,Direct,Standard,402.66,357.96,11.1,66,23625.3
ORD-001836,2024-10-01,Biopharma Consumables,BIO-007,APAC,Direct,Standard,402.66,346.78,13.88,44,15258.11
ORD-001837,2024-10-01,Biopharma Consumables,BIO-007,North America,Distributor,Standard,402.66,340.64,15.4,82,27932.29
ORD-001838,2024-10-01,Biopharma Consumables,BIO-007,North America,Distributor,Standard,402.66,346.28,14.0,135,46748.01
ORD-001839,2024-10-01,Biopharma Consumables,BIO-007,EMEA,Distributor,Transactional,402.66,369.62,8.21,67,24764.64
ORD-001840,2024-10-01,Biopharma Consumables,BIO-007,EMEA,Direct,Strategic,402.66,335.21,16.75,114,38214.24
ORD-001841,2024-10-01,Biopharma Consumables,BIO-007,EMEA,Direct,Strategic,402.66,332.78,17.36,84,27953.11
ORD-001842,2024-10-01,Biopharma Consumables,BIO-007,North America,Direct,Strategic,402.66,328.59,18.4,130,42717.13
ORD-001843,2024-10-01,Biopharma Consumables,BIO-007,EMEA,Distributor,Strategic,402.66,319.1,20.75,145,46269.7
ORD-001844,2024-10-01,Biopharma Consumables,BIO-007,APAC,Direct,Transactional,402.66,367.09,8.84,40,14683.51
ORD-001845,2024-10-01,Biopharma Consumables,BIO-007,EMEA,Distributor,Strategic,402.66,311.2,22.72,142,44189.78
ORD-001846,2024-10-01,Biopharma Consumables,BIO-007,EMEA,Distributor,Standard,402.66,346.93,13.84,73,25326.11
ORD-001847,2024-10-01,Biopharma Consumables,BIO-007,EMEA,Distributor,Strategic,402.66,324.59,19.39,93,30186.93
ORD-001848,2024-10-01,Biopharma Consumables,BIO-008,APAC,Direct,Transactional,3917.87,3608.42,7.9,38,137119.8
ORD-001849,2024-10-01,Biopharma Consumables,BIO-008,North America,Direct,Strategic,3917.87,3217.14,17.89,109,350668.64
ORD-001850,2024-10-01,Biopharma Consumables,BIO-008,EMEA,Direct,Transactional,3917.87,3685.48,5.93,72,265354.92
ORD-001851,2024-10-01,Biopharma Consumables,BIO-008,North America,Direct,Strategic,3917.87,3100.88,20.85,90,279079.6
ORD-001852,2024-10-01,Biopharma Consumables,BIO-008,North America,Direct,Strategic,3917.87,3215.33,17.93,117,376193.11
ORD-001853,2024-10-01,Biopharma Consumables,BIO-008,North America,Distributor,Standard,3917.87,3261.34,16.76,67,218509.77
ORD-001854,2024-10-01,Biopharma Consumables,BIO-008,EMEA,Distributor,Strategic,3917.87,3079.67,21.39,99,304887.77
ORD-001855,2024-10-01,Biopharma Consumables,BIO-008,APAC,Distributor,Strategic,3917.87,2903.79,25.88,64,185842.63
ORD-001856,2024-10-01,Biopharma Consumables,BIO-008,EMEA,Distributor,Strategic,3917.87,3005.39,23.29,107,321576.65
ORD-001857,2024-10-01,Biopharma Consumables,BIO-008,North America,Distributor,Standard,3917.87,3351.65,14.45,85,284889.9
ORD-001858,2024-10-01,Biopharma Consumables,BIO-008,North America,Distributor,Standard,3917.87,3376.04,13.83,126,425380.74
ORD-001859,2024-10-01,Biopharma Consumables,BIO-008,APAC,Direct,Strategic,3917.87,3217.71,17.87,82,263852.24
ORD-001860,2024-10-01,Biopharma Consumables,BIO-008,APAC,Distributor,Standard,3917.87,3261.13,16.76,109,355463.15
ORD-001861,2024-10-01,Biopharma Consumables,BIO-008,EMEA,Distributor,Transactional,3917.87,3508.11,10.46,52,182421.52
ORD-001862,2024-10-01,Biopharma Consumables,BIO-008,EMEA,Direct,Standard,3917.87,3434.41,12.34,44,151114.24
ORD-001863,2024-10-01,Biopharma Consumables,BIO-008,North America,Direct,Strategic,3917.87,3175.06,18.96,92,292105.38
ORD-001864,2024-10-01,Biopharma Consumables,BIO-008,North America,Distributor,Standard,3917.87,3351.53,14.46,87,291582.77
ORD-001865,2024-10-01,Biopharma Consumables,BIO-008,EMEA,Direct,Strategic,3917.87,3165.2,19.21,88,278537.75
ORD-001866,2024-10-01,Biopharma Consumables,BIO-009,EMEA,Direct,Standard,2764.85,2516.58,8.98,56,140928.33
ORD-001867,2024-10-01,Biopharma Consumables,BIO-009,APAC,Distributor,Standard,2764.85,2253.8,18.48,89,200587.81
ORD-001868,2024-10-01,Biopharma Consumables,BIO-009,North America,Direct,Standard,2764.85,2449.86,11.39,82,200888.57
ORD-001869,2024-10-01,Biopharma Consumables,BIO-009,APAC,Direct,Transactional,2764.85,2561.68,7.35,46,117837.13
ORD-001870,2024-10-01,Biopharma Consumables,BIO-009,North America,Direct,Standard,2764.85,2493.36,9.82,58,144614.89
ORD-001871,2024-10-01,Biopharma Consumables,BIO-009,APAC,Direct,Strategic,2764.85,2322.48,16.0,77,178830.92
ORD-001872,2024-10-01,Biopharma Consumables,BIO-009,North America,Distributor,Standard,2764.85,2340.61,15.34,81,189589.03
ORD-001873,2024-10-01,Biopharma Consumables,BIO-009,APAC,Direct,Transactional,2764.85,2621.87,5.17,57,149446.54
ORD-001874,2024-10-01,Biopharma Consumables,BIO-009,APAC,Distributor,Strategic,2764.85,2098.37,24.11,135,283279.49
ORD-001875,2024-10-01,Biopharma Consumables,BIO-009,EMEA,Direct,Standard,2764.85,2513.83,9.08,68,170940.31
ORD-001876,2024-10-01,Biopharma Consumables,BIO-009,North America,Direct,Standard,2764.85,2422.37,12.39,68,164721.15
ORD-001877,2024-10-01,Biopharma Consumables,BIO-009,EMEA,Distributor,Standard,2764.85,2296.29,16.95,59,135481.0
ORD-001878,2024-10-01,Biopharma Consumables,BIO-009,APAC,Distributor,Transactional,2764.85,2410.62,12.81,58,139815.81
ORD-001879,2024-10-01,Biopharma Consumables,BIO-009,North America,Distributor,Transactional,2764.85,2453.02,11.28,55,134915.9
ORD-001880,2024-10-01,Biopharma Consumables,BIO-009,North America,Distributor,Strategic,2764.85,2116.8,23.44,142,300586.3
ORD-001881,2024-10-01,Biopharma Consumables,BIO-009,APAC,Distributor,Strategic,2764.85,2089.54,24.42,90,188058.76
ORD-001882,2024-10-01,Biopharma Consumables,BIO-009,EMEA,Direct,Transactional,2764.85,2574.92,6.87,45,115871.23
ORD-001883,2024-10-01,Biopharma Consumables,BIO-010,EMEA,Distributor,Strategic,3230.12,2516.63,22.09,63,158547.71
ORD-001884,2024-10-01,Biopharma Consumables,BIO-010,North America,Direct,Strategic,3230.12,2596.56,19.61,118,306393.57
ORD-001885,2024-10-01,Biopharma Consumables,BIO-010,North America,Distributor,Strategic,3230.12,2398.06,25.76,142,340524.63
ORD-001886,2024-10-01,Biopharma Consumables,BIO-010,APAC,Distributor,Transactional,3230.12,2944.81,8.83,57,167853.98
ORD-001887,2024-10-01,Biopharma Consumables,BIO-010,North America,Direct,Transactional,3230.12,3027.99,6.26,60,181679.28
ORD-001888,2024-10-01,Biopharma Consumables,BIO-010,EMEA,Distributor,Standard,3230.12,2758.67,14.6,88,242762.71
ORD-001889,2024-10-01,Biopharma Consumables,BIO-010,APAC,Direct,Transactional,3230.12,3052.68,5.49,52,158739.56
ORD-001890,2024-10-01,Biopharma Consumables,BIO-010,APAC,Direct,Transactional,3230.12,2951.23,8.63,58,171171.56
ORD-001891,2024-10-01,Biopharma Consumables,BIO-010,North America,Distributor,Standard,3230.12,2715.61,15.93,112,304147.83
ORD-001892,2024-10-01,Biopharma Consumables,BIO-010,North America,Distributor,Standard,3230.12,2808.22,13.06,105,294863.57
ORD-001893,2024-10-01,Biopharma Consumables,BIO-010,EMEA,Distributor,Transactional,3230.12,2839.88,12.08,58,164713.02
ORD-001894,2024-10-01,Biopharma Consumables,BIO-010,EMEA,Direct,Standard,3230.12,2836.18,12.2,53,150317.56
ORD-001895,2024-10-01,Biopharma Consumables,BIO-010,APAC,Distributor,Standard,3230.12,2697.52,16.49,62,167246.23
ORD-001896,2024-10-01,Biopharma Consumables,BIO-010,North America,Distributor,Strategic,3230.12,2509.32,22.31,126,316174.87
ORD-001897,2024-10-01,Biopharma Consumables,BIO-010,EMEA,Direct,Standard,3230.12,2922.3,9.53,48,140270.4
ORD-001898,2024-10-01,Biopharma Consumables,BIO-010,North America,Distributor,Standard,3230.12,2769.12,14.27,80,221529.75
ORD-001899,2024-10-01,Medical,MED-001,North America,Distributor,Standard,245.7,207.1,15.71,85,17603.55
ORD-001900,2024-10-01,Medical,MED-001,EMEA,Distributor,Transactional,245.7,222.51,9.44,65,14462.88
ORD-001901,2024-10-01,Medical,MED-001,EMEA,Direct,Transactional,245.7,228.42,7.03,38,8680.04
ORD-001902,2024-10-01,Medical,MED-001,EMEA,Distributor,Transactional,245.7,215.29,12.38,52,11195.28
ORD-001903,2024-10-01,Medical,MED-001,EMEA,Direct,Standard,245.7,221.47,9.86,98,21704.12
ORD-001904,2024-10-01,Medical,MED-001,APAC,Distributor,Transactional,245.7,220.21,10.38,74,16295.54
ORD-001905,2024-10-01,Medical,MED-001,North America,Distributor,Transactional,245.7,221.08,10.02,82,18128.79
ORD-001906,2024-10-01,Medical,MED-001,North America,Direct,Standard,245.7,216.38,11.94,75,16228.15
ORD-001907,2024-10-01,Medical,MED-001,APAC,Distributor,Standard,245.7,211.37,13.97,78,16486.87
ORD-001908,2024-10-01,Medical,MED-001,North America,Direct,Transactional,245.7,226.49,7.82,49,11098.23
ORD-001909,2024-10-01,Medical,MED-001,EMEA,Direct,Strategic,245.7,197.26,19.72,122,24065.47
ORD-001910,2024-10-01,Medical,MED-001,North America,Direct,Transactional,245.7,237.08,3.51,47,11142.95
ORD-001911,2024-10-01,Medical,MED-001,North America,Distributor,Transactional,245.7,219.86,10.52,75,16489.38
ORD-001912,2024-10-01,Medical,MED-001,North America,Direct,Standard,245.7,227.53,7.4,70,15926.92
ORD-001913,2024-10-01,Medical,MED-001,APAC,Distributor,Transactional,245.7,219.72,10.57,54,11864.93
ORD-001914,2024-10-01,Medical,MED-001,EMEA,Distributor,Transactional,245.7,220.59,10.22,63,13897.39
ORD-001915,2024-10-01,Medical,MED-001,North America,Direct,Standard,245.7,223.4,9.08,78,17425.22
ORD-001916,2024-10-01,Medical,MED-002,North America,Direct,Transactional,4481.46,4245.7,5.26,71,301444.76
ORD-001917,2024-10-01,Medical,MED-002,North America,Direct,Transactional,4481.46,4117.39,8.12,80,329391.29
ORD-001918,2024-10-01,Medical,MED-002,EMEA,Direct,Standard,4481.46,4040.14,9.85,85,343412.32
ORD-001919,2024-10-01,Medical,MED-002,APAC,Direct,Standard,4481.46,3949.53,11.87,78,308062.98
ORD-001920,2024-10-01,Medical,MED-002,North America,Distributor,Transactional,4481.46,4094.54,8.63,40,163781.46
ORD-001921,2024-10-01,Medical,MED-002,EMEA,Direct,Transactional,4481.46,4210.38,6.05,75,315778.44
ORD-001922,2024-10-01,Medical,MED-002,North America,Direct,Transactional,4481.46,4160.48,7.16,60,249628.53
ORD-001923,2024-10-01,Medical,MED-002,North America,Direct,Transactional,4481.46,4139.53,7.63,46,190418.57
ORD-001924,2024-10-01,Medical,MED-002,APAC,Direct,Standard,4481.46,4019.23,10.31,60,241153.7
ORD-001925,2024-10-01,Medical,MED-002,EMEA,Distributor,Standard,4481.46,3828.63,14.57,58,222060.39
ORD-001926,2024-10-01,Medical,MED-002,EMEA,Direct,Transactional,4481.46,4142.95,7.55,51,211290.47
ORD-001927,2024-10-01,Medical,MED-002,APAC,Direct,Strategic,4481.46,3564.49,20.46,90,320803.97
ORD-001928,2024-10-01,Medical,MED-002,APAC,Direct,Standard,4481.46,4032.47,10.02,60,241948.36
ORD-001929,2024-10-01,Medical,MED-002,APAC,Distributor,Standard,4481.46,3924.63,12.43,60,235477.64
ORD-001930,2024-10-01,Medical,MED-002,North America,Direct,Standard,4481.46,4050.84,9.61,80,324067.56
ORD-001931,2024-10-01,Medical,MED-002,North America,Distributor,Strategic,4481.46,3522.86,21.39,164,577748.57
ORD-001932,2024-10-01,Medical,MED-002,North America,Distributor,Strategic,4481.46,3356.37,25.11,117,392695.1
ORD-001933,2024-10-01,Medical,MED-003,APAC,Direct,Standard,3868.1,3508.82,9.29,61,214037.81
ORD-001934,2024-10-01,Medical,MED-003,EMEA,Direct,Transactional,3868.1,3605.45,6.79,63,227143.24
ORD-001935,2024-10-01,Medical,MED-003,EMEA,Direct,Strategic,3868.1,3158.21,18.35,97,306346.34
ORD-001936,2024-10-01,Medical,MED-003,North America,Distributor,Transactional,3868.1,3535.57,8.6,69,243954.43
ORD-001937,2024-10-01,Medical,MED-003,North America,Direct,Standard,3868.1,3437.7,11.13,66,226887.91
ORD-001938,2024-10-01,Medical,MED-003,North America,Direct,Strategic,3868.1,3137.32,18.89,119,373340.77
ORD-001939,2024-10-01,Medical,MED-003,North America,Distributor,Strategic,3868.1,3065.65,20.75,137,419993.67
ORD-001940,2024-10-01,Medical,MED-003,EMEA,Direct,Standard,3868.1,3446.15,10.91,79,272245.64
ORD-001941,2024-10-01,Medical,MED-003,North America,Distributor,Strategic,3868.1,3033.21,21.58,107,324552.96
ORD-001942,2024-10-01,Medical,MED-003,North America,Direct,Standard,3868.1,3553.89,8.12,118,419359.08
ORD-001943,2024-10-01,Medical,MED-003,North America,Distributor,Transactional,3868.1,3488.98,9.8,48,167471.11
ORD-001944,2024-10-01,Medical,MED-003,EMEA,Direct,Standard,3868.1,3446.3,10.9,58,199885.18
ORD-001945,2024-10-01,Medical,MED-003,North America,Distributor,Transactional,3868.1,3511.43,9.22,65,228242.87
ORD-001946,2024-10-01,Medical,MED-003,EMEA,Direct,Strategic,3868.1,3208.66,17.05,116,372204.88
ORD-001947,2024-10-01,Medical,MED-003,APAC,Distributor,Transactional,3868.1,3390.6,12.34,69,233951.69
ORD-001948,2024-10-01,Medical,MED-003,APAC,Direct,Standard,3868.1,3425.38,11.45,64,219224.02
ORD-001949,2024-10-01,Medical,MED-003,North America,Direct,Strategic,3868.1,3210.58,17.0,132,423796.73
ORD-001950,2024-10-01,Medical,MED-003,North America,Distributor,Standard,3868.1,3310.28,14.42,85,281373.68
ORD-001951,2024-10-01,Medical,MED-004,APAC,Distributor,Transactional,1101.28,998.23,9.36,45,44920.14
ORD-001952,2024-10-01,Medical,MED-004,APAC,Direct,Strategic,1101.28,888.84,19.29,74,65774.21
ORD-001953,2024-10-01,Medical,MED-004,APAC,Direct,Standard,1101.28,974.17,11.54,55,53579.33
ORD-001954,2024-10-01,Medical,MED-004,EMEA,Distributor,Standard,1101.28,954.0,13.37,40,38160.0
ORD-001955,2024-10-01,Medical,MED-004,North America,Direct,Standard,1101.28,997.11,9.46,60,59826.89
ORD-001956,2024-10-01,Medical,MED-004,North America,Distributor,Transactional,1101.28,990.22,10.09,81,80207.42
ORD-001957,2024-10-01,Medical,MED-004,North America,Distributor,Transactional,1101.28,980.91,10.93,89,87301.04
ORD-001958,2024-10-01,Medical,MED-004,EMEA,Direct,Transactional,1101.28,1030.35,6.44,52,53578.4
ORD-001959,2024-10-01,Medical,MED-004,North America,Direct,Transactional,1101.28,1031.66,6.32,49,50551.11
ORD-001960,2024-10-01,Medical,MED-004,APAC,Direct,Standard,1101.28,994.67,9.68,62,61669.81
ORD-001961,2024-10-01,Medical,MED-004,North America,Distributor,Standard,1101.28,947.9,13.93,72,68248.95
ORD-001962,2024-10-01,Medical,MED-004,APAC,Distributor,Standard,1101.28,944.5,14.24,76,71781.68
ORD-001963,2024-10-01,Medical,MED-004,EMEA,Direct,Standard,1101.28,975.13,11.46,47,45830.91
ORD-001964,2024-10-01,Medical,MED-004,EMEA,Distributor,Strategic,1101.28,853.95,22.46,135,115283.39
ORD-001965,2024-10-01,Medical,MED-004,EMEA,Distributor,Strategic,1101.28,846.86,23.1,95,80452.17
ORD-001966,2024-10-01,Medical,MED-004,North America,Distributor,Standard,1101.28,938.77,14.76,129,121101.82
ORD-001967,2024-10-01,Medical,MED-005,APAC,Direct,Standard,965.13,842.11,12.75,93,78316.66
ORD-001968,2024-10-01,Medical,MED-005,North America,Direct,Strategic,965.13,797.63,17.36,105,83751.38
ORD-001969,2024-10-01,Medical,MED-005,North America,Direct,Standard,965.13,860.26,10.87,85,73121.89
ORD-001970,2024-10-01,Medical,MED-005,EMEA,Distributor,Standard,965.13,810.88,15.98,91,73790.27
ORD-001971,2024-10-01,Medical,MED-005,EMEA,Direct,Transactional,965.13,881.07,8.71,52,45815.64
ORD-001972,2024-10-01,Medical,MED-005,APAC,Distributor,Standard,965.13,797.93,17.32,71,56652.79
ORD-001973,2024-10-01,Medical,MED-005,EMEA,Distributor,Transactional,965.13,831.32,13.87,78,64842.65
ORD-001974,2024-10-01,Medical,MED-005,APAC,Direct,Transactional,965.13,900.61,6.69,47,42328.62
ORD-001975,2024-10-01,Medical,MED-005,North America,Direct,Strategic,965.13,794.32,17.7,100,79431.55
ORD-001976,2024-10-01,Medical,MED-005,North America,Direct,Standard,965.13,866.13,10.26,75,64959.41
ORD-001977,2024-10-01,Medical,MED-005,APAC,Direct,Standard,965.13,868.06,10.06,63,54687.97
ORD-001978,2024-10-01,Medical,MED-005,APAC,Distributor,Transactional,965.13,846.26,12.32,46,38927.88
ORD-001979,2024-10-01,Medical,MED-005,APAC,Distributor,Standard,965.13,826.39,14.38,54,44624.81
ORD-001980,2024-10-01,Medical,MED-005,North America,Direct,Strategic,965.13,797.17,17.4,131,104428.88
ORD-001981,2024-10-01,Medical,MED-005,North America,Direct,Standard,965.13,874.61,9.38,59,51602.18
ORD-001982,2024-10-01,Medical,MED-005,North America,Distributor,Standard,965.13,834.88,13.5,68,56771.7
ORD-001983,2024-10-01,Medical,MED-005,APAC,Direct,Transactional,965.13,871.59,9.69,33,28762.34
ORD-001984,2024-10-01,Medical,MED-005,EMEA,Direct,Standard,965.13,884.17,8.39,67,59239.63
ORD-001985,2024-10-01,Medical,MED-005,APAC,Distributor,Standard,965.13,788.92,18.26,102,80469.72
ORD-001986,2024-10-01,Medical,MED-005,EMEA,Direct,Strategic,965.13,798.42,17.27,85,67865.43
ORD-001987,2024-10-01,Medical,MED-005,EMEA,Direct,Standard,965.13,865.78,10.29,97,83981.02
ORD-001988,2024-10-01,Medical,MED-005,EMEA,Distributor,Transactional,965.13,885.23,8.28,98,86752.6
ORD-001989,2024-10-01,Medical,MED-005,APAC,Distributor,Standard,965.13,827.85,14.22,72,59605.45
ORD-001990,2024-10-01,Medical,MED-005,APAC,Distributor,Standard,965.13,826.1,14.41,91,75175.18
ORD-001991,2024-10-01,Medical,MED-005,APAC,Direct,Transactional,965.13,892.53,7.52,51,45519.05
ORD-001992,2024-10-01,Medical,MED-006,APAC,Distributor,Strategic,972.18,748.05,23.06,112,83781.08
ORD-001993,2024-10-01,Medical,MED-006,APAC,Direct,Standard,972.18,889.1,8.55,58,51567.82
ORD-001994,2024-10-01,Medical,MED-006,EMEA,Distributor,Transactional,972.18,876.18,9.88,71,62208.45
ORD-001995,2024-10-01,Medical,MED-006,North America,Distributor,Strategic,972.18,759.02,21.93,121,91841.68
ORD-001996,2024-10-01,Medical,MED-006,EMEA,Direct,Transactional,972.18,885.15,8.95,53,46912.78
ORD-001997,2024-10-01,Medical,MED-006,North America,Direct,Standard,972.18,900.95,7.33,66,59462.94
ORD-001998,2024-10-01,Medical,MED-006,North America,Direct,Standard,972.18,873.86,10.11,80,69909.18
ORD-001999,2024-10-01,Medical,MED-006,North America,Distributor,Standard,972.18,849.94,12.57,98,83294.34
ORD-002000,2024-10-01,Medical,MED-006,North America,Direct,Transactional,972.18,906.86,6.72,78,70735.1
ORD-002001,2024-10-01,Medical,MED-006,North America,Direct,Strategic,972.18,813.5,16.32,136,110636.45
ORD-002002,2024-10-01,Medical,MED-006,EMEA,Direct,Standard,972.18,885.6,8.91,71,62877.42
ORD-002003,2024-10-01,Medical,MED-006,North America,Direct,Standard,972.18,870.71,10.44,99,86200.49
ORD-002004,2024-10-01,Medical,MED-006,EMEA,Direct,Standard,972.18,853.46,12.21,98,83638.73
ORD-002005,2024-10-01,Medical,MED-006,North America,Direct,Standard,972.18,881.4,9.34,70,61697.86
ORD-002006,2024-10-01,Medical,MED-006,EMEA,Direct,Standard,972.18,873.58,10.14,68,59403.14
ORD-002007,2024-10-01,Medical,MED-006,EMEA,Distributor,Strategic,972.18,734.84,24.41,151,110960.7
ORD-002008,2024-10-01,Medical,MED-006,APAC,Direct,Standard,972.18,894.75,7.96,82,73369.85
ORD-002009,2024-10-01,Medical,MED-006,North America,Direct,Standard,972.18,870.21,10.49,63,54823.54
ORD-002010,2024-10-01,Medical,MED-007,APAC,Direct,Transactional,1511.34,1398.49,7.47,42,58736.69
ORD-002011,2024-10-01,Medical,MED-007,North America,Direct,Transactional,1511.34,1415.98,6.31,59,83543.01
ORD-002012,2024-10-01,Medical,MED-007,North America,Direct,Strategic,1511.34,1199.27,20.65,117,140314.33
ORD-002013,2024-10-01,Medical,MED-007,North America,Direct,Strategic,1511.34,1169.99,22.59,98,114658.71
ORD-002014,2024-10-01,Medical,MED-007,EMEA,Direct,Standard,1511.34,1360.05,10.01,73,99283.41
ORD-002015,2024-10-01,Medical,MED-007,North America,Direct,Standard,1511.34,1360.99,9.95,62,84381.5
ORD-002016,2024-10-01,Medical,MED-007,APAC,Direct,Transactional,1511.34,1370.7,9.31,54,74017.86
ORD-002017,2024-10-01,Medical,MED-007,APAC,Distributor,Standard,1511.34,1280.73,15.26,67,85808.75
ORD-002018,2024-10-01,Medical,MED-007,EMEA,Distributor,Transactional,1511.34,1399.48,7.4,87,121755.18
ORD-002019,2024-10-01,Medical,MED-007,EMEA,Direct,Standard,1511.34,1349.61,10.7,110,148457.13
ORD-002020,2024-10-01,Medical,MED-007,EMEA,Direct,Standard,1511.34,1330.5,11.97,68,90473.78
ORD-002021,2024-10-01,Medical,MED-007,North America,Distributor,Standard,1511.34,1269.82,15.98,112,142219.76
ORD-002022,2024-10-01,Medical,MED-007,North America,Direct,Standard,1511.34,1347.75,10.82,98,132079.53
ORD-002023,2024-10-01,Medical,MED-007,APAC,Direct,Strategic,1511.34,1238.35,18.06,107,132503.74
ORD-002024,2024-10-01,Medical,MED-007,APAC,Direct,Standard,1511.34,1369.83,9.36,69,94518.04
ORD-002025,2024-10-01,Medical,MED-007,North America,Distributor,Standard,1511.34,1266.85,16.18,74,93747.1
ORD-002026,2024-10-01,Medical,MED-007,North America,Direct,Standard,1511.34,1325.69,12.28,69,91472.68
ORD-002027,2024-10-01,Medical,MED-007,APAC,Direct,Transactional,1511.34,1409.32,6.75,37,52144.92
ORD-002028,2024-10-01,Medical,MED-008,North America,Direct,Transactional,2495.25,2294.47,8.05,53,121607.05
ORD-002029,2024-10-01,Medical,MED-008,North America,Direct,Standard,2495.25,2279.05,8.66,68,154975.51
ORD-002030,2024-10-01,Medical,MED-008,EMEA,Distributor,Standard,2495.25,2105.08,15.64,88,185246.87
ORD-002031,2024-10-01,Medical,MED-008,North America,Distributor,Transactional,2495.25,2154.48,13.66,106,228374.63
ORD-002032,2024-10-01,Medical,MED-008,EMEA,Direct,Transactional,2495.25,2308.57,7.48,69,159291.07
ORD-002033,2024-10-01,Medical,MED-008,EMEA,Distributor,Standard,2495.25,2080.19,16.63,69,143533.32
ORD-002034,2024-10-01,Medical,MED-008,EMEA,Distributor,Standard,2495.25,2126.29,14.79,126,267912.28
ORD-002035,2024-10-01,Medical,MED-008,North America,Direct,Strategic,2495.25,1990.83,20.21,83,165239.21
ORD-002036,2024-10-01,Medical,MED-008,EMEA,Direct,Transactional,2495.25,2332.36,6.53,79,184256.67
ORD-002037,2024-10-01,Medical,MED-008,APAC,Direct,Standard,2495.25,2231.03,10.59,79,176251.51
ORD-002038,2024-10-01,Medical,MED-008,EMEA,Distributor,Standard,2495.25,2097.04,15.96,89,186636.79
ORD-002039,2024-10-01,Medical,MED-008,North America,Direct,Strategic,2495.25,2085.43,16.42,86,179346.63
ORD-002040,2024-10-01,Medical,MED-008,EMEA,Distributor,Strategic,2495.25,1918.71,23.11,92,176520.87
ORD-002041,2024-10-01,Medical,MED-008,EMEA,Distributor,Standard,2495.25,2054.1,17.68,106,217734.14
ORD-002042,2024-10-01,Medical,MED-009,North America,Distributor,Standard,2081.13,1797.93,13.61,75,134844.51
ORD-002043,2024-10-01,Medical,MED-009,EMEA,Distributor,Standard,2081.13,1790.36,13.97,149,266763.81
ORD-002044,2024-10-01,Medical,MED-009,North America,Direct,Standard,2081.13,1892.89,9.05,75,141966.79
ORD-002045,2024-10-01,Medical,MED-009,APAC,Direct,Standard,2081.13,1831.0,12.02,76,139156.27
ORD-002046,2024-10-01,Medical,MED-009,EMEA,Direct,Transactional,2081.13,1952.11,6.2,52,101509.96
ORD-002047,2024-10-01,Medical,MED-009,North America,Direct,Standard,2081.13,1776.67,14.63,79,140356.66
ORD-002048,2024-10-01,Medical,MED-009,EMEA,Direct,Strategic,2081.13,1672.88,19.62,110,184017.09
ORD-002049,2024-10-01,Medical,MED-009,EMEA,Direct,Transactional,2081.13,1927.12,7.4,73,140679.46
ORD-002050,2024-10-01,Medical,MED-009,North America,Direct,Standard,2081.13,1858.31,10.71,83,154240.06
ORD-002051,2024-10-01,Medical,MED-009,North America,Distributor,Standard,2081.13,1723.97,17.16,86,148261.45
ORD-002052,2024-10-01,Medical,MED-009,North America,Distributor,Standard,2081.13,1787.11,14.13,139,248407.94
ORD-002053,2024-10-01,Medical,MED-009,APAC,Direct,Strategic,2081.13,1630.48,21.65,82,133699.35
ORD-002054,2024-10-01,Medical,MED-009,APAC,Distributor,Standard,2081.13,1789.2,14.03,93,166395.34
ORD-002055,2024-10-01,Medical,MED-009,APAC,Distributor,Standard,2081.13,1786.81,14.14,59,105421.97
ORD-002056,2024-10-01,Medical,MED-009,North America,Distributor,Transactional,2081.13,1839.57,11.61,53,97496.99
ORD-002057,2024-10-01,Medical,MED-010,EMEA,Direct,Standard,1453.28,1280.91,11.86,94,120405.97
ORD-002058,2024-10-01,Medical,MED-010,EMEA,Distributor,Standard,1453.28,1223.65,15.8,75,91773.53
ORD-002059,2024-10-01,Medical,MED-010,APAC,Direct,Transactional,1453.28,1336.74,8.02,48,64163.38
ORD-002060,2024-10-01,Medical,MED-010,EMEA,Distributor,Standard,1453.28,1224.01,15.78,81,99144.92
ORD-002061,2024-10-01,Medical,MED-010,North America,Distributor,Strategic,1453.28,1096.8,24.53,117,128325.49
ORD-002062,2024-10-01,Medical,MED-010,North America,Distributor,Standard,1453.28,1215.03,16.39,110,133653.43
ORD-002063,2024-10-01,Medical,MED-010,EMEA,Distributor,Standard,1453.28,1264.14,13.01,58,73320.14
ORD-002064,2024-10-01,Medical,MED-010,EMEA,Direct,Standard,1453.28,1273.52,12.37,55,70043.65
ORD-002065,2024-10-01,Medical,MED-010,APAC,Distributor,Standard,1453.28,1229.11,15.43,95,116765.26
ORD-002066,2024-10-01,Medical,MED-010,APAC,Distributor,Transactional,1453.28,1275.91,12.2,62,79106.55
ORD-002067,2024-10-01,Medical,MED-010,EMEA,Distributor,Transactional,1453.28,1275.35,12.24,31,39535.89
ORD-002068,2024-10-01,Medical,MED-010,APAC,Direct,Standard,1453.28,1296.01,10.82,62,80352.51
ORD-002069,2024-10-01,Medical,MED-010,EMEA,Direct,Strategic,1453.28,1137.56,21.72,140,159258.1
ORD-002070,2024-10-01,Medical,MED-010,North America,Distributor,Standard,1453.28,1231.66,15.25,109,134250.59
ORD-002071,2024-10-01,Medical,MED-010,APAC,Distributor,Standard,1453.28,1213.29,16.51,91,110409.06
ORD-002072,2024-10-01,Medical,MED-010,APAC,Distributor,Strategic,1453.28,1126.73,22.47,115,129573.97
ORD-002073,2024-10-01,Medical,MED-010,North America,Direct,Standard,1453.28,1276.85,12.14,83,105978.25
ORD-002074,2024-10-01,Medical,MED-010,EMEA,Distributor,Transactional,1453.28,1250.87,13.93,57,71299.32
ORD-002075,2024-10-01,Medical,MED-010,North America,Direct,Standard,1453.28,1288.79,11.32,96,123724.24
ORD-002076,2024-10-01,Industrial,IND-001,North America,Distributor,Standard,2883.86,2424.36,15.93,97,235162.6
ORD-002077,2024-10-01,Industrial,IND-001,APAC,Distributor,Standard,2883.86,2450.73,15.02,55,134789.97
ORD-002078,2024-10-01,Industrial,IND-001,APAC,Direct,Strategic,2883.86,2321.99,19.48,114,264706.36
ORD-002079,2024-10-01,Industrial,IND-001,North America,Direct,Standard,2883.86,2570.3,10.87,87,223615.69
ORD-002080,2024-10-01,Industrial,IND-001,North America,Distributor,Transactional,2883.86,2550.37,11.56,59,150471.72
ORD-002081,2024-10-01,Industrial,IND-001,North America,Distributor,Standard,2883.86,2506.74,13.08,57,142884.45
ORD-002082,2024-10-01,Industrial,IND-001,EMEA,Direct,Standard,2883.86,2581.25,10.49,96,247800.1
ORD-002083,2024-10-01,Industrial,IND-001,North America,Direct,Strategic,2883.86,2336.9,18.97,87,203310.35
ORD-002084,2024-10-01,Industrial,IND-001,APAC,Distributor,Standard,2883.86,2461.63,14.64,69,169852.66
ORD-002085,2024-10-01,Industrial,IND-001,EMEA,Distributor,Transactional,2883.86,2567.7,10.96,86,220822.06
ORD-002086,2024-10-01,Industrial,IND-001,EMEA,Direct,Transactional,2883.86,2682.34,6.99,49,131434.67
ORD-002087,2024-10-01,Industrial,IND-001,North America,Distributor,Strategic,2883.86,2187.97,24.13,134,293187.34
ORD-002088,2024-10-01,Industrial,IND-001,APAC,Direct,Strategic,2883.86,2373.17,17.71,55,130524.49
ORD-002089,2024-10-01,Industrial,IND-001,EMEA,Direct,Standard,2883.86,2566.49,11.0,52,133457.67
ORD-002090,2024-10-01,Industrial,IND-001,North America,Distributor,Standard,2883.86,2473.26,14.24,107,264638.65
ORD-002091,2024-10-01,Industrial,IND-001,APAC,Distributor,Transactional,2883.86,2538.18,11.99,62,157367.36
ORD-002092,2024-10-01,Industrial,IND-002,North America,Distributor,Transactional,776.26,706.92,8.93,55,38880.37
ORD-002093,2024-10-01,Industrial,IND-002,APAC,Direct,Transactional,776.26,712.97,8.15,59,42065.5
ORD-002094,2024-10-01,Industrial,IND-002,EMEA,Direct,Transactional,776.26,711.53,8.34,45,32019.07
ORD-002095,2024-10-01,Industrial,IND-002,APAC,Distributor,Standard,776.26,674.97,13.05,80,53997.45
ORD-002096,2024-10-01,Industrial,IND-002,EMEA,Distributor,Transactional,776.26,708.4,8.74,65,46045.99
ORD-002097,2024-10-01,Industrial,IND-002,North America,Direct,Standard,776.26,696.04,10.33,82,57075.03
ORD-002098,2024-10-01,Industrial,IND-002,North America,Direct,Standard,776.26,692.27,10.82,105,72688.46
ORD-002099,2024-10-01,Industrial,IND-002,EMEA,Distributor,Standard,776.26,639.63,17.6,97,62044.46
ORD-002100,2024-10-01,Industrial,IND-002,North America,Direct,Standard,776.26,691.23,10.95,82,56681.26
ORD-002101,2024-10-01,Industrial,IND-002,North America,Distributor,Standard,776.26,656.58,15.42,95,62375.5
ORD-002102,2024-10-01,Industrial,IND-002,APAC,Direct,Standard,776.26,698.27,10.05,71,49577.02
ORD-002103,2024-10-01,Industrial,IND-002,APAC,Distributor,Standard,776.26,664.88,14.35,77,51195.64
ORD-002104,2024-10-01,Industrial,IND-002,APAC,Distributor,Transactional,776.26,680.29,12.36,74,50341.75
ORD-002105,2024-10-01,Industrial,IND-002,EMEA,Direct,Strategic,776.26,628.82,18.99,62,38986.58
ORD-002106,2024-10-01,Industrial,IND-002,EMEA,Direct,Transactional,776.26,695.03,10.46,43,29886.32
ORD-002107,2024-10-01,Industrial,IND-002,EMEA,Distributor,Transactional,776.26,688.88,11.26,65,44777.03
ORD-002108,2024-10-01,Industrial,IND-002,EMEA,Distributor,Transactional,776.26,675.4,12.99,93,62812.06
ORD-002109,2024-10-01,Industrial,IND-002,EMEA,Direct,Standard,776.26,695.08,10.46,59,41009.8
ORD-002110,2024-10-01,Industrial,IND-002,North America,Distributor,Standard,776.26,676.87,12.8,111,75132.91
ORD-002111,2024-10-01,Industrial,IND-002,EMEA,Distributor,Transactional,776.26,695.17,10.45,58,40320.13
ORD-002112,2024-10-01,Industrial,IND-002,North America,Direct,Strategic,776.26,653.83,15.77,98,64075.08
ORD-002113,2024-10-01,Industrial,IND-002,APAC,Distributor,Standard,776.26,669.48,13.76,56,37490.92
ORD-002114,2024-10-01,Industrial,IND-002,APAC,Direct,Strategic,776.26,619.57,20.19,71,43989.49
ORD-002115,2024-10-01,Industrial,IND-002,North America,Direct,Strategic,776.26,643.96,17.04,116,74699.14
ORD-002116,2024-10-01,Industrial,IND-002,EMEA,Direct,Standard,776.26,694.66,10.51,60,41679.8
ORD-002117,2024-10-01,Industrial,IND-002,EMEA,Distributor,Transactional,776.26,691.28,10.95,39,26960.08
ORD-002118,2024-10-01,Industrial,IND-003,APAC,Distributor,Standard,1457.36,1233.75,15.34,82,101167.13
ORD-002119,2024-10-01,Industrial,IND-003,APAC,Direct,Standard,1457.36,1290.22,11.47,72,92895.6
ORD-002120,2024-10-01,Industrial,IND-003,EMEA,Distributor,Transactional,1457.36,1290.09,11.48,72,92886.64
ORD-002121,2024-10-01,Industrial,IND-003,APAC,Distributor,Strategic,1457.36,1160.17,20.39,96,111376.07
ORD-002122,2024-10-01,Industrial,IND-003,EMEA,Direct,Transactional,1457.36,1355.77,6.97,42,56942.16
ORD-002123,2024-10-01,Industrial,IND-003,EMEA,Distributor,Strategic,1457.36,1112.6,23.66,127,141299.94
ORD-002124,2024-10-01,Industrial,IND-003,North America,Distributor,Strategic,1457.36,1120.83,23.09,80,89666.38
ORD-002125,2024-10-01,Industrial,IND-003,EMEA,Distributor,Standard,1457.36,1275.66,12.47,67,85469.17
ORD-002126,2024-10-01,Industrial,IND-003,EMEA,Direct,Standard,1457.36,1338.46,8.16,52,69600.1
ORD-002127,2024-10-01,Industrial,IND-003,North America,Direct,Standard,1457.36,1288.59,11.58,67,86335.41
ORD-002128,2024-10-01,Industrial,IND-003,APAC,Direct,Transactional,1457.36,1306.27,10.37,76,99276.24
ORD-002129,2024-10-01,Industrial,IND-003,EMEA,Distributor,Standard,1457.36,1262.56,13.37,68,85854.21
ORD-002130,2024-10-01,Industrial,IND-003,North America,Direct,Transactional,1457.36,1325.28,9.06,94,124576.49
ORD-002131,2024-10-01,Industrial,IND-003,EMEA,Distributor,Standard,1457.36,1228.56,15.7,84,103199.44
ORD-002132,2024-10-01,Industrial,IND-004,North America,Distributor,Standard,1788.51,1511.78,15.47,110,166295.53
ORD-002133,2024-10-01,Industrial,IND-004,North America,Distributor,Strategic,1788.51,1409.23,21.21,111,156423.98
ORD-002134,2024-10-01,Industrial,IND-004,North America,Direct,Standard,1788.51,1553.71,13.13,76,118082.14
ORD-002135,2024-10-01,Industrial,IND-004,APAC,Distributor,Standard,1788.51,1527.99,14.57,61,93207.69
ORD-002136,2024-10-01,Industrial,IND-004,North America,Distributor,Standard,1788.51,1569.98,12.22,111,174267.49
ORD-002137,2024-10-01,Industrial,IND-004,APAC,Distributor,Transactional,1788.51,1604.03,10.31,46,73785.43
ORD-002138,2024-10-01,Industrial,IND-004,EMEA,Direct,Transactional,1788.51,1682.01,5.95,52,87464.63
ORD-002139,2024-10-01,Industrial,IND-004,EMEA,Distributor,Standard,1788.51,1589.36,11.14,87,138274.28
ORD-002140,2024-10-01,Industrial,IND-004,EMEA,Distributor,Standard,1788.51,1515.38,15.27,102,154568.26
ORD-002141,2024-10-01,Industrial,IND-004,EMEA,Distributor,Standard,1788.51,1558.17,12.88,95,148026.28
ORD-002142,2024-10-01,Industrial,IND-004,APAC,Distributor,Standard,1788.51,1517.61,15.15,41,62221.96
ORD-002143,2024-10-01,Industrial,IND-004,North America,Direct,Strategic,1788.51,1457.31,18.52,122,177791.45
ORD-002144,2024-10-01,Industrial,IND-004,EMEA,Distributor,Strategic,1788.51,1392.82,22.12,96,133710.51
ORD-002145,2024-10-01,Industrial,IND-004,APAC,Direct,Transactional,1788.51,1725.92,3.5,47,81118.45
ORD-002146,2024-10-01,Industrial,IND-004,APAC,Direct,Standard,1788.51,1596.32,10.75,52,83008.67
ORD-002147,2024-10-01,Industrial,IND-004,North America,Direct,Transactional,1788.51,1669.69,6.64,38,63448.14
ORD-002148,2024-10-01,Industrial,IND-004,EMEA,Distributor,Standard,1788.51,1534.83,14.18,61,93624.34
ORD-002149,2024-10-01,Industrial,IND-004,EMEA,Direct,Standard,1788.51,1637.72,8.43,99,162134.12
ORD-002150,2024-10-01,Industrial,IND-004,North America,Direct,Standard,1788.51,1580.04,11.66,81,127983.38
ORD-002151,2024-10-01,Industrial,IND-005,EMEA,Direct,Transactional,2188.78,2062.1,5.79,39,80421.79
ORD-002152,2024-10-01,Industrial,IND-005,APAC,Distributor,Strategic,2188.78,1675.46,23.45,70,117282.03
ORD-002153,2024-10-01,Industrial,IND-005,EMEA,Distributor,Standard,2188.78,1860.58,14.99,63,117216.39
ORD-002154,2024-10-01,Industrial,IND-005,EMEA,Direct,Standard,2188.78,1951.07,10.86,58,113161.79
ORD-002155,2024-10-01,Industrial,IND-005,North America,Direct,Standard,2188.78,1936.04,11.55,81,156818.95
ORD-002156,2024-10-01,Industrial,IND-005,EMEA,Direct,Transactional,2188.78,2040.53,6.77,47,95904.89
ORD-002157,2024-10-01,Industrial,IND-005,APAC,Direct,Standard,2188.78,1965.01,10.22,50,98250.31
ORD-002158,2024-10-01,Industrial,IND-005,APAC,Distributor,Standard,2188.78,1804.27,17.57,76,137124.83
ORD-002159,2024-10-01,Industrial,IND-005,APAC,Direct,Transactional,2188.78,2103.22,3.91,51,107264.05
ORD-002160,2024-10-01,Industrial,IND-005,EMEA,Distributor,Standard,2188.78,1905.44,12.94,78,148624.53
ORD-002161,2024-10-01,Industrial,IND-005,EMEA,Direct,Transactional,2188.78,1993.62,8.92,83,165470.46
ORD-002162,2024-10-01,Industrial,IND-005,APAC,Distributor,Transactional,2188.78,1972.22,9.89,58,114388.51
ORD-002163,2024-10-01,Industrial,IND-005,North America,Direct,Strategic,2188.78,1785.12,18.44,146,260628.21
ORD-002164,2024-10-01,Industrial,IND-005,EMEA,Direct,Standard,2188.78,1935.43,11.57,104,201284.58
ORD-002165,2024-10-01,Industrial,IND-005,North America,Distributor,Standard,2188.78,1858.39,15.09,87,161679.59
ORD-002166,2024-10-01,Industrial,IND-005,North America,Distributor,Transactional,2188.78,1921.9,12.19,45,86485.53
ORD-002167,2024-10-01,Industrial,IND-006,EMEA,Direct,Strategic,3657.2,2912.29,20.37,82,238807.65
ORD-002168,2024-10-01,Industrial,IND-006,North America,Direct,Standard,3657.2,3270.74,10.57,73,238763.91
ORD-002169,2024-10-01,Industrial,IND-006,EMEA,Distributor,Standard,3657.2,3109.48,14.98,92,286072.56
ORD-002170,2024-10-01,Industrial,IND-006,EMEA,Direct,Standard,3657.2,3203.29,12.41,67,214620.47
ORD-002171,2024-10-01,Industrial,IND-006,North America,Direct,Transactional,3657.2,3471.55,5.08,72,249951.44
ORD-002172,2024-10-01,Industrial,IND-006,APAC,Direct,Transactional,3657.2,3552.79,2.85,47,166981.03
ORD-002173,2024-10-01,Industrial,IND-006,EMEA,Direct,Standard,3657.2,3293.93,9.93,78,256926.44
ORD-002174,2024-10-01,Industrial,IND-006,North America,Distributor,Standard,3657.2,3161.08,13.57,97,306624.78
ORD-002175,2024-10-01,Industrial,IND-007,EMEA,Direct,Standard,1044.77,928.74,11.11,93,86372.46
ORD-002176,2024-10-01,Industrial,IND-007,North America,Distributor,Standard,1044.77,891.71,14.65,67,59744.36
ORD-002177,2024-10-01,Industrial,IND-007,EMEA,Distributor,Transactional,1044.77,940.02,10.03,59,55461.08
ORD-002178,2024-10-01,Industrial,IND-007,APAC,Distributor,Strategic,1044.77,794.8,23.93,100,79479.87
ORD-002179,2024-10-01,Industrial,IND-007,North America,Direct,Standard,1044.77,953.78,8.71,70,66764.83
ORD-002180,2024-10-01,Industrial,IND-007,North America,Direct,Transactional,1044.77,974.62,6.71,54,52629.32
ORD-002181,2024-10-01,Industrial,IND-007,EMEA,Distributor,Standard,1044.77,913.0,12.61,86,78518.3
ORD-002182,2024-10-01,Industrial,IND-007,EMEA,Distributor,Standard,1044.77,913.51,12.56,63,57551.3
ORD-002183,2024-10-01,Industrial,IND-007,EMEA,Distributor,Standard,1044.77,903.34,13.54,72,65040.34
ORD-002184,2024-10-01,Industrial,IND-007,North America,Distributor,Standard,1044.77,899.4,13.91,83,74650.41
ORD-002185,2024-10-01,Industrial,IND-007,North America,Direct,Standard,1044.77,944.0,9.65,101,95343.7
ORD-002186,2024-10-01,Industrial,IND-007,North America,Direct,Transactional,1044.77,958.42,8.27,63,60380.27
ORD-002187,2024-10-01,Industrial,IND-007,North America,Direct,Transactional,1044.77,965.1,7.63,75,72382.17
ORD-002188,2024-10-01,Industrial,IND-007,EMEA,Direct,Strategic,1044.77,864.51,17.25,66,57057.33
ORD-002189,2024-10-01,Industrial,IND-007,North America,Direct,Transactional,1044.77,1014.2,2.93,54,54766.64
ORD-002190,2024-10-01,Industrial,IND-008,North America,Distributor,Standard,2448.3,2070.44,15.43,69,142860.55
ORD-002191,2024-10-01,Industrial,IND-008,APAC,Direct,Strategic,2448.3,1950.74,20.32,55,107290.85
ORD-002192,2024-10-01,Industrial,IND-008,EMEA,Distributor,Standard,2448.3,2115.57,13.59,98,207325.43
ORD-002193,2024-10-01,Industrial,IND-008,North America,Distributor,Standard,2448.3,2112.43,13.72,76,160544.74
ORD-002194,2024-10-01,Industrial,IND-008,North America,Direct,Standard,2448.3,2247.74,8.19,54,121377.95
ORD-002195,2024-10-01,Industrial,IND-008,APAC,Distributor,Transactional,2448.3,2179.0,11.0,38,82801.99
ORD-002196,2024-10-01,Industrial,IND-008,APAC,Distributor,Transactional,2448.3,2199.07,10.18,91,200114.95
ORD-002197,2024-10-01,Industrial,IND-008,EMEA,Direct,Transactional,2448.3,2309.96,5.65,39,90088.48
ORD-002198,2024-10-01,Industrial,IND-008,North America,Direct,Standard,2448.3,2286.62,6.6,104,237808.86
ORD-002199,2024-10-01,Industrial,IND-008,EMEA,Distributor,Standard,2448.3,2097.4,14.33,56,117454.16
ORD-002200,2024-10-01,Industrial,IND-008,APAC,Direct,Standard,2448.3,2166.59,11.51,46,99663.22
ORD-002201,2024-10-01,Industrial,IND-008,APAC,Distributor,Standard,2448.3,2061.25,15.81,80,164899.64
ORD-002202,2024-10-01,Industrial,IND-008,EMEA,Direct,Transactional,2448.3,2378.75,2.84,42,99907.56
ORD-002203,2024-10-01,Industrial,IND-008,APAC,Direct,Standard,2448.3,2178.0,11.04,73,158993.98
ORD-002204,2024-10-01,Industrial,IND-008,EMEA,Direct,Strategic,2448.3,1970.57,19.51,87,171439.4
ORD-002205,2024-10-01,Industrial,IND-008,North America,Distributor,Standard,2448.3,2091.63,14.57,108,225895.56
ORD-002206,2024-10-01,Industrial,IND-008,APAC,Direct,Strategic,2448.3,1937.27,20.87,91,176291.26
ORD-002207,2024-10-01,Industrial,IND-008,EMEA,Direct,Transactional,2448.3,2267.98,7.36,70,158758.69
ORD-002208,2024-10-01,Industrial,IND-008,APAC,Distributor,Standard,2448.3,2029.44,17.11,107,217149.58
ORD-002209,2024-10-01,Industrial,IND-008,EMEA,Distributor,Standard,2448.3,2062.81,15.74,71,146459.76
ORD-002210,2024-10-01,Industrial,IND-008,North America,Distributor,Transactional,2448.3,2176.77,11.09,61,132783.03
ORD-002211,2024-10-01,Industrial,IND-008,EMEA,Direct,Standard,2448.3,2175.56,11.14,76,165342.78
ORD-002212,2024-10-01,Industrial,IND-008,North America,Direct,Standard,2448.3,2189.27,10.58,77,168574.16
ORD-002213,2024-10-01,Industrial,IND-009,EMEA,Distributor,Standard,2797.13,2374.27,15.12,63,149579.17
ORD-002214,2024-10-01,Industrial,IND-009,EMEA,Direct,Transactional,2797.13,2587.29,7.5,57,147475.32
ORD-002215,2024-10-01,Industrial,IND-009,APAC,Distributor,Standard,2797.13,2349.13,16.02,90,211421.87
ORD-002216,2024-10-01,Industrial,IND-009,EMEA,Distributor,Standard,2797.13,2370.43,15.25,81,192004.87
ORD-002217,2024-10-01,Industrial,IND-009,EMEA,Distributor,Transactional,2797.13,2538.8,9.24,83,210720.22
ORD-002218,2024-10-01,Industrial,IND-009,APAC,Direct,Strategic,2797.13,2330.94,16.67,88,205122.37
ORD-002219,2024-10-01,Industrial,IND-009,EMEA,Distributor,Transactional,2797.13,2502.55,10.53,95,237742.58
ORD-002220,2024-10-01,Industrial,IND-009,North America,Distributor,Transactional,2797.13,2427.15,13.23,73,177181.65
ORD-002221,2024-10-01,Industrial,IND-009,EMEA,Distributor,Standard,2797.13,2356.14,15.77,78,183778.83
ORD-002222,2024-10-01,Industrial,IND-009,APAC,Direct,Transactional,2797.13,2570.03,8.12,50,128501.68
ORD-002223,2024-10-01,Industrial,IND-009,APAC,Direct,Standard,2797.13,2515.78,10.06,69,173588.9
ORD-002224,2024-10-01,Industrial,IND-009,EMEA,Distributor,Transactional,2797.13,2571.9,8.05,78,200608.16
ORD-002225,2024-10-01,Industrial,IND-009,EMEA,Distributor,Transactional,2797.13,2596.48,7.17,45,116841.56
ORD-002226,2024-10-01,Industrial,IND-009,North America,Distributor,Standard,2797.13,2408.1,13.91,76,183015.51
ORD-002227,2024-10-01,Industrial,IND-009,North America,Distributor,Standard,2797.13,2438.3,12.83,69,168242.65
ORD-002228,2024-10-01,Industrial,IND-010,North America,Direct,Strategic,361.11,299.25,17.13,81,24238.87
ORD-002229,2024-10-01,Industrial,IND-010,North America,Direct,Standard,361.11,322.21,10.77,90,28999.2
ORD-002230,2024-10-01,Industrial,IND-010,North America,Distributor,Transactional,361.11,313.9,13.07,67,21031.45
ORD-002231,2024-10-01,Industrial,IND-010,EMEA,Direct,Standard,361.11,320.51,11.24,90,28845.6
ORD-002232,2024-10-01,Industrial,IND-010,APAC,Direct,Standard,361.11,325.42,9.88,61,19850.82
ORD-002233,2024-10-01,Industrial,IND-010,EMEA,Direct,Standard,361.11,316.72,12.29,101,31988.47
ORD-002234,2024-10-01,Industrial,IND-010,North America,Direct,Standard,361.11,317.73,12.01,74,23511.85
ORD-002235,2024-10-01,Industrial,IND-010,APAC,Distributor,Standard,361.11,304.19,15.76,76,23118.64
ORD-002236,2024-10-01,Industrial,IND-010,North America,Distributor,Transactional,361.11,327.73,9.24,55,18025.1
ORD-002237,2024-10-01,Industrial,IND-010,APAC,Direct,Strategic,361.11,295.12,18.28,60,17707.08
ORD-002238,2024-10-01,Industrial,IND-010,APAC,Direct,Transactional,361.11,326.95,9.46,36,11770.08
ORD-002239,2024-10-01,Industrial,IND-010,EMEA,Distributor,Transactional,361.11,319.31,11.58,79,25225.28
ORD-002240,2024-10-01,Industrial,IND-010,EMEA,Distributor,Transactional,361.11,324.02,10.27,61,19765.52
ORD-002241,2024-10-01,Industrial,IND-010,EMEA,Distributor,Standard,361.11,299.41,17.09,91,27245.87
ORD-002242,2024-10-01,Industrial,IND-010,North America,Direct,Transactional,361.11,330.04,8.6,42,13861.65
ORD-002243,2024-10-01,Industrial,IND-010,EMEA,Distributor,Transactional,361.11,327.06,9.43,58,18969.49
ORD-002244,2024-10-01,Food & Beverage,FOO-001,EMEA,Direct,Strategic,2864.64,2355.82,17.76,84,197889.15
ORD-002245,2024-10-01,Food & Beverage,FOO-001,North America,Direct,Standard,2864.64,2596.41,9.36,85,220694.5
ORD-002246,2024-10-01,Food & Beverage,FOO-001,North America,Direct,Strategic,2864.64,2355.11,17.79,172,405078.56
ORD-002247,2024-10-01,Food & Beverage,FOO-001,North America,Direct,Transactional,2864.64,2714.17,5.25,40,108566.91
ORD-002248,2024-10-01,Food & Beverage,FOO-001,APAC,Direct,Transactional,2864.64,2647.68,7.57,63,166803.81
ORD-002249,2024-10-01,Food & Beverage,FOO-001,North America,Direct,Standard,2864.64,2536.35,11.46,104,263780.54
ORD-002250,2024-10-01,Food & Beverage,FOO-001,North America,Direct,Transactional,2864.64,2682.7,6.35,60,160962.15
ORD-002251,2024-10-01,Food & Beverage,FOO-001,North America,Distributor,Transactional,2864.64,2657.08,7.25,57,151453.67
ORD-002252,2024-10-01,Food & Beverage,FOO-001,EMEA,Direct,Transactional,2864.64,2661.3,7.1,52,138387.59
ORD-002253,2024-10-01,Food & Beverage,FOO-001,North America,Distributor,Standard,2864.64,2448.86,14.51,147,359982.19
ORD-002254,2024-10-01,Food & Beverage,FOO-001,North America,Direct,Transactional,2864.64,2743.85,4.22,73,200301.11
ORD-002255,2024-10-01,Food & Beverage,FOO-001,North America,Distributor,Standard,2864.64,2471.81,13.71,84,207631.63
ORD-002256,2024-10-01,Food & Beverage,FOO-001,North America,Direct,Standard,2864.64,2616.54,8.66,70,183157.99
ORD-002257,2024-10-01,Food & Beverage,FOO-002,North America,Direct,Standard,914.71,826.22,9.67,62,51225.71
ORD-002258,2024-10-01,Food & Beverage,FOO-002,EMEA,Distributor,Transactional,914.71,803.23,12.19,71,57029.13
ORD-002259,2024-10-01,Food & Beverage,FOO-002,APAC,Direct,Standard,914.71,807.9,11.68,86,69479.23
ORD-002260,2024-10-01,Food & Beverage,FOO-002,EMEA,Direct,Standard,914.71,830.17,9.24,63,52300.58
ORD-002261,2024-10-01,Food & Beverage,FOO-002,APAC,Direct,Standard,914.71,805.49,11.94,86,69272.3
ORD-002262,2024-10-01,Food & Beverage,FOO-002,APAC,Direct,Transactional,914.71,843.69,7.76,68,57370.89
ORD-002263,2024-10-01,Food & Beverage,FOO-002,North America,Direct,Transactional,914.71,886.88,3.04,75,66515.67
ORD-002264,2024-10-01,Food & Beverage,FOO-002,North America,Distributor,Transactional,914.71,822.49,10.08,41,33722.0
ORD-002265,2024-10-01,Food & Beverage,FOO-002,North America,Direct,Transactional,914.71,852.32,6.82,64,54548.22
ORD-002266,2024-10-01,Food & Beverage,FOO-002,North America,Distributor,Transactional,914.71,803.09,12.2,45,36139.05
ORD-002267,2024-10-01,Food & Beverage,FOO-002,EMEA,Distributor,Standard,914.71,780.22,14.7,75,58516.76
ORD-002268,2024-10-01,Food & Beverage,FOO-002,North America,Distributor,Standard,914.71,795.84,13.0,102,81175.27
ORD-002269,2024-10-01,Food & Beverage,FOO-002,North America,Distributor,Transactional,914.71,832.72,8.96,116,96595.07
ORD-002270,2024-10-01,Food & Beverage,FOO-002,North America,Distributor,Standard,914.71,792.65,13.34,92,72923.45
ORD-002271,2024-10-01,Food & Beverage,FOO-002,North America,Direct,Strategic,914.71,719.62,21.33,114,82036.88
ORD-002272,2024-10-01,Food & Beverage,FOO-002,EMEA,Direct,Standard,914.71,815.93,10.8,71,57930.78
ORD-002273,2024-10-01,Food & Beverage,FOO-002,North America,Distributor,Standard,914.71,786.48,14.02,69,54266.83
ORD-002274,2024-10-01,Food & Beverage,FOO-002,APAC,Direct,Standard,914.71,809.26,11.53,80,64740.46
ORD-002275,2024-10-01,Food & Beverage,FOO-003,North America,Distributor,Transactional,444.11,396.16,10.8,96,38031.71
ORD-002276,2024-10-01,Food & Beverage,FOO-003,North America,Distributor,Standard,444.11,365.32,17.74,95,34705.44
ORD-002277,2024-10-01,Food & Beverage,FOO-003,APAC,Direct,Strategic,444.11,355.87,19.87,72,25622.91
ORD-002278,2024-10-01,Food & Beverage,FOO-003,EMEA,Distributor,Transactional,444.11,385.61,13.17,85,32776.85
ORD-002279,2024-10-01,Food & Beverage,FOO-003,EMEA,Direct,Transactional,444.11,405.95,8.59,46,18673.82
ORD-002280,2024-10-01,Food & Beverage,FOO-003,North America,Direct,Standard,444.11,393.82,11.32,74,29142.8
ORD-002281,2024-10-01,Food & Beverage,FOO-003,North America,Direct,Standard,444.11,399.8,9.98,73,29185.26
ORD-002282,2024-10-01,Food & Beverage,FOO-003,North America,Distributor,Standard,444.11,373.18,15.97,76,28361.44
ORD-002283,2024-10-01,Food & Beverage,FOO-003,North America,Distributor,Standard,444.11,372.54,16.12,99,36881.13
ORD-002284,2024-10-01,Food & Beverage,FOO-003,EMEA,Direct,Transactional,444.11,414.13,6.75,53,21948.84
ORD-002285,2024-10-01,Food & Beverage,FOO-003,North America,Direct,Strategic,444.11,360.04,18.93,127,45725.26
ORD-002286,2024-10-01,Food & Beverage,FOO-003,EMEA,Direct,Standard,444.11,395.01,11.06,54,21330.47
ORD-002287,2024-10-01,Food & Beverage,FOO-003,EMEA,Direct,Strategic,444.11,369.81,16.73,81,29954.79
ORD-002288,2024-10-01,Food & Beverage,FOO-003,APAC,Distributor,Strategic,444.11,334.44,24.69,138,46153.13
ORD-002289,2024-10-01,Food & Beverage,FOO-003,North America,Direct,Standard,444.11,393.36,11.43,112,44056.0
ORD-002290,2024-10-01,Food & Beverage,FOO-003,North America,Distributor,Standard,444.11,376.3,15.27,49,18438.56
ORD-002291,2024-10-01,Food & Beverage,FOO-004,APAC,Direct,Transactional,4387.65,4014.68,8.5,45,180660.81
ORD-002292,2024-10-01,Food & Beverage,FOO-004,EMEA,Distributor,Standard,4387.65,3697.04,15.74,79,292065.84
ORD-002293,2024-10-01,Food & Beverage,FOO-004,EMEA,Distributor,Standard,4387.65,3716.46,15.3,89,330764.62
ORD-002294,2024-10-01,Food & Beverage,FOO-004,North America,Distributor,Transactional,4387.65,3946.52,10.05,84,331507.55
ORD-002295,2024-10-01,Food & Beverage,FOO-004,North America,Distributor,Standard,4387.65,3669.16,16.38,99,363247.09
ORD-002296,2024-10-01,Food & Beverage,FOO-004,North America,Distributor,Standard,4387.65,3751.44,14.5,55,206328.99
ORD-002297,2024-10-01,Food & Beverage,FOO-004,North America,Direct,Transactional,4387.65,4060.54,7.46,74,300480.01
ORD-002298,2024-10-01,Food & Beverage,FOO-004,APAC,Distributor,Transactional,4387.65,3846.6,12.33,27,103858.28
ORD-002299,2024-10-01,Food & Beverage,FOO-004,EMEA,Distributor,Transactional,4387.65,3935.74,10.3,76,299116.2
ORD-002300,2024-10-01,Food & Beverage,FOO-004,EMEA,Distributor,Transactional,4387.65,3863.16,11.95,63,243378.91
ORD-002301,2024-10-01,Food & Beverage,FOO-004,EMEA,Direct,Strategic,4387.65,3558.11,18.91,75,266858.57
ORD-002302,2024-10-01,Food & Beverage,FOO-004,North America,Distributor,Transactional,4387.65,3919.1,10.68,103,403667.53
ORD-002303,2024-10-01,Food & Beverage,FOO-004,APAC,Direct,Standard,4387.65,3942.39,10.15,95,374527.33
ORD-002304,2024-10-01,Food & Beverage,FOO-005,North America,Direct,Transactional,4462.37,4178.34,6.36,77,321732.49
ORD-002305,2024-10-01,Food & Beverage,FOO-005,APAC,Distributor,Strategic,4462.37,3403.15,23.74,156,530891.39
ORD-002306,2024-10-01,Food & Beverage,FOO-005,North America,Direct,Strategic,4462.37,3638.73,18.46,82,298376.11
ORD-002307,2024-10-01,Food & Beverage,FOO-005,EMEA,Distributor,Standard,4462.37,3790.31,15.06,76,288063.67
ORD-002308,2024-10-01,Food & Beverage,FOO-005,North America,Distributor,Transactional,4462.37,3962.62,11.2,44,174355.49
ORD-002309,2024-10-01,Food & Beverage,FOO-005,North America,Direct,Transactional,4462.37,4220.89,5.41,48,202602.61
ORD-002310,2024-10-01,Food & Beverage,FOO-005,EMEA,Direct,Standard,4462.37,4121.61,7.64,71,292634.26
ORD-002311,2024-10-01,Food & Beverage,FOO-005,EMEA,Direct,Transactional,4462.37,4154.79,6.89,78,324073.53
ORD-002312,2024-10-01,Food & Beverage,FOO-005,EMEA,Direct,Transactional,4462.37,4133.12,7.38,56,231454.69
ORD-002313,2024-10-01,Food & Beverage,FOO-005,EMEA,Direct,Strategic,4462.37,3605.86,19.19,108,389432.95
ORD-002314,2024-10-01,Food & Beverage,FOO-005,APAC,Distributor,Standard,4462.37,3687.66,17.36,70,258136.48
ORD-002315,2024-10-01,Food & Beverage,FOO-005,EMEA,Distributor,Transactional,4462.37,3996.29,10.44,78,311710.87
ORD-002316,2024-10-01,Food & Beverage,FOO-005,EMEA,Direct,Transactional,4462.37,4146.27,7.08,52,215605.91
ORD-002317,2024-10-01,Food & Beverage,FOO-005,EMEA,Direct,Standard,4462.37,4018.49,9.95,60,241109.56
ORD-002318,2024-10-01,Food & Beverage,FOO-005,APAC,Distributor,Standard,4462.37,3723.04,16.57,96,357411.66
ORD-002319,2024-10-01,Food & Beverage,FOO-005,APAC,Direct,Standard,4462.37,3951.24,11.45,95,375367.52
ORD-002320,2024-10-01,Food & Beverage,FOO-005,North America,Distributor,Standard,4462.37,3807.4,14.68,115,437851.07
ORD-002321,2024-10-01,Food & Beverage,FOO-006,APAC,Distributor,Transactional,3760.81,3458.8,8.03,53,183316.56
ORD-002322,2024-10-01,Food & Beverage,FOO-006,APAC,Direct,Standard,3760.81,3304.15,12.14,33,109036.92
ORD-002323,2024-10-01,Food & Beverage,FOO-006,EMEA,Direct,Standard,3760.81,3390.62,9.84,67,227171.53
ORD-002324,2024-10-01,Food & Beverage,FOO-006,North America,Distributor,Transactional,3760.81,3396.91,9.68,69,234386.84
ORD-002325,2024-10-01,Food & Beverage,FOO-006,APAC,Distributor,Standard,3760.81,3181.33,15.41,61,194061.25
ORD-002326,2024-10-01,Food & Beverage,FOO-006,EMEA,Direct,Standard,3760.81,3310.01,11.99,60,198600.9
ORD-002327,2024-10-01,Food & Beverage,FOO-006,North America,Direct,Standard,3760.81,3322.15,11.66,79,262449.5
ORD-002328,2024-10-01,Food & Beverage,FOO-006,EMEA,Distributor,Transactional,3760.81,3462.25,7.94,62,214659.54
ORD-002329,2024-10-01,Food & Beverage,FOO-006,APAC,Distributor,Standard,3760.81,3310.99,11.96,79,261568.27
ORD-002330,2024-10-01,Food & Beverage,FOO-006,APAC,Direct,Strategic,3760.81,3051.3,18.87,82,250207.0
ORD-002331,2024-10-01,Food & Beverage,FOO-006,EMEA,Direct,Strategic,3760.81,3143.23,16.42,155,487200.56
ORD-002332,2024-10-01,Food & Beverage,FOO-006,EMEA,Direct,Transactional,3760.81,3490.66,7.18,63,219911.82
ORD-002333,2024-10-01,Food & Beverage,FOO-006,EMEA,Distributor,Standard,3760.81,3183.75,15.34,114,362948.03
ORD-002334,2024-10-01,Food & Beverage,FOO-006,North America,Distributor,Standard,3760.81,3193.47,15.09,84,268251.44
ORD-002335,2024-10-01,Food & Beverage,FOO-006,North America,Distributor,Standard,3760.81,3196.41,15.01,66,210963.38
ORD-002336,2024-10-01,Food & Beverage,FOO-006,North America,Direct,Standard,3760.81,3449.38,8.28,137,472564.89
ORD-002337,2024-10-01,Food & Beverage,FOO-006,EMEA,Distributor,Standard,3760.81,3200.14,14.91,104,332814.53
ORD-002338,2024-10-01,Food & Beverage,FOO-006,North America,Distributor,Transactional,3760.81,3385.76,9.97,61,206531.16
ORD-002339,2024-10-01,Food & Beverage,FOO-007,EMEA,Direct,Standard,1513.0,1328.28,12.21,57,75711.98
ORD-002340,2024-10-01,Food & Beverage,FOO-007,North America,Direct,Transactional,1513.0,1444.4,4.53,41,59220.42
ORD-002341,2024-10-01,Food & Beverage,FOO-007,APAC,Direct,Transactional,1513.0,1421.11,6.07,45,63950.05
ORD-002342,2024-10-01,Food & Beverage,FOO-007,EMEA,Direct,Strategic,1513.0,1256.64,16.94,94,118124.35
ORD-002343,2024-10-01,Food & Beverage,FOO-007,North America,Distributor,Standard,1513.0,1316.37,13.0,96,126371.96
ORD-002344,2024-10-01,Food & Beverage,FOO-007,North America,Direct,Standard,1513.0,1342.57,11.26,132,177219.79
ORD-002345,2024-10-01,Food & Beverage,FOO-007,EMEA,Direct,Strategic,1513.0,1195.6,20.98,181,216403.28
ORD-002346,2024-10-01,Food & Beverage,FOO-007,EMEA,Direct,Standard,1513.0,1350.82,10.72,77,104012.94
ORD-002347,2024-10-01,Food & Beverage,FOO-007,North America,Distributor,Standard,1513.0,1308.63,13.51,78,102073.1
ORD-002348,2024-10-01,Food & Beverage,FOO-007,North America,Direct,Strategic,1513.0,1238.74,18.13,78,96621.69
ORD-002349,2024-10-01,Food & Beverage,FOO-007,EMEA,Distributor,Transactional,1513.0,1354.73,10.46,88,119216.26
ORD-002350,2024-10-01,Food & Beverage,FOO-007,APAC,Distributor,Standard,1513.0,1266.65,16.28,76,96265.05
ORD-002351,2024-10-01,Food & Beverage,FOO-007,EMEA,Direct,Standard,1513.0,1375.13,9.11,65,89383.28
ORD-002352,2024-10-01,Food & Beverage,FOO-007,North America,Direct,Standard,1513.0,1360.31,10.09,78,106103.91
ORD-002353,2024-10-01,Food & Beverage,FOO-007,EMEA,Direct,Standard,1513.0,1395.05,7.8,58,80912.87
ORD-002354,2024-10-01,Food & Beverage,FOO-007,APAC,Direct,Strategic,1513.0,1213.39,19.8,131,158954.11
ORD-002355,2024-10-01,Food & Beverage,FOO-007,APAC,Direct,Standard,1513.0,1372.27,9.3,90,123504.14
ORD-002356,2024-10-01,Food & Beverage,FOO-007,EMEA,Direct,Strategic,1513.0,1220.53,19.33,126,153786.89
ORD-002357,2024-10-01,Food & Beverage,FOO-007,North America,Distributor,Strategic,1513.0,1172.66,22.49,150,175899.09
ORD-002358,2024-10-01,Food & Beverage,FOO-007,North America,Distributor,Standard,1513.0,1315.87,13.03,67,88163.24
ORD-002359,2024-10-01,Food & Beverage,FOO-008,EMEA,Direct,Transactional,589.66,557.48,5.46,60,33449.05
ORD-002360,2024-10-01,Food & Beverage,FOO-008,APAC,Direct,Standard,589.66,527.25,10.58,52,27416.89
ORD-002361,2024-10-01,Food & Beverage,FOO-008,EMEA,Direct,Transactional,589.66,547.51,7.15,55,30112.81
ORD-002362,2024-10-01,Food & Beverage,FOO-008,EMEA,Distributor,Transactional,589.66,543.4,7.84,57,30974.0
ORD-002363,2024-10-01,Food & Beverage,FOO-008,EMEA,Direct,Strategic,589.66,473.36,19.72,67,31715.36
ORD-002364,2024-10-01,Food & Beverage,FOO-008,APAC,Distributor,Transactional,589.66,517.89,12.17,60,31073.3
ORD-002365,2024-10-01,Food & Beverage,FOO-008,EMEA,Direct,Transactional,589.66,540.2,8.39,35,18907.05
ORD-002366,2024-10-01,Food & Beverage,FOO-008,APAC,Distributor,Transactional,589.66,530.54,10.03,51,27057.39
ORD-002367,2024-10-01,Food & Beverage,FOO-008,North America,Distributor,Standard,589.66,509.45,13.6,74,37699.27
ORD-002368,2024-10-01,Food & Beverage,FOO-008,EMEA,Direct,Strategic,589.66,461.5,21.73,126,58149.38
ORD-002369,2024-10-01,Food & Beverage,FOO-008,APAC,Distributor,Transactional,589.66,538.05,8.75,46,24750.31
ORD-002370,2024-10-01,Food & Beverage,FOO-008,North America,Distributor,Strategic,589.66,459.89,22.01,132,60705.72
ORD-002371,2024-10-01,Food & Beverage,FOO-008,North America,Distributor,Standard,589.66,504.86,14.38,114,57554.51
ORD-002372,2024-10-01,Food & Beverage,FOO-008,EMEA,Distributor,Standard,589.66,505.54,14.27,71,35893.01
ORD-002373,2024-10-01,Food & Beverage,FOO-008,EMEA,Distributor,Transactional,589.66,522.54,11.38,75,39190.78
ORD-002374,2024-10-01,Food & Beverage,FOO-008,EMEA,Distributor,Transactional,589.66,523.81,11.17,89,46618.77
ORD-002375,2024-10-01,Food & Beverage,FOO-008,EMEA,Distributor,Standard,589.66,500.34,15.15,86,43029.53
ORD-002376,2024-10-01,Food & Beverage,FOO-009,North America,Distributor,Standard,3206.81,2735.48,14.7,107,292696.33
ORD-002377,2024-10-01,Food & Beverage,FOO-009,North America,Distributor,Strategic,3206.81,2487.93,22.42,156,388117.85
ORD-002378,2024-10-01,Food & Beverage,FOO-009,North America,Direct,Transactional,3206.81,2999.27,6.47,44,131967.77
ORD-002379,2024-10-01,Food & Beverage,FOO-009,North America,Distributor,Standard,3206.81,2730.05,14.87,106,289385.37
ORD-002380,2024-10-01,Food & Beverage,FOO-009,EMEA,Distributor,Standard,3206.81,2715.63,15.32,84,228112.86
ORD-002381,2024-10-01,Food & Beverage,FOO-009,North America,Distributor,Standard,3206.81,2686.55,16.22,95,255222.33
ORD-002382,2024-10-01,Food & Beverage,FOO-009,APAC,Direct,Strategic,3206.81,2544.08,20.67,105,267128.24
ORD-002383,2024-10-01,Food & Beverage,FOO-009,APAC,Direct,Transactional,3206.81,2977.69,7.14,55,163772.98
ORD-002384,2024-10-01,Food & Beverage,FOO-009,EMEA,Distributor,Standard,3206.81,2724.13,15.05,102,277861.6
ORD-002385,2024-10-01,Food & Beverage,FOO-009,EMEA,Direct,Transactional,3206.81,2948.6,8.05,69,203453.73
ORD-002386,2024-10-01,Food & Beverage,FOO-009,EMEA,Direct,Standard,3206.81,2863.95,10.69,64,183292.64
ORD-002387,2024-10-01,Food & Beverage,FOO-009,APAC,Distributor,Transactional,3206.81,2877.46,10.27,69,198544.9
ORD-002388,2024-10-01,Food & Beverage,FOO-009,EMEA,Distributor,Transactional,3206.81,2907.5,9.33,64,186079.83
ORD-002389,2024-10-01,Food & Beverage,FOO-009,EMEA,Direct,Standard,3206.81,2871.68,10.45,60,172300.65
ORD-002390,2024-10-01,Food & Beverage,FOO-009,EMEA,Direct,Transactional,3206.81,2973.59,7.27,58,172468.06
ORD-002391,2024-10-01,Food & Beverage,FOO-009,APAC,Direct,Standard,3206.81,2855.64,10.95,64,182761.0
ORD-002392,2024-10-01,Food & Beverage,FOO-010,EMEA,Direct,Transactional,2117.75,1995.54,5.77,55,109754.7
ORD-002393,2024-10-01,Food & Beverage,FOO-010,North America,Direct,Standard,2117.75,1873.25,11.55,79,147986.77
ORD-002394,2024-10-01,Food & Beverage,FOO-010,North America,Direct,Standard,2117.75,1962.59,7.33,63,123643.18
ORD-002395,2024-10-01,Food & Beverage,FOO-010,North America,Direct,Standard,2117.75,1905.35,10.03,76,144806.92
ORD-002396,2024-10-01,Food & Beverage,FOO-010,EMEA,Distributor,Standard,2117.75,1819.87,14.07,95,172888.09
ORD-002397,2024-10-01,Food & Beverage,FOO-010,North America,Distributor,Strategic,2117.75,1683.53,20.5,77,129632.08
ORD-002398,2024-10-01,Food & Beverage,FOO-010,North America,Direct,Transactional,2117.75,2007.78,5.19,50,100389.22
ORD-002399,2024-10-01,Food & Beverage,FOO-010,APAC,Direct,Standard,2117.75,1906.18,9.99,41,78153.46
ORD-002400,2025-01-01,Biopharma Consumables,BIO-001,EMEA,Direct,Standard,1779.25,1627.15,8.55,97,157833.09
ORD-002401,2025-01-01,Biopharma Consumables,BIO-001,APAC,Distributor,Transactional,1779.25,1560.45,12.3,88,137319.8
ORD-002402,2025-01-01,Biopharma Consumables,BIO-001,EMEA,Distributor,Strategic,1779.25,1359.81,23.57,107,145499.72
ORD-002403,2025-01-01,Biopharma Consumables,BIO-001,EMEA,Direct,Transactional,1779.25,1645.02,7.54,73,120086.48
ORD-002404,2025-01-01,Biopharma Consumables,BIO-001,EMEA,Distributor,Standard,1779.25,1497.47,15.84,60,89848.0
ORD-002405,2025-01-01,Biopharma Consumables,BIO-001,EMEA,Distributor,Standard,1779.25,1544.55,13.19,78,120475.02
ORD-002406,2025-01-01,Biopharma Consumables,BIO-001,EMEA,Distributor,Transactional,1779.25,1593.75,10.43,77,122718.85
ORD-002407,2025-01-01,Biopharma Consumables,BIO-001,APAC,Direct,Standard,1779.25,1568.34,11.85,62,97236.93
ORD-002408,2025-01-01,Biopharma Consumables,BIO-001,North America,Direct,Strategic,1779.25,1429.53,19.66,101,144383.03
ORD-002409,2025-01-01,Biopharma Consumables,BIO-001,North America,Distributor,Standard,1779.25,1479.73,16.83,82,121338.23
ORD-002410,2025-01-01,Biopharma Consumables,BIO-001,North America,Direct,Standard,1779.25,1593.35,10.45,127,202355.41
ORD-002411,2025-01-01,Biopharma Consumables,BIO-001,North America,Distributor,Transactional,1779.25,1586.98,10.81,94,149175.99
ORD-002412,2025-01-01,Biopharma Consumables,BIO-001,North America,Direct,Strategic,1779.25,1456.63,18.13,80,116530.12
ORD-002413,2025-01-01,Biopharma Consumables,BIO-001,North America,Direct,Standard,1779.25,1570.28,11.74,76,119341.56
ORD-002414,2025-01-01,Biopharma Consumables,BIO-001,EMEA,Direct,Strategic,1779.25,1450.01,18.5,105,152250.89
ORD-002415,2025-01-01,Biopharma Consumables,BIO-001,EMEA,Direct,Transactional,1779.25,1645.81,7.5,68,111915.29
ORD-002416,2025-01-01,Biopharma Consumables,BIO-001,APAC,Direct,Standard,1779.25,1556.11,12.54,61,94922.72
ORD-002417,2025-01-01,Biopharma Consumables,BIO-001,EMEA,Direct,Transactional,1779.25,1731.24,2.7,61,105605.6
ORD-002418,2025-01-01,Biopharma Consumables,BIO-001,North America,Direct,Standard,1779.25,1579.74,11.21,80,126379.26
ORD-002419,2025-01-01,Biopharma Consumables,BIO-001,EMEA,Distributor,Strategic,1779.25,1369.67,23.02,132,180796.77
ORD-002420,2025-01-01,Biopharma Consumables,BIO-001,EMEA,Distributor,Standard,1779.25,1468.1,17.49,93,136533.68
ORD-002421,2025-01-01,Biopharma Consumables,BIO-002,APAC,Direct,Strategic,4285.61,3351.14,21.8,71,237930.7
ORD-002422,2025-01-01,Biopharma Consumables,BIO-002,North America,Direct,Transactional,4285.61,3979.05,7.15,80,318323.88
ORD-002423,2025-01-01,Biopharma Consumables,BIO-002,North America,Direct,Standard,4285.61,3856.5,10.01,76,293093.9
ORD-002424,2025-01-01,Biopharma Consumables,BIO-002,APAC,Direct,Standard,4285.61,3930.25,8.29,61,239745.47
ORD-002425,2025-01-01,Biopharma Consumables,BIO-002,North America,Direct,Strategic,4285.61,3387.01,20.97,90,304831.07
ORD-002426,2025-01-01,Biopharma Consumables,BIO-002,EMEA,Direct,Standard,4285.61,3855.16,10.04,106,408647.43
ORD-002427,2025-01-01,Biopharma Consumables,BIO-002,APAC,Direct,Standard,4285.61,3835.12,10.51,68,260788.12
ORD-002428,2025-01-01,Biopharma Consumables,BIO-002,North America,Direct,Strategic,4285.61,3546.54,17.25,122,432677.3
ORD-002429,2025-01-01,Biopharma Consumables,BIO-002,EMEA,Direct,Standard,4285.61,3938.93,8.09,72,283603.23
ORD-002430,2025-01-01,Biopharma Consumables,BIO-002,North America,Distributor,Standard,4285.61,3873.78,9.61,87,337018.72
ORD-002431,2025-01-01,Biopharma Consumables,BIO-002,North America,Direct,Standard,4285.61,3761.3,12.23,99,372368.34
ORD-002432,2025-01-01,Biopharma Consumables,BIO-002,North America,Direct,Standard,4285.61,3811.19,11.07,110,419231.2
ORD-002433,2025-01-01,Biopharma Consumables,BIO-002,APAC,Distributor,Transactional,4285.61,3765.48,12.14,59,222163.11
ORD-002434,2025-01-01,Biopharma Consumables,BIO-002,EMEA,Distributor,Standard,4285.61,3680.87,14.11,90,331278.11
ORD-002435,2025-01-01,Biopharma Consumables,BIO-002,North America,Direct,Transactional,4285.61,3947.7,7.88,75,296077.59
ORD-002436,2025-01-01,Biopharma Consumables,BIO-002,APAC,Distributor,Standard,4285.61,3586.16,16.32,44,157790.94
ORD-002437,2025-01-01,Biopharma Consumables,BIO-002,North America,Distributor,Standard,4285.61,3658.72,14.63,90,329284.38
ORD-002438,2025-01-01,Biopharma Consumables,BIO-002,North America,Distributor,Standard,4285.61,3659.26,14.62,76,278103.69
ORD-002439,2025-01-01,Biopharma Consumables,BIO-002,EMEA,Distributor,Transactional,4285.61,3807.19,11.16,48,182745.16
ORD-002440,2025-01-01,Biopharma Consumables,BIO-002,EMEA,Direct,Transactional,4285.61,4011.2,6.4,61,244683.1
ORD-002441,2025-01-01,Biopharma Consumables,BIO-003,EMEA,Direct,Transactional,3334.17,3124.88,6.28,74,231240.99
ORD-002442,2025-01-01,Biopharma Consumables,BIO-003,North America,Distributor,Standard,3334.17,2747.77,17.59,82,225316.85
ORD-002443,2025-01-01,Biopharma Consumables,BIO-003,APAC,Distributor,Transactional,3334.17,2927.18,12.21,35,102451.19
ORD-002444,2025-01-01,Biopharma Consumables,BIO-003,North America,Direct,Transactional,3334.17,3113.75,6.61,72,224190.25
ORD-002445,2025-01-01,Biopharma Consumables,BIO-003,North America,Direct,Strategic,3334.17,2758.72,17.26,73,201386.2
ORD-002446,2025-01-01,Biopharma Consumables,BIO-003,EMEA,Direct,Transactional,3334.17,3104.25,6.9,66,204880.69
ORD-002447,2025-01-01,Biopharma Consumables,BIO-003,North America,Direct,Standard,3334.17,2907.32,12.8,84,244214.98
ORD-002448,2025-01-01,Biopharma Consumables,BIO-003,EMEA,Direct,Strategic,3334.17,2732.72,18.04,83,226815.51
ORD-002449,2025-01-01,Biopharma Consumables,BIO-003,APAC,Distributor,Transactional,3334.17,2925.04,12.27,53,155027.27
ORD-002450,2025-01-01,Biopharma Consumables,BIO-003,APAC,Direct,Strategic,3334.17,2707.89,18.78,83,224754.55
ORD-002451,2025-01-01,Biopharma Consumables,BIO-003,North America,Distributor,Transactional,3334.17,3034.37,8.99,51,154753.06
ORD-002452,2025-01-01,Biopharma Consumables,BIO-003,North America,Direct,Standard,3334.17,2922.99,12.33,79,230916.53
ORD-002453,2025-01-01,Biopharma Consumables,BIO-003,EMEA,Direct,Transactional,3334.17,3150.08,5.52,64,201604.89
ORD-002454,2025-01-01,Biopharma Consumables,BIO-003,North America,Distributor,Transactional,3334.17,3042.93,8.74,56,170404.11
ORD-002455,2025-01-01,Biopharma Consumables,BIO-003,North America,Distributor,Transactional,3334.17,2961.34,11.18,88,260597.81
ORD-002456,2025-01-01,Biopharma Consumables,BIO-003,APAC,Direct,Transactional,3334.17,3109.2,6.75,66,205207.17
ORD-002457,2025-01-01,Biopharma Consumables,BIO-003,North America,Direct,Strategic,3334.17,2697.15,19.11,124,334447.07
ORD-002458,2025-01-01,Biopharma Consumables,BIO-003,EMEA,Direct,Strategic,3334.17,2857.2,14.31,74,211433.02
ORD-002459,2025-01-01,Biopharma Consumables,BIO-003,EMEA,Distributor,Strategic,3334.17,2592.83,22.23,140,362996.19
ORD-002460,2025-01-01,Biopharma Consumables,BIO-003,North America,Distributor,Transactional,3334.17,3026.34,9.23,90,272370.45
ORD-002461,2025-01-01,Biopharma Consumables,BIO-003,North America,Distributor,Standard,3334.17,2830.15,15.12,118,333957.12
ORD-002462,2025-01-01,Biopharma Consumables,BIO-004,EMEA,Distributor,Standard,2754.16,2371.08,13.91,97,229994.93
ORD-002463,2025-01-01,Biopharma Consumables,BIO-004,EMEA,Distributor,Standard,2754.16,2348.68,14.72,104,244262.9
ORD-002464,2025-01-01,Biopharma Consumables,BIO-004,EMEA,Distributor,Transactional,2754.16,2466.66,10.44,62,152932.68
ORD-002465,2025-01-01,Biopharma Consumables,BIO-004,EMEA,Direct,Standard,2754.16,2472.52,10.23,99,244779.01
ORD-002466,2025-01-01,Biopharma Consumables,BIO-004,North America,Direct,Strategic,2754.16,2259.38,17.97,89,201084.68
ORD-002467,2025-01-01,Biopharma Consumables,BIO-004,EMEA,Distributor,Standard,2754.16,2384.5,13.42,63,150223.31
ORD-002468,2025-01-01,Biopharma Consumables,BIO-004,EMEA,Direct,Standard,2754.16,2475.56,10.12,80,198045.06
ORD-002469,2025-01-01,Biopharma Consumables,BIO-004,EMEA,Direct,Strategic,2754.16,2229.19,19.06,122,271960.65
ORD-002470,2025-01-01,Biopharma Consumables,BIO-004,North America,Direct,Transactional,2754.16,2615.47,5.04,73,190929.27
ORD-002471,2025-01-01,Biopharma Consumables,BIO-004,EMEA,Distributor,Strategic,2754.16,2115.73,23.18,153,323706.8
ORD-002472,2025-01-01,Biopharma Consumables,BIO-004,APAC,Direct,Strategic,2754.16,2200.63,20.1,103,226665.25
ORD-002473,2025-01-01,Biopharma Consumables,BIO-004,EMEA,Distributor,Transactional,2754.16,2533.74,8.0,60,152024.69
ORD-002474,2025-01-01,Biopharma Consumables,BIO-005,North America,Direct,Standard,828.68,741.47,10.52,99,73405.99
ORD-002475,2025-01-01,Biopharma Consumables,BIO-005,APAC,Direct,Standard,828.68,751.77,9.28,75,56382.69
ORD-002476,2025-01-01,Biopharma Consumables,BIO-005,EMEA,Direct,Strategic,828.68,683.09,17.57,255,174188.44
ORD-002477,2025-01-01,Biopharma Consumables,BIO-005,EMEA,Direct,Standard,828.68,762.92,7.94,107,81632.81
ORD-002478,2025-01-01,Biopharma Consumables,BIO-005,North America,Distributor,Strategic,828.68,655.43,20.91,105,68820.3
ORD-002479,2025-01-01,Biopharma Consumables,BIO-005,APAC,Distributor,Standard,828.68,689.22,16.83,87,59962.23
ORD-002480,2025-01-01,Biopharma Consumables,BIO-005,EMEA,Distributor,Standard,828.68,713.53,13.9,44,31395.44
ORD-002481,2025-01-01,Biopharma Consumables,BIO-005,EMEA,Distributor,Transactional,828.68,714.78,13.74,75,53608.51
ORD-002482,2025-01-01,Biopharma Consumables,BIO-005,North America,Direct,Standard,828.68,744.57,10.15,91,67756.25
ORD-002483,2025-01-01,Biopharma Consumables,BIO-005,North America,Direct,Standard,828.68,734.48,11.37,69,50679.39
ORD-002484,2025-01-01,Biopharma Consumables,BIO-005,North America,Direct,Standard,828.68,727.25,12.24,137,99633.87
ORD-002485,2025-01-01,Biopharma Consumables,BIO-005,EMEA,Distributor,Strategic,828.68,658.48,20.54,119,78358.6
ORD-002486,2025-01-01,Biopharma Consumables,BIO-005,EMEA,Direct,Standard,828.68,734.12,11.41,83,60931.88
ORD-002487,2025-01-01,Biopharma Consumables,BIO-005,North America,Direct,Standard,828.68,743.5,10.28,90,66914.74
ORD-002488,2025-01-01,Biopharma Consumables,BIO-005,North America,Direct,Strategic,828.68,686.82,17.12,116,79670.68
ORD-002489,2025-01-01,Biopharma Consumables,BIO-005,APAC,Distributor,Standard,828.68,707.06,14.68,61,43130.52
ORD-002490,2025-01-01,Biopharma Consumables,BIO-006,EMEA,Distributor,Standard,828.58,693.15,16.34,79,54759.03
ORD-002491,2025-01-01,Biopharma Consumables,BIO-006,APAC,Distributor,Strategic,828.58,635.58,23.29,54,34321.51
ORD-002492,2025-01-01,Biopharma Consumables,BIO-006,North America,Distributor,Standard,828.58,723.49,12.68,91,65837.78
ORD-002493,2025-01-01,Biopharma Consumables,BIO-006,North America,Direct,Transactional,828.58,757.76,8.55,55,41676.54
ORD-002494,2025-01-01,Biopharma Consumables,BIO-006,APAC,Direct,Transactional,828.58,750.24,9.45,62,46514.86
ORD-002495,2025-01-01,Biopharma Consumables,BIO-007,EMEA,Distributor,Transactional,402.66,354.23,12.03,67,23733.6
ORD-002496,2025-01-01,Biopharma Consumables,BIO-007,North America,Direct,Transactional,402.66,379.27,5.81,70,26548.79
ORD-002497,2025-01-01,Biopharma Consumables,BIO-007,APAC,Distributor,Standard,402.66,338.41,15.96,50,16920.57
ORD-002498,2025-01-01,Biopharma Consumables,BIO-007,North America,Distributor,Standard,402.66,347.1,13.8,112,38874.71
ORD-002499,2025-01-01,Biopharma Consumables,BIO-007,North America,Distributor,Standard,402.66,336.48,16.44,109,36675.8
ORD-002500,2025-01-01,Biopharma Consumables,BIO-007,APAC,Direct,Strategic,402.66,333.59,17.15,111,37028.82
ORD-002501,2025-01-01,Biopharma Consumables,BIO-007,EMEA,Distributor,Standard,402.66,349.67,13.16,66,23078.39
ORD-002502,2025-01-01,Biopharma Consumables,BIO-007,North America,Direct,Transactional,402.66,383.71,4.71,64,24557.74
ORD-002503,2025-01-01,Biopharma Consumables,BIO-007,APAC,Direct,Standard,402.66,352.56,12.44,87,30672.29
ORD-002504,2025-01-01,Biopharma Consumables,BIO-007,APAC,Direct,Strategic,402.66,321.21,20.23,147,47217.96
ORD-002505,2025-01-01,Biopharma Consumables,BIO-007,APAC,Direct,Standard,402.66,354.83,11.88,68,24128.55
ORD-002506,2025-01-01,Biopharma Consumables,BIO-007,North America,Direct,Transactional,402.66,383.14,4.85,49,18773.95
ORD-002507,2025-01-01,Biopharma Consumables,BIO-008,APAC,Distributor,Strategic,3917.87,2986.72,23.77,108,322566.13
ORD-002508,2025-01-01,Biopharma Consumables,BIO-008,APAC,Direct,Standard,3917.87,3439.2,12.22,65,223548.27
ORD-002509,2025-01-01,Biopharma Consumables,BIO-008,North America,Distributor,Transactional,3917.87,3435.96,12.3,62,213029.49
ORD-002510,2025-01-01,Biopharma Consumables,BIO-008,North America,Distributor,Transactional,3917.87,3545.0,9.52,82,290689.66
ORD-002511,2025-01-01,Biopharma Consumables,BIO-008,North America,Direct,Transactional,3917.87,3766.13,3.87,62,233500.07
ORD-002512,2025-01-01,Biopharma Consumables,BIO-008,EMEA,Distributor,Transactional,3917.87,3428.18,12.5,63,215975.1
ORD-002513,2025-01-01,Biopharma Consumables,BIO-008,APAC,Direct,Standard,3917.87,3467.04,11.51,65,225357.34
ORD-002514,2025-01-01,Biopharma Consumables,BIO-008,EMEA,Distributor,Standard,3917.87,3247.95,17.1,60,194876.96
ORD-002515,2025-01-01,Biopharma Consumables,BIO-008,North America,Distributor,Standard,3917.87,3409.93,12.96,72,245515.01
ORD-002516,2025-01-01,Biopharma Consumables,BIO-008,North America,Distributor,Standard,3917.87,3307.66,15.58,74,244766.61
ORD-002517,2025-01-01,Biopharma Consumables,BIO-008,APAC,Distributor,Transactional,3917.87,3430.91,12.43,63,216147.24
ORD-002518,2025-01-01,Biopharma Consumables,BIO-008,EMEA,Distributor,Standard,3917.87,3386.43,13.56,109,369121.18
ORD-002519,2025-01-01,Biopharma Consumables,BIO-008,EMEA,Direct,Standard,3917.87,3467.48,11.5,63,218451.01
ORD-002520,2025-01-01,Biopharma Consumables,BIO-009,EMEA,Distributor,Standard,2764.85,2386.46,13.69,68,162279.23
ORD-002521,2025-01-01,Biopharma Consumables,BIO-009,APAC,Direct,Standard,2764.85,2426.77,12.23,88,213555.55
ORD-002522,2025-01-01,Biopharma Consumables,BIO-009,APAC,Direct,Strategic,2764.85,2245.15,18.8,72,161651.09
ORD-002523,2025-01-01,Biopharma Consumables,BIO-009,North America,Distributor,Strategic,2764.85,2139.56,22.62,117,250328.55
ORD-002524,2025-01-01,Biopharma Consumables,BIO-009,APAC,Distributor,Standard,2764.85,2270.86,17.87,94,213460.62
ORD-002525,2025-01-01,Biopharma Consumables,BIO-009,North America,Direct,Standard,2764.85,2486.63,10.06,57,141738.15
ORD-002526,2025-01-01,Biopharma Consumables,BIO-009,APAC,Direct,Strategic,2764.85,2257.04,18.37,77,173792.29
ORD-002527,2025-01-01,Biopharma Consumables,BIO-009,EMEA,Distributor,Standard,2764.85,2414.6,12.67,87,210070.27
ORD-002528,2025-01-01,Biopharma Consumables,BIO-009,North America,Distributor,Standard,2764.85,2382.3,13.84,107,254906.28
ORD-002529,2025-01-01,Biopharma Consumables,BIO-009,APAC,Direct,Transactional,2764.85,2486.69,10.06,82,203908.29
ORD-002530,2025-01-01,Biopharma Consumables,BIO-009,North America,Distributor,Standard,2764.85,2381.82,13.85,39,92891.17
ORD-002531,2025-01-01,Biopharma Consumables,BIO-009,EMEA,Distributor,Standard,2764.85,2383.85,13.78,69,164485.42
ORD-002532,2025-01-01,Biopharma Consumables,BIO-009,EMEA,Distributor,Standard,2764.85,2422.41,12.39,112,271309.84
ORD-002533,2025-01-01,Biopharma Consumables,BIO-009,APAC,Direct,Standard,2764.85,2461.22,10.98,80,196897.74
ORD-002534,2025-01-01,Biopharma Consumables,BIO-009,North America,Distributor,Transactional,2764.85,2472.84,10.56,77,190408.92
ORD-002535,2025-01-01,Biopharma Consumables,BIO-009,EMEA,Direct,Standard,2764.85,2495.14,9.76,74,184640.24
ORD-002536,2025-01-01,Biopharma Consumables,BIO-009,EMEA,Distributor,Strategic,2764.85,2082.69,24.67,139,289493.91
ORD-002537,2025-01-01,Biopharma Consumables,BIO-009,APAC,Distributor,Standard,2764.85,2355.68,14.8,78,183743.24
ORD-002538,2025-01-01,Biopharma Consumables,BIO-009,APAC,Direct,Standard,2764.85,2381.66,13.86,75,178624.54
ORD-002539,2025-01-01,Biopharma Consumables,BIO-010,North America,Direct,Transactional,3230.12,2988.01,7.5,69,206172.47
ORD-002540,2025-01-01,Biopharma Consumables,BIO-010,EMEA,Direct,Transactional,3230.12,3043.1,5.79,62,188672.12
ORD-002541,2025-01-01,Biopharma Consumables,BIO-010,EMEA,Distributor,Standard,3230.12,2711.87,16.04,81,219661.66
ORD-002542,2025-01-01,Biopharma Consumables,BIO-010,APAC,Direct,Standard,3230.12,2858.44,11.51,49,140063.78
ORD-002543,2025-01-01,Biopharma Consumables,BIO-010,APAC,Distributor,Standard,3230.12,2710.47,16.09,78,211417.0
ORD-002544,2025-01-01,Biopharma Consumables,BIO-010,EMEA,Distributor,Standard,3230.12,2805.35,13.15,78,218816.99
ORD-002545,2025-01-01,Biopharma Consumables,BIO-010,EMEA,Distributor,Standard,3230.12,2802.61,13.23,138,386760.82
ORD-002546,2025-01-01,Biopharma Consumables,BIO-010,EMEA,Distributor,Standard,3230.12,2773.82,14.13,80,221905.27
ORD-002547,2025-01-01,Biopharma Consumables,BIO-010,North America,Direct,Strategic,3230.12,2639.25,18.29,117,308792.77
ORD-002548,2025-01-01,Biopharma Consumables,BIO-010,North America,Direct,Standard,3230.12,2814.97,12.85,105,295571.91
ORD-002549,2025-01-01,Biopharma Consumables,BIO-010,EMEA,Distributor,Strategic,3230.12,2581.22,20.09,99,255540.87
ORD-002550,2025-01-01,Biopharma Consumables,BIO-010,EMEA,Direct,Standard,3230.12,2893.91,10.41,96,277815.12
ORD-002551,2025-01-01,Biopharma Consumables,BIO-010,North America,Direct,Standard,3230.12,2851.35,11.73,66,188188.9
ORD-002552,2025-01-01,Biopharma Consumables,BIO-010,North America,Direct,Strategic,3230.12,2662.68,17.57,80,213014.24
ORD-002553,2025-01-01,Biopharma Consumables,BIO-010,North America,Direct,Standard,3230.12,2843.85,11.96,77,218976.46
ORD-002554,2025-01-01,Biopharma Consumables,BIO-010,APAC,Distributor,Transactional,3230.12,2897.74,10.29,74,214432.8
ORD-002555,2025-01-01,Biopharma Consumables,BIO-010,APAC,Distributor,Transactional,3230.12,2896.75,10.32,52,150630.77
ORD-002556,2025-01-01,Medical,MED-001,APAC,Distributor,Standard,247.76,206.23,16.76,34,7011.76
ORD-002557,2025-01-01,Medical,MED-001,North America,Direct,Transactional,247.76,226.94,8.4,55,12481.78
ORD-002558,2025-01-01,Medical,MED-001,APAC,Distributor,Standard,247.76,208.82,15.72,102,21299.26
ORD-002559,2025-01-01,Medical,MED-001,EMEA,Direct,Standard,247.76,230.45,6.98,73,16822.91
ORD-002560,2025-01-01,Medical,MED-001,North America,Distributor,Standard,247.76,215.22,13.13,78,16786.84
ORD-002561,2025-01-01,Medical,MED-001,APAC,Distributor,Standard,247.76,208.67,15.78,95,19823.71
ORD-002562,2025-01-01,Medical,MED-001,APAC,Distributor,Standard,247.76,211.57,14.61,71,15021.42
ORD-002563,2025-01-01,Medical,MED-001,North America,Direct,Transactional,247.76,229.72,7.28,67,15391.3
ORD-002564,2025-01-01,Medical,MED-001,North America,Distributor,Strategic,247.76,194.57,21.47,93,18094.91
ORD-002565,2025-01-01,Medical,MED-001,North America,Distributor,Standard,247.76,211.63,14.58,81,17142.08
ORD-002566,2025-01-01,Medical,MED-001,APAC,Direct,Transactional,247.76,234.38,5.4,67,15703.43
ORD-002567,2025-01-01,Medical,MED-001,APAC,Direct,Standard,247.76,216.52,12.61,124,26848.75
ORD-002568,2025-01-01,Medical,MED-001,North America,Direct,Strategic,247.76,200.79,18.96,125,25098.77
ORD-002569,2025-01-01,Medical,MED-001,EMEA,Distributor,Strategic,247.76,195.39,21.14,109,21297.36
ORD-002570,2025-01-01,Medical,MED-002,North America,Distributor,Strategic,4518.91,3496.57,22.62,159,555954.22
ORD-002571,2025-01-01,Medical,MED-002,APAC,Direct,Standard,4518.91,3972.08,12.1,72,285989.48
ORD-002572,2025-01-01,Medical,MED-002,EMEA,Direct,Standard,4518.91,4008.8,11.29,109,436959.74
ORD-002573,2025-01-01,Medical,MED-002,EMEA,Direct,Standard,4518.91,4072.6,9.88,72,293227.52
ORD-002574,2025-01-01,Medical,MED-002,EMEA,Distributor,Standard,4518.91,3888.41,13.95,57,221639.5
ORD-002575,2025-01-01,Medical,MED-002,North America,Direct,Transactional,4518.91,4077.63,9.77,68,277278.66
ORD-002576,2025-01-01,Medical,MED-002,EMEA,Direct,Standard,4518.91,4053.96,10.29,98,397288.52
ORD-002577,2025-01-01,Medical,MED-002,North America,Distributor,Transactional,4518.91,3970.9,12.13,69,273991.9
ORD-002578,2025-01-01,Medical,MED-002,EMEA,Direct,Transactional,4518.91,4276.84,5.36,55,235226.07
ORD-002579,2025-01-01,Medical,MED-002,North America,Direct,Transactional,4518.91,4211.35,6.81,54,227412.87
ORD-002580,2025-01-01,Medical,MED-002,APAC,Distributor,Standard,4518.91,3874.18,14.27,78,302186.04
ORD-002581,2025-01-01,Medical,MED-002,EMEA,Distributor,Standard,4518.91,3829.66,15.25,109,417433.0
ORD-002582,2025-01-01,Medical,MED-002,EMEA,Direct,Standard,4518.91,4073.46,9.86,52,211819.85
ORD-002583,2025-01-01,Medical,MED-003,EMEA,Distributor,Strategic,3900.42,3036.51,22.15,84,255067.03
ORD-002584,2025-01-01,Medical,MED-003,EMEA,Distributor,Transactional,3900.42,3456.71,11.38,86,297277.46
ORD-002585,2025-01-01,Medical,MED-003,APAC,Direct,Standard,3900.42,3422.69,12.25,128,438104.24
ORD-002586,2025-01-01,Medical,MED-003,North America,Distributor,Strategic,3900.42,3019.38,22.59,163,492158.52
ORD-002587,2025-01-01,Medical,MED-003,EMEA,Direct,Standard,3900.42,3457.58,11.35,79,273148.97
ORD-002588,2025-01-01,Medical,MED-003,APAC,Direct,Standard,3900.42,3501.52,10.23,68,238103.39
ORD-002589,2025-01-01,Medical,MED-003,North America,Distributor,Transactional,3900.42,3372.87,13.53,81,273202.64
ORD-002590,2025-01-01,Medical,MED-003,North America,Distributor,Strategic,3900.42,3088.83,20.81,129,398459.43
ORD-002591,2025-01-01,Medical,MED-003,EMEA,Direct,Transactional,3900.42,3557.81,8.78,43,152985.95
ORD-002592,2025-01-01,Medical,MED-003,EMEA,Distributor,Strategic,3900.42,3090.08,20.78,167,516043.73
ORD-002593,2025-01-01,Medical,MED-003,North America,Direct,Standard,3900.42,3532.23,9.44,106,374416.86
ORD-002594,2025-01-01,Medical,MED-003,EMEA,Direct,Standard,3900.42,3468.48,11.07,77,267073.27
ORD-002595,2025-01-01,Medical,MED-003,North America,Distributor,Standard,3900.42,3357.36,13.92,91,305519.99
ORD-002596,2025-01-01,Medical,MED-003,North America,Distributor,Standard,3900.42,3294.63,15.53,144,474426.26
ORD-002597,2025-01-01,Medical,MED-003,North America,Distributor,Transactional,3900.42,3486.13,10.62,58,202195.46
ORD-002598,2025-01-01,Medical,MED-003,EMEA,Distributor,Standard,3900.42,3328.42,14.67,104,346155.74
ORD-002599,2025-01-01,Medical,MED-004,North America,Direct,Standard,1110.49,962.29,13.35,98,94304.13
ORD-002600,2025-01-01,Medical,MED-004,EMEA,Direct,Standard,1110.49,980.63,11.69,43,42167.22
ORD-002601,2025-01-01,Medical,MED-004,APAC,Distributor,Standard,1110.49,939.67,15.38,96,90208.21
ORD-002602,2025-01-01,Medical,MED-004,EMEA,Distributor,Strategic,1110.49,862.22,22.36,99,85360.26
ORD-002603,2025-01-01,Medical,MED-004,APAC,Direct,Standard,1110.49,956.92,13.83,65,62200.06
ORD-002604,2025-01-01,Medical,MED-004,EMEA,Direct,Strategic,1110.49,899.66,18.99,136,122353.27
ORD-002605,2025-01-01,Medical,MED-004,APAC,Direct,Standard,1110.49,984.56,11.34,60,59073.3
ORD-002606,2025-01-01,Medical,MED-004,EMEA,Direct,Standard,1110.49,969.14,12.73,85,82376.8
ORD-002607,2025-01-01,Medical,MED-004,North America,Distributor,Standard,1110.49,949.25,14.52,91,86381.97
ORD-002608,2025-01-01,Medical,MED-004,North America,Distributor,Standard,1110.49,944.89,14.91,76,71811.38
ORD-002609,2025-01-01,Medical,MED-004,North America,Distributor,Transactional,1110.49,977.6,11.97,72,70387.24
ORD-002610,2025-01-01,Medical,MED-004,EMEA,Direct,Standard,1110.49,963.45,13.24,66,63587.58
ORD-002611,2025-01-01,Medical,MED-004,EMEA,Direct,Standard,1110.49,1001.05,9.86,43,43045.03
ORD-002612,2025-01-01,Medical,MED-004,EMEA,Distributor,Standard,1110.49,949.14,14.53,80,75931.38
ORD-002613,2025-01-01,Medical,MED-005,North America,Direct,Standard,973.2,873.06,10.29,84,73337.14
ORD-002614,2025-01-01,Medical,MED-005,EMEA,Distributor,Strategic,973.2,748.27,23.11,133,99519.45
ORD-002615,2025-01-01,Medical,MED-005,North America,Distributor,Transactional,973.2,890.4,8.51,61,54314.69
ORD-002616,2025-01-01,Medical,MED-005,EMEA,Direct,Strategic,973.2,769.34,20.95,76,58469.84
ORD-002617,2025-01-01,Medical,MED-005,EMEA,Direct,Standard,973.2,876.01,9.99,92,80592.51
ORD-002618,2025-01-01,Medical,MED-005,EMEA,Direct,Transactional,973.2,924.88,4.96,44,40694.76
ORD-002619,2025-01-01,Medical,MED-005,EMEA,Direct,Transactional,973.2,899.81,7.54,60,53988.79
ORD-002620,2025-01-01,Medical,MED-006,North America,Direct,Standard,980.31,867.03,11.56,100,86702.8
ORD-002621,2025-01-01,Medical,MED-006,North America,Direct,Transactional,980.31,939.73,4.14,52,48866.0
ORD-002622,2025-01-01,Medical,MED-006,North America,Direct,Transactional,980.31,920.43,6.11,65,59827.69
ORD-002623,2025-01-01,Medical,MED-006,North America,Distributor,Strategic,980.31,760.94,22.38,219,166646.16
ORD-002624,2025-01-01,Medical,MED-006,EMEA,Distributor,Strategic,980.31,726.52,25.89,134,97353.7
ORD-002625,2025-01-01,Medical,MED-006,North America,Distributor,Standard,980.31,844.46,13.86,124,104713.63
ORD-002626,2025-01-01,Medical,MED-006,North America,Direct,Standard,980.31,877.85,10.45,79,69350.31
ORD-002627,2025-01-01,Medical,MED-006,APAC,Direct,Standard,980.31,887.73,9.44,42,37284.62
ORD-002628,2025-01-01,Medical,MED-006,APAC,Distributor,Transactional,980.31,864.64,11.8,47,40638.27
ORD-002629,2025-01-01,Medical,MED-006,APAC,Distributor,Standard,980.31,803.72,18.01,112,90016.44
ORD-002630,2025-01-01,Medical,MED-006,North America,Distributor,Standard,980.31,843.42,13.96,74,62412.89
ORD-002631,2025-01-01,Medical,MED-006,EMEA,Direct,Transactional,980.31,915.48,6.61,81,74153.9
ORD-002632,2025-01-01,Medical,MED-006,North America,Direct,Standard,980.31,845.19,13.78,88,74376.85
ORD-002633,2025-01-01,Medical,MED-006,North America,Direct,Strategic,980.31,786.18,19.8,169,132863.59
ORD-002634,2025-01-01,Medical,MED-007,EMEA,Distributor,Standard,1523.97,1316.77,13.6,82,107975.02
ORD-002635,2025-01-01,Medical,MED-007,North America,Distributor,Standard,1523.97,1329.25,12.78,64,85071.94
ORD-002636,2025-01-01,Medical,MED-007,North America,Direct,Transactional,1523.97,1451.22,4.77,76,110292.68
ORD-002637,2025-01-01,Medical,MED-007,North America,Direct,Standard,1523.97,1390.34,8.77,97,134863.35
ORD-002638,2025-01-01,Medical,MED-007,APAC,Direct,Transactional,1523.97,1403.48,7.91,45,63156.61
ORD-002639,2025-01-01,Medical,MED-007,APAC,Direct,Standard,1523.97,1329.32,12.77,48,63807.33
ORD-002640,2025-01-01,Medical,MED-007,North America,Distributor,Transactional,1523.97,1323.24,13.17,62,82040.93
ORD-002641,2025-01-01,Medical,MED-007,North America,Distributor,Transactional,1523.97,1357.92,10.9,69,93696.19
ORD-002642,2025-01-01,Medical,MED-007,North America,Distributor,Transactional,1523.97,1360.17,10.75,65,88411.22
ORD-002643,2025-01-01,Medical,MED-007,EMEA,Distributor,Strategic,1523.97,1196.38,21.5,125,149546.98
ORD-002644,2025-01-01,Medical,MED-007,EMEA,Distributor,Transactional,1523.97,1413.85,7.23,55,77761.55
ORD-002645,2025-01-01,Medical,MED-007,EMEA,Distributor,Standard,1523.97,1304.39,14.41,48,62610.87
ORD-002646,2025-01-01,Medical,MED-007,EMEA,Direct,Standard,1523.97,1370.08,10.1,101,138378.11
ORD-002647,2025-01-01,Medical,MED-007,North America,Distributor,Standard,1523.97,1269.36,16.71,127,161209.13
ORD-002648,2025-01-01,Medical,MED-007,EMEA,Distributor,Standard,1523.97,1293.27,15.14,86,111221.65
ORD-002649,2025-01-01,Medical,MED-007,North America,Direct,Standard,1523.97,1361.56,10.66,90,122540.18
ORD-002650,2025-01-01,Medical,MED-008,North America,Direct,Strategic,2516.1,2039.56,18.94,102,208034.67
ORD-002651,2025-01-01,Medical,MED-008,EMEA,Direct,Standard,2516.1,2222.82,11.66,110,244510.55
ORD-002652,2025-01-01,Medical,MED-008,EMEA,Direct,Transactional,2516.1,2379.9,5.41,60,142793.97
ORD-002653,2025-01-01,Medical,MED-008,APAC,Direct,Transactional,2516.1,2281.23,9.33,64,145998.48
ORD-002654,2025-01-01,Medical,MED-008,APAC,Direct,Standard,2516.1,2237.93,11.06,99,221555.16
ORD-002655,2025-01-01,Medical,MED-008,North America,Distributor,Strategic,2516.1,1941.16,22.85,85,164998.66
ORD-002656,2025-01-01,Medical,MED-008,APAC,Direct,Transactional,2516.1,2363.94,6.05,38,89829.53
ORD-002657,2025-01-01,Medical,MED-008,EMEA,Direct,Standard,2516.1,2228.25,11.44,87,193857.97
ORD-002658,2025-01-01,Medical,MED-008,North America,Distributor,Transactional,2516.1,2217.04,11.89,81,179580.27
ORD-002659,2025-01-01,Medical,MED-008,EMEA,Direct,Standard,2516.1,2265.14,9.97,48,108726.95
ORD-002660,2025-01-01,Medical,MED-008,North America,Distributor,Standard,2516.1,2176.41,13.5,99,215464.72
ORD-002661,2025-01-01,Medical,MED-008,North America,Distributor,Standard,2516.1,2154.45,14.37,78,168047.28
ORD-002662,2025-01-01,Medical,MED-009,EMEA,Distributor,Strategic,2098.53,1619.01,22.85,116,187804.82
ORD-002663,2025-01-01,Medical,MED-009,North America,Direct,Standard,2098.53,1844.61,12.1,106,195528.81
ORD-002664,2025-01-01,Medical,MED-009,North America,Distributor,Standard,2098.53,1769.09,15.7,105,185754.6
ORD-002665,2025-01-01,Medical,MED-009,North America,Distributor,Standard,2098.53,1810.71,13.72,107,193746.02
ORD-002666,2025-01-01,Medical,MED-009,APAC,Direct,Transactional,2098.53,1956.97,6.75,59,115461.28
ORD-002667,2025-01-01,Medical,MED-009,North America,Direct,Strategic,2098.53,1695.61,19.2,103,174648.25
ORD-002668,2025-01-01,Medical,MED-009,North America,Distributor,Transactional,2098.53,1849.24,11.88,82,151637.46
ORD-002669,2025-01-01,Medical,MED-009,EMEA,Direct,Standard,2098.53,1921.61,8.43,80,153728.95
ORD-002670,2025-01-01,Medical,MED-009,APAC,Distributor,Strategic,2098.53,1599.89,23.76,86,137590.33
ORD-002671,2025-01-01,Medical,MED-009,EMEA,Direct,Transactional,2098.53,1961.33,6.54,53,103950.23
ORD-002672,2025-01-01,Medical,MED-009,North America,Direct,Transactional,2098.53,1955.46,6.82,60,117327.68
ORD-002673,2025-01-01,Medical,MED-009,EMEA,Distributor,Standard,2098.53,1856.18,11.55,108,200467.18
ORD-002674,2025-01-01,Medical,MED-009,EMEA,Distributor,Strategic,2098.53,1597.1,23.89,132,210817.75
ORD-002675,2025-01-01,Medical,MED-009,North America,Direct,Standard,2098.53,1873.48,10.72,93,174233.78
ORD-002676,2025-01-01,Medical,MED-009,North America,Direct,Transactional,2098.53,1930.32,8.02,60,115819.27
ORD-002677,2025-01-01,Medical,MED-009,North America,Distributor,Transactional,2098.53,1837.31,12.45,59,108401.23
ORD-002678,2025-01-01,Medical,MED-010,North America,Distributor,Standard,1465.42,1253.18,14.48,62,77696.87
ORD-002679,2025-01-01,Medical,MED-010,EMEA,Direct,Strategic,1465.42,1204.73,17.79,130,156614.52
ORD-002680,2025-01-01,Medical,MED-010,APAC,Distributor,Strategic,1465.42,1107.07,24.45,103,114027.91
ORD-002681,2025-01-01,Medical,MED-010,North America,Distributor,Standard,1465.42,1269.16,13.39,67,85033.71
ORD-002682,2025-01-01,Medical,MED-010,APAC,Direct,Standard,1465.42,1300.03,11.29,43,55901.17
ORD-002683,2025-01-01,Medical,MED-010,APAC,Direct,Standard,1465.42,1284.2,12.37,63,80904.54
ORD-002684,2025-01-01,Medical,MED-010,North America,Distributor,Transactional,1465.42,1313.79,10.35,46,60434.35
ORD-002685,2025-01-01,Medical,MED-010,North America,Direct,Transactional,1465.42,1398.58,4.56,80,111886.41
ORD-002686,2025-01-01,Medical,MED-010,EMEA,Distributor,Standard,1465.42,1266.33,13.59,121,153225.66
ORD-002687,2025-01-01,Medical,MED-010,North America,Distributor,Transactional,1465.42,1321.41,9.83,86,113641.14
ORD-002688,2025-01-01,Medical,MED-010,EMEA,Distributor,Standard,1465.42,1229.88,16.07,72,88551.4
ORD-002689,2025-01-01,Medical,MED-010,North America,Direct,Strategic,1465.42,1208.63,17.52,87,105150.5
ORD-002690,2025-01-01,Medical,MED-010,EMEA,Distributor,Transactional,1465.42,1322.5,9.75,57,75382.72
ORD-002691,2025-01-01,Medical,MED-010,EMEA,Distributor,Transactional,1465.42,1327.94,9.38,47,62413.22
ORD-002692,2025-01-01,Industrial,IND-001,EMEA,Direct,Transactional,2907.96,2797.53,3.8,58,162256.86
ORD-002693,2025-01-01,Industrial,IND-001,EMEA,Distributor,Strategic,2907.96,2278.02,21.66,106,241470.12
ORD-002694,2025-01-01,Industrial,IND-001,APAC,Direct,Transactional,2907.96,2727.5,6.21,55,150012.29
ORD-002695,2025-01-01,Industrial,IND-001,EMEA,Distributor,Standard,2907.96,2484.0,14.58,75,186299.97
ORD-002696,2025-01-01,Industrial,IND-001,North America,Distributor,Standard,2907.96,2524.49,13.19,88,222155.25
ORD-002697,2025-01-01,Industrial,IND-001,EMEA,Distributor,Transactional,2907.96,2595.81,10.73,52,134981.93
ORD-002698,2025-01-01,Industrial,IND-001,EMEA,Direct,Standard,2907.96,2543.59,12.53,103,261989.44
ORD-002699,2025-01-01,Industrial,IND-001,APAC,Direct,Transactional,2907.96,2666.04,8.32,68,181290.5
ORD-002700,2025-01-01,Industrial,IND-001,North America,Direct,Strategic,2907.96,2431.73,16.38,125,303965.86
ORD-002701,2025-01-01,Industrial,IND-001,EMEA,Distributor,Standard,2907.96,2516.69,13.46,72,181201.62
ORD-002702,2025-01-01,Industrial,IND-001,North America,Distributor,Strategic,2907.96,2275.46,21.75,185,420959.81
ORD-002703,2025-01-01,Industrial,IND-001,North America,Distributor,Standard,2907.96,2475.71,14.86,79,195581.39
ORD-002704,2025-01-01,Industrial,IND-001,APAC,Direct,Standard,2907.96,2540.7,12.63,79,200715.02
ORD-002705,2025-01-01,Industrial,IND-001,EMEA,Direct,Transactional,2907.96,2692.66,7.4,61,164252.17
ORD-002706,2025-01-01,Industrial,IND-002,EMEA,Distributor,Transactional,782.75,690.68,11.76,70,48347.36
ORD-002707,2025-01-01,Industrial,IND-002,APAC,Distributor,Standard,782.75,677.5,13.45,71,48102.16
ORD-002708,2025-01-01,Industrial,IND-002,APAC,Direct,Transactional,782.75,719.48,8.08,52,37412.94
ORD-002709,2025-01-01,Industrial,IND-002,APAC,Distributor,Standard,782.75,661.84,15.45,68,45005.35
ORD-002710,2025-01-01,Industrial,IND-002,EMEA,Distributor,Standard,782.75,663.38,15.25,95,63021.57
ORD-002711,2025-01-01,Industrial,IND-002,EMEA,Distributor,Standard,782.75,684.05,12.61,54,36938.5
ORD-002712,2025-01-01,Industrial,IND-002,EMEA,Distributor,Transactional,782.75,706.75,9.71,90,63607.23
ORD-002713,2025-01-01,Industrial,IND-002,EMEA,Distributor,Standard,782.75,643.11,17.84,93,59809.35
ORD-002714,2025-01-01,Industrial,IND-002,APAC,Distributor,Transactional,782.75,696.99,10.96,56,39031.39
ORD-002715,2025-01-01,Industrial,IND-002,APAC,Direct,Transactional,782.75,711.48,9.1,42,29882.04
ORD-002716,2025-01-01,Industrial,IND-002,APAC,Direct,Strategic,782.75,597.15,23.71,111,66283.34
ORD-002717,2025-01-01,Industrial,IND-002,EMEA,Distributor,Transactional,782.75,697.79,10.85,82,57218.66
ORD-002718,2025-01-01,Industrial,IND-002,EMEA,Distributor,Standard,782.75,675.27,13.73,123,83058.22
ORD-002719,2025-01-01,Industrial,IND-002,North America,Direct,Transactional,782.75,733.49,6.29,57,41808.83
ORD-002720,2025-01-01,Industrial,IND-002,North America,Direct,Transactional,782.75,709.38,9.37,46,32631.69
ORD-002721,2025-01-01,Industrial,IND-002,North America,Distributor,Transactional,782.75,689.67,11.89,53,36552.31
ORD-002722,2025-01-01,Industrial,IND-003,North America,Distributor,Standard,1469.54,1285.06,12.55,68,87383.77
ORD-002723,2025-01-01,Industrial,IND-003,APAC,Distributor,Standard,1469.54,1263.82,14.0,67,84675.72
ORD-002724,2025-01-01,Industrial,IND-003,APAC,Direct,Standard,1469.54,1267.22,13.77,61,77300.25
ORD-002725,2025-01-01,Industrial,IND-003,APAC,Distributor,Standard,1469.54,1205.42,17.97,85,102461.12
ORD-002726,2025-01-01,Industrial,IND-003,APAC,Direct,Transactional,1469.54,1360.85,7.4,32,43547.19
ORD-002727,2025-01-01,Industrial,IND-003,EMEA,Direct,Standard,1469.54,1316.39,10.42,93,122424.43
ORD-002728,2025-01-01,Industrial,IND-003,North America,Direct,Transactional,1469.54,1428.53,2.79,70,99997.22
ORD-002729,2025-01-01,Industrial,IND-003,EMEA,Direct,Standard,1469.54,1336.32,9.07,55,73497.42
ORD-002730,2025-01-01,Industrial,IND-003,APAC,Direct,Standard,1469.54,1290.38,12.19,58,74842.13
ORD-002731,2025-01-01,Industrial,IND-003,APAC,Direct,Standard,1469.54,1264.15,13.98,60,75848.79
ORD-002732,2025-01-01,Industrial,IND-003,EMEA,Direct,Strategic,1469.54,1128.37,23.22,68,76728.97
ORD-002733,2025-01-01,Industrial,IND-003,North America,Direct,Standard,1469.54,1348.19,8.26,82,110551.74
ORD-002734,2025-01-01,Industrial,IND-003,North America,Distributor,Strategic,1469.54,1138.69,22.51,138,157138.92
ORD-002735,2025-01-01,Industrial,IND-003,APAC,Direct,Standard,1469.54,1280.17,12.89,70,89612.08
ORD-002736,2025-01-01,Industrial,IND-003,North America,Direct,Standard,1469.54,1298.9,11.61,53,68841.95
ORD-002737,2025-01-01,Industrial,IND-003,EMEA,Direct,Strategic,1469.54,1186.39,19.27,99,117452.39
ORD-002738,2025-01-01,Industrial,IND-003,North America,Distributor,Standard,1469.54,1298.97,11.61,74,96123.92
ORD-002739,2025-01-01,Industrial,IND-003,APAC,Distributor,Strategic,1469.54,1101.54,25.04,149,164129.19
ORD-002740,2025-01-01,Industrial,IND-003,EMEA,Direct,Standard,1469.54,1287.31,12.4,75,96548.37
ORD-002741,2025-01-01,Industrial,IND-003,EMEA,Direct,Standard,1469.54,1338.67,8.91,78,104416.5
ORD-002742,2025-01-01,Industrial,IND-004,North America,Distributor,Standard,1803.46,1534.83,14.89,109,167296.86
ORD-002743,2025-01-01,Industrial,IND-004,EMEA,Distributor,Transactional,1803.46,1609.58,10.75,63,101403.4
ORD-002744,2025-01-01,Industrial,IND-004,North America,Distributor,Standard,1803.46,1533.53,14.97,96,147218.84
ORD-002745,2025-01-01,Industrial,IND-004,North America,Direct,Transactional,1803.46,1629.98,9.62,82,133658.2
ORD-002746,2025-01-01,Industrial,IND-004,North America,Distributor,Standard,1803.46,1523.43,15.53,114,173670.63
ORD-002747,2025-01-01,Industrial,IND-004,North America,Distributor,Standard,1803.46,1504.18,16.59,60,90250.83
ORD-002748,2025-01-01,Industrial,IND-004,EMEA,Distributor,Transactional,1803.46,1597.81,11.4,87,139009.67
ORD-002749,2025-01-01,Industrial,IND-004,North America,Distributor,Standard,1803.46,1527.57,15.3,87,132898.22
ORD-002750,2025-01-01,Industrial,IND-004,APAC,Direct,Transactional,1803.46,1616.95,10.34,49,79230.77
ORD-002751,2025-01-01,Industrial,IND-004,APAC,Direct,Transactional,1803.46,1688.09,6.4,78,131671.32
ORD-002752,2025-01-01,Industrial,IND-004,EMEA,Distributor,Standard,1803.46,1553.99,13.83,121,188033.38
ORD-002753,2025-01-01,Industrial,IND-004,EMEA,Distributor,Strategic,1803.46,1368.09,24.14,168,229839.42
ORD-002754,2025-01-01,Industrial,IND-004,EMEA,Direct,Transactional,1803.46,1695.74,5.97,59,100048.58
ORD-002755,2025-01-01,Industrial,IND-004,APAC,Distributor,Transactional,1803.46,1600.19,11.27,67,107212.62
ORD-002756,2025-01-01,Industrial,IND-004,EMEA,Direct,Strategic,1803.46,1473.55,18.29,73,107569.43
ORD-002757,2025-01-01,Industrial,IND-004,North America,Distributor,Transactional,1803.46,1606.46,10.92,64,102813.4
ORD-002758,2025-01-01,Industrial,IND-004,North America,Distributor,Standard,1803.46,1502.74,16.67,119,178825.5
ORD-002759,2025-01-01,Industrial,IND-004,EMEA,Direct,Standard,1803.46,1627.96,9.73,88,143260.49
ORD-002760,2025-01-01,Industrial,IND-004,APAC,Distributor,Transactional,1803.46,1653.66,8.31,35,57878.12
ORD-002761,2025-01-01,Industrial,IND-004,EMEA,Direct,Transactional,1803.46,1767.39,2.0,64,113112.83
ORD-002762,2025-01-01,Industrial,IND-004,EMEA,Distributor,Strategic,1803.46,1394.68,22.67,105,146441.59
ORD-002763,2025-01-01,Industrial,IND-005,North America,Direct,Standard,2207.07,2000.15,9.38,82,164012.35
ORD-002764,2025-01-01,Industrial,IND-005,North America,Distributor,Standard,2207.07,1864.91,15.5,165,307709.65
ORD-002765,2025-01-01,Industrial,IND-005,North America,Direct,Standard,2207.07,1973.98,10.56,125,246747.91
ORD-002766,2025-01-01,Industrial,IND-005,EMEA,Direct,Standard,2207.07,1950.45,11.63,71,138481.84
ORD-002767,2025-01-01,Industrial,IND-005,North America,Distributor,Transactional,2207.07,1995.34,9.59,69,137678.69
ORD-002768,2025-01-01,Industrial,IND-005,EMEA,Direct,Transactional,2207.07,2046.59,7.27,70,143261.51
ORD-002769,2025-01-01,Industrial,IND-005,EMEA,Distributor,Standard,2207.07,1870.24,15.26,119,222558.08
ORD-002770,2025-01-01,Industrial,IND-005,EMEA,Distributor,Transactional,2207.07,1964.37,11.0,88,172864.6
ORD-002771,2025-01-01,Industrial,IND-005,North America,Direct,Standard,2207.07,1954.87,11.43,64,125111.88
ORD-002772,2025-01-01,Industrial,IND-005,North America,Distributor,Standard,2207.07,1881.33,14.76,102,191896.15
ORD-002773,2025-01-01,Industrial,IND-005,APAC,Distributor,Standard,2207.07,1836.86,16.77,78,143275.07
ORD-002774,2025-01-01,Industrial,IND-005,North America,Direct,Transactional,2207.07,2018.7,8.53,50,100934.78
ORD-002775,2025-01-01,Industrial,IND-005,North America,Direct,Standard,2207.07,1976.28,10.46,118,233201.0
ORD-002776,2025-01-01,Industrial,IND-005,APAC,Direct,Transactional,2207.07,2068.77,6.27,45,93094.82
ORD-002777,2025-01-01,Industrial,IND-005,EMEA,Direct,Standard,2207.07,1943.16,11.96,104,202088.14
ORD-002778,2025-01-01,Industrial,IND-006,EMEA,Direct,Transactional,3687.76,3463.48,6.08,61,211272.24
ORD-002779,2025-01-01,Industrial,IND-006,APAC,Distributor,Transactional,3687.76,3145.43,14.71,50,157271.26
ORD-002780,2025-01-01,Industrial,IND-006,EMEA,Distributor,Standard,3687.76,3117.96,15.45,96,299324.32
ORD-002781,2025-01-01,Industrial,IND-006,APAC,Direct,Transactional,3687.76,3379.07,8.37,81,273704.79
ORD-002782,2025-01-01,Industrial,IND-006,North America,Direct,Standard,3687.76,3186.05,13.6,86,274000.39
ORD-002783,2025-01-01,Industrial,IND-006,North America,Distributor,Standard,3687.76,3009.81,18.38,113,340108.26
ORD-002784,2025-01-01,Industrial,IND-006,APAC,Distributor,Standard,3687.76,3158.22,14.36,53,167385.57
ORD-002785,2025-01-01,Industrial,IND-006,EMEA,Direct,Transactional,3687.76,3413.61,7.43,70,238952.6
ORD-002786,2025-01-01,Industrial,IND-006,APAC,Direct,Transactional,3687.76,3382.87,8.27,54,182674.99
ORD-002787,2025-01-01,Industrial,IND-006,EMEA,Distributor,Transactional,3687.76,3297.88,10.57,57,187979.04
ORD-002788,2025-01-01,Industrial,IND-006,North America,Distributor,Standard,3687.76,3121.37,15.36,81,252830.85
ORD-002789,2025-01-01,Industrial,IND-006,North America,Direct,Standard,3687.76,3231.08,12.38,50,161553.81
ORD-002790,2025-01-01,Industrial,IND-006,APAC,Distributor,Transactional,3687.76,3320.7,9.95,46,152752.11
ORD-002791,2025-01-01,Industrial,IND-006,North America,Direct,Standard,3687.76,3377.39,8.42,75,253304.1
ORD-002792,2025-01-01,Industrial,IND-006,EMEA,Direct,Standard,3687.76,3233.26,12.32,82,265127.36
ORD-002793,2025-01-01,Industrial,IND-006,North America,Direct,Strategic,3687.76,2984.47,19.07,109,325307.43
ORD-002794,2025-01-01,Industrial,IND-007,APAC,Direct,Standard,1053.5,922.16,12.47,46,42419.38
ORD-002795,2025-01-01,Industrial,IND-007,North America,Direct,Standard,1053.5,935.44,11.21,76,71093.22
ORD-002796,2025-01-01,Industrial,IND-007,North America,Direct,Transactional,1053.5,1006.15,4.49,50,50307.51
ORD-002797,2025-01-01,Industrial,IND-007,APAC,Distributor,Transactional,1053.5,924.53,12.24,77,71188.68
ORD-002798,2025-01-01,Industrial,IND-007,APAC,Direct,Transactional,1053.5,969.04,8.02,54,52328.41
ORD-002799,2025-01-01,Industrial,IND-007,EMEA,Direct,Strategic,1053.5,870.43,17.38,86,74857.08
ORD-002800,2025-01-01,Industrial,IND-007,APAC,Direct,Strategic,1053.5,858.71,18.49,61,52381.2
ORD-002801,2025-01-01,Industrial,IND-007,EMEA,Distributor,Standard,1053.5,879.97,16.47,78,68637.96
ORD-002802,2025-01-01,Industrial,IND-007,North America,Direct,Strategic,1053.5,876.97,16.76,103,90328.28
ORD-002803,2025-01-01,Industrial,IND-007,EMEA,Direct,Standard,1053.5,936.1,11.14,73,68335.0
ORD-002804,2025-01-01,Industrial,IND-007,EMEA,Direct,Standard,1053.5,946.92,10.12,78,73859.98
ORD-002805,2025-01-01,Industrial,IND-008,APAC,Direct,Strategic,2468.76,1981.15,19.75,83,164435.5
ORD-002806,2025-01-01,Industrial,IND-008,EMEA,Distributor,Standard,2468.76,2219.94,10.08,87,193135.01
ORD-002807,2025-01-01,Industrial,IND-008,North America,Direct,Standard,2468.76,2222.58,9.97,63,140022.48
ORD-002808,2025-01-01,Industrial,IND-008,APAC,Distributor,Transactional,2468.76,2153.48,12.77,68,146436.45
ORD-002809,2025-01-01,Industrial,IND-008,APAC,Distributor,Standard,2468.76,2077.85,15.83,101,209862.45
ORD-002810,2025-01-01,Industrial,IND-008,North America,Direct,Transactional,2468.76,2351.95,4.73,47,110541.45
ORD-002811,2025-01-01,Industrial,IND-008,EMEA,Distributor,Standard,2468.76,2108.08,14.61,79,166538.46
ORD-002812,2025-01-01,Industrial,IND-008,EMEA,Distributor,Transactional,2468.76,2168.98,12.14,63,136645.51
ORD-002813,2025-01-01,Industrial,IND-008,APAC,Direct,Standard,2468.76,2205.08,10.68,76,167586.31
ORD-002814,2025-01-01,Industrial,IND-008,North America,Distributor,Strategic,2468.76,1869.27,24.28,154,287867.88
ORD-002815,2025-01-01,Industrial,IND-008,APAC,Direct,Standard,2468.76,2115.11,14.32,78,164978.83
ORD-002816,2025-01-01,Industrial,IND-008,APAC,Distributor,Standard,2468.76,2067.32,16.26,61,126106.75
ORD-002817,2025-01-01,Industrial,IND-008,North America,Direct,Strategic,2468.76,1952.65,20.91,119,232365.89
ORD-002818,2025-01-01,Industrial,IND-008,North America,Direct,Standard,2468.76,2163.66,12.36,109,235839.06
ORD-002819,2025-01-01,Industrial,IND-008,North America,Distributor,Transactional,2468.76,2201.98,10.81,114,251025.19
ORD-002820,2025-01-01,Industrial,IND-008,North America,Distributor,Transactional,2468.76,2223.69,9.93,79,175671.17
ORD-002821,2025-01-01,Industrial,IND-008,APAC,Direct,Standard,2468.76,2210.93,10.44,95,210038.07
ORD-002822,2025-01-01,Industrial,IND-008,APAC,Direct,Transactional,2468.76,2342.04,5.13,47,110076.01
ORD-002823,2025-01-01,Industrial,IND-008,EMEA,Distributor,Transactional,2468.76,2211.94,10.4,79,174743.63
ORD-002824,2025-01-01,Industrial,IND-008,APAC,Direct,Standard,2468.76,2204.43,10.71,38,83768.22
ORD-002825,2025-01-01,Industrial,IND-009,EMEA,Direct,Transactional,2820.5,2628.38,6.81,75,197128.86
ORD-002826,2025-01-01,Industrial,IND-009,APAC,Direct,Standard,2820.5,2454.31,12.98,43,105535.12
ORD-002827,2025-01-01,Industrial,IND-009,North America,Distributor,Standard,2820.5,2436.87,13.6,83,202260.36
ORD-002828,2025-01-01,Industrial,IND-009,EMEA,Distributor,Standard,2820.5,2418.98,14.24,50,120948.81
ORD-002829,2025-01-01,Industrial,IND-009,North America,Direct,Standard,2820.5,2518.35,10.71,98,246798.46
ORD-002830,2025-01-01,Industrial,IND-009,North America,Distributor,Standard,2820.5,2425.96,13.99,72,174669.21
ORD-002831,2025-01-01,Industrial,IND-009,North America,Distributor,Transactional,2820.5,2481.88,12.01,65,161322.33
ORD-002832,2025-01-01,Industrial,IND-009,APAC,Distributor,Strategic,2820.5,2146.07,23.91,91,195292.79
ORD-002833,2025-01-01,Industrial,IND-009,EMEA,Distributor,Strategic,2820.5,2196.68,22.12,79,173537.38
ORD-002834,2025-01-01,Industrial,IND-009,APAC,Distributor,Standard,2820.5,2434.31,13.69,70,170401.78
ORD-002835,2025-01-01,Industrial,IND-009,EMEA,Direct,Standard,2820.5,2527.62,10.38,86,217374.96
ORD-002836,2025-01-01,Industrial,IND-009,APAC,Direct,Standard,2820.5,2504.15,11.22,79,197828.13
ORD-002837,2025-01-01,Industrial,IND-009,EMEA,Direct,Standard,2820.5,2546.0,9.73,62,157851.88
ORD-002838,2025-01-01,Industrial,IND-009,EMEA,Direct,Strategic,2820.5,2327.72,17.47,71,165268.43
ORD-002839,2025-01-01,Industrial,IND-009,North America,Distributor,Transactional,2820.5,2557.82,9.31,64,163700.25
ORD-002840,2025-01-01,Industrial,IND-009,APAC,Direct,Standard,2820.5,2417.22,14.3,36,87019.89
ORD-002841,2025-01-01,Industrial,IND-009,EMEA,Direct,Standard,2820.5,2556.47,9.36,75,191735.07
ORD-002842,2025-01-01,Industrial,IND-010,North America,Direct,Standard,364.13,319.35,12.3,47,15009.65
ORD-002843,2025-01-01,Industrial,IND-010,EMEA,Direct,Transactional,364.13,337.92,7.2,46,15544.27
ORD-002844,2025-01-01,Industrial,IND-010,APAC,Direct,Transactional,364.13,321.9,11.6,61,19635.7
ORD-002845,2025-01-01,Industrial,IND-010,EMEA,Distributor,Transactional,364.13,319.2,12.34,34,10852.74
ORD-002846,2025-01-01,Industrial,IND-010,EMEA,Distributor,Standard,364.13,306.01,15.96,75,22951.07
ORD-002847,2025-01-01,Industrial,IND-010,EMEA,Distributor,Standard,364.13,300.16,17.57,71,21311.41
ORD-002848,2025-01-01,Industrial,IND-010,North America,Direct,Standard,364.13,323.02,11.29,97,31333.19
ORD-002849,2025-01-01,Industrial,IND-010,North America,Direct,Transactional,364.13,339.82,6.68,57,19369.86
ORD-002850,2025-01-01,Industrial,IND-010,EMEA,Distributor,Standard,364.13,313.81,13.82,60,18828.74
ORD-002851,2025-01-01,Industrial,IND-010,EMEA,Distributor,Transactional,364.13,328.82,9.7,60,19729.44
ORD-002852,2025-01-01,Industrial,IND-010,APAC,Direct,Transactional,364.13,339.62,6.73,38,12905.46
ORD-002853,2025-01-01,Industrial,IND-010,APAC,Distributor,Standard,364.13,305.06,16.22,78,23794.96
ORD-002854,2025-01-01,Industrial,IND-010,EMEA,Direct,Standard,364.13,321.31,11.76,81,26026.51
ORD-002855,2025-01-01,Industrial,IND-010,North America,Direct,Transactional,364.13,334.69,8.08,61,20416.17
ORD-002856,2025-01-01,Industrial,IND-010,APAC,Distributor,Transactional,364.13,319.2,12.34,53,16917.76
ORD-002857,2025-01-01,Industrial,IND-010,EMEA,Distributor,Transactional,364.13,319.5,12.26,47,15016.38
ORD-002858,2025-01-01,Food & Beverage,FOO-001,EMEA,Direct,Strategic,2888.57,2343.68,18.86,97,227337.19
ORD-002859,2025-01-01,Food & Beverage,FOO-001,North America,Direct,Transactional,2888.57,2719.98,5.84,47,127839.2
ORD-002860,2025-01-01,Food & Beverage,FOO-001,North America,Direct,Transactional,2888.57,2730.45,5.47,68,185670.87
ORD-002861,2025-01-01,Food & Beverage,FOO-001,APAC,Direct,Transactional,2888.57,2703.7,6.4,71,191962.49
ORD-002862,2025-01-01,Food & Beverage,FOO-001,EMEA,Direct,Standard,2888.57,2658.03,7.98,85,225932.58
ORD-002863,2025-01-01,Food & Beverage,FOO-001,EMEA,Direct,Strategic,2888.57,2393.81,17.13,135,323164.68
ORD-002864,2025-01-01,Food & Beverage,FOO-001,North America,Direct,Transactional,2888.57,2722.56,5.75,51,138850.78
ORD-002865,2025-01-01,Food & Beverage,FOO-001,EMEA,Direct,Standard,2888.57,2531.94,12.35,63,159512.3
ORD-002866,2025-01-01,Food & Beverage,FOO-001,EMEA,Direct,Transactional,2888.57,2740.61,5.12,80,219249.14
ORD-002867,2025-01-01,Food & Beverage,FOO-001,EMEA,Distributor,Strategic,2888.57,2197.77,23.91,111,243953.0
ORD-002868,2025-01-01,Food & Beverage,FOO-001,APAC,Direct,Strategic,2888.57,2302.49,20.29,75,172686.67
ORD-002869,2025-01-01,Food & Beverage,FOO-001,EMEA,Direct,Standard,2888.57,2572.93,10.93,66,169813.5
ORD-002870,2025-01-01,Food & Beverage,FOO-001,North America,Distributor,Transactional,2888.57,2557.52,11.46,63,161123.68
ORD-002871,2025-01-01,Food & Beverage,FOO-001,North America,Direct,Transactional,2888.57,2683.35,7.1,62,166367.87
ORD-002872,2025-01-01,Food & Beverage,FOO-002,North America,Distributor,Transactional,922.36,825.24,10.53,87,71795.51
ORD-002873,2025-01-01,Food & Beverage,FOO-002,North America,Direct,Strategic,922.36,764.19,17.15,83,63427.56
ORD-002874,2025-01-01,Food & Beverage,FOO-002,North America,Direct,Standard,922.36,823.58,10.71,64,52709.13
ORD-002875,2025-01-01,Food & Beverage,FOO-002,North America,Distributor,Standard,922.36,778.16,15.63,130,101160.7
ORD-002876,2025-01-01,Food & Beverage,FOO-002,EMEA,Direct,Standard,922.36,828.19,10.21,78,64598.65
ORD-002877,2025-01-01,Food & Beverage,FOO-002,EMEA,Direct,Standard,922.36,809.67,12.22,89,72060.49
ORD-002878,2025-01-01,Food & Beverage,FOO-002,APAC,Direct,Transactional,922.36,839.94,8.94,74,62155.22
ORD-002879,2025-01-01,Food & Beverage,FOO-002,APAC,Distributor,Transactional,922.36,820.19,11.08,42,34447.8
ORD-002880,2025-01-01,Food & Beverage,FOO-002,EMEA,Direct,Standard,922.36,848.8,7.97,71,60264.98
ORD-002881,2025-01-01,Food & Beverage,FOO-002,North America,Distributor,Transactional,922.36,845.81,8.3,78,65973.04
ORD-002882,2025-01-01,Food & Beverage,FOO-002,APAC,Direct,Transactional,922.36,849.27,7.92,30,25478.2
ORD-002883,2025-01-01,Food & Beverage,FOO-002,EMEA,Direct,Transactional,922.36,850.59,7.78,71,60392.13
ORD-002884,2025-01-01,Food & Beverage,FOO-002,North America,Direct,Transactional,922.36,883.96,4.16,67,59225.17
ORD-002885,2025-01-01,Food & Beverage,FOO-002,EMEA,Distributor,Transactional,922.36,834.14,9.56,45,37536.32
ORD-002886,2025-01-01,Food & Beverage,FOO-003,EMEA,Direct,Transactional,447.82,428.92,4.22,61,26164.26
ORD-002887,2025-01-01,Food & Beverage,FOO-003,North America,Distributor,Strategic,447.82,342.21,23.58,136,46540.22
ORD-002888,2025-01-01,Food & Beverage,FOO-003,EMEA,Distributor,Transactional,447.82,381.35,14.84,59,22499.9
ORD-002889,2025-01-01,Food & Beverage,FOO-003,EMEA,Distributor,Transactional,447.82,407.04,9.11,57,23201.13
ORD-002890,2025-01-01,Food & Beverage,FOO-003,EMEA,Distributor,Strategic,447.82,334.91,25.21,84,28132.73
ORD-002891,2025-01-01,Food & Beverage,FOO-003,North America,Distributor,Transactional,447.82,399.57,10.77,75,29967.89
ORD-002892,2025-01-01,Food & Beverage,FOO-003,EMEA,Distributor,Strategic,447.82,352.76,21.23,148,52208.76
ORD-002893,2025-01-01,Food & Beverage,FOO-003,North America,Distributor,Transactional,447.82,404.44,9.69,47,19008.85
ORD-002894,2025-01-01,Food & Beverage,FOO-003,North America,Distributor,Standard,447.82,368.46,17.72,94,34635.65
ORD-002895,2025-01-01,Food & Beverage,FOO-003,North America,Distributor,Standard,447.82,383.27,14.41,86,32961.36
ORD-002896,2025-01-01,Food & Beverage,FOO-003,EMEA,Distributor,Transactional,447.82,407.22,9.07,51,20768.16
ORD-002897,2025-01-01,Food & Beverage,FOO-004,APAC,Distributor,Transactional,4424.31,3886.98,12.15,51,198236.0
ORD-002898,2025-01-01,Food & Beverage,FOO-004,EMEA,Distributor,Standard,4424.31,3721.62,15.88,79,294007.85
ORD-002899,2025-01-01,Food & Beverage,FOO-004,APAC,Distributor,Standard,4424.31,3758.14,15.06,70,263069.61
ORD-002900,2025-01-01,Food & Beverage,FOO-004,North America,Direct,Standard,4424.31,4054.38,8.36,90,364893.75
ORD-002901,2025-01-01,Food & Beverage,FOO-004,EMEA,Distributor,Transactional,4424.31,3789.58,14.35,56,212216.74
ORD-002902,2025-01-01,Food & Beverage,FOO-004,EMEA,Direct,Transactional,4424.31,4123.24,6.81,45,185545.68
ORD-002903,2025-01-01,Food & Beverage,FOO-004,North America,Distributor,Strategic,4424.31,3365.46,23.93,140,471163.98
ORD-002904,2025-01-01,Food & Beverage,FOO-004,APAC,Distributor,Standard,4424.31,3698.31,16.41,88,325451.16
ORD-002905,2025-01-01,Food & Beverage,FOO-004,North America,Direct,Standard,4424.31,3946.81,10.79,115,453883.48
ORD-002906,2025-01-01,Food & Beverage,FOO-004,North America,Distributor,Transactional,4424.31,3906.39,11.71,65,253915.35
ORD-002907,2025-01-01,Food & Beverage,FOO-004,APAC,Direct,Standard,4424.31,3975.1,10.15,54,214655.44
ORD-002908,2025-01-01,Food & Beverage,FOO-004,APAC,Direct,Standard,4424.31,3887.56,12.13,112,435406.47
ORD-002909,2025-01-01,Food & Beverage,FOO-004,EMEA,Direct,Standard,4424.31,3930.18,11.17,53,208299.34
ORD-002910,2025-01-01,Food & Beverage,FOO-004,North America,Direct,Standard,4424.31,3996.05,9.68,65,259743.2
ORD-002911,2025-01-01,Food & Beverage,FOO-004,North America,Distributor,Strategic,4424.31,3383.91,23.52,128,433140.75
ORD-002912,2025-01-01,Food & Beverage,FOO-004,EMEA,Direct,Standard,4424.31,4012.16,9.32,76,304923.82
ORD-002913,2025-01-01,Food & Beverage,FOO-004,North America,Direct,Standard,4424.31,3925.27,11.28,97,380751.34
ORD-002914,2025-01-01,Food & Beverage,FOO-004,North America,Direct,Standard,4424.31,3815.38,13.76,72,274707.54
ORD-002915,2025-01-01,Food & Beverage,FOO-005,APAC,Direct,Transactional,4499.66,4259.95,5.33,46,195957.66
ORD-002916,2025-01-01,Food & Beverage,FOO-005,EMEA,Direct,Standard,4499.66,4055.71,9.87,77,312289.42
ORD-002917,2025-01-01,Food & Beverage,FOO-005,APAC,Direct,Standard,4499.66,3944.64,12.33,124,489135.66
ORD-002918,2025-01-01,Food & Beverage,FOO-005,North America,Distributor,Standard,4499.66,3870.26,13.99,93,359934.59
ORD-002919,2025-01-01,Food & Beverage,FOO-005,EMEA,Direct,Strategic,4499.66,3670.59,18.43,163,598306.27
ORD-002920,2025-01-01,Food & Beverage,FOO-005,APAC,Direct,Standard,4499.66,3985.95,11.42,55,219227.31
ORD-002921,2025-01-01,Food & Beverage,FOO-005,APAC,Distributor,Standard,4499.66,3868.49,14.03,59,228241.12
ORD-002922,2025-01-01,Food & Beverage,FOO-005,EMEA,Direct,Transactional,4499.66,4284.96,4.77,55,235672.85
ORD-002923,2025-01-01,Food & Beverage,FOO-005,APAC,Distributor,Transactional,4499.66,3944.38,12.34,50,197219.13
ORD-002924,2025-01-01,Food & Beverage,FOO-005,APAC,Direct,Transactional,4499.66,4141.7,7.96,51,211226.82
ORD-002925,2025-01-01,Food & Beverage,FOO-005,EMEA,Distributor,Transactional,4499.66,4072.89,9.48,41,166988.63
ORD-002926,2025-01-01,Food & Beverage,FOO-005,North America,Direct,Transactional,4499.66,4155.72,7.64,41,170384.56
ORD-002927,2025-01-01,Food & Beverage,FOO-005,North America,Direct,Transactional,4499.66,4274.62,5.0,52,222280.49
ORD-002928,2025-01-01,Food & Beverage,FOO-005,APAC,Distributor,Transactional,4499.66,3890.31,13.54,56,217857.17
ORD-002929,2025-01-01,Food & Beverage,FOO-006,North America,Direct,Strategic,3792.24,3022.49,20.3,106,320383.65
ORD-002930,2025-01-01,Food & Beverage,FOO-006,EMEA,Direct,Strategic,3792.24,3098.69,18.29,91,281981.06
ORD-002931,2025-01-01,Food & Beverage,FOO-006,North America,Direct,Transactional,3792.24,3586.59,5.42,57,204435.53
ORD-002932,2025-01-01,Food & Beverage,FOO-006,North America,Distributor,Standard,3792.24,3273.28,13.68,76,248768.94
ORD-002933,2025-01-01,Food & Beverage,FOO-006,EMEA,Direct,Transactional,3792.24,3576.89,5.68,38,135921.79
ORD-002934,2025-01-01,Food & Beverage,FOO-006,North America,Distributor,Transactional,3792.24,3423.98,9.71,93,318430.28
ORD-002935,2025-01-01,Food & Beverage,FOO-006,North America,Direct,Standard,3792.24,3440.25,9.28,100,344025.39
ORD-002936,2025-01-01,Food & Beverage,FOO-006,EMEA,Distributor,Standard,3792.24,3291.76,13.2,56,184338.46
ORD-002937,2025-01-01,Food & Beverage,FOO-006,North America,Distributor,Standard,3792.24,3264.75,13.91,69,225268.09
ORD-002938,2025-01-01,Food & Beverage,FOO-006,EMEA,Direct,Transactional,3792.24,3616.58,4.63,49,177212.53
ORD-002939,2025-01-01,Food & Beverage,FOO-006,North America,Distributor,Transactional,3792.24,3362.35,11.34,85,285799.89
ORD-002940,2025-01-01,Food & Beverage,FOO-006,APAC,Direct,Strategic,3792.24,3079.33,18.8,82,252505.3
ORD-002941,2025-01-01,Food & Beverage,FOO-006,North America,Distributor,Transactional,3792.24,3341.02,11.9,55,183756.05
ORD-002942,2025-01-01,Food & Beverage,FOO-007,North America,Direct,Transactional,1525.64,1436.71,5.83,78,112063.62
ORD-002943,2025-01-01,Food & Beverage,FOO-007,EMEA,Distributor,Strategic,1525.64,1161.71,23.85,135,156830.99
ORD-002944,2025-01-01,Food & Beverage,FOO-007,North America,Direct,Standard,1525.64,1369.8,10.21,71,97256.06
ORD-002945,2025-01-01,Food & Beverage,FOO-007,APAC,Direct,Transactional,1525.64,1451.21,4.88,65,94328.51
ORD-002946,2025-01-01,Food & Beverage,FOO-007,EMEA,Distributor,Standard,1525.64,1281.19,16.02,75,96089.57
ORD-002947,2025-01-01,Food & Beverage,FOO-007,EMEA,Direct,Transactional,1525.64,1382.85,9.36,46,63611.09
ORD-002948,2025-01-01,Food & Beverage,FOO-007,North America,Distributor,Standard,1525.64,1298.49,14.89,79,102580.62
ORD-002949,2025-01-01,Food & Beverage,FOO-007,North America,Direct,Standard,1525.64,1303.76,14.54,109,142109.49
ORD-002950,2025-01-01,Food & Beverage,FOO-007,North America,Direct,Strategic,1525.64,1193.08,21.8,149,177769.1
ORD-002951,2025-01-01,Food & Beverage,FOO-007,EMEA,Direct,Standard,1525.64,1363.18,10.65,85,115870.21
ORD-002952,2025-01-01,Food & Beverage,FOO-007,North America,Direct,Transactional,1525.64,1431.12,6.2,37,52951.35
ORD-002953,2025-01-01,Food & Beverage,FOO-007,EMEA,Direct,Standard,1525.64,1344.6,11.87,44,59162.33
ORD-002954,2025-01-01,Food & Beverage,FOO-007,APAC,Distributor,Transactional,1525.64,1333.96,12.56,73,97379.23
ORD-002955,2025-01-01,Food & Beverage,FOO-007,EMEA,Direct,Standard,1525.64,1308.1,14.26,67,87642.84
ORD-002956,2025-01-01,Food & Beverage,FOO-007,EMEA,Distributor,Standard,1525.64,1335.54,12.46,88,117527.45
ORD-002957,2025-01-01,Food & Beverage,FOO-007,North America,Direct,Standard,1525.64,1406.03,7.84,88,123730.8
ORD-002958,2025-01-01,Food & Beverage,FOO-007,APAC,Direct,Transactional,1525.64,1382.87,9.36,42,58080.65
ORD-002959,2025-01-01,Food & Beverage,FOO-007,EMEA,Distributor,Strategic,1525.64,1211.36,20.6,97,117501.5
ORD-002960,2025-01-01,Food & Beverage,FOO-007,North America,Direct,Standard,1525.64,1408.73,7.66,56,78888.89
ORD-002961,2025-01-01,Food & Beverage,FOO-008,North America,Distributor,Transactional,594.58,514.18,13.52,56,28793.81
ORD-002962,2025-01-01,Food & Beverage,FOO-008,North America,Direct,Transactional,594.58,555.08,6.64,70,38855.87
ORD-002963,2025-01-01,Food & Beverage,FOO-008,North America,Distributor,Standard,594.58,512.16,13.86,69,35338.95
ORD-002964,2025-01-01,Food & Beverage,FOO-008,EMEA,Direct,Standard,594.58,533.91,10.2,45,24026.1
ORD-002965,2025-01-01,Food & Beverage,FOO-008,EMEA,Distributor,Standard,594.58,528.07,11.19,88,46470.05
ORD-002966,2025-01-01,Food & Beverage,FOO-008,EMEA,Direct,Standard,594.58,536.08,9.84,61,32701.12
ORD-002967,2025-01-01,Food & Beverage,FOO-008,North America,Distributor,Standard,594.58,506.39,14.83,92,46587.94
ORD-002968,2025-01-01,Food & Beverage,FOO-008,EMEA,Direct,Transactional,594.58,558.97,5.99,62,34656.1
ORD-002969,2025-01-01,Food & Beverage,FOO-008,APAC,Direct,Standard,594.58,523.4,11.97,46,24076.34
ORD-002970,2025-01-01,Food & Beverage,FOO-008,North America,Distributor,Strategic,594.58,461.24,22.43,97,44740.33
ORD-002971,2025-01-01,Food & Beverage,FOO-008,North America,Distributor,Standard,594.58,523.09,12.02,83,43416.62
ORD-002972,2025-01-01,Food & Beverage,FOO-008,APAC,Direct,Transactional,594.58,556.56,6.39,46,25601.9
ORD-002973,2025-01-01,Food & Beverage,FOO-008,North America,Distributor,Standard,594.58,501.2,15.71,106,53126.99
ORD-002974,2025-01-01,Food & Beverage,FOO-008,EMEA,Distributor,Standard,594.58,503.3,15.35,78,39257.52
ORD-002975,2025-01-01,Food & Beverage,FOO-008,North America,Distributor,Transactional,594.58,545.69,8.22,86,46929.32
ORD-002976,2025-01-01,Food & Beverage,FOO-008,EMEA,Direct,Standard,594.58,534.65,10.08,69,36891.13
ORD-002977,2025-01-01,Food & Beverage,FOO-008,North America,Distributor,Strategic,594.58,455.78,23.34,92,41931.67
ORD-002978,2025-01-01,Food & Beverage,FOO-009,APAC,Direct,Standard,3233.6,2871.06,11.21,58,166521.59
ORD-002979,2025-01-01,Food & Beverage,FOO-009,North America,Direct,Standard,3233.6,2923.57,9.59,75,219267.47
ORD-002980,2025-01-01,Food & Beverage,FOO-009,North America,Distributor,Strategic,3233.6,2512.94,22.29,146,366889.12
ORD-002981,2025-01-01,Food & Beverage,FOO-009,EMEA,Direct,Transactional,3233.6,2997.23,7.31,93,278742.51
ORD-002982,2025-01-01,Food & Beverage,FOO-009,EMEA,Distributor,Transactional,3233.6,2840.3,12.16,80,227224.15
ORD-002983,2025-01-01,Food & Beverage,FOO-009,North America,Distributor,Standard,3233.6,2772.48,14.26,84,232888.4
ORD-002984,2025-01-01,Food & Beverage,FOO-009,EMEA,Distributor,Transactional,3233.6,2933.11,9.29,83,243448.0
ORD-002985,2025-01-01,Food & Beverage,FOO-009,EMEA,Direct,Strategic,3233.6,2642.76,18.27,142,375272.42
ORD-002986,2025-01-01,Food & Beverage,FOO-009,EMEA,Direct,Standard,3233.6,2840.99,12.14,83,235802.39
ORD-002987,2025-01-01,Food & Beverage,FOO-009,APAC,Distributor,Standard,3233.6,2714.1,16.07,89,241554.81
ORD-002988,2025-01-01,Food & Beverage,FOO-009,APAC,Direct,Transactional,3233.6,3045.22,5.83,54,164442.0
ORD-002989,2025-01-01,Food & Beverage,FOO-009,North America,Direct,Strategic,3233.6,2689.17,16.84,90,242024.89
ORD-002990,2025-01-01,Food & Beverage,FOO-009,APAC,Distributor,Standard,3233.6,2718.66,15.92,82,222929.78
ORD-002991,2025-01-01,Food & Beverage,FOO-009,EMEA,Direct,Standard,3233.6,2782.25,13.96,127,353345.63
ORD-002992,2025-01-01,Food & Beverage,FOO-009,EMEA,Distributor,Transactional,3233.6,2852.11,11.8,70,199647.39
ORD-002993,2025-01-01,Food & Beverage,FOO-009,EMEA,Direct,Transactional,3233.6,3013.76,6.8,44,132605.27
ORD-002994,2025-01-01,Food & Beverage,FOO-010,North America,Distributor,Strategic,2135.45,1691.29,20.8,117,197881.34
ORD-002995,2025-01-01,Food & Beverage,FOO-010,EMEA,Direct,Standard,2135.45,1929.5,9.64,72,138924.25
ORD-002996,2025-01-01,Food & Beverage,FOO-010,North America,Direct,Standard,2135.45,1888.21,11.58,52,98187.17
ORD-002997,2025-01-01,Food & Beverage,FOO-010,APAC,Direct,Standard,2135.45,1947.44,8.8,72,140215.45
ORD-002998,2025-01-01,Food & Beverage,FOO-010,EMEA,Distributor,Transactional,2135.45,1907.31,10.68,79,150677.21
ORD-002999,2025-01-01,Food & Beverage,FOO-010,EMEA,Direct,Strategic,2135.45,1685.8,21.06,103,173637.77
ORD-003000,2025-01-01,Food & Beverage,FOO-010,EMEA,Direct,Standard,2135.45,1959.27,8.25,60,117555.97
ORD-003001,2025-01-01,Food & Beverage,FOO-010,North America,Distributor,Standard,2135.45,1861.12,12.85,84,156334.06
ORD-003002,2025-01-01,Food & Beverage,FOO-010,APAC,Distributor,Strategic,2135.45,1666.04,21.98,111,184930.7
ORD-003003,2025-01-01,Food & Beverage,FOO-010,APAC,Distributor,Standard,2135.45,1836.94,13.98,85,156139.52
ORD-003004,2025-01-01,Food & Beverage,FOO-010,EMEA,Distributor,Standard,2135.45,1834.93,14.07,117,214686.37
ORD-003005,2025-01-01,Food & Beverage,FOO-010,APAC,Direct,Standard,2135.45,1924.61,9.87,54,103929.13
ORD-003006,2025-01-01,Food & Beverage,FOO-010,North America,Direct,Transactional,2135.45,2026.17,5.12,75,151962.74
ORD-003007,2025-01-01,Food & Beverage,FOO-010,APAC,Distributor,Transactional,2135.45,1866.64,12.59,29,54132.57
ORD-003008,2025-01-01,Food & Beverage,FOO-010,EMEA,Direct,Standard,2135.45,1921.87,10.0,108,207561.69
ORD-003009,2025-01-01,Food & Beverage,FOO-010,EMEA,Direct,Strategic,2135.45,1772.07,17.02,126,223281.22
ORD-003010,2025-04-01,Biopharma Consumables,BIO-001,APAC,Distributor,Transactional,1779.25,1548.5,12.97,78,120783.07
ORD-003011,2025-04-01,Biopharma Consumables,BIO-001,North America,Direct,Strategic,1779.25,1476.6,17.01,124,183098.24
ORD-003012,2025-04-01,Biopharma Consumables,BIO-001,North America,Direct,Transactional,1779.25,1699.76,4.47,64,108784.74
ORD-003013,2025-04-01,Biopharma Consumables,BIO-001,APAC,Direct,Transactional,1779.25,1632.66,8.24,39,63673.62
ORD-003014,2025-04-01,Biopharma Consumables,BIO-001,North America,Distributor,Transactional,1779.25,1565.62,12.01,89,139340.12
ORD-003015,2025-04-01,Biopharma Consumables,BIO-001,North America,Distributor,Transactional,1779.25,1574.83,11.49,57,89765.06
ORD-003016,2025-04-01,Biopharma Consumables,BIO-001,EMEA,Direct,Strategic,1779.25,1381.89,22.33,68,93968.68
ORD-003017,2025-04-01,Biopharma Consumables,BIO-001,North America,Direct,Strategic,1779.25,1453.31,18.32,117,170036.71
ORD-003018,2025-04-01,Biopharma Consumables,BIO-001,North America,Direct,Standard,1779.25,1603.0,9.91,95,152284.6
ORD-003019,2025-04-01,Biopharma Consumables,BIO-001,EMEA,Direct,Standard,1779.25,1556.63,12.51,99,154106.64
ORD-003020,2025-04-01,Biopharma Consumables,BIO-001,EMEA,Direct,Transactional,1779.25,1680.66,5.54,64,107562.32
ORD-003021,2025-04-01,Biopharma Consumables,BIO-001,North America,Distributor,Transactional,1779.25,1543.32,13.26,78,120379.11
ORD-003022,2025-04-01,Biopharma Consumables,BIO-001,North America,Distributor,Standard,1779.25,1537.58,13.58,75,115318.32
ORD-003023,2025-04-01,Biopharma Consumables,BIO-001,North America,Direct,Strategic,1779.25,1465.88,17.61,136,199359.27
ORD-003024,2025-04-01,Biopharma Consumables,BIO-001,APAC,Distributor,Transactional,1779.25,1556.83,12.5,73,113648.61
ORD-003025,2025-04-01,Biopharma Consumables,BIO-002,EMEA,Direct,Standard,4285.61,3755.21,12.38,85,319192.8
ORD-003026,2025-04-01,Biopharma Consumables,BIO-002,EMEA,Direct,Strategic,4285.61,3409.39,20.45,102,347757.52
ORD-003027,2025-04-01,Biopharma Consumables,BIO-002,North America,Direct,Standard,4285.61,3896.78,9.07,99,385781.36
ORD-003028,2025-04-01,Biopharma Consumables,BIO-002,APAC,Direct,Standard,4285.61,3704.96,13.55,60,222297.8
ORD-003029,2025-04-01,Biopharma Consumables,BIO-002,APAC,Direct,Strategic,4285.61,3379.65,21.14,115,388660.11
ORD-003030,2025-04-01,Biopharma Consumables,BIO-002,North America,Direct,Standard,4285.61,3831.38,10.6,112,429115.06
ORD-003031,2025-04-01,Biopharma Consumables,BIO-002,North America,Distributor,Transactional,4285.61,3862.43,9.87,52,200846.33
ORD-003032,2025-04-01,Biopharma Consumables,BIO-002,North America,Direct,Standard,4285.61,3773.86,11.94,85,320778.03
ORD-003033,2025-04-01,Biopharma Consumables,BIO-002,North America,Direct,Standard,4285.61,3835.99,10.49,88,337566.85
ORD-003034,2025-04-01,Biopharma Consumables,BIO-002,EMEA,Direct,Strategic,4285.61,3404.75,20.55,107,364308.15
ORD-003035,2025-04-01,Biopharma Consumables,BIO-002,APAC,Distributor,Strategic,4285.61,3250.03,24.16,162,526504.69
ORD-003036,2025-04-01,Biopharma Consumables,BIO-002,North America,Distributor,Standard,4285.61,3587.52,16.29,113,405389.31
ORD-003037,2025-04-01,Biopharma Consumables,BIO-002,EMEA,Direct,Standard,4285.61,3817.18,10.93,78,297739.83
ORD-003038,2025-04-01,Biopharma Consumables,BIO-003,EMEA,Direct,Strategic,3334.17,2751.73,17.47,54,148593.44
ORD-003039,2025-04-01,Biopharma Consumables,BIO-003,North America,Distributor,Strategic,3334.17,2578.22,22.67,132,340325.35
ORD-003040,2025-04-01,Biopharma Consumables,BIO-003,North America,Direct,Standard,3334.17,2984.08,10.5,46,137267.74
ORD-003041,2025-04-01,Biopharma Consumables,BIO-003,North America,Distributor,Standard,3334.17,2819.33,15.44,97,273475.26
ORD-003042,2025-04-01,Biopharma Consumables,BIO-003,North America,Direct,Strategic,3334.17,2689.93,19.32,93,250163.87
ORD-003043,2025-04-01,Biopharma Consumables,BIO-003,APAC,Direct,Strategic,3334.17,2651.73,20.47,97,257218.2
ORD-003044,2025-04-01,Biopharma Consumables,BIO-003,EMEA,Direct,Standard,3334.17,2929.42,12.14,73,213847.42
ORD-003045,2025-04-01,Biopharma Consumables,BIO-003,North America,Direct,Standard,3334.17,2923.96,12.3,107,312863.49
ORD-003046,2025-04-01,Biopharma Consumables,BIO-003,APAC,Distributor,Standard,3334.17,2826.16,15.24,64,180874.07
ORD-003047,2025-04-01,Biopharma Consumables,BIO-003,APAC,Distributor,Standard,3334.17,2875.52,13.76,76,218539.45
ORD-003048,2025-04-01,Biopharma Consumables,BIO-003,North America,Distributor,Standard,3334.17,2860.54,14.21,114,326101.37
ORD-003049,2025-04-01,Biopharma Consumables,BIO-003,EMEA,Direct,Transactional,3334.17,3069.37,7.94,88,270104.61
ORD-003050,2025-04-01,Biopharma Consumables,BIO-003,North America,Distributor,Standard,3334.17,2852.04,14.46,92,262387.37
ORD-003051,2025-04-01,Biopharma Consumables,BIO-003,EMEA,Direct,Standard,3334.17,2986.92,10.42,51,152332.85
ORD-003052,2025-04-01,Biopharma Consumables,BIO-003,North America,Distributor,Transactional,3334.17,3006.69,9.82,74,222495.01
ORD-003053,2025-04-01,Biopharma Consumables,BIO-003,APAC,Direct,Standard,3334.17,2905.38,12.86,75,217903.16
ORD-003054,2025-04-01,Biopharma Consumables,BIO-004,APAC,Distributor,Standard,2754.16,2295.82,16.64,84,192849.06
ORD-003055,2025-04-01,Biopharma Consumables,BIO-004,North America,Direct,Transactional,2754.16,2607.43,5.33,64,166875.48
ORD-003056,2025-04-01,Biopharma Consumables,BIO-004,APAC,Direct,Standard,2754.16,2445.96,11.19,55,134527.53
ORD-003057,2025-04-01,Biopharma Consumables,BIO-004,North America,Distributor,Standard,2754.16,2348.6,14.73,80,187887.91
ORD-003058,2025-04-01,Biopharma Consumables,BIO-004,EMEA,Distributor,Standard,2754.16,2331.31,15.35,135,314726.67
ORD-003059,2025-04-01,Biopharma Consumables,BIO-004,EMEA,Direct,Standard,2754.16,2533.61,8.01,57,144415.66
ORD-003060,2025-04-01,Biopharma Consumables,BIO-004,North America,Direct,Standard,2754.16,2468.23,10.38,126,310997.02
ORD-003061,2025-04-01,Biopharma Consumables,BIO-004,APAC,Distributor,Standard,2754.16,2308.55,16.18,119,274717.24
ORD-003062,2025-04-01,Biopharma Consumables,BIO-004,APAC,Distributor,Transactional,2754.16,2488.5,9.65,60,149310.1
ORD-003063,2025-04-01,Biopharma Consumables,BIO-004,North America,Distributor,Standard,2754.16,2311.66,16.07,104,240412.84
ORD-003064,2025-04-01,Biopharma Consumables,BIO-004,North America,Direct,Standard,2754.16,2490.71,9.57,80,199256.51
ORD-003065,2025-04-01,Biopharma Consumables,BIO-004,EMEA,Direct,Standard,2754.16,2477.47,10.05,78,193242.45
ORD-003066,2025-04-01,Biopharma Consumables,BIO-005,North America,Distributor,Transactional,828.68,728.3,12.11,72,52437.9
ORD-003067,2025-04-01,Biopharma Consumables,BIO-005,APAC,Distributor,Strategic,828.68,616.96,25.55,68,41953.46
ORD-003068,2025-04-01,Biopharma Consumables,BIO-005,North America,Distributor,Transactional,828.68,705.26,14.89,89,62768.53
ORD-003069,2025-04-01,Biopharma Consumables,BIO-005,APAC,Direct,Standard,828.68,737.99,10.94,74,54611.07
ORD-003070,2025-04-01,Biopharma Consumables,BIO-005,EMEA,Direct,Standard,828.68,736.08,11.18,84,61830.32
ORD-003071,2025-04-01,Biopharma Consumables,BIO-005,North America,Direct,Strategic,828.68,672.13,18.89,97,65196.76
ORD-003072,2025-04-01,Biopharma Consumables,BIO-005,North America,Distributor,Strategic,828.68,645.06,22.16,118,76116.68
ORD-003073,2025-04-01,Biopharma Consumables,BIO-005,North America,Direct,Transactional,828.68,753.31,9.1,80,60264.77
ORD-003074,2025-04-01,Biopharma Consumables,BIO-005,EMEA,Direct,Standard,828.68,718.8,13.26,102,73317.76
ORD-003075,2025-04-01,Biopharma Consumables,BIO-005,APAC,Distributor,Strategic,828.68,629.65,24.02,69,43445.82
ORD-003076,2025-04-01,Biopharma Consumables,BIO-005,North America,Direct,Strategic,828.68,674.34,18.62,172,115986.53
ORD-003077,2025-04-01,Biopharma Consumables,BIO-005,EMEA,Direct,Transactional,828.68,785.35,5.23,59,46335.89
ORD-003078,2025-04-01,Biopharma Consumables,BIO-005,EMEA,Distributor,Standard,828.68,687.25,17.07,89,61165.56
ORD-003079,2025-04-01,Biopharma Consumables,BIO-005,North America,Distributor,Transactional,828.68,741.25,10.55,60,44474.97
ORD-003080,2025-04-01,Biopharma Consumables,BIO-005,North America,Direct,Transactional,828.68,768.27,7.29,57,43791.52
ORD-003081,2025-04-01,Biopharma Consumables,BIO-005,EMEA,Direct,Standard,828.68,739.0,10.82,88,65031.76
ORD-003082,2025-04-01,Biopharma Consumables,BIO-005,EMEA,Direct,Transactional,828.68,753.46,9.08,44,33152.43
ORD-003083,2025-04-01,Biopharma Consumables,BIO-005,North America,Direct,Standard,828.68,738.51,10.88,151,111514.77
ORD-003084,2025-04-01,Biopharma Consumables,BIO-006,EMEA,Direct,Transactional,828.58,781.67,5.66,81,63315.18
ORD-003085,2025-04-01,Biopharma Consumables,BIO-006,APAC,Direct,Strategic,828.58,646.84,21.93,96,62097.03
ORD-003086,2025-04-01,Biopharma Consumables,BIO-006,APAC,Direct,Strategic,828.58,656.49,20.77,97,63679.15
ORD-003087,2025-04-01,Biopharma Consumables,BIO-006,North America,Direct,Standard,828.58,714.2,13.8,72,51422.6
ORD-003088,2025-04-01,Biopharma Consumables,BIO-006,EMEA,Distributor,Standard,828.58,704.34,14.99,75,52825.43
ORD-003089,2025-04-01,Biopharma Consumables,BIO-006,EMEA,Direct,Standard,828.58,757.52,8.58,61,46208.77
ORD-003090,2025-04-01,Biopharma Consumables,BIO-006,North America,Direct,Standard,828.58,732.97,11.54,97,71097.85
ORD-003091,2025-04-01,Biopharma Consumables,BIO-006,North America,Direct,Standard,828.58,732.21,11.63,124,90793.81
ORD-003092,2025-04-01,Biopharma Consumables,BIO-006,EMEA,Direct,Standard,828.58,710.46,14.26,94,66783.01
ORD-003093,2025-04-01,Biopharma Consumables,BIO-006,APAC,Direct,Transactional,828.58,759.47,8.34,28,21265.06
ORD-003094,2025-04-01,Biopharma Consumables,BIO-006,EMEA,Distributor,Standard,828.58,727.74,12.17,91,66224.64
ORD-003095,2025-04-01,Biopharma Consumables,BIO-006,APAC,Direct,Standard,828.58,720.92,12.99,60,43255.14
ORD-003096,2025-04-01,Biopharma Consumables,BIO-007,APAC,Distributor,Standard,402.66,333.44,17.19,128,42680.44
ORD-003097,2025-04-01,Biopharma Consumables,BIO-007,North America,Direct,Standard,402.66,359.57,10.7,76,27327.3
ORD-003098,2025-04-01,Biopharma Consumables,BIO-007,APAC,Direct,Transactional,402.66,372.31,7.54,42,15637.02
ORD-003099,2025-04-01,Biopharma Consumables,BIO-007,APAC,Direct,Standard,402.66,366.67,8.94,67,24566.72
ORD-003100,2025-04-01,Biopharma Consumables,BIO-007,APAC,Direct,Standard,402.66,368.07,8.59,64,23556.17
ORD-003101,2025-04-01,Biopharma Consumables,BIO-007,APAC,Distributor,Standard,402.66,347.35,13.74,55,19104.15
ORD-003102,2025-04-01,Biopharma Consumables,BIO-007,APAC,Distributor,Standard,402.66,333.86,17.09,76,25373.69
ORD-003103,2025-04-01,Biopharma Consumables,BIO-007,North America,Distributor,Standard,402.66,346.84,13.86,105,36418.56
ORD-003104,2025-04-01,Biopharma Consumables,BIO-007,North America,Direct,Standard,402.66,354.91,11.86,93,33006.7
ORD-003105,2025-04-01,Biopharma Consumables,BIO-007,APAC,Distributor,Standard,402.66,343.13,14.78,95,32597.62
ORD-003106,2025-04-01,Biopharma Consumables,BIO-007,APAC,Distributor,Standard,402.66,344.92,14.34,48,16556.04
ORD-003107,2025-04-01,Biopharma Consumables,BIO-007,EMEA,Distributor,Transactional,402.66,360.37,10.5,95,34234.84
ORD-003108,2025-04-01,Biopharma Consumables,BIO-007,EMEA,Distributor,Standard,402.66,340.15,15.53,59,20068.73
ORD-003109,2025-04-01,Biopharma Consumables,BIO-007,North America,Distributor,Transactional,402.66,355.99,11.59,59,21003.23
ORD-003110,2025-04-01,Biopharma Consumables,BIO-007,North America,Distributor,Transactional,402.66,379.66,5.71,65,24678.15
ORD-003111,2025-04-01,Biopharma Consumables,BIO-007,EMEA,Direct,Standard,402.66,351.96,12.59,65,22877.72
ORD-003112,2025-04-01,Biopharma Consumables,BIO-007,North America,Direct,Standard,402.66,351.91,12.6,94,33079.96
ORD-003113,2025-04-01,Biopharma Consumables,BIO-007,APAC,Distributor,Standard,402.66,335.35,16.72,112,37559.63
ORD-003114,2025-04-01,Biopharma Consumables,BIO-008,North America,Direct,Standard,3917.87,3498.03,10.72,101,353300.69
ORD-003115,2025-04-01,Biopharma Consumables,BIO-008,North America,Direct,Transactional,3917.87,3704.45,5.45,56,207448.99
ORD-003116,2025-04-01,Biopharma Consumables,BIO-008,EMEA,Direct,Standard,3917.87,3428.33,12.49,57,195414.8
ORD-003117,2025-04-01,Biopharma Consumables,BIO-008,EMEA,Distributor,Strategic,3917.87,2987.99,23.73,184,549790.25
ORD-003118,2025-04-01,Biopharma Consumables,BIO-008,EMEA,Distributor,Strategic,3917.87,3100.45,20.86,108,334848.88
ORD-003119,2025-04-01,Biopharma Consumables,BIO-008,North America,Direct,Standard,3917.87,3523.47,10.07,161,567278.57
ORD-003120,2025-04-01,Biopharma Consumables,BIO-008,EMEA,Direct,Standard,3917.87,3612.02,7.81,84,303409.53
ORD-003121,2025-04-01,Biopharma Consumables,BIO-008,North America,Direct,Transactional,3917.87,3699.22,5.58,76,281141.1
ORD-003122,2025-04-01,Biopharma Consumables,BIO-008,North America,Distributor,Standard,3917.87,3380.3,13.72,91,307607.17
ORD-003123,2025-04-01,Biopharma Consumables,BIO-008,North America,Distributor,Standard,3917.87,3286.64,16.11,87,285937.26
ORD-003124,2025-04-01,Biopharma Consumables,BIO-008,North America,Distributor,Transactional,3917.87,3395.79,13.33,80,271663.05
ORD-003125,2025-04-01,Biopharma Consumables,BIO-008,EMEA,Distributor,Standard,3917.87,3355.67,14.35,77,258386.58
ORD-003126,2025-04-01,Biopharma Consumables,BIO-008,EMEA,Direct,Standard,3917.87,3564.82,9.01,46,163981.7
ORD-003127,2025-04-01,Biopharma Consumables,BIO-008,North America,Direct,Strategic,3917.87,3216.1,17.91,119,382715.74
ORD-003128,2025-04-01,Biopharma Consumables,BIO-008,APAC,Direct,Standard,3917.87,3400.06,13.22,88,299204.87
ORD-003129,2025-04-01,Biopharma Consumables,BIO-009,North America,Distributor,Standard,2764.85,2316.75,16.21,69,159855.89
ORD-003130,2025-04-01,Biopharma Consumables,BIO-009,North America,Distributor,Transactional,2764.85,2428.69,12.16,84,204010.38
ORD-003131,2025-04-01,Biopharma Consumables,BIO-009,North America,Distributor,Standard,2764.85,2365.56,14.44,75,177417.01
ORD-003132,2025-04-01,Biopharma Consumables,BIO-009,APAC,Distributor,Transactional,2764.85,2389.61,13.57,69,164883.22
ORD-003133,2025-04-01,Biopharma Consumables,BIO-009,EMEA,Distributor,Strategic,2764.85,2120.35,23.31,126,267163.78
ORD-003134,2025-04-01,Biopharma Consumables,BIO-009,APAC,Direct,Standard,2764.85,2512.03,9.14,98,246178.56
ORD-003135,2025-04-01,Biopharma Consumables,BIO-009,EMEA,Distributor,Strategic,2764.85,2165.81,21.67,104,225244.0
ORD-003136,2025-04-01,Biopharma Consumables,BIO-009,North America,Distributor,Standard,2764.85,2266.23,18.03,82,185830.99
ORD-003137,2025-04-01,Biopharma Consumables,BIO-009,EMEA,Direct,Standard,2764.85,2474.58,10.5,95,235084.82
ORD-003138,2025-04-01,Biopharma Consumables,BIO-009,EMEA,Distributor,Standard,2764.85,2412.43,12.75,92,221943.83
ORD-003139,2025-04-01,Biopharma Consumables,BIO-009,EMEA,Distributor,Transactional,2764.85,2475.3,10.47,64,158419.36
ORD-003140,2025-04-01,Biopharma Consumables,BIO-009,North America,Direct,Standard,2764.85,2502.36,9.49,92,230216.99
ORD-003141,2025-04-01,Biopharma Consumables,BIO-009,North America,Distributor,Standard,2764.85,2405.71,12.99,67,161182.48
ORD-003142,2025-04-01,Biopharma Consumables,BIO-009,North America,Distributor,Transactional,2764.85,2435.9,11.9,91,221666.9
ORD-003143,2025-04-01,Biopharma Consumables,BIO-010,APAC,Distributor,Strategic,3230.12,2416.83,25.18,116,280351.95
ORD-003144,2025-04-01,Biopharma Consumables,BIO-010,EMEA,Distributor,Transactional,3230.12,2877.41,10.92,63,181276.64
ORD-003145,2025-04-01,Biopharma Consumables,BIO-010,North America,Direct,Transactional,3230.12,3048.97,5.61,52,158546.63
ORD-003146,2025-04-01,Biopharma Consumables,BIO-010,APAC,Direct,Strategic,3230.12,2591.58,19.77,76,196959.72
ORD-003147,2025-04-01,Biopharma Consumables,BIO-010,North America,Distributor,Standard,3230.12,2868.17,11.21,75,215112.53
ORD-003148,2025-04-01,Biopharma Consumables,BIO-010,North America,Distributor,Standard,3230.12,2752.18,14.8,86,236687.47
ORD-003149,2025-04-01,Biopharma Consumables,BIO-010,APAC,Distributor,Standard,3230.12,2684.38,16.9,73,195959.7
ORD-003150,2025-04-01,Biopharma Consumables,BIO-010,North America,Distributor,Strategic,3230.12,2588.94,19.85,111,287372.41
ORD-003151,2025-04-01,Biopharma Consumables,BIO-010,North America,Direct,Transactional,3230.12,3097.51,4.11,94,291166.3
ORD-003152,2025-04-01,Biopharma Consumables,BIO-010,North America,Direct,Standard,3230.12,2869.61,11.16,69,198003.04
ORD-003153,2025-04-01,Biopharma Consumables,BIO-010,North America,Distributor,Standard,3230.12,2745.9,14.99,86,236147.58
ORD-003154,2025-04-01,Biopharma Consumables,BIO-010,EMEA,Direct,Standard,3230.12,2815.21,12.84,101,284336.31
ORD-003155,2025-04-01,Medical,MED-001,North America,Distributor,Transactional,249.81,229.08,8.3,88,20159.38
ORD-003156,2025-04-01,Medical,MED-001,APAC,Direct,Standard,249.81,216.9,13.17,100,21689.91
ORD-003157,2025-04-01,Medical,MED-001,North America,Direct,Standard,249.81,229.89,7.97,79,18161.3
ORD-003158,2025-04-01,Medical,MED-001,EMEA,Distributor,Standard,249.81,215.47,13.74,62,13359.32
ORD-003159,2025-04-01,Medical,MED-001,EMEA,Distributor,Strategic,249.81,193.38,22.59,121,23399.2
ORD-003160,2025-04-01,Medical,MED-001,APAC,Direct,Standard,249.81,220.17,11.87,70,15411.73
ORD-003161,2025-04-01,Medical,MED-001,EMEA,Direct,Transactional,249.81,237.4,4.97,64,15193.31
ORD-003162,2025-04-01,Medical,MED-001,North America,Direct,Standard,249.81,228.53,8.52,99,22624.89
ORD-003163,2025-04-01,Medical,MED-001,APAC,Distributor,Transactional,249.81,222.57,10.91,65,14466.74
ORD-003164,2025-04-01,Medical,MED-001,North America,Direct,Standard,249.81,216.59,13.3,89,19276.69
ORD-003165,2025-04-01,Medical,MED-002,North America,Direct,Transactional,4556.36,4151.04,8.9,67,278119.39
ORD-003166,2025-04-01,Medical,MED-002,EMEA,Direct,Standard,4556.36,4043.59,11.25,61,246658.75
ORD-003167,2025-04-01,Medical,MED-002,EMEA,Distributor,Standard,4556.36,3870.25,15.06,81,313490.29
ORD-003168,2025-04-01,Medical,MED-002,APAC,Direct,Transactional,4556.36,4130.72,9.34,45,185882.22
ORD-003169,2025-04-01,Medical,MED-002,North America,Direct,Transactional,4556.36,4310.02,5.41,70,301701.13
ORD-003170,2025-04-01,Medical,MED-002,EMEA,Direct,Strategic,4556.36,3712.97,18.51,160,594075.24
ORD-003171,2025-04-01,Medical,MED-002,North America,Direct,Transactional,4556.36,4253.44,6.65,63,267966.43
ORD-003172,2025-04-01,Medical,MED-002,North America,Direct,Standard,4556.36,4155.37,8.8,75,311652.98
ORD-003173,2025-04-01,Medical,MED-002,APAC,Direct,Transactional,4556.36,4307.76,5.46,45,193849.35
ORD-003174,2025-04-01,Medical,MED-002,EMEA,Distributor,Transactional,4556.36,4057.82,10.94,84,340857.27
ORD-003175,2025-04-01,Medical,MED-002,EMEA,Direct,Standard,4556.36,4151.0,8.9,44,182643.96
ORD-003176,2025-04-01,Medical,MED-002,North America,Direct,Transactional,4556.36,4276.72,6.14,44,188175.52
ORD-003177,2025-04-01,Medical,MED-002,North America,Direct,Standard,4556.36,4066.95,10.74,73,296887.35
ORD-003178,2025-04-01,Medical,MED-002,North America,Direct,Transactional,4556.36,4092.44,10.18,60,245546.45
ORD-003179,2025-04-01,Medical,MED-002,North America,Direct,Standard,4556.36,4044.2,11.24,77,311403.52
ORD-003180,2025-04-01,Medical,MED-003,North America,Distributor,Standard,3932.75,3346.1,14.92,133,445031.66
ORD-003181,2025-04-01,Medical,MED-003,APAC,Direct,Transactional,3932.75,3676.87,6.51,61,224289.25
ORD-003182,2025-04-01,Medical,MED-003,EMEA,Direct,Standard,3932.75,3540.77,9.97,88,311588.01
ORD-003183,2025-04-01,Medical,MED-003,North America,Distributor,Standard,3932.75,3302.96,16.01,98,323690.18
ORD-003184,2025-04-01,Medical,MED-003,North America,Distributor,Standard,3932.75,3376.07,14.15,83,280213.9
ORD-003185,2025-04-01,Medical,MED-003,APAC,Direct,Standard,3932.75,3528.44,10.28,82,289331.82
ORD-003186,2025-04-01,Medical,MED-003,North America,Direct,Transactional,3932.75,3669.34,6.7,85,311894.27
ORD-003187,2025-04-01,Medical,MED-003,EMEA,Direct,Transactional,3932.75,3651.8,7.14,56,204500.68
ORD-003188,2025-04-01,Medical,MED-003,APAC,Direct,Standard,3932.75,3474.14,11.66,90,312672.84
ORD-003189,2025-04-01,Medical,MED-003,APAC,Direct,Standard,3932.75,3341.38,15.04,70,233896.89
ORD-003190,2025-04-01,Medical,MED-003,APAC,Direct,Standard,3932.75,3337.02,15.15,80,266961.58
ORD-003191,2025-04-01,Medical,MED-003,North America,Direct,Transactional,3932.75,3563.15,9.4,55,195973.03
ORD-003192,2025-04-01,Medical,MED-003,EMEA,Distributor,Strategic,3932.75,2946.09,25.09,122,359422.93
ORD-003193,2025-04-01,Medical,MED-003,APAC,Direct,Standard,3932.75,3281.49,16.56,64,210015.57
ORD-003194,2025-04-01,Medical,MED-003,EMEA,Direct,Standard,3932.75,3547.89,9.79,59,209325.74
ORD-003195,2025-04-01,Medical,MED-003,EMEA,Distributor,Standard,3932.75,3328.85,15.36,95,316240.56
ORD-003196,2025-04-01,Medical,MED-003,North America,Distributor,Standard,3932.75,3215.65,18.23,113,363368.77
ORD-003197,2025-04-01,Medical,MED-003,EMEA,Direct,Standard,3932.75,3585.35,8.83,85,304754.65
ORD-003198,2025-04-01,Medical,MED-003,EMEA,Distributor,Standard,3932.75,3255.32,17.23,87,283212.62
ORD-003199,2025-04-01,Medical,MED-003,North America,Direct,Standard,3932.75,3455.06,12.15,65,224578.58
ORD-003200,2025-04-01,Medical,MED-003,APAC,Direct,Standard,3932.75,3515.73,10.6,64,225006.47
ORD-003201,2025-04-01,Medical,MED-004,APAC,Direct,Standard,1119.69,986.55,11.89,58,57219.72
ORD-003202,2025-04-01,Medical,MED-004,North America,Direct,Standard,1119.69,996.03,11.04,75,74702.6
ORD-003203,2025-04-01,Medical,MED-004,North America,Distributor,Transactional,1119.69,1027.23,8.26,72,73960.88
ORD-003204,2025-04-01,Medical,MED-004,North America,Direct,Standard,1119.69,990.78,11.51,68,67373.15
ORD-003205,2025-04-01,Medical,MED-004,EMEA,Distributor,Strategic,1119.69,886.88,20.79,82,72724.22
ORD-003206,2025-04-01,Medical,MED-004,EMEA,Distributor,Transactional,1119.69,1029.92,8.02,39,40166.97
ORD-003207,2025-04-01,Medical,MED-004,North America,Distributor,Standard,1119.69,964.7,13.84,103,99364.23
ORD-003208,2025-04-01,Medical,MED-004,APAC,Direct,Transactional,1119.69,1017.87,9.09,59,60054.42
ORD-003209,2025-04-01,Medical,MED-004,North America,Distributor,Transactional,1119.69,1013.99,9.44,70,70979.16
ORD-003210,2025-04-01,Medical,MED-004,North America,Direct,Transactional,1119.69,1048.73,6.34,72,75508.63
ORD-003211,2025-04-01,Medical,MED-004,APAC,Distributor,Strategic,1119.69,850.08,24.08,74,62905.79
ORD-003212,2025-04-01,Medical,MED-004,APAC,Direct,Standard,1119.69,964.59,13.85,55,53052.64
ORD-003213,2025-04-01,Medical,MED-004,EMEA,Direct,Standard,1119.69,999.28,10.75,78,77944.06
ORD-003214,2025-04-01,Medical,MED-004,EMEA,Direct,Strategic,1119.69,915.47,18.24,68,62251.76
ORD-003215,2025-04-01,Medical,MED-004,EMEA,Distributor,Standard,1119.69,956.26,14.6,80,76500.4
ORD-003216,2025-04-01,Medical,MED-004,North America,Direct,Standard,1119.69,1012.69,9.56,68,68863.04
ORD-003217,2025-04-01,Medical,MED-005,EMEA,Direct,Standard,981.26,882.53,10.06,73,64424.4
ORD-003218,2025-04-01,Medical,MED-005,North America,Direct,Standard,981.26,879.13,10.41,72,63297.14
ORD-003219,2025-04-01,Medical,MED-005,EMEA,Distributor,Transactional,981.26,867.56,11.59,61,52921.43
ORD-003220,2025-04-01,Medical,MED-005,APAC,Direct,Standard,981.26,863.01,12.05,78,67314.54
ORD-003221,2025-04-01,Medical,MED-005,EMEA,Distributor,Standard,981.26,832.2,15.19,81,67408.22
ORD-003222,2025-04-01,Medical,MED-005,APAC,Distributor,Strategic,981.26,729.63,25.64,92,67125.82
ORD-003223,2025-04-01,Medical,MED-005,EMEA,Distributor,Standard,981.26,838.91,14.51,87,72985.04
ORD-003224,2025-04-01,Medical,MED-005,APAC,Direct,Standard,981.26,878.19,10.5,71,62351.42
ORD-003225,2025-04-01,Medical,MED-005,APAC,Distributor,Standard,981.26,826.75,15.75,61,50431.64
ORD-003226,2025-04-01,Medical,MED-005,EMEA,Direct,Standard,981.26,895.36,8.75,98,87745.54
ORD-003227,2025-04-01,Medical,MED-005,North America,Direct,Standard,981.26,873.87,10.94,82,71657.21
ORD-003228,2025-04-01,Medical,MED-005,North America,Distributor,Standard,981.26,836.83,14.72,79,66109.84
ORD-003229,2025-04-01,Medical,MED-005,EMEA,Direct,Standard,981.26,864.66,11.88,75,64849.51
ORD-003230,2025-04-01,Medical,MED-005,North America,Direct,Strategic,981.26,791.4,19.35,67,53023.69
ORD-003231,2025-04-01,Medical,MED-006,APAC,Direct,Transactional,988.43,867.85,12.2,68,59014.12
ORD-003232,2025-04-01,Medical,MED-006,EMEA,Direct,Standard,988.43,885.54,10.41,79,69957.28
ORD-003233,2025-04-01,Medical,MED-006,North America,Direct,Strategic,988.43,815.29,17.52,163,132891.97
ORD-003234,2025-04-01,Medical,MED-006,North America,Distributor,Transactional,988.43,863.84,12.6,110,95022.3
ORD-003235,2025-04-01,Medical,MED-006,EMEA,Direct,Standard,988.43,873.06,11.67,68,59368.01
ORD-003236,2025-04-01,Medical,MED-006,APAC,Distributor,Transactional,988.43,867.49,12.24,62,53784.41
ORD-003237,2025-04-01,Medical,MED-006,APAC,Direct,Standard,988.43,843.84,14.63,69,58224.88
ORD-003238,2025-04-01,Medical,MED-006,EMEA,Distributor,Transactional,988.43,874.21,11.56,62,54201.11
ORD-003239,2025-04-01,Medical,MED-006,North America,Direct,Transactional,988.43,939.05,5.0,44,41318.11
ORD-003240,2025-04-01,Medical,MED-006,EMEA,Distributor,Standard,988.43,824.52,16.58,97,79978.29
ORD-003241,2025-04-01,Medical,MED-006,APAC,Distributor,Standard,988.43,811.76,17.87,93,75493.41
ORD-003242,2025-04-01,Medical,MED-007,APAC,Direct,Standard,1536.6,1354.94,11.82,64,86716.06
ORD-003243,2025-04-01,Medical,MED-007,North America,Direct,Strategic,1536.6,1276.21,16.95,114,145488.18
ORD-003244,2025-04-01,Medical,MED-007,EMEA,Distributor,Transactional,1536.6,1342.8,12.61,53,71168.63
ORD-003245,2025-04-01,Medical,MED-007,North America,Direct,Strategic,1536.6,1255.27,18.31,82,102932.49
ORD-003246,2025-04-01,Medical,MED-007,North America,Distributor,Transactional,1536.6,1388.2,9.66,97,134655.32
ORD-003247,2025-04-01,Medical,MED-007,EMEA,Direct,Standard,1536.6,1379.01,10.26,88,121352.64
ORD-003248,2025-04-01,Medical,MED-007,APAC,Distributor,Standard,1536.6,1261.77,17.89,98,123653.43
ORD-003249,2025-04-01,Medical,MED-007,EMEA,Direct,Standard,1536.6,1430.29,6.92,66,94399.09
ORD-003250,2025-04-01,Medical,MED-007,North America,Direct,Strategic,1536.6,1228.8,20.03,74,90931.4
ORD-003251,2025-04-01,Medical,MED-007,APAC,Direct,Transactional,1536.6,1386.22,9.79,50,69310.85
ORD-003252,2025-04-01,Medical,MED-007,EMEA,Direct,Standard,1536.6,1377.35,10.36,88,121206.96
ORD-003253,2025-04-01,Medical,MED-007,North America,Direct,Standard,1536.6,1409.72,8.26,52,73305.41
ORD-003254,2025-04-01,Medical,MED-007,APAC,Distributor,Standard,1536.6,1264.14,17.73,81,102395.69
ORD-003255,2025-04-01,Medical,MED-007,APAC,Direct,Standard,1536.6,1361.27,11.41,73,99372.7
ORD-003256,2025-04-01,Medical,MED-007,North America,Distributor,Standard,1536.6,1273.8,17.1,92,117189.89
ORD-003257,2025-04-01,Medical,MED-007,North America,Direct,Standard,1536.6,1390.4,9.51,56,77862.64
ORD-003258,2025-04-01,Medical,MED-007,North America,Direct,Transactional,1536.6,1443.42,6.06,66,95265.61
ORD-003259,2025-04-01,Medical,MED-007,North America,Direct,Standard,1536.6,1382.93,10.0,73,100953.84
ORD-003260,2025-04-01,Medical,MED-007,APAC,Distributor,Strategic,1536.6,1149.59,25.19,91,104612.38
ORD-003261,2025-04-01,Medical,MED-007,North America,Direct,Standard,1536.6,1377.99,10.32,111,152957.24
ORD-003262,2025-04-01,Medical,MED-008,EMEA,Distributor,Standard,2536.95,2262.62,10.81,64,144807.43
ORD-003263,2025-04-01,Medical,MED-008,EMEA,Distributor,Standard,2536.95,2137.72,15.74,121,258664.71
ORD-003264,2025-04-01,Medical,MED-008,North America,Distributor,Strategic,2536.95,1993.76,21.41,101,201369.33
ORD-003265,2025-04-01,Medical,MED-008,EMEA,Distributor,Standard,2536.95,2196.38,13.42,74,162531.96
ORD-003266,2025-04-01,Medical,MED-008,EMEA,Direct,Transactional,2536.95,2367.98,6.66,45,106558.97
ORD-003267,2025-04-01,Medical,MED-008,North America,Direct,Transactional,2536.95,2320.7,8.52,71,164769.59
ORD-003268,2025-04-01,Medical,MED-008,EMEA,Distributor,Strategic,2536.95,1914.08,24.55,99,189494.23
ORD-003269,2025-04-01,Medical,MED-008,North America,Distributor,Standard,2536.95,2152.24,15.16,88,189396.74
ORD-003270,2025-04-01,Medical,MED-008,North America,Direct,Standard,2536.95,2271.73,10.45,75,170379.5
ORD-003271,2025-04-01,Medical,MED-008,North America,Distributor,Standard,2536.95,2125.61,16.21,94,199807.13
ORD-003272,2025-04-01,Medical,MED-008,APAC,Distributor,Standard,2536.95,2103.1,17.1,81,170351.01
ORD-003273,2025-04-01,Medical,MED-009,EMEA,Direct,Transactional,2115.92,2006.62,5.17,40,80264.65
ORD-003274,2025-04-01,Medical,MED-009,North America,Direct,Standard,2115.92,1876.6,11.31,93,174524.01
ORD-003275,2025-04-01,Medical,MED-009,APAC,Distributor,Standard,2115.92,1793.82,15.22,105,188350.58
ORD-003276,2025-04-01,Medical,MED-009,North America,Direct,Standard,2115.92,1850.24,12.56,58,107313.7
ORD-003277,2025-04-01,Medical,MED-009,North America,Distributor,Standard,2115.92,1769.76,16.36,135,238916.96
ORD-003278,2025-04-01,Medical,MED-009,APAC,Direct,Standard,2115.92,1860.25,12.08,67,124636.63
ORD-003279,2025-04-01,Medical,MED-009,EMEA,Direct,Standard,2115.92,1853.25,12.41,62,114901.2
ORD-003280,2025-04-01,Medical,MED-009,EMEA,Distributor,Transactional,2115.92,1894.19,10.48,75,142064.42
ORD-003281,2025-04-01,Medical,MED-009,North America,Direct,Standard,2115.92,1859.28,12.13,84,156179.8
ORD-003282,2025-04-01,Medical,MED-010,EMEA,Distributor,Transactional,1477.57,1289.08,12.76,71,91524.64
ORD-003283,2025-04-01,Medical,MED-010,EMEA,Distributor,Strategic,1477.57,1136.23,23.1,112,127258.28
ORD-003284,2025-04-01,Medical,MED-010,North America,Distributor,Standard,1477.57,1275.66,13.67,95,121187.53
ORD-003285,2025-04-01,Medical,MED-010,APAC,Direct,Standard,1477.57,1284.14,13.09,64,82185.21
ORD-003286,2025-04-01,Medical,MED-010,North America,Direct,Standard,1477.57,1324.23,10.38,113,149637.79
ORD-003287,2025-04-01,Medical,MED-010,APAC,Distributor,Transactional,1477.57,1293.8,12.44,41,53045.81
ORD-003288,2025-04-01,Medical,MED-010,EMEA,Distributor,Strategic,1477.57,1086.24,26.48,129,140124.75
ORD-003289,2025-04-01,Medical,MED-010,EMEA,Direct,Transactional,1477.57,1351.72,8.52,55,74344.7
ORD-003290,2025-04-01,Medical,MED-010,North America,Direct,Strategic,1477.57,1192.7,19.28,88,104957.86
ORD-003291,2025-04-01,Medical,MED-010,North America,Direct,Standard,1477.57,1309.16,11.4,107,140079.83
ORD-003292,2025-04-01,Medical,MED-010,North America,Direct,Standard,1477.57,1263.6,14.48,71,89715.76
ORD-003293,2025-04-01,Medical,MED-010,APAC,Distributor,Standard,1477.57,1219.34,17.48,98,119495.36
ORD-003294,2025-04-01,Medical,MED-010,APAC,Distributor,Strategic,1477.57,1097.99,25.69,142,155914.64
ORD-003295,2025-04-01,Medical,MED-010,APAC,Direct,Standard,1477.57,1318.86,10.74,96,126610.63
ORD-003296,2025-04-01,Medical,MED-010,EMEA,Direct,Strategic,1477.57,1206.9,18.32,111,133965.55
ORD-003297,2025-04-01,Medical,MED-010,North America,Distributor,Standard,1477.57,1232.25,16.6,119,146637.21
ORD-003298,2025-04-01,Medical,MED-010,APAC,Distributor,Strategic,1477.57,1122.71,24.02,84,94307.88
ORD-003299,2025-04-01,Industrial,IND-001,North America,Direct,Standard,2932.06,2642.94,9.86,60,158576.13
ORD-003300,2025-04-01,Industrial,IND-001,APAC,Direct,Standard,2932.06,2545.93,13.17,49,124750.75
ORD-003301,2025-04-01,Industrial,IND-001,EMEA,Distributor,Transactional,2932.06,2583.47,11.89,59,152424.96
ORD-003302,2025-04-01,Industrial,IND-001,EMEA,Distributor,Transactional,2932.06,2661.08,9.24,106,282074.34
ORD-003303,2025-04-01,Industrial,IND-001,EMEA,Distributor,Transactional,2932.06,2683.16,8.49,92,246850.3
ORD-003304,2025-04-01,Industrial,IND-001,North America,Direct,Transactional,2932.06,2668.13,9.0,64,170760.47
ORD-003305,2025-04-01,Industrial,IND-001,North America,Direct,Standard,2932.06,2709.27,7.6,82,222159.78
ORD-003306,2025-04-01,Industrial,IND-001,North America,Distributor,Transactional,2932.06,2645.96,9.76,95,251366.0
ORD-003307,2025-04-01,Industrial,IND-001,APAC,Distributor,Standard,2932.06,2416.49,17.58,56,135323.23
ORD-003308,2025-04-01,Industrial,IND-001,EMEA,Distributor,Standard,2932.06,2488.72,15.12,68,169232.72
ORD-003309,2025-04-01,Industrial,IND-001,North America,Direct,Standard,2932.06,2538.78,13.41,75,190408.47
ORD-003310,2025-04-01,Industrial,IND-001,EMEA,Direct,Standard,2932.06,2574.6,12.19,83,213691.78
ORD-003311,2025-04-01,Industrial,IND-001,North America,Direct,Standard,2932.06,2597.16,11.42,72,186995.81
ORD-003312,2025-04-01,Industrial,IND-001,APAC,Direct,Standard,2932.06,2568.98,12.38,63,161845.57
ORD-003313,2025-04-01,Industrial,IND-001,APAC,Direct,Transactional,2932.06,2691.87,8.19,39,104982.87
ORD-003314,2025-04-01,Industrial,IND-001,EMEA,Direct,Standard,2932.06,2550.5,13.01,65,165782.8
ORD-003315,2025-04-01,Industrial,IND-001,North America,Direct,Transactional,2932.06,2765.68,5.67,64,177003.66
ORD-003316,2025-04-01,Industrial,IND-002,North America,Direct,Standard,789.23,683.55,13.39,62,42380.29
ORD-003317,2025-04-01,Industrial,IND-002,APAC,Distributor,Standard,789.23,648.01,17.89,93,60264.67
ORD-003318,2025-04-01,Industrial,IND-002,North America,Distributor,Transactional,789.23,710.26,10.01,77,54689.67
ORD-003319,2025-04-01,Industrial,IND-002,North America,Direct,Standard,789.23,684.47,13.27,109,74607.22
ORD-003320,2025-04-01,Industrial,IND-002,EMEA,Direct,Standard,789.23,706.52,10.48,79,55815.3
ORD-003321,2025-04-01,Industrial,IND-002,North America,Distributor,Standard,789.23,676.19,14.32,79,53418.63
ORD-003322,2025-04-01,Industrial,IND-002,EMEA,Direct,Strategic,789.23,655.84,16.9,93,60992.97
ORD-003323,2025-04-01,Industrial,IND-002,North America,Direct,Standard,789.23,725.66,8.05,94,68212.03
ORD-003324,2025-04-01,Industrial,IND-002,APAC,Distributor,Transactional,789.23,670.71,15.02,75,50303.19
ORD-003325,2025-04-01,Industrial,IND-002,EMEA,Direct,Transactional,789.23,728.21,7.73,57,41507.78
ORD-003326,2025-04-01,Industrial,IND-002,North America,Direct,Strategic,789.23,655.48,16.95,92,60303.89
ORD-003327,2025-04-01,Industrial,IND-002,APAC,Direct,Standard,789.23,681.15,13.69,92,62665.6
ORD-003328,2025-04-01,Industrial,IND-002,APAC,Direct,Standard,789.23,689.76,12.6,57,39316.46
ORD-003329,2025-04-01,Industrial,IND-002,EMEA,Direct,Strategic,789.23,634.83,19.56,134,85066.87
ORD-003330,2025-04-01,Industrial,IND-002,APAC,Direct,Standard,789.23,711.88,9.8,53,37729.7
ORD-003331,2025-04-01,Industrial,IND-002,North America,Direct,Transactional,789.23,738.77,6.39,63,46542.35
ORD-003332,2025-04-01,Industrial,IND-002,North America,Distributor,Standard,789.23,657.64,16.67,110,72340.75
ORD-003333,2025-04-01,Industrial,IND-002,North America,Direct,Strategic,789.23,650.34,17.6,128,83243.15
ORD-003334,2025-04-01,Industrial,IND-002,North America,Distributor,Transactional,789.23,706.59,10.47,83,58646.78
ORD-003335,2025-04-01,Industrial,IND-002,North America,Direct,Standard,789.23,709.28,10.13,77,54614.78
ORD-003336,2025-04-01,Industrial,IND-002,North America,Distributor,Standard,789.23,686.22,13.05,107,73425.52
ORD-003337,2025-04-01,Industrial,IND-003,North America,Direct,Standard,1481.72,1307.52,11.76,83,108523.94
ORD-003338,2025-04-01,Industrial,IND-003,APAC,Direct,Transactional,1481.72,1325.59,10.54,44,58326.09
ORD-003339,2025-04-01,Industrial,IND-003,North America,Distributor,Transactional,1481.72,1299.48,12.3,61,79268.1
ORD-003340,2025-04-01,Industrial,IND-003,EMEA,Direct,Standard,1481.72,1355.16,8.54,64,86730.04
ORD-003341,2025-04-01,Industrial,IND-003,EMEA,Distributor,Transactional,1481.72,1292.75,12.75,72,93077.92
ORD-003342,2025-04-01,Industrial,IND-003,North America,Direct,Strategic,1481.72,1211.88,18.21,84,101797.94
ORD-003343,2025-04-01,Industrial,IND-003,EMEA,Distributor,Standard,1481.72,1304.78,11.94,86,112211.24
ORD-003344,2025-04-01,Industrial,IND-003,EMEA,Distributor,Standard,1481.72,1269.35,14.33,111,140898.09
ORD-003345,2025-04-01,Industrial,IND-003,North America,Direct,Standard,1481.72,1324.29,10.62,87,115213.41
ORD-003346,2025-04-01,Industrial,IND-003,EMEA,Direct,Standard,1481.72,1332.45,10.07,89,118588.15
ORD-003347,2025-04-01,Industrial,IND-003,APAC,Distributor,Strategic,1481.72,1186.49,19.92,112,132887.14
ORD-003348,2025-04-01,Industrial,IND-003,EMEA,Direct,Standard,1481.72,1314.4,11.29,75,98579.8
ORD-003349,2025-04-01,Industrial,IND-003,EMEA,Distributor,Transactional,1481.72,1307.43,11.76,71,92827.24
ORD-003350,2025-04-01,Industrial,IND-003,EMEA,Distributor,Transactional,1481.72,1348.2,9.01,57,76847.16
ORD-003351,2025-04-01,Industrial,IND-003,North America,Direct,Standard,1481.72,1308.63,11.68,90,117776.43
ORD-003352,2025-04-01,Industrial,IND-003,EMEA,Distributor,Standard,1481.72,1239.75,16.33,109,135132.82
ORD-003353,2025-04-01,Industrial,IND-003,EMEA,Direct,Standard,1481.72,1280.6,13.57,52,66591.06
ORD-003354,2025-04-01,Industrial,IND-003,EMEA,Distributor,Strategic,1481.72,1140.1,23.06,90,102609.43
ORD-003355,2025-04-01,Industrial,IND-003,EMEA,Distributor,Transactional,1481.72,1330.01,10.24,56,74480.75
ORD-003356,2025-04-01,Industrial,IND-003,North America,Distributor,Transactional,1481.72,1320.0,10.91,97,128040.33
ORD-003357,2025-04-01,Industrial,IND-003,EMEA,Direct,Standard,1481.72,1317.85,11.06,75,98839.03
ORD-003358,2025-04-01,Industrial,IND-003,APAC,Distributor,Standard,1481.72,1240.89,16.25,65,80658.04
ORD-003359,2025-04-01,Industrial,IND-004,APAC,Direct,Standard,1818.4,1561.0,14.16,52,81172.22
ORD-003360,2025-04-01,Industrial,IND-004,EMEA,Direct,Strategic,1818.4,1477.3,18.76,167,246708.93
ORD-003361,2025-04-01,Industrial,IND-004,EMEA,Distributor,Strategic,1818.4,1406.22,22.67,114,160308.67
ORD-003362,2025-04-01,Industrial,IND-004,APAC,Distributor,Standard,1818.4,1510.36,16.94,70,105725.07
ORD-003363,2025-04-01,Industrial,IND-004,EMEA,Direct,Strategic,1818.4,1489.29,18.1,86,128078.56
ORD-003364,2025-04-01,Industrial,IND-004,North America,Distributor,Standard,1818.4,1595.67,12.25,75,119675.23
ORD-003365,2025-04-01,Industrial,IND-004,North America,Distributor,Transactional,1818.4,1629.75,10.37,65,105933.86
ORD-003366,2025-04-01,Industrial,IND-004,EMEA,Direct,Standard,1818.4,1671.87,8.06,87,145453.02
ORD-003367,2025-04-01,Industrial,IND-004,EMEA,Distributor,Standard,1818.4,1541.62,15.22,74,114079.73
ORD-003368,2025-04-01,Industrial,IND-004,North America,Direct,Standard,1818.4,1633.92,10.15,74,120909.88
ORD-003369,2025-04-01,Industrial,IND-004,APAC,Direct,Transactional,1818.4,1636.79,9.99,49,80202.83
ORD-003370,2025-04-01,Industrial,IND-004,APAC,Direct,Standard,1818.4,1562.75,14.06,66,103141.4
ORD-003371,2025-04-01,Industrial,IND-005,APAC,Direct,Strategic,2225.36,1762.71,20.79,93,163932.31
ORD-003372,2025-04-01,Industrial,IND-005,APAC,Distributor,Transactional,2225.36,1947.31,12.49,63,122680.24
ORD-003373,2025-04-01,Industrial,IND-005,EMEA,Direct,Transactional,2225.36,2033.53,8.62,43,87441.88
ORD-003374,2025-04-01,Industrial,IND-005,APAC,Direct,Transactional,2225.36,2042.12,8.23,56,114358.85
ORD-003375,2025-04-01,Industrial,IND-005,North America,Direct,Transactional,2225.36,2076.58,6.69,64,132900.83
ORD-003376,2025-04-01,Industrial,IND-005,North America,Direct,Transactional,2225.36,2026.9,8.92,71,143909.74
ORD-003377,2025-04-01,Industrial,IND-005,North America,Direct,Standard,2225.36,1926.31,13.44,97,186851.86
ORD-003378,2025-04-01,Industrial,IND-005,APAC,Distributor,Strategic,2225.36,1682.41,24.4,91,153099.42
ORD-003379,2025-04-01,Industrial,IND-005,North America,Direct,Transactional,2225.36,2068.82,7.03,110,227569.73
ORD-003380,2025-04-01,Industrial,IND-005,EMEA,Direct,Standard,2225.36,1996.45,10.29,46,91836.47
ORD-003381,2025-04-01,Industrial,IND-005,APAC,Direct,Transactional,2225.36,2039.78,8.34,74,150943.73
ORD-003382,2025-04-01,Industrial,IND-005,North America,Distributor,Standard,2225.36,1949.59,12.39,83,161815.79
ORD-003383,2025-04-01,Industrial,IND-005,APAC,Distributor,Standard,2225.36,1873.06,15.83,94,176067.4
ORD-003384,2025-04-01,Industrial,IND-005,EMEA,Distributor,Standard,2225.36,1940.0,12.82,88,170720.34
ORD-003385,2025-04-01,Industrial,IND-005,EMEA,Direct,Strategic,2225.36,1781.47,19.95,71,126484.66
ORD-003386,2025-04-01,Industrial,IND-005,North America,Distributor,Standard,2225.36,1885.97,15.25,81,152763.57
ORD-003387,2025-04-01,Industrial,IND-005,North America,Direct,Standard,2225.36,1978.29,11.1,76,150349.78
ORD-003388,2025-04-01,Industrial,IND-006,EMEA,Direct,Standard,3718.32,3329.51,10.46,78,259702.17
ORD-003389,2025-04-01,Industrial,IND-006,EMEA,Distributor,Transactional,3718.32,3297.47,11.32,71,234120.68
ORD-003390,2025-04-01,Industrial,IND-006,EMEA,Distributor,Standard,3718.32,3189.36,14.23,83,264717.06
ORD-003391,2025-04-01,Industrial,IND-006,North America,Distributor,Standard,3718.32,3297.06,11.33,107,352785.68
ORD-003392,2025-04-01,Industrial,IND-006,North America,Direct,Transactional,3718.32,3528.24,5.11,58,204638.11
ORD-003393,2025-04-01,Industrial,IND-006,EMEA,Direct,Transactional,3718.32,3505.39,5.73,71,248882.72
ORD-003394,2025-04-01,Industrial,IND-006,APAC,Direct,Strategic,3718.32,2906.23,21.84,77,223779.52
ORD-003395,2025-04-01,Industrial,IND-006,EMEA,Distributor,Standard,3718.32,3151.52,15.24,154,485334.03
ORD-003396,2025-04-01,Industrial,IND-006,North America,Direct,Transactional,3718.32,3567.31,4.06,74,263980.72
ORD-003397,2025-04-01,Industrial,IND-007,North America,Direct,Standard,1062.23,946.93,10.85,76,71966.78
ORD-003398,2025-04-01,Industrial,IND-007,North America,Direct,Transactional,1062.23,992.1,6.6,51,50597.17
ORD-003399,2025-04-01,Industrial,IND-007,North America,Direct,Standard,1062.23,952.09,10.37,91,86639.74
ORD-003400,2025-04-01,Industrial,IND-007,APAC,Distributor,Standard,1062.23,921.19,13.28,57,52507.79
ORD-003401,2025-04-01,Industrial,IND-007,APAC,Direct,Transactional,1062.23,995.29,6.3,38,37820.85
ORD-003402,2025-04-01,Industrial,IND-007,EMEA,Direct,Standard,1062.23,936.46,11.84,52,48695.93
ORD-003403,2025-04-01,Industrial,IND-007,EMEA,Direct,Transactional,1062.23,986.28,7.15,53,52272.87
ORD-003404,2025-04-01,Industrial,IND-007,EMEA,Direct,Standard,1062.23,931.56,12.3,78,72662.01
ORD-003405,2025-04-01,Industrial,IND-007,EMEA,Distributor,Standard,1062.23,904.88,14.81,77,69676.13
ORD-003406,2025-04-01,Industrial,IND-007,EMEA,Distributor,Standard,1062.23,912.0,14.14,98,89376.0
ORD-003407,2025-04-01,Industrial,IND-007,North America,Distributor,Standard,1062.23,891.12,16.11,95,84656.21
ORD-003408,2025-04-01,Industrial,IND-007,EMEA,Distributor,Standard,1062.23,907.51,14.57,85,77138.65
ORD-003409,2025-04-01,Industrial,IND-007,North America,Distributor,Transactional,1062.23,946.58,10.89,65,61527.63
ORD-003410,2025-04-01,Industrial,IND-007,EMEA,Distributor,Transactional,1062.23,922.54,13.15,58,53507.58
ORD-003411,2025-04-01,Industrial,IND-007,North America,Direct,Strategic,1062.23,848.87,20.09,90,76398.0
ORD-003412,2025-04-01,Industrial,IND-007,North America,Distributor,Standard,1062.23,879.59,17.19,73,64210.0
ORD-003413,2025-04-01,Industrial,IND-007,APAC,Direct,Standard,1062.23,922.84,13.12,72,66444.48
ORD-003414,2025-04-01,Industrial,IND-007,North America,Distributor,Standard,1062.23,911.28,14.21,80,72902.21
ORD-003415,2025-04-01,Industrial,IND-007,EMEA,Distributor,Standard,1062.23,907.62,14.56,78,70794.17
ORD-003416,2025-04-01,Industrial,IND-007,North America,Direct,Strategic,1062.23,861.39,18.91,119,102505.79
ORD-003417,2025-04-01,Industrial,IND-007,North America,Direct,Standard,1062.23,955.94,10.01,78,74563.02
ORD-003418,2025-04-01,Industrial,IND-008,APAC,Distributor,Standard,2489.22,2098.8,15.68,58,121730.29
ORD-003419,2025-04-01,Industrial,IND-008,North America,Direct,Standard,2489.22,2228.96,10.46,88,196148.66
ORD-003420,2025-04-01,Industrial,IND-008,North America,Distributor,Transactional,2489.22,2286.87,8.13,78,178376.17
ORD-003421,2025-04-01,Industrial,IND-008,APAC,Distributor,Strategic,2489.22,1912.2,23.18,139,265796.47
ORD-003422,2025-04-01,Industrial,IND-008,EMEA,Direct,Standard,2489.22,2240.35,10.0,79,176987.44
ORD-003423,2025-04-01,Industrial,IND-008,North America,Direct,Standard,2489.22,2219.73,10.83,70,155380.8
ORD-003424,2025-04-01,Industrial,IND-008,North America,Distributor,Strategic,2489.22,1947.1,21.78,116,225864.12
ORD-003425,2025-04-01,Industrial,IND-008,APAC,Distributor,Standard,2489.22,2166.93,12.95,94,203691.4
ORD-003426,2025-04-01,Industrial,IND-008,EMEA,Distributor,Transactional,2489.22,2213.64,11.07,72,159381.77
ORD-003427,2025-04-01,Industrial,IND-008,North America,Direct,Transactional,2489.22,2238.48,10.07,62,138785.51
ORD-003428,2025-04-01,Industrial,IND-008,North America,Distributor,Standard,2489.22,2175.35,12.61,77,167501.96
ORD-003429,2025-04-01,Industrial,IND-009,EMEA,Direct,Strategic,2843.87,2298.93,19.16,111,255180.73
ORD-003430,2025-04-01,Industrial,IND-009,EMEA,Distributor,Transactional,2843.87,2474.47,12.99,58,143519.41
ORD-003431,2025-04-01,Industrial,IND-009,APAC,Direct,Standard,2843.87,2486.02,12.58,64,159105.55
ORD-003432,2025-04-01,Industrial,IND-009,EMEA,Direct,Transactional,2843.87,2676.31,5.89,48,128463.01
ORD-003433,2025-04-01,Industrial,IND-009,North America,Direct,Standard,2843.87,2540.12,10.68,83,210829.71
ORD-003434,2025-04-01,Industrial,IND-009,APAC,Direct,Transactional,2843.87,2621.79,7.81,55,144198.71
ORD-003435,2025-04-01,Industrial,IND-009,APAC,Distributor,Strategic,2843.87,2141.8,24.69,139,297709.93
ORD-003436,2025-04-01,Industrial,IND-009,North America,Direct,Strategic,2843.87,2320.56,18.4,102,236696.91
ORD-003437,2025-04-01,Industrial,IND-009,APAC,Distributor,Strategic,2843.87,2102.4,26.07,73,153474.91
ORD-003438,2025-04-01,Industrial,IND-009,APAC,Direct,Transactional,2843.87,2593.11,8.82,49,127062.39
ORD-003439,2025-04-01,Industrial,IND-009,EMEA,Direct,Standard,2843.87,2531.02,11.0,84,212605.77
ORD-003440,2025-04-01,Industrial,IND-009,North America,Direct,Transactional,2843.87,2633.1,7.41,80,210648.14
ORD-003441,2025-04-01,Industrial,IND-009,North America,Direct,Standard,2843.87,2636.25,7.3,86,226717.59
ORD-003442,2025-04-01,Industrial,IND-009,EMEA,Direct,Standard,2843.87,2579.26,9.3,45,116066.53
ORD-003443,2025-04-01,Industrial,IND-010,EMEA,Distributor,Strategic,367.15,290.74,20.81,78,22678.09
ORD-003444,2025-04-01,Industrial,IND-010,North America,Distributor,Transactional,367.15,318.81,13.17,59,18809.79
ORD-003445,2025-04-01,Industrial,IND-010,North America,Direct,Standard,367.15,321.18,12.52,60,19270.99
ORD-003446,2025-04-01,Industrial,IND-010,EMEA,Distributor,Standard,367.15,316.35,13.84,82,25940.47
ORD-003447,2025-04-01,Industrial,IND-010,APAC,Direct,Transactional,367.15,339.5,7.53,37,12561.39
ORD-003448,2025-04-01,Industrial,IND-010,North America,Direct,Strategic,367.15,292.08,20.44,107,31253.04
ORD-003449,2025-04-01,Industrial,IND-010,APAC,Direct,Transactional,367.15,341.25,7.05,49,16721.39
ORD-003450,2025-04-01,Industrial,IND-010,North America,Direct,Transactional,367.15,347.59,5.33,76,26416.68
ORD-003451,2025-04-01,Industrial,IND-010,North America,Direct,Standard,367.15,324.27,11.68,67,21726.34
ORD-003452,2025-04-01,Food & Beverage,FOO-001,North America,Distributor,Standard,2912.51,2542.48,12.71,92,233907.82
ORD-003453,2025-04-01,Food & Beverage,FOO-001,EMEA,Distributor,Standard,2912.51,2454.13,15.74,117,287133.29
ORD-003454,2025-04-01,Food & Beverage,FOO-001,APAC,Distributor,Standard,2912.51,2430.23,16.56,79,191988.32
ORD-003455,2025-04-01,Food & Beverage,FOO-001,APAC,Direct,Strategic,2912.51,2227.14,23.53,140,311799.58
ORD-003456,2025-04-01,Food & Beverage,FOO-001,APAC,Direct,Standard,2912.51,2580.7,11.39,61,157422.91
ORD-003457,2025-04-01,Food & Beverage,FOO-001,APAC,Direct,Strategic,2912.51,2312.59,20.6,77,178069.28
ORD-003458,2025-04-01,Food & Beverage,FOO-001,EMEA,Direct,Standard,2912.51,2575.02,11.59,69,177676.65
ORD-003459,2025-04-01,Food & Beverage,FOO-001,North America,Distributor,Standard,2912.51,2500.53,14.15,61,152532.16
ORD-003460,2025-04-01,Food & Beverage,FOO-001,APAC,Direct,Standard,2912.51,2592.84,10.98,50,129641.98
ORD-003461,2025-04-01,Food & Beverage,FOO-001,APAC,Distributor,Standard,2912.51,2373.15,18.52,63,149508.48
ORD-003462,2025-04-01,Food & Beverage,FOO-001,APAC,Direct,Transactional,2912.51,2604.81,10.56,50,130240.34
ORD-003463,2025-04-01,Food & Beverage,FOO-001,North America,Direct,Strategic,2912.51,2407.24,17.35,127,305719.38
ORD-003464,2025-04-01,Food & Beverage,FOO-002,North America,Distributor,Transactional,930.0,826.51,11.13,61,50417.16
ORD-003465,2025-04-01,Food & Beverage,FOO-002,EMEA,Direct,Transactional,930.0,832.16,10.52,73,60747.49
ORD-003466,2025-04-01,Food & Beverage,FOO-002,APAC,Distributor,Standard,930.0,777.74,16.37,87,67663.32
ORD-003467,2025-04-01,Food & Beverage,FOO-002,North America,Distributor,Standard,930.0,812.53,12.63,114,92628.5
ORD-003468,2025-04-01,Food & Beverage,FOO-002,APAC,Direct,Transactional,930.0,847.62,8.86,48,40685.87
ORD-003469,2025-04-01,Food & Beverage,FOO-002,APAC,Direct,Strategic,930.0,766.8,17.55,87,66711.41
ORD-003470,2025-04-01,Food & Beverage,FOO-002,North America,Direct,Standard,930.0,810.05,12.9,60,48602.98
ORD-003471,2025-04-01,Food & Beverage,FOO-002,EMEA,Direct,Standard,930.0,813.63,12.51,77,62649.44
ORD-003472,2025-04-01,Food & Beverage,FOO-002,North America,Direct,Transactional,930.0,851.76,8.41,81,68992.48
ORD-003473,2025-04-01,Food & Beverage,FOO-002,EMEA,Direct,Standard,930.0,831.96,10.54,83,69052.46
ORD-003474,2025-04-01,Food & Beverage,FOO-002,EMEA,Direct,Standard,930.0,828.4,10.92,72,59644.67
ORD-003475,2025-04-01,Food & Beverage,FOO-002,EMEA,Direct,Strategic,930.0,781.71,15.95,61,47684.35
ORD-003476,2025-04-01,Food & Beverage,FOO-002,North America,Distributor,Standard,930.0,799.92,13.99,59,47195.06
ORD-003477,2025-04-01,Food & Beverage,FOO-002,EMEA,Direct,Strategic,930.0,768.79,17.33,102,78417.03
ORD-003478,2025-04-01,Food & Beverage,FOO-002,APAC,Direct,Standard,930.0,820.57,11.77,81,66466.21
ORD-003479,2025-04-01,Food & Beverage,FOO-002,North America,Direct,Transactional,930.0,854.56,8.11,64,54691.71
ORD-003480,2025-04-01,Food & Beverage,FOO-003,EMEA,Distributor,Standard,451.53,367.72,18.56,80,29417.39
ORD-003481,2025-04-01,Food & Beverage,FOO-003,APAC,Direct,Standard,451.53,394.27,12.68,49,19319.3
ORD-003482,2025-04-01,Food & Beverage,FOO-003,APAC,Direct,Standard,451.53,391.54,13.29,56,21926.09
ORD-003483,2025-04-01,Food & Beverage,FOO-003,North America,Distributor,Standard,451.53,385.38,14.65,93,35839.95
ORD-003484,2025-04-01,Food & Beverage,FOO-003,EMEA,Direct,Standard,451.53,407.5,9.75,74,30154.76
ORD-003485,2025-04-01,Food & Beverage,FOO-003,North America,Distributor,Standard,451.53,392.18,13.14,93,36472.54
ORD-003486,2025-04-01,Food & Beverage,FOO-003,EMEA,Direct,Standard,451.53,404.06,10.51,106,42830.37
ORD-003487,2025-04-01,Food & Beverage,FOO-003,APAC,Direct,Transactional,451.53,416.08,7.85,49,20388.03
ORD-003488,2025-04-01,Food & Beverage,FOO-003,North America,Direct,Transactional,451.53,428.35,5.13,54,23130.84
ORD-003489,2025-04-01,Food & Beverage,FOO-003,EMEA,Direct,Standard,451.53,406.49,9.98,54,21950.41
ORD-003490,2025-04-01,Food & Beverage,FOO-004,North America,Distributor,Transactional,4460.98,4048.25,9.25,65,263136.17
ORD-003491,2025-04-01,Food & Beverage,FOO-004,EMEA,Direct,Standard,4460.98,4050.94,9.19,78,315973.62
ORD-003492,2025-04-01,Food & Beverage,FOO-004,North America,Direct,Standard,4460.98,4030.79,9.64,96,386955.38
ORD-003493,2025-04-01,Food & Beverage,FOO-004,EMEA,Direct,Transactional,4460.98,4134.58,7.32,75,310093.55
ORD-003494,2025-04-01,Food & Beverage,FOO-004,North America,Direct,Standard,4460.98,3921.41,12.1,87,341162.33
ORD-003495,2025-04-01,Food & Beverage,FOO-004,APAC,Distributor,Standard,4460.98,3635.01,18.52,107,388945.77
ORD-003496,2025-04-01,Food & Beverage,FOO-004,EMEA,Distributor,Standard,4460.98,3764.01,15.62,61,229604.42
ORD-003497,2025-04-01,Food & Beverage,FOO-004,APAC,Distributor,Transactional,4460.98,3939.05,11.7,42,165440.24
ORD-003498,2025-04-01,Food & Beverage,FOO-004,APAC,Direct,Strategic,4460.98,3546.52,20.5,75,265989.36
ORD-003499,2025-04-01,Food & Beverage,FOO-004,North America,Direct,Strategic,4460.98,3713.94,16.75,179,664795.72
ORD-003500,2025-04-01,Food & Beverage,FOO-004,North America,Direct,Transactional,4460.98,4150.44,6.96,71,294681.26
ORD-003501,2025-04-01,Food & Beverage,FOO-004,APAC,Direct,Standard,4460.98,3947.91,11.5,81,319780.31
ORD-003502,2025-04-01,Food & Beverage,FOO-004,EMEA,Distributor,Standard,4460.98,4025.1,9.77,82,330058.21
ORD-003503,2025-04-01,Food & Beverage,FOO-005,North America,Direct,Standard,4536.95,4042.52,10.9,91,367869.68
ORD-003504,2025-04-01,Food & Beverage,FOO-005,APAC,Distributor,Standard,4536.95,3872.93,14.64,82,317580.21
ORD-003505,2025-04-01,Food & Beverage,FOO-005,North America,Direct,Transactional,4536.95,4267.02,5.95,47,200549.87
ORD-003506,2025-04-01,Food & Beverage,FOO-005,APAC,Direct,Strategic,4536.95,3494.75,22.97,60,209685.02
ORD-003507,2025-04-01,Food & Beverage,FOO-005,EMEA,Direct,Transactional,4536.95,4201.51,7.39,68,285702.67
ORD-003508,2025-04-01,Food & Beverage,FOO-005,EMEA,Direct,Strategic,4536.95,3644.17,19.68,81,295178.06
ORD-003509,2025-04-01,Food & Beverage,FOO-005,North America,Direct,Standard,4536.95,4105.02,9.52,105,431027.32
ORD-003510,2025-04-01,Food & Beverage,FOO-005,EMEA,Direct,Standard,4536.95,3986.4,12.13,60,239184.27
ORD-003511,2025-04-01,Food & Beverage,FOO-005,EMEA,Distributor,Transactional,4536.95,4019.27,11.41,76,305464.56
ORD-003512,2025-04-01,Food & Beverage,FOO-005,APAC,Direct,Transactional,4536.95,4240.09,6.54,50,212004.37
ORD-003513,2025-04-01,Food & Beverage,FOO-005,EMEA,Distributor,Strategic,4536.95,3500.57,22.84,101,353557.38
ORD-003514,2025-04-01,Food & Beverage,FOO-005,EMEA,Direct,Strategic,4536.95,3700.03,18.45,103,381102.92
ORD-003515,2025-04-01,Food & Beverage,FOO-006,EMEA,Distributor,Standard,3823.67,3275.79,14.33,104,340681.65
ORD-003516,2025-04-01,Food & Beverage,FOO-006,EMEA,Distributor,Strategic,3823.67,2982.02,22.01,105,313112.0
ORD-003517,2025-04-01,Food & Beverage,FOO-006,North America,Direct,Standard,3823.67,3366.91,11.95,76,255885.36
ORD-003518,2025-04-01,Food & Beverage,FOO-006,North America,Direct,Transactional,3823.67,3540.63,7.4,40,141625.25
ORD-003519,2025-04-01,Food & Beverage,FOO-006,EMEA,Distributor,Strategic,3823.67,2956.59,22.68,100,295658.88
ORD-003520,2025-04-01,Food & Beverage,FOO-006,North America,Direct,Transactional,3823.67,3707.31,3.04,78,289170.15
ORD-003521,2025-04-01,Food & Beverage,FOO-006,North America,Direct,Standard,3823.67,3521.27,7.91,81,285222.58
ORD-003522,2025-04-01,Food & Beverage,FOO-006,APAC,Distributor,Standard,3823.67,3200.02,16.31,55,176001.14
ORD-003523,2025-04-01,Food & Beverage,FOO-006,EMEA,Direct,Transactional,3823.67,3403.62,10.99,70,238253.58
ORD-003524,2025-04-01,Food & Beverage,FOO-006,EMEA,Direct,Standard,3823.67,3422.29,10.5,63,215604.15
ORD-003525,2025-04-01,Food & Beverage,FOO-006,APAC,Distributor,Transactional,3823.67,3331.6,12.87,67,223217.47
ORD-003526,2025-04-01,Food & Beverage,FOO-006,North America,Distributor,Standard,3823.67,3265.45,14.6,171,558392.36
ORD-003527,2025-04-01,Food & Beverage,FOO-006,North America,Distributor,Strategic,3823.67,2919.23,23.65,187,545896.77
ORD-003528,2025-04-01,Food & Beverage,FOO-006,North America,Direct,Transactional,3823.67,3583.96,6.27,91,326140.49
ORD-003529,2025-04-01,Food & Beverage,FOO-006,North America,Distributor,Standard,3823.67,3285.19,14.08,83,272670.8
ORD-003530,2025-04-01,Food & Beverage,FOO-006,APAC,Distributor,Standard,3823.67,3234.48,15.41,122,394606.83
ORD-003531,2025-04-01,Food & Beverage,FOO-006,APAC,Distributor,Standard,3823.67,3209.24,16.07,89,285621.96
ORD-003532,2025-04-01,Food & Beverage,FOO-006,EMEA,Distributor,Transactional,3823.67,3466.18,9.35,57,197572.35
ORD-003533,2025-04-01,Food & Beverage,FOO-006,APAC,Distributor,Standard,3823.67,3182.16,16.78,115,365948.3
ORD-003534,2025-04-01,Food & Beverage,FOO-007,North America,Direct,Transactional,1538.29,1404.08,8.72,61,85649.04
ORD-003535,2025-04-01,Food & Beverage,FOO-007,APAC,Direct,Transactional,1538.29,1406.89,8.54,49,68937.39
ORD-003536,2025-04-01,Food & Beverage,FOO-007,North America,Distributor,Standard,1538.29,1331.59,13.44,76,101201.15
ORD-003537,2025-04-01,Food & Beverage,FOO-007,EMEA,Direct,Transactional,1538.29,1430.19,7.03,48,68649.02
ORD-003538,2025-04-01,Food & Beverage,FOO-007,EMEA,Distributor,Standard,1538.29,1314.57,14.54,88,115681.77
ORD-003539,2025-04-01,Food & Beverage,FOO-007,EMEA,Distributor,Transactional,1538.29,1388.72,9.72,84,116652.2
ORD-003540,2025-04-01,Food & Beverage,FOO-007,EMEA,Distributor,Strategic,1538.29,1180.21,23.28,125,147525.67
ORD-003541,2025-04-01,Food & Beverage,FOO-007,EMEA,Distributor,Standard,1538.29,1330.31,13.52,78,103763.89
ORD-003542,2025-04-01,Food & Beverage,FOO-007,North America,Distributor,Standard,1538.29,1324.55,13.89,116,153647.78
ORD-003543,2025-04-01,Food & Beverage,FOO-007,EMEA,Direct,Standard,1538.29,1341.83,12.77,85,114055.22
ORD-003544,2025-04-01,Food & Beverage,FOO-007,APAC,Direct,Strategic,1538.29,1252.2,18.6,67,83897.21
ORD-003545,2025-04-01,Food & Beverage,FOO-007,EMEA,Direct,Standard,1538.29,1385.83,9.91,67,92850.47
ORD-003546,2025-04-01,Food & Beverage,FOO-007,EMEA,Direct,Transactional,1538.29,1418.38,7.79,77,109215.46
ORD-003547,2025-04-01,Food & Beverage,FOO-007,EMEA,Direct,Standard,1538.29,1364.93,11.27,92,125573.12
ORD-003548,2025-04-01,Food & Beverage,FOO-007,North America,Direct,Standard,1538.29,1352.68,12.07,73,98745.84
ORD-003549,2025-04-01,Food & Beverage,FOO-007,EMEA,Direct,Standard,1538.29,1355.66,11.87,78,105741.51
ORD-003550,2025-04-01,Food & Beverage,FOO-007,North America,Distributor,Transactional,1538.29,1367.17,11.12,52,71092.81
ORD-003551,2025-04-01,Food & Beverage,FOO-007,EMEA,Distributor,Strategic,1538.29,1183.69,23.05,96,113634.05
ORD-003552,2025-04-01,Food & Beverage,FOO-007,North America,Distributor,Standard,1538.29,1299.13,15.55,66,85742.51
ORD-003553,2025-04-01,Food & Beverage,FOO-007,EMEA,Direct,Transactional,1538.29,1430.76,6.99,63,90137.76
ORD-003554,2025-04-01,Food & Beverage,FOO-007,North America,Direct,Standard,1538.29,1387.17,9.82,98,135942.65
ORD-003555,2025-04-01,Food & Beverage,FOO-008,North America,Distributor,Standard,599.51,507.17,15.4,97,49195.17
ORD-003556,2025-04-01,Food & Beverage,FOO-008,APAC,Distributor,Standard,599.51,514.29,14.22,69,35485.89
ORD-003557,2025-04-01,Food & Beverage,FOO-008,EMEA,Distributor,Standard,599.51,502.1,16.25,118,59247.81
ORD-003558,2025-04-01,Food & Beverage,FOO-008,North America,Direct,Transactional,599.51,559.65,6.65,55,30780.49
ORD-003559,2025-04-01,Food & Beverage,FOO-008,APAC,Distributor,Transactional,599.51,515.56,14.0,33,17013.36
ORD-003560,2025-04-01,Food & Beverage,FOO-008,APAC,Distributor,Transactional,599.51,518.93,13.44,42,21795.11
ORD-003561,2025-04-01,Food & Beverage,FOO-008,North America,Distributor,Standard,599.51,528.1,11.91,117,61787.28
ORD-003562,2025-04-01,Food & Beverage,FOO-008,APAC,Direct,Standard,599.51,532.45,11.19,77,40998.75
ORD-003563,2025-04-01,Food & Beverage,FOO-008,EMEA,Direct,Standard,599.51,534.47,10.85,103,55050.02
ORD-003564,2025-04-01,Food & Beverage,FOO-008,APAC,Distributor,Standard,599.51,504.5,15.85,82,41368.98
ORD-003565,2025-04-01,Food & Beverage,FOO-008,EMEA,Direct,Standard,599.51,549.43,8.35,68,37361.33
ORD-003566,2025-04-01,Food & Beverage,FOO-008,EMEA,Direct,Standard,599.51,539.41,10.02,65,35061.76
ORD-003567,2025-04-01,Food & Beverage,FOO-009,North America,Distributor,Transactional,3260.4,2842.38,12.82,89,252972.25
ORD-003568,2025-04-01,Food & Beverage,FOO-009,EMEA,Direct,Standard,3260.4,2855.39,12.42,42,119926.28
ORD-003569,2025-04-01,Food & Beverage,FOO-009,APAC,Distributor,Transactional,3260.4,2836.62,13.0,49,138994.42
ORD-003570,2025-04-01,Food & Beverage,FOO-009,EMEA,Distributor,Standard,3260.4,2754.9,15.5,118,325077.71
ORD-003571,2025-04-01,Food & Beverage,FOO-009,North America,Distributor,Strategic,3260.4,2627.68,19.41,144,378385.96
ORD-003572,2025-04-01,Food & Beverage,FOO-009,EMEA,Distributor,Transactional,3260.4,2919.66,10.45,91,265689.21
ORD-003573,2025-04-01,Food & Beverage,FOO-009,North America,Distributor,Standard,3260.4,2865.33,12.12,80,229226.17
ORD-003574,2025-04-01,Food & Beverage,FOO-009,EMEA,Direct,Standard,3260.4,2842.57,12.82,86,244461.35
ORD-003575,2025-04-01,Food & Beverage,FOO-009,EMEA,Direct,Transactional,3260.4,2951.18,9.48,47,138705.53
ORD-003576,2025-04-01,Food & Beverage,FOO-009,EMEA,Direct,Strategic,3260.4,2666.17,18.23,94,250619.66
ORD-003577,2025-04-01,Food & Beverage,FOO-009,EMEA,Distributor,Standard,3260.4,2810.36,13.8,93,261363.33
ORD-003578,2025-04-01,Food & Beverage,FOO-009,EMEA,Direct,Transactional,3260.4,3071.3,5.8,70,214991.14
ORD-003579,2025-04-01,Food & Beverage,FOO-009,North America,Direct,Transactional,3260.4,2990.25,8.29,95,284073.75
ORD-003580,2025-04-01,Food & Beverage,FOO-009,EMEA,Distributor,Transactional,3260.4,2900.65,11.03,55,159535.92
ORD-003581,2025-04-01,Food & Beverage,FOO-009,EMEA,Distributor,Strategic,3260.4,2437.62,25.24,178,433896.96
ORD-003582,2025-04-01,Food & Beverage,FOO-010,North America,Distributor,Transactional,2153.15,1906.73,11.44,61,116310.25
ORD-003583,2025-04-01,Food & Beverage,FOO-010,EMEA,Distributor,Standard,2153.15,1844.75,14.32,105,193698.87
ORD-003584,2025-04-01,Food & Beverage,FOO-010,North America,Direct,Strategic,2153.15,1687.1,21.64,120,202452.57
ORD-003585,2025-04-01,Food & Beverage,FOO-010,North America,Direct,Transactional,2153.15,1941.18,9.84,48,93176.76
ORD-003586,2025-04-01,Food & Beverage,FOO-010,EMEA,Direct,Strategic,2153.15,1775.11,17.56,115,204137.77
ORD-003587,2025-04-01,Food & Beverage,FOO-010,EMEA,Direct,Transactional,2153.15,2043.32,5.1,72,147118.9
ORD-003588,2025-04-01,Food & Beverage,FOO-010,North America,Direct,Standard,2153.15,1848.95,14.13,101,186744.0
ORD-003589,2025-04-01,Food & Beverage,FOO-010,EMEA,Direct,Transactional,2153.15,2037.42,5.37,115,234303.72
ORD-003590,2025-07-01,Biopharma Consumables,BIO-001,North America,Distributor,Strategic,1779.25,1387.42,22.02,116,160941.25
ORD-003591,2025-07-01,Biopharma Consumables,BIO-001,APAC,Direct,Standard,1779.25,1560.76,12.28,83,129543.43
ORD-003592,2025-07-01,Biopharma Consumables,BIO-001,North America,Direct,Standard,1779.25,1571.91,11.65,86,135184.42
ORD-003593,2025-07-01,Biopharma Consumables,BIO-001,APAC,Distributor,Standard,1779.25,1506.86,15.31,74,111507.72
ORD-003594,2025-07-01,Biopharma Consumables,BIO-001,APAC,Direct,Standard,1779.25,1567.03,11.93,74,115960.16
ORD-003595,2025-07-01,Biopharma Consumables,BIO-001,APAC,Direct,Standard,1779.25,1523.72,14.36,88,134087.35
ORD-003596,2025-07-01,Biopharma Consumables,BIO-001,APAC,Direct,Strategic,1779.25,1412.86,20.59,100,141285.67
ORD-003597,2025-07-01,Biopharma Consumables,BIO-001,APAC,Distributor,Transactional,1779.25,1527.25,14.16,67,102325.51
ORD-003598,2025-07-01,Biopharma Consumables,BIO-001,APAC,Direct,Strategic,1779.25,1380.17,22.43,64,88330.81
ORD-003599,2025-07-01,Biopharma Consumables,BIO-001,North America,Direct,Transactional,1779.25,1672.34,6.01,67,112047.09
ORD-003600,2025-07-01,Biopharma Consumables,BIO-001,North America,Direct,Transactional,1779.25,1641.08,7.77,60,98465.01
ORD-003601,2025-07-01,Biopharma Consumables,BIO-002,APAC,Distributor,Transactional,4285.61,3737.12,12.8,69,257861.0
ORD-003602,2025-07-01,Biopharma Consumables,BIO-002,North America,Direct,Standard,4285.61,3797.45,11.39,115,436706.61
ORD-003603,2025-07-01,Biopharma Consumables,BIO-002,EMEA,Distributor,Strategic,4285.61,3303.38,22.92,146,482293.18
ORD-003604,2025-07-01,Biopharma Consumables,BIO-002,EMEA,Direct,Standard,4285.61,3820.49,10.85,59,225408.83
ORD-003605,2025-07-01,Biopharma Consumables,BIO-002,APAC,Distributor,Transactional,4285.61,3849.78,10.17,67,257935.35
ORD-003606,2025-07-01,Biopharma Consumables,BIO-002,APAC,Direct,Standard,4285.61,3781.43,11.76,48,181508.5
ORD-003607,2025-07-01,Biopharma Consumables,BIO-002,North America,Direct,Strategic,4285.61,3466.16,19.12,91,315420.38
ORD-003608,2025-07-01,Biopharma Consumables,BIO-002,APAC,Direct,Strategic,4285.61,3272.67,23.64,97,317448.77
ORD-003609,2025-07-01,Biopharma Consumables,BIO-002,EMEA,Direct,Standard,4285.61,3858.38,9.97,85,327962.06
ORD-003610,2025-07-01,Biopharma Consumables,BIO-002,North America,Direct,Transactional,4285.61,3926.75,8.37,68,267019.11
ORD-003611,2025-07-01,Biopharma Consumables,BIO-002,North America,Direct,Standard,4285.61,3826.93,10.7,55,210481.06
ORD-003612,2025-07-01,Biopharma Consumables,BIO-003,North America,Direct,Standard,3334.17,3060.6,8.21,70,214242.28
ORD-003613,2025-07-01,Biopharma Consumables,BIO-003,North America,Distributor,Strategic,3334.17,2467.12,26.0,129,318259.11
ORD-003614,2025-07-01,Biopharma Consumables,BIO-003,North America,Direct,Standard,3334.17,3042.66,8.74,84,255583.71
ORD-003615,2025-07-01,Biopharma Consumables,BIO-003,EMEA,Distributor,Strategic,3334.17,2559.06,23.25,137,350591.32
ORD-003616,2025-07-01,Biopharma Consumables,BIO-003,EMEA,Direct,Transactional,3334.17,3069.66,7.93,60,184179.54
ORD-003617,2025-07-01,Biopharma Consumables,BIO-003,North America,Direct,Strategic,3334.17,2708.65,18.76,88,238361.06
ORD-003618,2025-07-01,Biopharma Consumables,BIO-003,EMEA,Direct,Standard,3334.17,2955.36,11.36,66,195053.53
ORD-003619,2025-07-01,Biopharma Consumables,BIO-003,EMEA,Distributor,Standard,3334.17,2806.45,15.83,86,241354.96
ORD-003620,2025-07-01,Biopharma Consumables,BIO-003,North America,Distributor,Standard,3334.17,2830.27,15.11,85,240572.89
ORD-003621,2025-07-01,Biopharma Consumables,BIO-003,EMEA,Direct,Standard,3334.17,3010.94,9.69,60,180656.54
ORD-003622,2025-07-01,Biopharma Consumables,BIO-003,EMEA,Direct,Standard,3334.17,2992.43,10.25,87,260341.3
ORD-003623,2025-07-01,Biopharma Consumables,BIO-003,EMEA,Direct,Standard,3334.17,2976.08,10.74,75,223205.78
ORD-003624,2025-07-01,Biopharma Consumables,BIO-003,EMEA,Distributor,Transactional,3334.17,3053.55,8.42,80,244283.86
ORD-003625,2025-07-01,Biopharma Consumables,BIO-003,APAC,Direct,Standard,3334.17,2977.33,10.7,47,139934.38
ORD-003626,2025-07-01,Biopharma Consumables,BIO-003,North America,Direct,Standard,3334.17,2949.91,11.52,95,280241.59
ORD-003627,2025-07-01,Biopharma Consumables,BIO-003,North America,Direct,Strategic,3334.17,2653.33,20.42,171,453719.97
ORD-003628,2025-07-01,Biopharma Consumables,BIO-003,APAC,Direct,Standard,3334.17,2883.35,13.52,67,193184.27
ORD-003629,2025-07-01,Biopharma Consumables,BIO-004,North America,Distributor,Strategic,2754.16,2161.01,21.54,135,291735.95
ORD-003630,2025-07-01,Biopharma Consumables,BIO-004,North America,Distributor,Strategic,2754.16,2187.41,20.58,101,220928.59
ORD-003631,2025-07-01,Biopharma Consumables,BIO-004,North America,Distributor,Standard,2754.16,2331.42,15.35,123,286764.81
ORD-003632,2025-07-01,Biopharma Consumables,BIO-004,EMEA,Direct,Transactional,2754.16,2534.48,7.98,56,141930.94
ORD-003633,2025-07-01,Biopharma Consumables,BIO-004,North America,Distributor,Strategic,2754.16,2218.46,19.45,79,175258.36
ORD-003634,2025-07-01,Biopharma Consumables,BIO-004,EMEA,Direct,Standard,2754.16,2397.21,12.96,136,326019.99
ORD-003635,2025-07-01,Biopharma Consumables,BIO-004,North America,Direct,Strategic,2754.16,2218.17,19.46,164,363780.43
ORD-003636,2025-07-01,Biopharma Consumables,BIO-004,APAC,Direct,Standard,2754.16,2379.93,13.59,69,164214.92
ORD-003637,2025-07-01,Biopharma Consumables,BIO-004,EMEA,Distributor,Strategic,2754.16,2177.14,20.95,132,287382.08
ORD-003638,2025-07-01,Biopharma Consumables,BIO-004,APAC,Distributor,Strategic,2754.16,2149.69,21.95,122,262262.07
ORD-003639,2025-07-01,Biopharma Consumables,BIO-004,EMEA,Distributor,Transactional,2754.16,2432.28,11.69,83,201879.54
ORD-003640,2025-07-01,Biopharma Consumables,BIO-004,North America,Direct,Standard,2754.16,2494.64,9.42,76,189592.83
ORD-003641,2025-07-01,Biopharma Consumables,BIO-004,North America,Distributor,Standard,2754.16,2286.58,16.98,68,155487.17
ORD-003642,2025-07-01,Biopharma Consumables,BIO-004,North America,Direct,Standard,2754.16,2439.24,11.43,76,185381.99
ORD-003643,2025-07-01,Biopharma Consumables,BIO-004,North America,Distributor,Strategic,2754.16,2127.73,22.74,92,195751.37
ORD-003644,2025-07-01,Biopharma Consumables,BIO-004,EMEA,Direct,Standard,2754.16,2375.46,13.75,69,163907.03
ORD-003645,2025-07-01,Biopharma Consumables,BIO-004,APAC,Distributor,Standard,2754.16,2249.93,18.31,85,191244.01
ORD-003646,2025-07-01,Biopharma Consumables,BIO-005,EMEA,Direct,Standard,828.68,754.64,8.93,87,65653.93
ORD-003647,2025-07-01,Biopharma Consumables,BIO-005,EMEA,Distributor,Standard,828.68,710.53,14.26,60,42631.94
ORD-003648,2025-07-01,Biopharma Consumables,BIO-005,North America,Distributor,Transactional,828.68,719.7,13.15,85,61174.51
ORD-003649,2025-07-01,Biopharma Consumables,BIO-005,APAC,Distributor,Standard,828.68,680.04,17.94,97,65963.95
ORD-003650,2025-07-01,Biopharma Consumables,BIO-005,EMEA,Distributor,Standard,828.68,720.52,13.05,109,78537.17
ORD-003651,2025-07-01,Biopharma Consumables,BIO-005,EMEA,Distributor,Transactional,828.68,724.67,12.55,57,41306.24
ORD-003652,2025-07-01,Biopharma Consumables,BIO-005,EMEA,Distributor,Standard,828.68,717.09,13.47,60,43025.24
ORD-003653,2025-07-01,Biopharma Consumables,BIO-005,North America,Distributor,Standard,828.68,717.7,13.39,113,81100.17
ORD-003654,2025-07-01,Biopharma Consumables,BIO-005,EMEA,Distributor,Strategic,828.68,653.66,21.12,160,104584.89
ORD-003655,2025-07-01,Biopharma Consumables,BIO-005,North America,Direct,Strategic,828.68,675.31,18.51,102,68881.84
ORD-003656,2025-07-01,Biopharma Consumables,BIO-005,EMEA,Distributor,Standard,828.68,705.71,14.84,79,55751.43
ORD-003657,2025-07-01,Biopharma Consumables,BIO-005,North America,Distributor,Standard,828.68,716.71,13.51,96,68804.01
ORD-003658,2025-07-01,Biopharma Consumables,BIO-005,APAC,Direct,Transactional,828.68,764.88,7.7,54,41303.33
ORD-003659,2025-07-01,Biopharma Consumables,BIO-006,APAC,Distributor,Standard,828.58,671.6,18.95,115,77233.66
ORD-003660,2025-07-01,Biopharma Consumables,BIO-006,EMEA,Distributor,Transactional,828.58,754.93,8.89,48,36236.59
ORD-003661,2025-07-01,Biopharma Consumables,BIO-006,North America,Direct,Standard,828.58,716.13,13.57,122,87367.56
ORD-003662,2025-07-01,Biopharma Consumables,BIO-006,APAC,Direct,Transactional,828.58,753.97,9.0,72,54285.83
ORD-003663,2025-07-01,Biopharma Consumables,BIO-006,EMEA,Distributor,Standard,828.58,711.41,14.14,79,56201.77
ORD-003664,2025-07-01,Biopharma Consumables,BIO-006,APAC,Direct,Transactional,828.58,767.73,7.34,31,23799.61
ORD-003665,2025-07-01,Biopharma Consumables,BIO-006,EMEA,Distributor,Standard,828.58,717.75,13.37,103,73928.69
ORD-003666,2025-07-01,Biopharma Consumables,BIO-006,North America,Distributor,Transactional,828.58,719.9,13.12,49,35274.95
ORD-003667,2025-07-01,Biopharma Consumables,BIO-006,APAC,Distributor,Standard,828.58,689.33,16.81,55,37913.32
ORD-003668,2025-07-01,Biopharma Consumables,BIO-006,APAC,Direct,Transactional,828.58,768.15,7.29,36,27653.23
ORD-003669,2025-07-01,Biopharma Consumables,BIO-006,APAC,Direct,Strategic,828.58,653.13,21.17,73,47678.8
ORD-003670,2025-07-01,Biopharma Consumables,BIO-006,North America,Distributor,Transactional,828.58,716.06,13.58,94,67309.88
ORD-003671,2025-07-01,Biopharma Consumables,BIO-006,EMEA,Distributor,Standard,828.58,691.16,16.58,90,62204.43
ORD-003672,2025-07-01,Biopharma Consumables,BIO-007,EMEA,Direct,Transactional,402.66,369.4,8.26,61,22533.58
ORD-003673,2025-07-01,Biopharma Consumables,BIO-007,APAC,Direct,Transactional,402.66,367.34,8.77,56,20571.02
ORD-003674,2025-07-01,Biopharma Consumables,BIO-007,APAC,Direct,Strategic,402.66,317.12,21.24,146,46300.08
ORD-003675,2025-07-01,Biopharma Consumables,BIO-007,EMEA,Direct,Transactional,402.66,371.6,7.71,66,24525.62
ORD-003676,2025-07-01,Biopharma Consumables,BIO-007,North America,Distributor,Standard,402.66,343.3,14.74,86,29524.17
ORD-003677,2025-07-01,Biopharma Consumables,BIO-007,EMEA,Distributor,Standard,402.66,336.6,16.41,112,37699.54
ORD-003678,2025-07-01,Biopharma Consumables,BIO-007,North America,Distributor,Standard,402.66,341.87,15.1,124,42392.17
ORD-003679,2025-07-01,Biopharma Consumables,BIO-007,APAC,Direct,Standard,402.66,340.21,15.51,72,24495.22
ORD-003680,2025-07-01,Biopharma Consumables,BIO-007,EMEA,Distributor,Transactional,402.66,363.35,9.76,64,23254.59
ORD-003681,2025-07-01,Biopharma Consumables,BIO-007,North America,Direct,Standard,402.66,359.59,10.7,100,35959.03
ORD-003682,2025-07-01,Biopharma Consumables,BIO-007,North America,Distributor,Transactional,402.66,358.82,10.89,44,15788.12
ORD-003683,2025-07-01,Biopharma Consumables,BIO-007,EMEA,Distributor,Transactional,402.66,353.62,12.18,64,22631.45
ORD-003684,2025-07-01,Biopharma Consumables,BIO-007,EMEA,Distributor,Transactional,402.66,359.79,10.65,76,27344.1
ORD-003685,2025-07-01,Biopharma Consumables,BIO-007,EMEA,Direct,Strategic,402.66,331.92,17.57,73,24230.44
ORD-003686,2025-07-01,Biopharma Consumables,BIO-007,North America,Distributor,Transactional,402.66,350.74,12.9,54,18939.79
ORD-003687,2025-07-01,Biopharma Consumables,BIO-007,North America,Direct,Transactional,402.66,382.11,5.1,73,27894.2
ORD-003688,2025-07-01,Biopharma Consumables,BIO-008,North America,Distributor,Standard,3917.87,3311.7,15.47,88,291429.57
ORD-003689,2025-07-01,Biopharma Consumables,BIO-008,North America,Direct,Standard,3917.87,3447.73,12.0,88,303400.11
ORD-003690,2025-07-01,Biopharma Consumables,BIO-008,EMEA,Direct,Standard,3917.87,3505.34,10.53,70,245374.04
ORD-003691,2025-07-01,Biopharma Consumables,BIO-008,North America,Direct,Standard,3917.87,3546.95,9.47,74,262474.31
ORD-003692,2025-07-01,Biopharma Consumables,BIO-008,North America,Direct,Strategic,3917.87,3229.23,17.58,150,484384.31
ORD-003693,2025-07-01,Biopharma Consumables,BIO-008,North America,Direct,Transactional,3917.87,3732.28,4.74,63,235133.64
ORD-003694,2025-07-01,Biopharma Consumables,BIO-008,North America,Direct,Standard,3917.87,3469.35,11.45,97,336526.51
ORD-003695,2025-07-01,Biopharma Consumables,BIO-008,North America,Direct,Transactional,3917.87,3699.8,5.57,59,218288.18
ORD-003696,2025-07-01,Biopharma Consumables,BIO-008,North America,Distributor,Standard,3917.87,3249.42,17.06,82,266452.05
ORD-003697,2025-07-01,Biopharma Consumables,BIO-008,North America,Direct,Standard,3917.87,3482.44,11.11,108,376103.81
ORD-003698,2025-07-01,Biopharma Consumables,BIO-008,North America,Distributor,Standard,3917.87,3364.36,14.13,72,242234.22
ORD-003699,2025-07-01,Biopharma Consumables,BIO-008,North America,Direct,Standard,3917.87,3384.62,13.61,103,348616.33
ORD-003700,2025-07-01,Biopharma Consumables,BIO-008,North America,Distributor,Standard,3917.87,3453.63,11.85,111,383353.09
ORD-003701,2025-07-01,Biopharma Consumables,BIO-009,North America,Distributor,Standard,2764.85,2360.17,14.64,116,273779.54
ORD-003702,2025-07-01,Biopharma Consumables,BIO-009,EMEA,Distributor,Transactional,2764.85,2481.17,10.26,62,153832.48
ORD-003703,2025-07-01,Biopharma Consumables,BIO-009,APAC,Distributor,Transactional,2764.85,2447.82,11.47,58,141973.47
ORD-003704,2025-07-01,Biopharma Consumables,BIO-009,APAC,Distributor,Standard,2764.85,2283.17,17.42,48,109592.05
ORD-003705,2025-07-01,Biopharma Consumables,BIO-009,North America,Distributor,Standard,2764.85,2357.23,14.74,107,252223.27
ORD-003706,2025-07-01,Biopharma Consumables,BIO-009,North America,Direct,Transactional,2764.85,2626.45,5.01,39,102431.74
ORD-003707,2025-07-01,Biopharma Consumables,BIO-009,North America,Distributor,Standard,2764.85,2311.41,16.4,101,233452.61
ORD-003708,2025-07-01,Biopharma Consumables,BIO-009,EMEA,Distributor,Strategic,2764.85,2202.88,20.33,111,244519.66
ORD-003709,2025-07-01,Biopharma Consumables,BIO-009,North America,Direct,Standard,2764.85,2466.97,10.77,75,185022.59
ORD-003710,2025-07-01,Biopharma Consumables,BIO-009,EMEA,Distributor,Standard,2764.85,2284.99,17.36,117,267344.09
ORD-003711,2025-07-01,Biopharma Consumables,BIO-009,EMEA,Direct,Standard,2764.85,2498.82,9.62,115,287364.7
ORD-003712,2025-07-01,Biopharma Consumables,BIO-009,North America,Distributor,Standard,2764.85,2357.61,14.73,109,256979.25
ORD-003713,2025-07-01,Biopharma Consumables,BIO-009,APAC,Direct,Standard,2764.85,2446.95,11.5,79,193309.16
ORD-003714,2025-07-01,Biopharma Consumables,BIO-009,North America,Distributor,Standard,2764.85,2388.94,13.6,96,229338.56
ORD-003715,2025-07-01,Biopharma Consumables,BIO-009,North America,Distributor,Strategic,2764.85,2114.24,23.53,201,424962.98
ORD-003716,2025-07-01,Biopharma Consumables,BIO-009,APAC,Distributor,Transactional,2764.85,2362.18,14.56,70,165352.57
ORD-003717,2025-07-01,Biopharma Consumables,BIO-009,EMEA,Direct,Transactional,2764.85,2541.19,8.09,71,180424.83
ORD-003718,2025-07-01,Biopharma Consumables,BIO-009,North America,Direct,Transactional,2764.85,2657.41,3.89,62,164759.55
ORD-003719,2025-07-01,Biopharma Consumables,BIO-010,APAC,Distributor,Transactional,3230.12,2814.07,12.88,27,75979.89
ORD-003720,2025-07-01,Biopharma Consumables,BIO-010,EMEA,Distributor,Standard,3230.12,2712.53,16.02,105,284815.37
ORD-003721,2025-07-01,Biopharma Consumables,BIO-010,APAC,Distributor,Transactional,3230.12,2886.66,10.63,68,196292.62
ORD-003722,2025-07-01,Biopharma Consumables,BIO-010,North America,Distributor,Standard,3230.12,2753.57,14.75,92,253328.4
ORD-003723,2025-07-01,Biopharma Consumables,BIO-010,North America,Direct,Standard,3230.12,2874.18,11.02,63,181073.46
ORD-003724,2025-07-01,Biopharma Consumables,BIO-010,North America,Direct,Strategic,3230.12,2685.32,16.87,98,263161.1
ORD-003725,2025-07-01,Biopharma Consumables,BIO-010,APAC,Distributor,Transactional,3230.12,2779.28,13.96,49,136184.62
ORD-003726,2025-07-01,Biopharma Consumables,BIO-010,North America,Distributor,Standard,3230.12,2760.6,14.54,124,342314.07
ORD-003727,2025-07-01,Biopharma Consumables,BIO-010,APAC,Distributor,Standard,3230.12,2615.6,19.02,69,180476.16
ORD-003728,2025-07-01,Biopharma Consumables,BIO-010,North America,Direct,Strategic,3230.12,2670.57,17.32,108,288421.04
ORD-003729,2025-07-01,Biopharma Consumables,BIO-010,APAC,Distributor,Standard,3230.12,2730.96,15.45,69,188436.22
ORD-003730,2025-07-01,Biopharma Consumables,BIO-010,EMEA,Distributor,Strategic,3230.12,2467.02,23.62,137,337981.64
ORD-003731,2025-07-01,Biopharma Consumables,BIO-010,APAC,Direct,Transactional,3230.12,2953.57,8.56,61,180168.07
ORD-003732,2025-07-01,Biopharma Consumables,BIO-010,North America,Direct,Standard,3230.12,2948.4,8.72,119,350859.49
ORD-003733,2025-07-01,Medical,MED-001,EMEA,Direct,Strategic,251.86,199.72,20.7,94,18773.69
ORD-003734,2025-07-01,Medical,MED-001,North America,Distributor,Transactional,251.86,220.35,12.51,83,18289.37
ORD-003735,2025-07-01,Medical,MED-001,APAC,Distributor,Transactional,251.86,216.88,13.89,62,13446.68
ORD-003736,2025-07-01,Medical,MED-001,North America,Distributor,Transactional,251.86,222.62,11.61,69,15360.88
ORD-003737,2025-07-01,Medical,MED-001,EMEA,Distributor,Standard,251.86,215.48,14.44,71,15299.41
ORD-003738,2025-07-01,Medical,MED-001,EMEA,Distributor,Strategic,251.86,201.97,19.81,121,24438.31
ORD-003739,2025-07-01,Medical,MED-001,APAC,Direct,Transactional,251.86,225.39,10.51,56,12622.11
ORD-003740,2025-07-01,Medical,MED-001,North America,Distributor,Standard,251.86,214.9,14.68,117,25143.0
ORD-003741,2025-07-01,Medical,MED-001,North America,Distributor,Standard,251.86,213.34,15.3,85,18133.68
ORD-003742,2025-07-01,Medical,MED-001,EMEA,Distributor,Standard,251.86,212.15,15.77,74,15699.41
ORD-003743,2025-07-01,Medical,MED-001,EMEA,Direct,Standard,251.86,228.17,9.41,61,13918.52
ORD-003744,2025-07-01,Medical,MED-002,North America,Direct,Transactional,4593.8,4258.69,7.29,61,259780.08
ORD-003745,2025-07-01,Medical,MED-002,North America,Direct,Strategic,4593.8,3837.46,16.46,129,495032.24
ORD-003746,2025-07-01,Medical,MED-002,North America,Direct,Transactional,4593.8,4189.26,8.81,62,259733.95
ORD-003747,2025-07-01,Medical,MED-002,North America,Distributor,Transactional,4593.8,4098.05,10.79,86,352432.55
ORD-003748,2025-07-01,Medical,MED-002,EMEA,Distributor,Strategic,4593.8,3591.87,21.81,102,366370.55
ORD-003749,2025-07-01,Medical,MED-002,North America,Distributor,Standard,4593.8,3865.34,15.86,81,313092.32
ORD-003750,2025-07-01,Medical,MED-002,EMEA,Direct,Standard,4593.8,4154.27,9.57,60,249256.0
ORD-003751,2025-07-01,Medical,MED-002,EMEA,Distributor,Standard,4593.8,3893.51,15.24,94,365989.99
ORD-003752,2025-07-01,Medical,MED-002,North America,Direct,Standard,4593.8,4190.3,8.78,84,351985.04
ORD-003753,2025-07-01,Medical,MED-002,EMEA,Distributor,Standard,4593.8,3901.33,15.07,123,479863.13
ORD-003754,2025-07-01,Medical,MED-002,North America,Direct,Standard,4593.8,3961.09,13.77,83,328770.49
ORD-003755,2025-07-01,Medical,MED-002,APAC,Distributor,Standard,4593.8,3785.16,17.6,57,215754.17
ORD-003756,2025-07-01,Medical,MED-002,North America,Direct,Strategic,4593.8,3685.09,19.78,107,394305.13
ORD-003757,2025-07-01,Medical,MED-002,APAC,Direct,Transactional,4593.8,4364.95,4.98,86,375385.62
ORD-003758,2025-07-01,Medical,MED-002,APAC,Direct,Strategic,4593.8,3742.69,18.53,68,254502.67
ORD-003759,2025-07-01,Medical,MED-003,EMEA,Distributor,Transactional,3965.07,3429.48,13.51,91,312082.79
ORD-003760,2025-07-01,Medical,MED-003,North America,Distributor,Strategic,3965.07,3098.7,21.85,113,350152.9
ORD-003761,2025-07-01,Medical,MED-003,North America,Direct,Transactional,3965.07,3672.13,7.39,61,223999.94
ORD-003762,2025-07-01,Medical,MED-003,EMEA,Distributor,Standard,3965.07,3360.97,15.24,82,275599.84
ORD-003763,2025-07-01,Medical,MED-003,APAC,Distributor,Transactional,3965.07,3503.95,11.63,80,280316.18
ORD-003764,2025-07-01,Medical,MED-003,APAC,Direct,Standard,3965.07,3387.34,14.57,85,287924.14
ORD-003765,2025-07-01,Medical,MED-003,North America,Distributor,Standard,3965.07,3410.5,13.99,105,358102.95
ORD-003766,2025-07-01,Medical,MED-003,EMEA,Distributor,Transactional,3965.07,3604.97,9.08,59,212692.95
ORD-003767,2025-07-01,Medical,MED-003,EMEA,Distributor,Standard,3965.07,3390.11,14.5,87,294939.5
ORD-003768,2025-07-01,Medical,MED-003,North America,Direct,Strategic,3965.07,3130.66,21.04,100,313066.2
ORD-003769,2025-07-01,Medical,MED-003,APAC,Direct,Transactional,3965.07,3631.57,8.41,71,257841.22
ORD-003770,2025-07-01,Medical,MED-003,EMEA,Direct,Strategic,3965.07,3188.06,19.6,88,280549.41
ORD-003771,2025-07-01,Medical,MED-003,APAC,Direct,Transactional,3965.07,3748.16,5.47,40,149926.29
ORD-003772,2025-07-01,Medical,MED-003,APAC,Direct,Transactional,3965.07,3656.83,7.77,44,160900.33
ORD-003773,2025-07-01,Medical,MED-003,EMEA,Distributor,Standard,3965.07,3461.38,12.7,60,207682.58
ORD-003774,2025-07-01,Medical,MED-003,North America,Direct,Transactional,3965.07,3697.4,6.75,60,221843.76
ORD-003775,2025-07-01,Medical,MED-004,North America,Direct,Standard,1128.89,997.94,11.6,76,75843.6
ORD-003776,2025-07-01,Medical,MED-004,EMEA,Distributor,Strategic,1128.89,874.89,22.5,91,79615.27
ORD-003777,2025-07-01,Medical,MED-004,APAC,Distributor,Transactional,1128.89,970.52,14.03,53,51437.75
ORD-003778,2025-07-01,Medical,MED-004,APAC,Direct,Transactional,1128.89,1028.54,8.89,54,55541.11
ORD-003779,2025-07-01,Medical,MED-004,North America,Direct,Transactional,1128.89,1060.5,6.06,68,72113.85
ORD-003780,2025-07-01,Medical,MED-004,North America,Direct,Transactional,1128.89,1061.54,5.97,63,66877.24
ORD-003781,2025-07-01,Medical,MED-004,EMEA,Distributor,Transactional,1128.89,989.55,12.34,63,62341.48
ORD-003782,2025-07-01,Medical,MED-004,APAC,Direct,Strategic,1128.89,886.71,21.45,109,96651.89
ORD-003783,2025-07-01,Medical,MED-004,APAC,Distributor,Transactional,1128.89,959.29,15.02,65,62353.92
ORD-003784,2025-07-01,Medical,MED-004,APAC,Direct,Standard,1128.89,973.76,13.74,71,69136.68
ORD-003785,2025-07-01,Medical,MED-004,EMEA,Distributor,Standard,1128.89,961.6,14.82,90,86543.62
ORD-003786,2025-07-01,Medical,MED-004,North America,Direct,Standard,1128.89,998.22,11.58,100,99821.71
ORD-003787,2025-07-01,Medical,MED-004,APAC,Direct,Standard,1128.89,967.21,14.32,90,87049.17
ORD-003788,2025-07-01,Medical,MED-004,North America,Distributor,Strategic,1128.89,873.09,22.66,132,115248.54
ORD-003789,2025-07-01,Medical,MED-004,EMEA,Direct,Transactional,1128.89,1020.91,9.57,57,58191.69
ORD-003790,2025-07-01,Medical,MED-005,APAC,Distributor,Strategic,989.33,749.71,24.22,101,75720.46
ORD-003791,2025-07-01,Medical,MED-005,EMEA,Direct,Standard,989.33,894.94,9.54,58,51906.75
ORD-003792,2025-07-01,Medical,MED-005,EMEA,Direct,Standard,989.33,897.17,9.32,64,57418.81
ORD-003793,2025-07-01,Medical,MED-005,EMEA,Direct,Transactional,989.33,914.05,7.61,85,77694.1
ORD-003794,2025-07-01,Medical,MED-005,North America,Direct,Standard,989.33,871.48,11.91,53,46188.19
ORD-003795,2025-07-01,Medical,MED-005,APAC,Direct,Standard,989.33,846.58,14.43,61,51641.28
ORD-003796,2025-07-01,Medical,MED-005,APAC,Distributor,Standard,989.33,841.4,14.95,48,40387.27
ORD-003797,2025-07-01,Medical,MED-005,EMEA,Direct,Transactional,989.33,906.98,8.32,83,75279.44
ORD-003798,2025-07-01,Medical,MED-005,North America,Distributor,Transactional,989.33,878.77,11.18,59,51847.5
ORD-003799,2025-07-01,Medical,MED-005,APAC,Direct,Standard,989.33,862.97,12.77,59,50915.35
ORD-003800,2025-07-01,Medical,MED-005,North America,Distributor,Transactional,989.33,903.29,8.7,76,68649.77
ORD-003801,2025-07-01,Medical,MED-005,APAC,Direct,Standard,989.33,887.22,10.32,57,50571.56
ORD-003802,2025-07-01,Medical,MED-005,EMEA,Distributor,Standard,989.33,855.98,13.48,99,84741.72
ORD-003803,2025-07-01,Medical,MED-005,North America,Distributor,Standard,989.33,833.51,15.75,92,76683.16
ORD-003804,2025-07-01,Medical,MED-005,North America,Distributor,Strategic,989.33,764.82,22.69,118,90248.39
ORD-003805,2025-07-01,Medical,MED-005,EMEA,Distributor,Transactional,989.33,882.17,10.83,88,77631.29
ORD-003806,2025-07-01,Medical,MED-006,EMEA,Direct,Standard,996.55,910.06,8.68,59,53693.4
ORD-003807,2025-07-01,Medical,MED-006,North America,Distributor,Transactional,996.55,900.65,9.62,71,63946.11
ORD-003808,2025-07-01,Medical,MED-006,North America,Distributor,Standard,996.55,840.24,15.69,80,67219.0
ORD-003809,2025-07-01,Medical,MED-006,EMEA,Direct,Transactional,996.55,934.42,6.24,89,83162.98
ORD-003810,2025-07-01,Medical,MED-006,North America,Direct,Standard,996.55,891.25,10.57,96,85560.44
ORD-003811,2025-07-01,Medical,MED-006,EMEA,Distributor,Transactional,996.55,881.09,11.59,63,55508.89
ORD-003812,2025-07-01,Medical,MED-006,North America,Direct,Standard,996.55,880.28,11.67,68,59858.9
ORD-003813,2025-07-01,Medical,MED-006,North America,Distributor,Standard,996.55,839.23,15.79,83,69656.13
ORD-003814,2025-07-01,Medical,MED-006,North America,Distributor,Transactional,996.55,897.69,9.92,58,52065.81
ORD-003815,2025-07-01,Medical,MED-006,APAC,Direct,Transactional,996.55,902.84,9.4,30,27085.27
ORD-003816,2025-07-01,Medical,MED-006,EMEA,Direct,Strategic,996.55,811.1,18.61,139,112743.07
ORD-003817,2025-07-01,Medical,MED-006,EMEA,Direct,Strategic,996.55,798.3,19.89,78,62267.36
ORD-003818,2025-07-01,Medical,MED-007,North America,Distributor,Transactional,1549.23,1418.33,8.45,81,114885.09
ORD-003819,2025-07-01,Medical,MED-007,APAC,Distributor,Standard,1549.23,1291.3,16.65,83,107178.16
ORD-003820,2025-07-01,Medical,MED-007,EMEA,Distributor,Transactional,1549.23,1417.5,8.5,93,131827.45
ORD-003821,2025-07-01,Medical,MED-007,EMEA,Direct,Standard,1549.23,1374.72,11.26,79,108603.17
ORD-003822,2025-07-01,Medical,MED-007,APAC,Distributor,Transactional,1549.23,1338.67,13.59,41,54885.47
ORD-003823,2025-07-01,Medical,MED-007,North America,Distributor,Standard,1549.23,1312.61,15.27,105,137824.3
ORD-003824,2025-07-01,Medical,MED-007,North America,Direct,Transactional,1549.23,1405.29,9.29,77,108206.96
ORD-003825,2025-07-01,Medical,MED-007,APAC,Distributor,Transactional,1549.23,1311.99,15.31,65,85279.44
ORD-003826,2025-07-01,Medical,MED-007,EMEA,Distributor,Strategic,1549.23,1199.2,22.59,70,83944.02
ORD-003827,2025-07-01,Medical,MED-007,APAC,Direct,Standard,1549.23,1342.76,13.33,86,115477.73
ORD-003828,2025-07-01,Medical,MED-008,North America,Direct,Standard,2557.8,2349.02,8.16,90,211411.89
ORD-003829,2025-07-01,Medical,MED-008,North America,Distributor,Standard,2557.8,2175.0,14.97,102,221849.51
ORD-003830,2025-07-01,Medical,MED-008,North America,Direct,Transactional,2557.8,2408.19,5.85,41,98735.88
ORD-003831,2025-07-01,Medical,MED-008,APAC,Direct,Standard,2557.8,2218.95,13.25,64,142012.9
ORD-003832,2025-07-01,Medical,MED-008,APAC,Direct,Standard,2557.8,2246.83,12.16,61,137056.79
ORD-003833,2025-07-01,Medical,MED-008,North America,Direct,Standard,2557.8,2250.47,12.02,95,213794.48
ORD-003834,2025-07-01,Medical,MED-008,APAC,Direct,Strategic,2557.8,2015.6,21.2,138,278152.98
ORD-003835,2025-07-01,Medical,MED-008,EMEA,Direct,Transactional,2557.8,2410.39,5.76,49,118109.2
ORD-003836,2025-07-01,Medical,MED-009,APAC,Direct,Standard,2133.31,1842.08,13.65,84,154734.32
ORD-003837,2025-07-01,Medical,MED-009,North America,Distributor,Transactional,2133.31,1911.01,10.42,97,185368.2
ORD-003838,2025-07-01,Medical,MED-009,EMEA,Direct,Standard,2133.31,1968.24,7.74,93,183046.06
ORD-003839,2025-07-01,Medical,MED-009,EMEA,Direct,Transactional,2133.31,2021.81,5.23,71,143548.68
ORD-003840,2025-07-01,Medical,MED-009,North America,Direct,Standard,2133.31,1918.71,10.06,84,161171.27
ORD-003841,2025-07-01,Medical,MED-009,North America,Distributor,Standard,2133.31,1851.44,13.21,110,203658.15
ORD-003842,2025-07-01,Medical,MED-009,APAC,Direct,Standard,2133.31,1821.26,14.63,48,87420.54
ORD-003843,2025-07-01,Medical,MED-009,North America,Distributor,Standard,2133.31,1810.54,15.13,72,130358.58
ORD-003844,2025-07-01,Medical,MED-009,EMEA,Direct,Standard,2133.31,1884.09,11.68,91,171452.64
ORD-003845,2025-07-01,Medical,MED-009,EMEA,Direct,Standard,2133.31,1885.63,11.61,95,179135.0
ORD-003846,2025-07-01,Medical,MED-009,North America,Direct,Transactional,2133.31,1957.73,8.23,67,131168.15
ORD-003847,2025-07-01,Medical,MED-009,APAC,Direct,Standard,2133.31,1880.32,11.86,88,165467.99
ORD-003848,2025-07-01,Medical,MED-009,EMEA,Direct,Transactional,2133.31,1955.73,8.32,53,103653.73
ORD-003849,2025-07-01,Medical,MED-009,APAC,Distributor,Transactional,2133.31,1819.97,14.69,50,90998.32
ORD-003850,2025-07-01,Medical,MED-010,APAC,Direct,Transactional,1489.71,1339.42,10.09,60,80365.42
ORD-003851,2025-07-01,Medical,MED-010,EMEA,Distributor,Strategic,1489.71,1129.41,24.19,113,127623.36
ORD-003852,2025-07-01,Medical,MED-010,North America,Distributor,Transactional,1489.71,1345.57,9.68,72,96881.33
ORD-003853,2025-07-01,Medical,MED-010,EMEA,Direct,Standard,1489.71,1327.38,10.9,76,100880.99
ORD-003854,2025-07-01,Medical,MED-010,EMEA,Distributor,Standard,1489.71,1257.58,15.58,106,133304.0
ORD-003855,2025-07-01,Medical,MED-010,North America,Distributor,Standard,1489.71,1285.87,13.68,79,101583.42
ORD-003856,2025-07-01,Medical,MED-010,EMEA,Distributor,Transactional,1489.71,1318.72,11.48,58,76485.85
ORD-003857,2025-07-01,Medical,MED-010,APAC,Distributor,Standard,1489.71,1250.55,16.05,72,90039.39
ORD-003858,2025-07-01,Medical,MED-010,APAC,Distributor,Transactional,1489.71,1288.73,13.49,60,77323.63
ORD-003859,2025-07-01,Medical,MED-010,APAC,Distributor,Standard,1489.71,1253.64,15.85,88,110320.72
ORD-003860,2025-07-01,Medical,MED-010,EMEA,Direct,Standard,1489.71,1345.04,9.71,63,84737.51
ORD-003861,2025-07-01,Medical,MED-010,EMEA,Direct,Standard,1489.71,1349.77,9.39,66,89084.68
ORD-003862,2025-07-01,Medical,MED-010,North America,Distributor,Strategic,1489.71,1179.63,20.82,120,141555.33
ORD-003863,2025-07-01,Medical,MED-010,EMEA,Distributor,Strategic,1489.71,1153.14,22.59,101,116467.63
ORD-003864,2025-07-01,Medical,MED-010,North America,Direct,Standard,1489.71,1300.43,12.71,55,71523.9
ORD-003865,2025-07-01,Medical,MED-010,EMEA,Direct,Strategic,1489.71,1219.03,18.17,79,96303.1
ORD-003866,2025-07-01,Medical,MED-010,EMEA,Direct,Strategic,1489.71,1213.31,18.55,102,123757.39
ORD-003867,2025-07-01,Medical,MED-010,North America,Distributor,Standard,1489.71,1255.77,15.7,168,210969.87
ORD-003868,2025-07-01,Medical,MED-010,EMEA,Direct,Strategic,1489.71,1251.19,16.01,110,137631.34
ORD-003869,2025-07-01,Medical,MED-010,APAC,Distributor,Standard,1489.71,1260.44,15.39,94,118481.39
ORD-003870,2025-07-01,Medical,MED-010,EMEA,Direct,Transactional,1489.71,1418.89,4.75,54,76620.06
ORD-003871,2025-07-01,Industrial,IND-001,North America,Direct,Strategic,2956.15,2386.55,19.27,146,348436.17
ORD-003872,2025-07-01,Industrial,IND-001,EMEA,Direct,Standard,2956.15,2642.11,10.62,136,359327.06
ORD-003873,2025-07-01,Industrial,IND-001,EMEA,Direct,Transactional,2956.15,2718.19,8.05,84,228327.74
ORD-003874,2025-07-01,Industrial,IND-001,North America,Direct,Strategic,2956.15,2449.96,17.12,117,286645.79
ORD-003875,2025-07-01,Industrial,IND-001,North America,Direct,Standard,2956.15,2620.46,11.36,84,220118.65
ORD-003876,2025-07-01,Industrial,IND-001,North America,Distributor,Standard,2956.15,2524.11,14.62,84,212025.03
ORD-003877,2025-07-01,Industrial,IND-001,APAC,Direct,Strategic,2956.15,2389.42,19.17,98,234163.16
ORD-003878,2025-07-01,Industrial,IND-001,North America,Direct,Transactional,2956.15,2748.02,7.04,71,195109.74
ORD-003879,2025-07-01,Industrial,IND-002,EMEA,Direct,Transactional,795.72,763.49,4.05,68,51917.44
ORD-003880,2025-07-01,Industrial,IND-002,APAC,Distributor,Standard,795.72,667.77,16.08,71,47411.65
ORD-003881,2025-07-01,Industrial,IND-002,North America,Direct,Strategic,795.72,633.45,20.39,88,55743.87
ORD-003882,2025-07-01,Industrial,IND-002,EMEA,Distributor,Transactional,795.72,714.25,10.24,69,49283.3
ORD-003883,2025-07-01,Industrial,IND-002,EMEA,Distributor,Standard,795.72,681.53,14.35,95,64745.39
ORD-003884,2025-07-01,Industrial,IND-002,APAC,Direct,Strategic,795.72,632.06,20.57,117,73951.5
ORD-003885,2025-07-01,Industrial,IND-002,North America,Distributor,Transactional,795.72,715.99,10.02,52,37231.55
ORD-003886,2025-07-01,Industrial,IND-002,EMEA,Direct,Transactional,795.72,728.49,8.45,60,43709.63
ORD-003887,2025-07-01,Industrial,IND-002,APAC,Direct,Transactional,795.72,735.72,7.54,48,35314.73
ORD-003888,2025-07-01,Industrial,IND-002,North America,Direct,Standard,795.72,738.21,7.23,62,45769.28
ORD-003889,2025-07-01,Industrial,IND-002,EMEA,Distributor,Standard,795.72,677.52,14.85,81,54878.91
ORD-003890,2025-07-01,Industrial,IND-002,North America,Direct,Transactional,795.72,751.34,5.58,74,55598.87
ORD-003891,2025-07-01,Industrial,IND-003,EMEA,Direct,Strategic,1493.9,1205.8,19.29,99,119373.74
ORD-003892,2025-07-01,Industrial,IND-003,EMEA,Distributor,Transactional,1493.9,1376.5,7.86,65,89472.27
ORD-003893,2025-07-01,Industrial,IND-003,EMEA,Distributor,Strategic,1493.9,1124.49,24.73,87,97830.48
ORD-003894,2025-07-01,Industrial,IND-003,APAC,Distributor,Transactional,1493.9,1284.53,14.01,77,98909.11
ORD-003895,2025-07-01,Industrial,IND-003,EMEA,Direct,Transactional,1493.9,1411.2,5.54,53,74793.71
ORD-003896,2025-07-01,Industrial,IND-003,North America,Direct,Transactional,1493.9,1417.73,5.1,62,87899.31
ORD-003897,2025-07-01,Industrial,IND-003,North America,Distributor,Standard,1493.9,1286.71,13.87,107,137677.59
ORD-003898,2025-07-01,Industrial,IND-003,North America,Distributor,Standard,1493.9,1234.04,17.39,76,93787.2
ORD-003899,2025-07-01,Industrial,IND-003,APAC,Direct,Standard,1493.9,1268.3,15.1,79,100195.67
ORD-003900,2025-07-01,Industrial,IND-003,North America,Distributor,Transactional,1493.9,1327.41,11.14,83,110174.89
ORD-003901,2025-07-01,Industrial,IND-003,North America,Direct,Strategic,1493.9,1210.76,18.95,111,134393.94
ORD-003902,2025-07-01,Industrial,IND-004,North America,Distributor,Transactional,1833.35,1612.09,12.07,45,72544.27
ORD-003903,2025-07-01,Industrial,IND-004,APAC,Direct,Transactional,1833.35,1708.48,6.81,73,124719.39
ORD-003904,2025-07-01,Industrial,IND-004,North America,Direct,Standard,1833.35,1613.45,11.99,85,137143.54
ORD-003905,2025-07-01,Industrial,IND-004,APAC,Direct,Transactional,1833.35,1659.8,9.47,52,86309.78
ORD-003906,2025-07-01,Industrial,IND-004,APAC,Distributor,Standard,1833.35,1492.21,18.61,93,138775.88
ORD-003907,2025-07-01,Industrial,IND-004,EMEA,Distributor,Standard,1833.35,1557.33,15.06,95,147946.3
ORD-003908,2025-07-01,Industrial,IND-004,APAC,Distributor,Transactional,1833.35,1607.24,12.33,59,94827.07
ORD-003909,2025-07-01,Industrial,IND-004,North America,Direct,Standard,1833.35,1622.2,11.52,105,170331.03
ORD-003910,2025-07-01,Industrial,IND-004,North America,Direct,Standard,1833.35,1666.77,9.09,100,166677.35
ORD-003911,2025-07-01,Industrial,IND-004,EMEA,Direct,Standard,1833.35,1614.67,11.93,54,87192.21
ORD-003912,2025-07-01,Industrial,IND-004,North America,Direct,Standard,1833.35,1644.04,10.33,94,154539.55
ORD-003913,2025-07-01,Industrial,IND-004,APAC,Direct,Standard,1833.35,1612.09,12.07,58,93500.93
ORD-003914,2025-07-01,Industrial,IND-004,EMEA,Distributor,Strategic,1833.35,1365.6,25.51,128,174796.53
ORD-003915,2025-07-01,Industrial,IND-004,North America,Direct,Strategic,1833.35,1509.85,17.65,102,154004.43
ORD-003916,2025-07-01,Industrial,IND-004,APAC,Distributor,Standard,1833.35,1512.38,17.51,69,104354.56
ORD-003917,2025-07-01,Industrial,IND-005,APAC,Distributor,Standard,2243.65,1905.59,15.07,80,152447.16
ORD-003918,2025-07-01,Industrial,IND-005,North America,Direct,Standard,2243.65,1975.62,11.95,60,118537.04
ORD-003919,2025-07-01,Industrial,IND-005,North America,Direct,Standard,2243.65,2025.76,9.71,87,176240.98
ORD-003920,2025-07-01,Industrial,IND-005,APAC,Direct,Transactional,2243.65,2055.86,8.37,50,102793.03
ORD-003921,2025-07-01,Industrial,IND-005,North America,Distributor,Strategic,2243.65,1755.54,21.75,145,254553.92
ORD-003922,2025-07-01,Industrial,IND-005,North America,Direct,Strategic,2243.65,1790.67,20.19,89,159369.9
ORD-003923,2025-07-01,Industrial,IND-005,North America,Distributor,Standard,2243.65,1901.44,15.25,76,144509.2
ORD-003924,2025-07-01,Industrial,IND-005,APAC,Distributor,Transactional,2243.65,1962.93,12.51,54,105998.32
ORD-003925,2025-07-01,Industrial,IND-005,North America,Direct,Standard,2243.65,2008.93,10.46,91,182812.69
ORD-003926,2025-07-01,Industrial,IND-005,APAC,Direct,Standard,2243.65,1921.01,14.38,70,134470.99
ORD-003927,2025-07-01,Industrial,IND-005,North America,Distributor,Transactional,2243.65,1992.57,11.19,69,137487.56
ORD-003928,2025-07-01,Industrial,IND-005,North America,Distributor,Transactional,2243.65,2018.57,10.03,84,169559.48
ORD-003929,2025-07-01,Industrial,IND-005,APAC,Distributor,Strategic,2243.65,1673.97,25.39,86,143961.59
ORD-003930,2025-07-01,Industrial,IND-005,North America,Distributor,Strategic,2243.65,1711.44,23.72,134,229332.45
ORD-003931,2025-07-01,Industrial,IND-005,APAC,Direct,Transactional,2243.65,2113.56,5.8,48,101451.09
ORD-003932,2025-07-01,Industrial,IND-006,APAC,Direct,Standard,3748.88,3375.58,9.96,54,182281.08
ORD-003933,2025-07-01,Industrial,IND-006,EMEA,Distributor,Standard,3748.88,3288.16,12.29,104,341969.09
ORD-003934,2025-07-01,Industrial,IND-006,North America,Distributor,Strategic,3748.88,2874.2,23.33,131,376520.46
ORD-003935,2025-07-01,Industrial,IND-006,North America,Distributor,Standard,3748.88,3140.91,16.22,111,348641.36
ORD-003936,2025-07-01,Industrial,IND-006,North America,Direct,Standard,3748.88,3371.5,10.07,75,252862.42
ORD-003937,2025-07-01,Industrial,IND-006,EMEA,Distributor,Standard,3748.88,3172.38,15.38,91,288686.44
ORD-003938,2025-07-01,Industrial,IND-006,EMEA,Distributor,Strategic,3748.88,2950.45,21.3,108,318648.32
ORD-003939,2025-07-01,Industrial,IND-006,North America,Distributor,Transactional,3748.88,3330.93,11.15,61,203186.6
ORD-003940,2025-07-01,Industrial,IND-006,APAC,Direct,Transactional,3748.88,3480.25,7.17,53,184453.27
ORD-003941,2025-07-01,Industrial,IND-006,North America,Direct,Standard,3748.88,3391.22,9.54,91,308601.07
ORD-003942,2025-07-01,Industrial,IND-006,APAC,Distributor,Standard,3748.88,3150.38,15.96,88,277233.84
ORD-003943,2025-07-01,Industrial,IND-006,North America,Direct,Strategic,3748.88,3072.15,18.05,110,337935.97
ORD-003944,2025-07-01,Industrial,IND-006,EMEA,Direct,Standard,3748.88,3306.45,11.8,92,304193.57
ORD-003945,2025-07-01,Industrial,IND-006,EMEA,Direct,Standard,3748.88,3325.19,11.3,77,256039.46
ORD-003946,2025-07-01,Industrial,IND-006,APAC,Direct,Strategic,3748.88,2981.08,20.48,104,310032.15
ORD-003947,2025-07-01,Industrial,IND-007,EMEA,Direct,Strategic,1070.97,882.42,17.61,121,106772.6
ORD-003948,2025-07-01,Industrial,IND-007,EMEA,Direct,Standard,1070.97,953.25,10.99,70,66727.2
ORD-003949,2025-07-01,Industrial,IND-007,North America,Distributor,Standard,1070.97,905.32,15.47,107,96869.42
ORD-003950,2025-07-01,Industrial,IND-007,EMEA,Direct,Transactional,1070.97,987.06,7.83,39,38495.43
ORD-003951,2025-07-01,Industrial,IND-007,EMEA,Direct,Standard,1070.97,928.58,13.29,107,99358.12
ORD-003952,2025-07-01,Industrial,IND-007,APAC,Direct,Standard,1070.97,918.13,14.27,74,67941.95
ORD-003953,2025-07-01,Industrial,IND-007,APAC,Distributor,Transactional,1070.97,910.55,14.98,59,53722.67
ORD-003954,2025-07-01,Industrial,IND-007,APAC,Distributor,Standard,1070.97,891.68,16.74,69,61525.63
ORD-003955,2025-07-01,Industrial,IND-007,EMEA,Direct,Standard,1070.97,947.6,11.52,92,87179.61
ORD-003956,2025-07-01,Industrial,IND-007,EMEA,Distributor,Transactional,1070.97,991.12,7.46,74,73342.59
ORD-003957,2025-07-01,Industrial,IND-007,EMEA,Direct,Standard,1070.97,935.34,12.66,88,82309.89
ORD-003958,2025-07-01,Industrial,IND-007,North America,Direct,Strategic,1070.97,858.28,19.86,116,99560.82
ORD-003959,2025-07-01,Industrial,IND-007,EMEA,Distributor,Transactional,1070.97,930.65,13.1,75,69798.68
ORD-003960,2025-07-01,Industrial,IND-007,EMEA,Distributor,Strategic,1070.97,831.47,22.36,79,65685.91
ORD-003961,2025-07-01,Industrial,IND-008,APAC,Direct,Standard,2509.68,2236.5,10.88,82,183393.38
ORD-003962,2025-07-01,Industrial,IND-008,APAC,Distributor,Standard,2509.68,2101.32,16.27,105,220638.83
ORD-003963,2025-07-01,Industrial,IND-008,EMEA,Direct,Standard,2509.68,2253.44,10.21,48,108165.03
ORD-003964,2025-07-01,Industrial,IND-008,EMEA,Distributor,Strategic,2509.68,1942.87,22.58,92,178744.45
ORD-003965,2025-07-01,Industrial,IND-008,North America,Direct,Transactional,2509.68,2341.11,6.72,65,152172.43
ORD-003966,2025-07-01,Industrial,IND-008,North America,Direct,Transactional,2509.68,2341.66,6.69,43,100691.19
ORD-003967,2025-07-01,Industrial,IND-008,North America,Distributor,Transactional,2509.68,2286.24,8.9,47,107453.16
ORD-003968,2025-07-01,Industrial,IND-008,EMEA,Distributor,Standard,2509.68,2119.99,15.53,107,226838.66
ORD-003969,2025-07-01,Industrial,IND-008,EMEA,Direct,Strategic,2509.68,2037.94,18.8,72,146731.89
ORD-003970,2025-07-01,Industrial,IND-008,EMEA,Direct,Strategic,2509.68,2085.23,16.91,63,131369.31
ORD-003971,2025-07-01,Industrial,IND-008,EMEA,Direct,Transactional,2509.68,2360.83,5.93,67,158175.94
ORD-003972,2025-07-01,Industrial,IND-008,North America,Distributor,Strategic,2509.68,1995.83,20.47,85,169645.21
ORD-003973,2025-07-01,Industrial,IND-008,North America,Direct,Standard,2509.68,2290.99,8.71,73,167242.36
ORD-003974,2025-07-01,Industrial,IND-008,North America,Distributor,Strategic,2509.68,1938.99,22.74,140,271458.76
ORD-003975,2025-07-01,Industrial,IND-008,North America,Distributor,Transactional,2509.68,2261.22,9.9,87,196725.79
ORD-003976,2025-07-01,Industrial,IND-008,APAC,Direct,Transactional,2509.68,2346.68,6.49,49,114987.22
ORD-003977,2025-07-01,Industrial,IND-009,EMEA,Direct,Transactional,2867.25,2742.91,4.34,64,175546.26
ORD-003978,2025-07-01,Industrial,IND-009,APAC,Direct,Standard,2867.25,2555.67,10.87,106,270900.99
ORD-003979,2025-07-01,Industrial,IND-009,North America,Distributor,Standard,2867.25,2417.49,15.69,108,261088.74
ORD-003980,2025-07-01,Industrial,IND-009,North America,Direct,Transactional,2867.25,2616.24,8.75,45,117730.81
ORD-003981,2025-07-01,Industrial,IND-009,EMEA,Distributor,Standard,2867.25,2390.42,16.63,78,186452.56
ORD-003982,2025-07-01,Industrial,IND-009,North America,Direct,Transactional,2867.25,2677.79,6.61,51,136567.34
ORD-003983,2025-07-01,Industrial,IND-009,North America,Distributor,Standard,2867.25,2343.27,18.27,90,210894.26
ORD-003984,2025-07-01,Industrial,IND-009,EMEA,Distributor,Standard,2867.25,2419.75,15.61,106,256493.04
ORD-003985,2025-07-01,Industrial,IND-009,EMEA,Direct,Standard,2867.25,2585.85,9.81,53,137049.8
ORD-003986,2025-07-01,Industrial,IND-009,North America,Direct,Standard,2867.25,2563.73,10.59,82,210225.68
ORD-003987,2025-07-01,Industrial,IND-009,EMEA,Direct,Strategic,2867.25,2299.62,19.8,114,262156.8
ORD-003988,2025-07-01,Industrial,IND-009,North America,Direct,Standard,2867.25,2492.33,13.08,106,264187.24
ORD-003989,2025-07-01,Industrial,IND-009,North America,Distributor,Standard,2867.25,2464.1,14.06,92,226696.78
ORD-003990,2025-07-01,Industrial,IND-009,EMEA,Distributor,Standard,2867.25,2356.93,17.8,147,346468.87
ORD-003991,2025-07-01,Industrial,IND-010,EMEA,Direct,Strategic,370.17,306.51,17.2,87,26665.95
ORD-003992,2025-07-01,Industrial,IND-010,EMEA,Direct,Standard,370.17,328.86,11.16,82,26966.58
ORD-003993,2025-07-01,Industrial,IND-010,APAC,Distributor,Standard,370.17,294.8,20.36,106,31248.48
ORD-003994,2025-07-01,Industrial,IND-010,North America,Direct,Strategic,370.17,299.0,19.23,132,39467.81
ORD-003995,2025-07-01,Industrial,IND-010,EMEA,Distributor,Standard,370.17,320.2,13.5,128,40985.27
ORD-003996,2025-07-01,Industrial,IND-010,North America,Direct,Standard,370.17,339.38,8.32,87,29525.76
ORD-003997,2025-07-01,Industrial,IND-010,APAC,Direct,Standard,370.17,315.92,14.65,80,25273.67
ORD-003998,2025-07-01,Industrial,IND-010,EMEA,Distributor,Transactional,370.17,325.16,12.16,68,22110.95
ORD-003999,2025-07-01,Industrial,IND-010,APAC,Distributor,Standard,370.17,301.69,18.5,64,19308.04
ORD-004000,2025-07-01,Industrial,IND-010,North America,Distributor,Standard,370.17,306.37,17.23,105,32168.85
ORD-004001,2025-07-01,Industrial,IND-010,North America,Distributor,Transactional,370.17,332.03,10.3,58,19257.78
ORD-004002,2025-07-01,Food & Beverage,FOO-001,North America,Direct,Standard,2936.45,2557.51,12.9,139,355493.86
ORD-004003,2025-07-01,Food & Beverage,FOO-001,North America,Direct,Standard,2936.45,2585.21,11.96,68,175794.51
ORD-004004,2025-07-01,Food & Beverage,FOO-001,EMEA,Distributor,Standard,2936.45,2521.16,14.14,137,345399.15
ORD-004005,2025-07-01,Food & Beverage,FOO-001,APAC,Direct,Transactional,2936.45,2689.62,8.41,44,118343.24
ORD-004006,2025-07-01,Food & Beverage,FOO-001,North America,Distributor,Transactional,2936.45,2546.28,13.29,90,229164.8
ORD-004007,2025-07-01,Food & Beverage,FOO-001,APAC,Direct,Standard,2936.45,2557.73,12.9,64,163694.76
ORD-004008,2025-07-01,Food & Beverage,FOO-001,EMEA,Distributor,Standard,2936.45,2460.47,16.21,103,253428.33
ORD-004009,2025-07-01,Food & Beverage,FOO-001,APAC,Direct,Standard,2936.45,2490.09,15.2,81,201697.56
ORD-004010,2025-07-01,Food & Beverage,FOO-001,North America,Distributor,Transactional,2936.45,2567.2,12.57,83,213077.81
ORD-004011,2025-07-01,Food & Beverage,FOO-001,North America,Direct,Standard,2936.45,2593.73,11.67,115,298279.32
ORD-004012,2025-07-01,Food & Beverage,FOO-001,North America,Direct,Strategic,2936.45,2359.71,19.64,132,311481.27
ORD-004013,2025-07-01,Food & Beverage,FOO-001,APAC,Direct,Strategic,2936.45,2379.34,18.97,62,147519.13
ORD-004014,2025-07-01,Food & Beverage,FOO-002,North America,Direct,Standard,937.64,848.67,9.49,108,91656.58
ORD-004015,2025-07-01,Food & Beverage,FOO-002,North America,Direct,Transactional,937.64,876.68,6.5,79,69258.01
ORD-004016,2025-07-01,Food & Beverage,FOO-002,APAC,Direct,Transactional,937.64,849.81,9.37,84,71383.65
ORD-004017,2025-07-01,Food & Beverage,FOO-002,APAC,Distributor,Standard,937.64,789.57,15.79,80,63165.81
ORD-004018,2025-07-01,Food & Beverage,FOO-002,North America,Distributor,Standard,937.64,803.55,14.3,110,88390.72
ORD-004019,2025-07-01,Food & Beverage,FOO-002,North America,Distributor,Standard,937.64,809.63,13.65,64,51816.08
ORD-004020,2025-07-01,Food & Beverage,FOO-002,EMEA,Distributor,Transactional,937.64,851.91,9.14,92,78375.49
ORD-004021,2025-07-01,Food & Beverage,FOO-002,APAC,Distributor,Standard,937.64,778.64,16.96,97,75528.12
ORD-004022,2025-07-01,Food & Beverage,FOO-002,North America,Distributor,Strategic,937.64,720.54,23.15,135,97272.82
ORD-004023,2025-07-01,Food & Beverage,FOO-002,EMEA,Direct,Transactional,937.64,870.4,7.17,53,46130.97
ORD-004024,2025-07-01,Food & Beverage,FOO-003,North America,Distributor,Standard,455.24,384.4,15.56,83,31905.18
ORD-004025,2025-07-01,Food & Beverage,FOO-003,North America,Distributor,Standard,455.24,393.55,13.55,96,37781.27
ORD-004026,2025-07-01,Food & Beverage,FOO-003,APAC,Distributor,Transactional,455.24,404.57,11.13,57,23060.25
ORD-004027,2025-07-01,Food & Beverage,FOO-003,North America,Direct,Standard,455.24,427.03,6.2,76,32454.39
ORD-004028,2025-07-01,Food & Beverage,FOO-003,North America,Direct,Transactional,455.24,432.43,5.01,65,28108.19
ORD-004029,2025-07-01,Food & Beverage,FOO-003,EMEA,Direct,Transactional,455.24,428.3,5.92,56,23985.03
ORD-004030,2025-07-01,Food & Beverage,FOO-003,EMEA,Distributor,Standard,455.24,388.72,14.61,94,36539.44
ORD-004031,2025-07-01,Food & Beverage,FOO-003,EMEA,Direct,Standard,455.24,412.39,9.41,71,29279.74
ORD-004032,2025-07-01,Food & Beverage,FOO-003,APAC,Distributor,Strategic,455.24,341.45,25.0,96,32778.98
ORD-004033,2025-07-01,Food & Beverage,FOO-003,North America,Distributor,Transactional,455.24,409.11,10.13,64,26182.84
ORD-004034,2025-07-01,Food & Beverage,FOO-003,North America,Distributor,Strategic,455.24,350.81,22.94,119,41746.53
ORD-004035,2025-07-01,Food & Beverage,FOO-004,EMEA,Distributor,Standard,4497.65,3904.08,13.2,95,370887.87
ORD-004036,2025-07-01,Food & Beverage,FOO-004,North America,Direct,Standard,4497.65,3843.11,14.55,83,318978.29
ORD-004037,2025-07-01,Food & Beverage,FOO-004,North America,Direct,Standard,4497.65,4082.25,9.24,68,277592.97
ORD-004038,2025-07-01,Food & Beverage,FOO-004,EMEA,Distributor,Transactional,4497.65,3968.91,11.76,41,162725.38
ORD-004039,2025-07-01,Food & Beverage,FOO-004,EMEA,Direct,Standard,4497.65,4029.14,10.42,78,314273.11
ORD-004040,2025-07-01,Food & Beverage,FOO-004,EMEA,Distributor,Transactional,4497.65,4051.05,9.93,64,259267.33
ORD-004041,2025-07-01,Food & Beverage,FOO-004,North America,Direct,Standard,4497.65,4028.82,10.42,115,463314.69
ORD-004042,2025-07-01,Food & Beverage,FOO-004,North America,Direct,Standard,4497.65,4103.16,8.77,68,279014.89
ORD-004043,2025-07-01,Food & Beverage,FOO-004,APAC,Direct,Strategic,4497.65,3530.02,21.51,102,360061.97
ORD-004044,2025-07-01,Food & Beverage,FOO-004,North America,Distributor,Strategic,4497.65,3527.36,21.57,108,380954.88
ORD-004045,2025-07-01,Food & Beverage,FOO-004,North America,Distributor,Strategic,4497.65,3458.59,23.1,210,726303.97
ORD-004046,2025-07-01,Food & Beverage,FOO-004,EMEA,Direct,Standard,4497.65,3897.71,13.34,96,374180.16
ORD-004047,2025-07-01,Food & Beverage,FOO-004,EMEA,Distributor,Transactional,4497.65,4033.27,10.32,77,310561.68
ORD-004048,2025-07-01,Food & Beverage,FOO-004,North America,Direct,Strategic,4497.65,3661.43,18.59,121,443033.4
ORD-004049,2025-07-01,Food & Beverage,FOO-005,North America,Distributor,Transactional,4574.24,4044.02,11.59,83,335653.38
ORD-004050,2025-07-01,Food & Beverage,FOO-005,EMEA,Direct,Standard,4574.24,4059.1,11.26,66,267900.32
ORD-004051,2025-07-01,Food & Beverage,FOO-005,APAC,Distributor,Transactional,4574.24,3953.24,13.58,79,312306.33
ORD-004052,2025-07-01,Food & Beverage,FOO-005,APAC,Distributor,Transactional,4574.24,3992.65,12.71,70,279485.68
ORD-004053,2025-07-01,Food & Beverage,FOO-005,EMEA,Distributor,Standard,4574.24,3799.99,16.93,108,410399.23
ORD-004054,2025-07-01,Food & Beverage,FOO-005,North America,Distributor,Transactional,4574.24,4051.66,11.42,78,316029.56
ORD-004055,2025-07-01,Food & Beverage,FOO-005,APAC,Direct,Standard,4574.24,4127.22,9.77,61,251760.46
ORD-004056,2025-07-01,Food & Beverage,FOO-005,North America,Direct,Transactional,4574.24,4295.85,6.09,38,163242.33
ORD-004057,2025-07-01,Food & Beverage,FOO-005,EMEA,Distributor,Transactional,4574.24,4126.34,9.79,65,268212.4
ORD-004058,2025-07-01,Food & Beverage,FOO-005,North America,Direct,Standard,4574.24,4055.55,11.34,113,458276.62
ORD-004059,2025-07-01,Food & Beverage,FOO-005,North America,Distributor,Transactional,4574.24,4071.5,10.99,54,219860.78
ORD-004060,2025-07-01,Food & Beverage,FOO-005,EMEA,Direct,Transactional,4574.24,4202.62,8.12,91,382438.1
ORD-004061,2025-07-01,Food & Beverage,FOO-005,EMEA,Distributor,Standard,4574.24,3945.18,13.75,66,260381.95
ORD-004062,2025-07-01,Food & Beverage,FOO-006,EMEA,Direct,Strategic,3855.09,3235.38,16.08,73,236182.58
ORD-004063,2025-07-01,Food & Beverage,FOO-006,North America,Distributor,Strategic,3855.09,2969.83,22.96,153,454383.59
ORD-004064,2025-07-01,Food & Beverage,FOO-006,EMEA,Distributor,Strategic,3855.09,2996.2,22.28,88,263665.42
ORD-004065,2025-07-01,Food & Beverage,FOO-006,EMEA,Direct,Standard,3855.09,3414.51,11.43,78,266331.85
ORD-004066,2025-07-01,Food & Beverage,FOO-006,North America,Direct,Standard,3855.09,3429.87,11.03,75,257240.47
ORD-004067,2025-07-01,Food & Beverage,FOO-006,North America,Distributor,Transactional,3855.09,3500.54,9.2,57,199530.66
ORD-004068,2025-07-01,Food & Beverage,FOO-006,North America,Distributor,Standard,3855.09,3350.47,13.09,134,448962.72
ORD-004069,2025-07-01,Food & Beverage,FOO-006,EMEA,Distributor,Standard,3855.09,3286.51,14.75,77,253061.08
ORD-004070,2025-07-01,Food & Beverage,FOO-006,EMEA,Direct,Strategic,3855.09,3096.39,19.68,123,380855.6
ORD-004071,2025-07-01,Food & Beverage,FOO-006,North America,Direct,Transactional,3855.09,3574.06,7.29,68,243036.41
ORD-004072,2025-07-01,Food & Beverage,FOO-006,EMEA,Distributor,Transactional,3855.09,3378.43,12.36,71,239868.82
ORD-004073,2025-07-01,Food & Beverage,FOO-006,APAC,Direct,Standard,3855.09,3293.91,14.56,88,289864.24
ORD-004074,2025-07-01,Food & Beverage,FOO-006,EMEA,Distributor,Transactional,3855.09,3361.44,12.81,80,268915.11
ORD-004075,2025-07-01,Food & Beverage,FOO-006,EMEA,Distributor,Transactional,3855.09,3446.88,10.59,73,251622.43
ORD-004076,2025-07-01,Food & Beverage,FOO-006,EMEA,Distributor,Standard,3855.09,3242.11,15.9,104,337179.14
ORD-004077,2025-07-01,Food & Beverage,FOO-006,EMEA,Direct,Standard,3855.09,3431.76,10.98,56,192178.61
ORD-004078,2025-07-01,Food & Beverage,FOO-007,EMEA,Direct,Strategic,1550.93,1266.63,18.33,122,154528.71
ORD-004079,2025-07-01,Food & Beverage,FOO-007,EMEA,Direct,Strategic,1550.93,1253.86,19.15,79,99054.84
ORD-004080,2025-07-01,Food & Beverage,FOO-007,North America,Direct,Standard,1550.93,1406.15,9.34,84,118116.51
ORD-004081,2025-07-01,Food & Beverage,FOO-007,EMEA,Direct,Transactional,1550.93,1454.5,6.22,61,88724.28
ORD-004082,2025-07-01,Food & Beverage,FOO-007,EMEA,Direct,Strategic,1550.93,1241.89,19.93,106,131640.2
ORD-004083,2025-07-01,Food & Beverage,FOO-007,EMEA,Direct,Standard,1550.93,1399.06,9.79,56,78347.46
ORD-004084,2025-07-01,Food & Beverage,FOO-007,North America,Distributor,Standard,1550.93,1302.76,16.0,81,105523.51
ORD-004085,2025-07-01,Food & Beverage,FOO-007,North America,Distributor,Strategic,1550.93,1174.11,24.3,171,200773.16
ORD-004086,2025-07-01,Food & Beverage,FOO-007,North America,Direct,Strategic,1550.93,1233.75,20.45,150,185062.28
ORD-004087,2025-07-01,Food & Beverage,FOO-007,EMEA,Direct,Transactional,1550.93,1428.03,7.92,48,68545.28
ORD-004088,2025-07-01,Food & Beverage,FOO-007,EMEA,Distributor,Transactional,1550.93,1393.17,10.17,57,79410.45
ORD-004089,2025-07-01,Food & Beverage,FOO-007,EMEA,Direct,Standard,1550.93,1367.98,11.8,69,94390.66
ORD-004090,2025-07-01,Food & Beverage,FOO-007,EMEA,Direct,Standard,1550.93,1407.83,9.23,68,95732.38
ORD-004091,2025-07-01,Food & Beverage,FOO-007,North America,Direct,Standard,1550.93,1351.37,12.87,124,167569.52
ORD-004092,2025-07-01,Food & Beverage,FOO-007,North America,Direct,Standard,1550.93,1413.56,8.86,126,178109.01
ORD-004093,2025-07-01,Food & Beverage,FOO-007,APAC,Direct,Strategic,1550.93,1236.24,20.29,103,127332.22
ORD-004094,2025-07-01,Food & Beverage,FOO-007,North America,Direct,Standard,1550.93,1374.8,11.36,87,119607.73
ORD-004095,2025-07-01,Food & Beverage,FOO-007,North America,Distributor,Strategic,1550.93,1194.44,22.99,139,166027.81
ORD-004096,2025-07-01,Food & Beverage,FOO-007,APAC,Direct,Standard,1550.93,1350.36,12.93,45,60766.37
ORD-004097,2025-07-01,Food & Beverage,FOO-007,APAC,Distributor,Strategic,1550.93,1190.72,23.23,110,130979.71
ORD-004098,2025-07-01,Food & Beverage,FOO-007,EMEA,Distributor,Transactional,1550.93,1363.53,12.08,49,66813.09
ORD-004099,2025-07-01,Food & Beverage,FOO-007,EMEA,Distributor,Transactional,1550.93,1359.19,12.36,55,74755.29
ORD-004100,2025-07-01,Food & Beverage,FOO-008,EMEA,Direct,Strategic,604.44,488.08,19.25,92,44903.62
ORD-004101,2025-07-01,Food & Beverage,FOO-008,North America,Distributor,Standard,604.44,516.67,14.52,110,56834.01
ORD-004102,2025-07-01,Food & Beverage,FOO-008,APAC,Distributor,Standard,604.44,501.15,17.09,102,51117.43
ORD-004103,2025-07-01,Food & Beverage,FOO-008,APAC,Direct,Transactional,604.44,559.17,7.49,48,26840.38
ORD-004104,2025-07-01,Food & Beverage,FOO-008,APAC,Distributor,Standard,604.44,508.39,15.89,49,24910.96
ORD-004105,2025-07-01,Food & Beverage,FOO-008,North America,Distributor,Standard,604.44,513.4,15.06,86,44152.44
ORD-004106,2025-07-01,Food & Beverage,FOO-008,APAC,Direct,Strategic,604.44,479.21,20.72,83,39774.84
ORD-004107,2025-07-01,Food & Beverage,FOO-008,APAC,Distributor,Standard,604.44,505.4,16.39,77,38915.9
ORD-004108,2025-07-01,Food & Beverage,FOO-008,APAC,Direct,Strategic,604.44,463.98,23.24,92,42685.78
ORD-004109,2025-07-01,Food & Beverage,FOO-008,EMEA,Direct,Strategic,604.44,497.88,17.63,155,77170.96
ORD-004110,2025-07-01,Food & Beverage,FOO-008,North America,Direct,Strategic,604.44,476.38,21.19,176,83842.38
ORD-004111,2025-07-01,Food & Beverage,FOO-008,North America,Direct,Standard,604.44,534.32,11.6,87,46486.12
ORD-004112,2025-07-01,Food & Beverage,FOO-008,North America,Direct,Standard,604.44,534.04,11.65,58,30974.34
ORD-004113,2025-07-01,Food & Beverage,FOO-008,APAC,Direct,Transactional,604.44,562.5,6.94,72,40499.73
ORD-004114,2025-07-01,Food & Beverage,FOO-008,EMEA,Direct,Standard,604.44,528.81,12.51,64,33844.11
ORD-004115,2025-07-01,Food & Beverage,FOO-008,EMEA,Direct,Standard,604.44,533.59,11.72,74,39485.41
ORD-004116,2025-07-01,Food & Beverage,FOO-008,APAC,Distributor,Transactional,604.44,536.44,11.25,81,43451.41
ORD-004117,2025-07-01,Food & Beverage,FOO-008,APAC,Direct,Transactional,604.44,565.57,6.43,47,26581.83
ORD-004118,2025-07-01,Food & Beverage,FOO-008,North America,Direct,Transactional,604.44,542.99,10.17,90,48869.33
ORD-004119,2025-07-01,Food & Beverage,FOO-008,APAC,Direct,Transactional,604.44,550.79,8.88,53,29192.12
ORD-004120,2025-07-01,Food & Beverage,FOO-008,North America,Direct,Strategic,604.44,475.34,21.36,144,68449.37
ORD-004121,2025-07-01,Food & Beverage,FOO-008,EMEA,Distributor,Transactional,604.44,533.86,11.68,46,24557.49
ORD-004122,2025-07-01,Food & Beverage,FOO-009,North America,Distributor,Strategic,3287.2,2494.8,24.11,128,319334.52
ORD-004123,2025-07-01,Food & Beverage,FOO-009,North America,Distributor,Strategic,3287.2,2625.1,20.14,116,304511.31
ORD-004124,2025-07-01,Food & Beverage,FOO-009,EMEA,Direct,Standard,3287.2,2906.84,11.57,63,183131.04
ORD-004125,2025-07-01,Food & Beverage,FOO-009,APAC,Distributor,Strategic,3287.2,2404.47,26.85,175,420782.04
ORD-004126,2025-07-01,Food & Beverage,FOO-009,North America,Direct,Transactional,3287.2,3113.69,5.28,69,214844.36
ORD-004127,2025-07-01,Food & Beverage,FOO-009,APAC,Direct,Standard,3287.2,2827.07,14.0,54,152661.69
ORD-004128,2025-07-01,Food & Beverage,FOO-009,North America,Direct,Transactional,3287.2,3139.02,4.51,80,251121.76
ORD-004129,2025-07-01,Food & Beverage,FOO-009,North America,Distributor,Transactional,3287.2,2881.37,12.35,79,227628.08
ORD-004130,2025-07-01,Food & Beverage,FOO-009,APAC,Distributor,Standard,3287.2,2816.94,14.31,58,163382.28
ORD-004131,2025-07-01,Food & Beverage,FOO-009,North America,Distributor,Strategic,3287.2,2592.62,21.13,116,300743.62
ORD-004132,2025-07-01,Food & Beverage,FOO-009,North America,Direct,Transactional,3287.2,3012.31,8.36,42,126517.09
ORD-004133,2025-07-01,Food & Beverage,FOO-009,APAC,Direct,Standard,3287.2,2865.35,12.83,78,223497.52
ORD-004134,2025-07-01,Food & Beverage,FOO-009,EMEA,Direct,Transactional,3287.2,3057.92,6.97,70,214054.66
ORD-004135,2025-07-01,Food & Beverage,FOO-009,North America,Distributor,Standard,3287.2,2710.36,17.55,84,227670.66
ORD-004136,2025-07-01,Food & Beverage,FOO-009,APAC,Distributor,Transactional,3287.2,2867.37,12.77,42,120429.7
ORD-004137,2025-07-01,Food & Beverage,FOO-009,North America,Direct,Strategic,3287.2,2687.19,18.25,102,274093.6
ORD-004138,2025-07-01,Food & Beverage,FOO-009,EMEA,Direct,Strategic,3287.2,2698.46,17.91,91,245560.0
ORD-004139,2025-07-01,Food & Beverage,FOO-010,APAC,Direct,Strategic,2170.85,1743.59,19.68,99,172615.25
ORD-004140,2025-07-01,Food & Beverage,FOO-010,APAC,Distributor,Strategic,2170.85,1642.98,24.32,81,133081.64
ORD-004141,2025-07-01,Food & Beverage,FOO-010,North America,Direct,Strategic,2170.85,1783.9,17.82,102,181958.13
ORD-004142,2025-07-01,Food & Beverage,FOO-010,North America,Direct,Strategic,2170.85,1740.36,19.83,152,264534.0
ORD-004143,2025-07-01,Food & Beverage,FOO-010,APAC,Direct,Standard,2170.85,1891.35,12.88,92,174003.97
ORD-004144,2025-07-01,Food & Beverage,FOO-010,North America,Direct,Standard,2170.85,1925.37,11.31,83,159805.72
ORD-004145,2025-07-01,Food & Beverage,FOO-010,North America,Distributor,Standard,2170.85,1855.09,14.55,84,155827.89
ORD-004146,2025-07-01,Food & Beverage,FOO-010,EMEA,Distributor,Transactional,2170.85,1897.02,12.61,62,117615.18
ORD-004147,2025-07-01,Food & Beverage,FOO-010,North America,Distributor,Strategic,2170.85,1677.62,22.72,91,152663.07
ORD-004148,2025-07-01,Food & Beverage,FOO-010,North America,Direct,Standard,2170.85,1849.09,14.82,110,203400.33
ORD-004149,2025-07-01,Food & Beverage,FOO-010,North America,Distributor,Strategic,2170.85,1653.97,23.81,103,170358.4
ORD-004150,2025-07-01,Food & Beverage,FOO-010,North America,Direct,Standard,2170.85,1907.34,12.14,93,177382.93
ORD-004151,2025-10-01,Biopharma Consumables,BIO-001,APAC,Direct,Transactional,1779.25,1589.34,10.67,50,79467.08
ORD-004152,2025-10-01,Biopharma Consumables,BIO-001,EMEA,Distributor,Standard,1779.25,1510.91,15.08,65,98208.98
ORD-004153,2025-10-01,Biopharma Consumables,BIO-001,EMEA,Direct,Standard,1779.25,1623.63,8.75,117,189964.22
ORD-004154,2025-10-01,Biopharma Consumables,BIO-001,North America,Direct,Standard,1779.25,1615.2,9.22,82,132446.8
ORD-004155,2025-10-01,Biopharma Consumables,BIO-001,EMEA,Distributor,Transactional,1779.25,1580.28,11.18,65,102718.3
ORD-004156,2025-10-01,Biopharma Consumables,BIO-001,EMEA,Distributor,Transactional,1779.25,1586.72,10.82,55,87269.37
ORD-004157,2025-10-01,Biopharma Consumables,BIO-001,EMEA,Direct,Transactional,1779.25,1587.44,10.78,38,60322.85
ORD-004158,2025-10-01,Biopharma Consumables,BIO-001,North America,Direct,Standard,1779.25,1561.25,12.25,62,96797.61
ORD-004159,2025-10-01,Biopharma Consumables,BIO-001,APAC,Direct,Strategic,1779.25,1394.11,21.65,101,140805.18
ORD-004160,2025-10-01,Biopharma Consumables,BIO-001,EMEA,Direct,Transactional,1779.25,1664.79,6.43,42,69921.34
ORD-004161,2025-10-01,Biopharma Consumables,BIO-001,EMEA,Direct,Standard,1779.25,1550.55,12.85,85,131796.85
ORD-004162,2025-10-01,Biopharma Consumables,BIO-001,North America,Direct,Transactional,1779.25,1625.04,8.67,80,130003.31
ORD-004163,2025-10-01,Biopharma Consumables,BIO-001,North America,Distributor,Standard,1779.25,1473.68,17.17,133,195999.51
ORD-004164,2025-10-01,Biopharma Consumables,BIO-001,North America,Direct,Standard,1779.25,1568.87,11.82,80,125509.93
ORD-004165,2025-10-01,Biopharma Consumables,BIO-001,APAC,Direct,Standard,1779.25,1559.96,12.32,61,95157.84
ORD-004166,2025-10-01,Biopharma Consumables,BIO-001,North America,Direct,Transactional,1779.25,1637.29,7.98,63,103149.33
ORD-004167,2025-10-01,Biopharma Consumables,BIO-002,APAC,Distributor,Transactional,4285.61,3854.1,10.07,68,262078.66
ORD-004168,2025-10-01,Biopharma Consumables,BIO-002,North America,Distributor,Strategic,4285.61,3226.68,24.71,118,380748.16
ORD-004169,2025-10-01,Biopharma Consumables,BIO-002,North America,Distributor,Transactional,4285.61,3864.37,9.83,81,313014.22
ORD-004170,2025-10-01,Biopharma Consumables,BIO-002,EMEA,Distributor,Standard,4285.61,3646.03,14.92,64,233346.01
ORD-004171,2025-10-01,Biopharma Consumables,BIO-002,EMEA,Distributor,Strategic,4285.61,3223.26,24.79,76,244967.57
ORD-004172,2025-10-01,Biopharma Consumables,BIO-002,North America,Distributor,Transactional,4285.61,3677.77,14.18,96,353066.16
ORD-004173,2025-10-01,Biopharma Consumables,BIO-002,North America,Distributor,Strategic,4285.61,3276.8,23.54,135,442367.43
ORD-004174,2025-10-01,Biopharma Consumables,BIO-002,North America,Direct,Standard,4285.61,3850.34,10.16,97,373482.72
ORD-004175,2025-10-01,Biopharma Consumables,BIO-002,APAC,Direct,Standard,4285.61,3762.35,12.21,80,300987.85
ORD-004176,2025-10-01,Biopharma Consumables,BIO-002,EMEA,Direct,Standard,4285.61,3893.43,9.15,72,280327.04
ORD-004177,2025-10-01,Biopharma Consumables,BIO-002,EMEA,Direct,Standard,4285.61,3862.7,9.87,54,208585.89
ORD-004178,2025-10-01,Biopharma Consumables,BIO-002,EMEA,Direct,Standard,4285.61,3702.01,13.62,91,336883.36
ORD-004179,2025-10-01,Biopharma Consumables,BIO-002,North America,Direct,Strategic,4285.61,3496.52,18.41,127,444057.81
ORD-004180,2025-10-01,Biopharma Consumables,BIO-002,EMEA,Direct,Standard,4285.61,3777.21,11.86,61,230409.88
ORD-004181,2025-10-01,Biopharma Consumables,BIO-002,North America,Distributor,Standard,4285.61,3526.86,17.7,86,303310.05
ORD-004182,2025-10-01,Biopharma Consumables,BIO-002,EMEA,Direct,Transactional,4285.61,3977.64,7.19,64,254568.96
ORD-004183,2025-10-01,Biopharma Consumables,BIO-002,North America,Direct,Standard,4285.61,3726.24,13.05,119,443422.84
ORD-004184,2025-10-01,Biopharma Consumables,BIO-002,North America,Distributor,Standard,4285.61,3673.95,14.27,97,356372.68
ORD-004185,2025-10-01,Biopharma Consumables,BIO-002,EMEA,Direct,Standard,4285.61,3803.67,11.25,79,300490.18
ORD-004186,2025-10-01,Biopharma Consumables,BIO-003,North America,Direct,Strategic,3334.17,2687.44,19.4,120,322492.97
ORD-004187,2025-10-01,Biopharma Consumables,BIO-003,North America,Direct,Transactional,3334.17,3174.21,4.8,59,187278.34
ORD-004188,2025-10-01,Biopharma Consumables,BIO-003,EMEA,Direct,Transactional,3334.17,3082.78,7.54,45,138725.19
ORD-004189,2025-10-01,Biopharma Consumables,BIO-003,North America,Direct,Standard,3334.17,3053.31,8.42,99,302277.99
ORD-004190,2025-10-01,Biopharma Consumables,BIO-003,North America,Direct,Standard,3334.17,2982.64,10.54,81,241594.08
ORD-004191,2025-10-01,Biopharma Consumables,BIO-003,EMEA,Distributor,Strategic,3334.17,2628.75,21.16,105,276019.12
ORD-004192,2025-10-01,Biopharma Consumables,BIO-003,EMEA,Distributor,Transactional,3334.17,3029.51,9.14,95,287803.56
ORD-004193,2025-10-01,Biopharma Consumables,BIO-003,EMEA,Direct,Strategic,3334.17,2685.14,19.47,121,324902.02
ORD-004194,2025-10-01,Biopharma Consumables,BIO-003,EMEA,Direct,Standard,3334.17,2918.13,12.48,126,367684.64
ORD-004195,2025-10-01,Biopharma Consumables,BIO-003,North America,Distributor,Strategic,3334.17,2530.94,24.09,141,356862.11
ORD-004196,2025-10-01,Biopharma Consumables,BIO-003,North America,Distributor,Strategic,3334.17,2502.05,24.96,173,432854.41
ORD-004197,2025-10-01,Biopharma Consumables,BIO-003,APAC,Distributor,Transactional,3334.17,2830.12,15.12,26,73582.99
ORD-004198,2025-10-01,Biopharma Consumables,BIO-003,North America,Direct,Transactional,3334.17,3065.89,8.05,64,196217.09
ORD-004199,2025-10-01,Biopharma Consumables,BIO-003,EMEA,Direct,Standard,3334.17,3046.45,8.63,66,201065.83
ORD-004200,2025-10-01,Biopharma Consumables,BIO-003,North America,Distributor,Standard,3334.17,2867.96,13.98,55,157737.99
ORD-004201,2025-10-01,Biopharma Consumables,BIO-003,EMEA,Direct,Strategic,3334.17,2643.16,20.73,104,274889.12
ORD-004202,2025-10-01,Biopharma Consumables,BIO-003,APAC,Direct,Strategic,3334.17,2607.15,21.81,62,161643.1
ORD-004203,2025-10-01,Biopharma Consumables,BIO-003,North America,Direct,Transactional,3334.17,3144.97,5.67,52,163538.22
ORD-004204,2025-10-01,Biopharma Consumables,BIO-003,EMEA,Direct,Transactional,3334.17,3098.46,7.07,58,179710.88
ORD-004205,2025-10-01,Biopharma Consumables,BIO-003,EMEA,Distributor,Transactional,3334.17,2930.96,12.09,79,231545.93
ORD-004206,2025-10-01,Biopharma Consumables,BIO-004,EMEA,Distributor,Transactional,2754.16,2406.52,12.62,72,173269.47
ORD-004207,2025-10-01,Biopharma Consumables,BIO-004,EMEA,Direct,Strategic,2754.16,2195.88,20.27,113,248134.0
ORD-004208,2025-10-01,Biopharma Consumables,BIO-004,APAC,Distributor,Transactional,2754.16,2409.79,12.5,64,154226.62
ORD-004209,2025-10-01,Biopharma Consumables,BIO-004,EMEA,Direct,Strategic,2754.16,2215.71,19.55,140,310198.93
ORD-004210,2025-10-01,Biopharma Consumables,BIO-004,North America,Direct,Strategic,2754.16,2264.74,17.77,73,165325.83
ORD-004211,2025-10-01,Biopharma Consumables,BIO-004,North America,Direct,Transactional,2754.16,2530.18,8.13,77,194824.1
ORD-004212,2025-10-01,Biopharma Consumables,BIO-004,APAC,Distributor,Standard,2754.16,2257.35,18.04,82,185102.5
ORD-004213,2025-10-01,Biopharma Consumables,BIO-004,APAC,Distributor,Standard,2754.16,2267.18,17.68,98,222184.01
ORD-004214,2025-10-01,Biopharma Consumables,BIO-004,APAC,Direct,Transactional,2754.16,2506.32,9.0,61,152885.45
ORD-004215,2025-10-01,Biopharma Consumables,BIO-004,APAC,Direct,Standard,2754.16,2396.62,12.98,59,141400.31
ORD-004216,2025-10-01,Biopharma Consumables,BIO-004,EMEA,Distributor,Transactional,2754.16,2403.1,12.75,63,151395.57
ORD-004217,2025-10-01,Biopharma Consumables,BIO-004,North America,Direct,Standard,2754.16,2403.15,12.74,99,237911.68
ORD-004218,2025-10-01,Biopharma Consumables,BIO-004,North America,Direct,Standard,2754.16,2431.38,11.72,80,194510.33
ORD-004219,2025-10-01,Biopharma Consumables,BIO-004,APAC,Distributor,Strategic,2754.16,2057.36,25.3,160,329177.32
ORD-004220,2025-10-01,Biopharma Consumables,BIO-004,North America,Distributor,Standard,2754.16,2345.84,14.83,93,218163.2
ORD-004221,2025-10-01,Biopharma Consumables,BIO-004,North America,Distributor,Standard,2754.16,2325.5,15.56,87,202318.22
ORD-004222,2025-10-01,Biopharma Consumables,BIO-004,EMEA,Distributor,Standard,2754.16,2415.07,12.31,73,176299.82
ORD-004223,2025-10-01,Biopharma Consumables,BIO-004,North America,Direct,Strategic,2754.16,2245.36,18.47,94,211063.68
ORD-004224,2025-10-01,Biopharma Consumables,BIO-004,North America,Distributor,Transactional,2754.16,2455.43,10.85,88,216077.66
ORD-004225,2025-10-01,Biopharma Consumables,BIO-005,North America,Direct,Standard,828.68,748.99,9.62,88,65910.83
ORD-004226,2025-10-01,Biopharma Consumables,BIO-005,APAC,Distributor,Standard,828.68,689.9,16.75,73,50362.95
ORD-004227,2025-10-01,Biopharma Consumables,BIO-005,EMEA,Direct,Strategic,828.68,686.27,17.19,110,75489.24
ORD-004228,2025-10-01,Biopharma Consumables,BIO-005,EMEA,Distributor,Standard,828.68,702.94,15.17,59,41473.38
ORD-004229,2025-10-01,Biopharma Consumables,BIO-005,APAC,Direct,Standard,828.68,721.6,12.92,92,66387.47
ORD-004230,2025-10-01,Biopharma Consumables,BIO-005,APAC,Direct,Standard,828.68,710.5,14.26,67,47603.31
ORD-004231,2025-10-01,Biopharma Consumables,BIO-005,North America,Distributor,Transactional,828.68,728.25,12.12,68,49520.68
ORD-004232,2025-10-01,Biopharma Consumables,BIO-005,EMEA,Direct,Strategic,828.68,676.7,18.34,112,75790.59
ORD-004233,2025-10-01,Biopharma Consumables,BIO-005,North America,Direct,Transactional,828.68,747.49,9.8,87,65031.29
ORD-004234,2025-10-01,Biopharma Consumables,BIO-005,North America,Distributor,Standard,828.68,707.35,14.64,119,84174.42
ORD-004235,2025-10-01,Biopharma Consumables,BIO-005,EMEA,Distributor,Standard,828.68,667.16,19.49,79,52705.96
ORD-004236,2025-10-01,Biopharma Consumables,BIO-005,North America,Direct,Standard,828.68,742.25,10.43,67,49730.5
ORD-004237,2025-10-01,Biopharma Consumables,BIO-005,APAC,Direct,Standard,828.68,716.52,13.54,83,59471.08
ORD-004238,2025-10-01,Biopharma Consumables,BIO-005,APAC,Direct,Strategic,828.68,668.43,19.34,73,48795.61
ORD-004239,2025-10-01,Biopharma Consumables,BIO-005,EMEA,Distributor,Standard,828.68,704.48,14.99,83,58472.03
ORD-004240,2025-10-01,Biopharma Consumables,BIO-005,North America,Direct,Standard,828.68,738.13,10.93,86,63478.94
ORD-004241,2025-10-01,Biopharma Consumables,BIO-005,EMEA,Direct,Standard,828.68,757.09,8.64,71,53753.74
ORD-004242,2025-10-01,Biopharma Consumables,BIO-005,EMEA,Distributor,Standard,828.68,714.61,13.77,91,65029.21
ORD-004243,2025-10-01,Biopharma Consumables,BIO-005,APAC,Direct,Transactional,828.68,768.16,7.3,85,65293.97
ORD-004244,2025-10-01,Biopharma Consumables,BIO-006,EMEA,Distributor,Standard,828.58,709.9,14.32,102,72409.53
ORD-004245,2025-10-01,Biopharma Consumables,BIO-006,North America,Direct,Strategic,828.58,675.7,18.45,125,84462.21
ORD-004246,2025-10-01,Biopharma Consumables,BIO-006,EMEA,Direct,Strategic,828.58,675.63,18.46,77,52023.28
ORD-004247,2025-10-01,Biopharma Consumables,BIO-006,EMEA,Distributor,Standard,828.58,692.25,16.45,81,56071.92
ORD-004248,2025-10-01,Biopharma Consumables,BIO-006,North America,Direct,Standard,828.58,711.96,14.07,66,46989.37
ORD-004249,2025-10-01,Biopharma Consumables,BIO-006,EMEA,Distributor,Strategic,828.58,652.96,21.19,173,112961.99
ORD-004250,2025-10-01,Biopharma Consumables,BIO-006,North America,Direct,Transactional,828.58,790.19,4.63,69,54523.01
ORD-004251,2025-10-01,Biopharma Consumables,BIO-006,EMEA,Direct,Standard,828.58,719.36,13.18,107,76971.96
ORD-004252,2025-10-01,Biopharma Consumables,BIO-006,North America,Direct,Standard,828.58,741.79,10.47,107,79371.08
ORD-004253,2025-10-01,Biopharma Consumables,BIO-006,APAC,Distributor,Standard,828.58,705.12,14.9,86,60640.51
ORD-004254,2025-10-01,Biopharma Consumables,BIO-006,EMEA,Direct,Strategic,828.58,675.04,18.53,99,66829.07
ORD-004255,2025-10-01,Biopharma Consumables,BIO-006,APAC,Direct,Standard,828.58,729.65,11.94,48,35023.44
ORD-004256,2025-10-01,Biopharma Consumables,BIO-006,APAC,Distributor,Transactional,828.58,722.19,12.84,47,33942.9
ORD-004257,2025-10-01,Biopharma Consumables,BIO-006,APAC,Distributor,Strategic,828.58,633.24,23.58,87,55091.74
ORD-004258,2025-10-01,Biopharma Consumables,BIO-006,APAC,Direct,Strategic,828.58,640.96,22.64,134,85888.41
ORD-004259,2025-10-01,Biopharma Consumables,BIO-006,North America,Direct,Standard,828.58,729.82,11.92,59,43059.41
ORD-004260,2025-10-01,Biopharma Consumables,BIO-006,APAC,Direct,Standard,828.58,731.05,11.77,44,32166.31
ORD-004261,2025-10-01,Biopharma Consumables,BIO-007,North America,Distributor,Transactional,402.66,376.22,6.57,140,52670.65
ORD-004262,2025-10-01,Biopharma Consumables,BIO-007,EMEA,Direct,Transactional,402.66,373.99,7.12,59,22065.55
ORD-004263,2025-10-01,Biopharma Consumables,BIO-007,EMEA,Distributor,Transactional,402.66,364.68,9.43,69,25162.93
ORD-004264,2025-10-01,Biopharma Consumables,BIO-007,North America,Distributor,Strategic,402.66,304.57,24.36,208,63350.57
ORD-004265,2025-10-01,Biopharma Consumables,BIO-007,North America,Distributor,Standard,402.66,336.61,16.41,99,33323.99
ORD-004266,2025-10-01,Biopharma Consumables,BIO-007,APAC,Direct,Standard,402.66,348.43,13.47,83,28919.71
ORD-004267,2025-10-01,Biopharma Consumables,BIO-007,EMEA,Direct,Standard,402.66,358.66,10.93,84,30127.39
ORD-004268,2025-10-01,Biopharma Consumables,BIO-007,North America,Distributor,Standard,402.66,351.2,12.78,94,33013.26
ORD-004269,2025-10-01,Biopharma Consumables,BIO-007,North America,Direct,Standard,402.66,364.22,9.55,95,34601.04
ORD-004270,2025-10-01,Biopharma Consumables,BIO-007,North America,Direct,Standard,402.66,349.25,13.27,150,52387.26
ORD-004271,2025-10-01,Biopharma Consumables,BIO-007,APAC,Distributor,Transactional,402.66,357.03,11.33,58,20707.47
ORD-004272,2025-10-01,Biopharma Consumables,BIO-007,North America,Distributor,Transactional,402.66,366.99,8.86,133,48809.47
ORD-004273,2025-10-01,Biopharma Consumables,BIO-007,North America,Distributor,Transactional,402.66,352.72,12.4,72,25396.12
ORD-004274,2025-10-01,Biopharma Consumables,BIO-007,EMEA,Direct,Standard,402.66,358.86,10.88,50,17943.06
ORD-004275,2025-10-01,Biopharma Consumables,BIO-007,North America,Distributor,Standard,402.66,339.96,15.57,109,37055.38
ORD-004276,2025-10-01,Biopharma Consumables,BIO-007,APAC,Distributor,Transactional,402.66,354.92,11.86,55,19520.54
ORD-004277,2025-10-01,Biopharma Consumables,BIO-007,EMEA,Distributor,Transactional,402.66,350.9,12.86,89,31229.8
ORD-004278,2025-10-01,Biopharma Consumables,BIO-007,North America,Direct,Standard,402.66,357.82,11.14,115,41148.96
ORD-004279,2025-10-01,Biopharma Consumables,BIO-008,North America,Distributor,Transactional,3917.87,3476.95,11.25,75,260771.39
ORD-004280,2025-10-01,Biopharma Consumables,BIO-008,North America,Direct,Standard,3917.87,3520.05,10.15,67,235843.29
ORD-004281,2025-10-01,Biopharma Consumables,BIO-008,EMEA,Distributor,Standard,3917.87,3336.98,14.83,114,380415.32
ORD-004282,2025-10-01,Biopharma Consumables,BIO-008,North America,Direct,Standard,3917.87,3511.45,10.37,76,266870.26
ORD-004283,2025-10-01,Biopharma Consumables,BIO-008,APAC,Distributor,Standard,3917.87,3186.43,18.67,66,210304.37
ORD-004284,2025-10-01,Biopharma Consumables,BIO-008,North America,Direct,Standard,3917.87,3504.16,10.56,59,206745.18
ORD-004285,2025-10-01,Biopharma Consumables,BIO-008,North America,Distributor,Standard,3917.87,3316.16,15.36,125,414519.59
ORD-004286,2025-10-01,Biopharma Consumables,BIO-008,EMEA,Direct,Transactional,3917.87,3557.69,9.19,83,295288.48
ORD-004287,2025-10-01,Biopharma Consumables,BIO-008,APAC,Direct,Transactional,3917.87,3612.99,7.78,54,195101.53
ORD-004288,2025-10-01,Biopharma Consumables,BIO-008,APAC,Direct,Transactional,3917.87,3545.58,9.5,78,276555.45
ORD-004289,2025-10-01,Biopharma Consumables,BIO-008,North America,Direct,Strategic,3917.87,3267.45,16.6,98,320210.1
ORD-004290,2025-10-01,Biopharma Consumables,BIO-008,APAC,Direct,Strategic,3917.87,3093.3,21.05,133,411409.06
ORD-004291,2025-10-01,Biopharma Consumables,BIO-008,North America,Direct,Strategic,3917.87,3172.86,19.02,88,279211.91
ORD-004292,2025-10-01,Biopharma Consumables,BIO-008,North America,Direct,Standard,3917.87,3505.72,10.52,75,262929.24
ORD-004293,2025-10-01,Biopharma Consumables,BIO-008,North America,Distributor,Transactional,3917.87,3502.7,10.6,78,273210.23
ORD-004294,2025-10-01,Biopharma Consumables,BIO-008,APAC,Direct,Standard,3917.87,3364.17,14.13,65,218671.37
ORD-004295,2025-10-01,Biopharma Consumables,BIO-009,EMEA,Direct,Transactional,2764.85,2542.74,8.03,66,167820.59
ORD-004296,2025-10-01,Biopharma Consumables,BIO-009,North America,Direct,Standard,2764.85,2432.04,12.04,57,138626.15
ORD-004297,2025-10-01,Biopharma Consumables,BIO-009,EMEA,Direct,Transactional,2764.85,2599.61,5.98,66,171574.17
ORD-004298,2025-10-01,Biopharma Consumables,BIO-009,North America,Distributor,Standard,2764.85,2320.62,16.07,104,241344.32
ORD-004299,2025-10-01,Biopharma Consumables,BIO-009,North America,Direct,Standard,2764.85,2555.18,7.58,101,258073.2
ORD-004300,2025-10-01,Biopharma Consumables,BIO-009,EMEA,Distributor,Standard,2764.85,2436.77,11.87,99,241240.13
ORD-004301,2025-10-01,Biopharma Consumables,BIO-009,EMEA,Distributor,Strategic,2764.85,2126.14,23.1,173,367822.68
ORD-004302,2025-10-01,Biopharma Consumables,BIO-009,APAC,Direct,Transactional,2764.85,2482.08,10.23,35,86872.7
ORD-004303,2025-10-01,Biopharma Consumables,BIO-009,North America,Direct,Strategic,2764.85,2299.91,16.82,152,349585.64
ORD-004304,2025-10-01,Biopharma Consumables,BIO-009,North America,Direct,Standard,2764.85,2419.49,12.49,71,171783.5
ORD-004305,2025-10-01,Biopharma Consumables,BIO-009,North America,Direct,Standard,2764.85,2503.87,9.44,81,202813.84
ORD-004306,2025-10-01,Biopharma Consumables,BIO-009,North America,Direct,Standard,2764.85,2463.0,10.92,91,224132.89
ORD-004307,2025-10-01,Biopharma Consumables,BIO-010,APAC,Direct,Strategic,3230.12,2605.38,19.34,132,343909.89
ORD-004308,2025-10-01,Biopharma Consumables,BIO-010,North America,Direct,Standard,3230.12,2908.63,9.95,130,378122.22
ORD-004309,2025-10-01,Biopharma Consumables,BIO-010,APAC,Direct,Standard,3230.12,2798.25,13.37,49,137114.37
ORD-004310,2025-10-01,Biopharma Consumables,BIO-010,APAC,Distributor,Standard,3230.12,2670.58,17.32,142,379222.77
ORD-004311,2025-10-01,Biopharma Consumables,BIO-010,North America,Direct,Standard,3230.12,2865.65,11.28,112,320952.67
ORD-004312,2025-10-01,Biopharma Consumables,BIO-010,North America,Distributor,Strategic,3230.12,2425.09,24.92,132,320112.25
ORD-004313,2025-10-01,Biopharma Consumables,BIO-010,North America,Distributor,Standard,3230.12,2853.83,11.65,135,385267.38
ORD-004314,2025-10-01,Biopharma Consumables,BIO-010,North America,Distributor,Standard,3230.12,2713.87,15.98,178,483068.25
ORD-004315,2025-10-01,Biopharma Consumables,BIO-010,EMEA,Direct,Standard,3230.12,2910.15,9.91,73,212440.6
ORD-004316,2025-10-01,Biopharma Consumables,BIO-010,North America,Distributor,Transactional,3230.12,2889.55,10.54,75,216716.53
ORD-004317,2025-10-01,Biopharma Consumables,BIO-010,North America,Direct,Transactional,3230.12,2974.68,7.91,98,291518.27
ORD-004318,2025-10-01,Biopharma Consumables,BIO-010,North America,Distributor,Standard,3230.12,2735.35,15.32,124,339183.75
ORD-004319,2025-10-01,Medical,MED-001,EMEA,Direct,Transactional,253.92,231.59,8.79,70,16211.31
ORD-004320,2025-10-01,Medical,MED-001,North America,Direct,Strategic,253.92,207.87,18.13,183,38040.95
ORD-004321,2025-10-01,Medical,MED-001,EMEA,Direct,Transactional,253.92,238.34,6.13,108,25741.03
ORD-004322,2025-10-01,Medical,MED-001,North America,Direct,Transactional,253.92,236.3,6.94,50,11814.82
ORD-004323,2025-10-01,Medical,MED-001,EMEA,Distributor,Standard,253.92,211.9,16.55,120,25428.52
ORD-004324,2025-10-01,Medical,MED-001,EMEA,Distributor,Standard,253.92,214.26,15.62,108,23140.07
ORD-004325,2025-10-01,Medical,MED-001,EMEA,Direct,Transactional,253.92,238.97,5.89,57,13621.25
ORD-004326,2025-10-01,Medical,MED-001,EMEA,Distributor,Standard,253.92,217.17,14.47,70,15202.22
ORD-004327,2025-10-01,Medical,MED-001,North America,Direct,Standard,253.92,222.79,12.26,99,22056.12
ORD-004328,2025-10-01,Medical,MED-001,EMEA,Distributor,Transactional,253.92,226.47,10.81,76,17211.58
ORD-004329,2025-10-01,Medical,MED-001,EMEA,Direct,Standard,253.92,229.19,9.74,71,16272.19
ORD-004330,2025-10-01,Medical,MED-001,EMEA,Direct,Transactional,253.92,240.33,5.35,40,9613.12
ORD-004331,2025-10-01,Medical,MED-001,EMEA,Direct,Transactional,253.92,235.31,7.33,57,13412.48
ORD-004332,2025-10-01,Medical,MED-001,North America,Distributor,Transactional,253.92,230.25,9.32,48,11051.81
ORD-004333,2025-10-01,Medical,MED-001,APAC,Direct,Strategic,253.92,203.44,19.88,95,19327.06
ORD-004334,2025-10-01,Medical,MED-002,EMEA,Direct,Standard,4631.25,4107.82,11.3,57,234145.57
ORD-004335,2025-10-01,Medical,MED-002,APAC,Distributor,Transactional,4631.25,4021.37,13.17,51,205089.87
ORD-004336,2025-10-01,Medical,MED-002,North America,Direct,Standard,4631.25,4088.35,11.72,81,331156.26
ORD-004337,2025-10-01,Medical,MED-002,EMEA,Distributor,Strategic,4631.25,3571.26,22.89,65,232131.75
ORD-004338,2025-10-01,Medical,MED-002,North America,Distributor,Transactional,4631.25,4201.27,9.28,63,264680.24
ORD-004339,2025-10-01,Medical,MED-002,North America,Direct,Standard,4631.25,4237.79,8.5,103,436491.94
ORD-004340,2025-10-01,Medical,MED-002,EMEA,Direct,Transactional,4631.25,4388.6,5.24,72,315979.35
ORD-004341,2025-10-01,Medical,MED-002,EMEA,Direct,Standard,4631.25,4073.29,12.05,87,354376.25
ORD-004342,2025-10-01,Medical,MED-002,North America,Direct,Standard,4631.25,4198.96,9.33,100,419896.0
ORD-004343,2025-10-01,Medical,MED-002,North America,Distributor,Transactional,4631.25,4019.68,13.21,106,426086.6
ORD-004344,2025-10-01,Medical,MED-002,APAC,Direct,Standard,4631.25,4039.96,12.77,79,319156.83
ORD-004345,2025-10-01,Medical,MED-002,North America,Direct,Transactional,4631.25,4296.2,7.23,53,227698.85
ORD-004346,2025-10-01,Medical,MED-002,North America,Direct,Transactional,4631.25,4316.01,6.81,67,289172.9
ORD-004347,2025-10-01,Medical,MED-002,EMEA,Direct,Standard,4631.25,3976.28,14.14,83,330030.88
ORD-004348,2025-10-01,Medical,MED-002,APAC,Distributor,Standard,4631.25,3897.08,15.85,95,370222.86
ORD-004349,2025-10-01,Medical,MED-002,EMEA,Distributor,Strategic,4631.25,3560.89,23.11,113,402380.02
ORD-004350,2025-10-01,Medical,MED-002,EMEA,Direct,Transactional,4631.25,4295.67,7.25,52,223375.02
ORD-004351,2025-10-01,Medical,MED-003,EMEA,Distributor,Transactional,3997.39,3632.41,9.13,86,312387.06
ORD-004352,2025-10-01,Medical,MED-003,EMEA,Direct,Standard,3997.39,3525.57,11.8,102,359607.88
ORD-004353,2025-10-01,Medical,MED-003,EMEA,Distributor,Standard,3997.39,3272.6,18.13,89,291261.62
ORD-004354,2025-10-01,Medical,MED-003,North America,Direct,Standard,3997.39,3518.02,11.99,73,256815.44
ORD-004355,2025-10-01,Medical,MED-003,North America,Distributor,Standard,3997.39,3434.0,14.09,83,285022.05
ORD-004356,2025-10-01,Medical,MED-003,EMEA,Direct,Transactional,3997.39,3655.16,8.56,55,201034.07
ORD-004357,2025-10-01,Medical,MED-003,North America,Direct,Standard,3997.39,3535.59,11.55,71,251026.68
ORD-004358,2025-10-01,Medical,MED-003,EMEA,Distributor,Transactional,3997.39,3529.72,11.7,39,137659.15
ORD-004359,2025-10-01,Medical,MED-003,EMEA,Direct,Transactional,3997.39,3779.26,5.46,67,253210.34
ORD-004360,2025-10-01,Medical,MED-003,North America,Direct,Transactional,3997.39,3714.28,7.08,44,163428.12
ORD-004361,2025-10-01,Medical,MED-003,APAC,Direct,Transactional,3997.39,3663.53,8.35,68,249120.07
ORD-004362,2025-10-01,Medical,MED-003,EMEA,Distributor,Transactional,3997.39,3629.25,9.21,65,235901.31
ORD-004363,2025-10-01,Medical,MED-003,North America,Direct,Transactional,3997.39,3694.54,7.58,73,269701.15
ORD-004364,2025-10-01,Medical,MED-004,North America,Direct,Transactional,1138.1,1008.88,11.35,87,87772.26
ORD-004365,2025-10-01,Medical,MED-004,North America,Direct,Strategic,1138.1,901.15,20.82,143,128864.96
ORD-004366,2025-10-01,Medical,MED-004,North America,Distributor,Standard,1138.1,997.07,12.39,109,108680.94
ORD-004367,2025-10-01,Medical,MED-004,APAC,Distributor,Standard,1138.1,942.41,17.19,127,119685.94
ORD-004368,2025-10-01,Medical,MED-004,EMEA,Direct,Strategic,1138.1,908.16,20.2,125,113519.51
ORD-004369,2025-10-01,Medical,MED-004,North America,Distributor,Transactional,1138.1,1030.57,9.45,67,69048.25
ORD-004370,2025-10-01,Medical,MED-004,EMEA,Direct,Transactional,1138.1,1065.87,6.35,75,79940.5
ORD-004371,2025-10-01,Medical,MED-004,APAC,Distributor,Strategic,1138.1,870.21,23.54,109,94853.21
ORD-004372,2025-10-01,Medical,MED-004,APAC,Direct,Standard,1138.1,987.7,13.22,53,52347.86
ORD-004373,2025-10-01,Medical,MED-004,North America,Direct,Transactional,1138.1,1034.51,9.1,55,56898.27
ORD-004374,2025-10-01,Medical,MED-004,APAC,Direct,Strategic,1138.1,882.43,22.46,96,84713.28
ORD-004375,2025-10-01,Medical,MED-004,North America,Distributor,Standard,1138.1,963.11,15.38,152,146392.3
ORD-004376,2025-10-01,Medical,MED-004,EMEA,Direct,Transactional,1138.1,1042.25,8.42,49,51070.24
ORD-004377,2025-10-01,Medical,MED-004,North America,Direct,Standard,1138.1,1002.5,11.91,78,78195.3
ORD-004378,2025-10-01,Medical,MED-004,North America,Direct,Transactional,1138.1,1065.37,6.39,69,73510.67
ORD-004379,2025-10-01,Medical,MED-004,EMEA,Distributor,Standard,1138.1,962.34,15.44,110,105857.82
ORD-004380,2025-10-01,Medical,MED-004,North America,Direct,Transactional,1138.1,1105.23,2.89,90,99470.6
ORD-004381,2025-10-01,Medical,MED-005,APAC,Distributor,Transactional,997.39,877.4,12.03,62,54398.83
ORD-004382,2025-10-01,Medical,MED-005,APAC,Direct,Transactional,997.39,910.95,8.67,51,46458.24
ORD-004383,2025-10-01,Medical,MED-005,EMEA,Distributor,Standard,997.39,860.44,13.73,76,65393.19
ORD-004384,2025-10-01,Medical,MED-005,EMEA,Direct,Transactional,997.39,925.55,7.2,53,49053.89
ORD-004385,2025-10-01,Medical,MED-005,APAC,Distributor,Standard,997.39,814.48,18.34,86,70044.91
ORD-004386,2025-10-01,Medical,MED-005,North America,Direct,Strategic,997.39,800.11,19.78,96,76811.04
ORD-004387,2025-10-01,Medical,MED-005,APAC,Distributor,Transactional,997.39,861.78,13.6,67,57739.45
ORD-004388,2025-10-01,Medical,MED-005,APAC,Direct,Standard,997.39,841.32,15.65,74,62257.58
ORD-004389,2025-10-01,Medical,MED-005,EMEA,Distributor,Standard,997.39,842.16,15.56,73,61477.34
ORD-004390,2025-10-01,Medical,MED-005,North America,Direct,Standard,997.39,887.4,11.03,109,96726.22
ORD-004391,2025-10-01,Medical,MED-005,EMEA,Direct,Transactional,997.39,941.2,5.63,48,45177.48
ORD-004392,2025-10-01,Medical,MED-005,North America,Direct,Transactional,997.39,939.4,5.81,59,55424.85
ORD-004393,2025-10-01,Medical,MED-005,EMEA,Distributor,Standard,997.39,854.13,14.36,90,76871.91
ORD-004394,2025-10-01,Medical,MED-005,APAC,Direct,Standard,997.39,863.28,13.45,53,45753.67
ORD-004395,2025-10-01,Medical,MED-005,APAC,Direct,Strategic,997.39,774.53,22.35,87,67383.77
ORD-004396,2025-10-01,Medical,MED-005,North America,Direct,Standard,997.39,861.47,13.63,105,90454.47
ORD-004397,2025-10-01,Medical,MED-006,EMEA,Distributor,Standard,1004.68,836.63,16.73,72,60237.39
ORD-004398,2025-10-01,Medical,MED-006,EMEA,Distributor,Standard,1004.68,878.87,12.52,94,82613.63
ORD-004399,2025-10-01,Medical,MED-006,APAC,Direct,Standard,1004.68,854.37,14.96,53,45281.81
ORD-004400,2025-10-01,Medical,MED-006,North America,Direct,Strategic,1004.68,804.23,19.95,97,78010.05
ORD-004401,2025-10-01,Medical,MED-006,APAC,Direct,Transactional,1004.68,926.22,7.81,37,34270.3
ORD-004402,2025-10-01,Medical,MED-006,EMEA,Direct,Transactional,1004.68,937.94,6.64,62,58152.13
ORD-004403,2025-10-01,Medical,MED-006,North America,Direct,Transactional,1004.68,937.01,6.74,91,85267.89
ORD-004404,2025-10-01,Medical,MED-006,APAC,Distributor,Strategic,1004.68,752.85,25.07,81,60980.46
ORD-004405,2025-10-01,Medical,MED-006,APAC,Direct,Standard,1004.68,850.95,15.3,47,39994.7
ORD-004406,2025-10-01,Medical,MED-006,APAC,Distributor,Transactional,1004.68,877.53,12.66,90,78977.87
ORD-004407,2025-10-01,Medical,MED-006,North America,Direct,Strategic,1004.68,837.16,16.67,97,81204.92
ORD-004408,2025-10-01,Medical,MED-006,EMEA,Direct,Transactional,1004.68,930.27,7.41,51,47443.74
ORD-004409,2025-10-01,Medical,MED-006,North America,Direct,Standard,1004.68,901.8,10.24,87,78456.3
ORD-004410,2025-10-01,Medical,MED-006,North America,Distributor,Transactional,1004.68,910.37,9.39,75,68277.67
ORD-004411,2025-10-01,Medical,MED-006,EMEA,Distributor,Standard,1004.68,834.27,16.96,91,75918.92
ORD-004412,2025-10-01,Medical,MED-007,North America,Direct,Transactional,1561.86,1455.27,6.82,47,68397.51
ORD-004413,2025-10-01,Medical,MED-007,EMEA,Distributor,Standard,1561.86,1345.08,13.88,68,91465.52
ORD-004414,2025-10-01,Medical,MED-007,North America,Direct,Standard,1561.86,1347.51,13.72,84,113191.02
ORD-004415,2025-10-01,Medical,MED-007,North America,Direct,Strategic,1561.86,1246.87,20.17,101,125933.98
ORD-004416,2025-10-01,Medical,MED-007,EMEA,Direct,Standard,1561.86,1411.27,9.64,63,88909.91
ORD-004417,2025-10-01,Medical,MED-007,EMEA,Distributor,Transactional,1561.86,1407.57,9.88,70,98529.84
ORD-004418,2025-10-01,Medical,MED-007,North America,Direct,Strategic,1561.86,1260.36,19.3,144,181491.9
ORD-004419,2025-10-01,Medical,MED-007,EMEA,Direct,Standard,1561.86,1386.63,11.22,64,88744.16
ORD-004420,2025-10-01,Medical,MED-007,EMEA,Distributor,Standard,1561.86,1334.39,14.56,90,120095.12
ORD-004421,2025-10-01,Medical,MED-007,APAC,Distributor,Strategic,1561.86,1166.4,25.32,73,85147.22
ORD-004422,2025-10-01,Medical,MED-007,EMEA,Direct,Standard,1561.86,1375.57,11.93,80,110045.52
ORD-004423,2025-10-01,Medical,MED-007,EMEA,Direct,Transactional,1561.86,1484.58,4.95,71,105405.09
ORD-004424,2025-10-01,Medical,MED-008,APAC,Direct,Standard,2578.65,2290.46,11.18,62,142008.79
ORD-004425,2025-10-01,Medical,MED-008,APAC,Direct,Transactional,2578.65,2382.89,7.59,62,147739.41
ORD-004426,2025-10-01,Medical,MED-008,EMEA,Distributor,Standard,2578.65,2191.27,15.02,53,116137.37
ORD-004427,2025-10-01,Medical,MED-008,EMEA,Direct,Standard,2578.65,2314.52,10.24,96,222194.07
ORD-004428,2025-10-01,Medical,MED-008,EMEA,Direct,Standard,2578.65,2350.08,8.86,48,112803.99
ORD-004429,2025-10-01,Medical,MED-008,North America,Distributor,Transactional,2578.65,2256.02,12.51,116,261698.39
ORD-004430,2025-10-01,Medical,MED-008,North America,Distributor,Standard,2578.65,2200.61,14.66,106,233264.52
ORD-004431,2025-10-01,Medical,MED-008,EMEA,Direct,Transactional,2578.65,2363.92,8.33,84,198569.03
ORD-004432,2025-10-01,Medical,MED-008,North America,Direct,Transactional,2578.65,2391.31,7.27,65,155434.91
ORD-004433,2025-10-01,Medical,MED-008,EMEA,Direct,Strategic,2578.65,2050.56,20.48,93,190702.06
ORD-004434,2025-10-01,Medical,MED-008,EMEA,Direct,Standard,2578.65,2308.14,10.49,74,170802.07
ORD-004435,2025-10-01,Medical,MED-008,EMEA,Distributor,Standard,2578.65,2202.63,14.58,116,255504.78
ORD-004436,2025-10-01,Medical,MED-009,EMEA,Direct,Transactional,2150.7,2028.7,5.67,40,81148.14
ORD-004437,2025-10-01,Medical,MED-009,EMEA,Distributor,Transactional,2150.7,1894.0,11.94,53,100382.23
ORD-004438,2025-10-01,Medical,MED-009,EMEA,Direct,Strategic,2150.7,1753.06,18.49,105,184071.21
ORD-004439,2025-10-01,Medical,MED-009,EMEA,Distributor,Standard,2150.7,1865.12,13.28,64,119367.91
ORD-004440,2025-10-01,Medical,MED-009,APAC,Direct,Strategic,2150.7,1677.64,22.0,87,145955.04
ORD-004441,2025-10-01,Medical,MED-009,EMEA,Direct,Transactional,2150.7,2030.64,5.58,41,83256.07
ORD-004442,2025-10-01,Medical,MED-009,APAC,Distributor,Transactional,2150.7,1890.79,12.08,46,86976.3
ORD-004443,2025-10-01,Medical,MED-009,APAC,Distributor,Standard,2150.7,1791.91,16.68,95,170231.8
ORD-004444,2025-10-01,Medical,MED-009,EMEA,Direct,Transactional,2150.7,2048.89,4.73,59,120884.71
ORD-004445,2025-10-01,Medical,MED-009,APAC,Direct,Strategic,2150.7,1688.65,21.48,109,184062.92
ORD-004446,2025-10-01,Medical,MED-009,North America,Distributor,Transactional,2150.7,1944.99,9.56,40,77799.47
ORD-004447,2025-10-01,Medical,MED-009,EMEA,Direct,Standard,2150.7,1924.56,10.51,39,75057.73
ORD-004448,2025-10-01,Medical,MED-010,EMEA,Distributor,Standard,1501.86,1259.85,16.11,123,154962.07
ORD-004449,2025-10-01,Medical,MED-010,EMEA,Direct,Transactional,1501.86,1379.05,8.18,38,52403.85
ORD-004450,2025-10-01,Medical,MED-010,North America,Distributor,Strategic,1501.86,1160.89,22.7,119,138145.58
ORD-004451,2025-10-01,Medical,MED-010,North America,Distributor,Transactional,1501.86,1325.78,11.72,85,112690.94
ORD-004452,2025-10-01,Medical,MED-010,North America,Direct,Standard,1501.86,1315.83,12.39,71,93424.12
ORD-004453,2025-10-01,Medical,MED-010,North America,Direct,Transactional,1501.86,1393.77,7.2,87,121258.02
ORD-004454,2025-10-01,Medical,MED-010,North America,Distributor,Standard,1501.86,1269.0,15.5,98,124362.42
ORD-004455,2025-10-01,Medical,MED-010,APAC,Distributor,Transactional,1501.86,1351.86,9.99,62,83815.11
ORD-004456,2025-10-01,Medical,MED-010,EMEA,Direct,Standard,1501.86,1333.64,11.2,109,145366.82
ORD-004457,2025-10-01,Medical,MED-010,EMEA,Direct,Standard,1501.86,1364.76,9.13,105,143299.85
ORD-004458,2025-10-01,Medical,MED-010,North America,Direct,Standard,1501.86,1356.61,9.67,87,118025.07
ORD-004459,2025-10-01,Medical,MED-010,APAC,Distributor,Strategic,1501.86,1122.21,25.28,111,124565.52
ORD-004460,2025-10-01,Medical,MED-010,APAC,Direct,Standard,1501.86,1352.58,9.94,66,89270.42
ORD-004461,2025-10-01,Medical,MED-010,APAC,Direct,Standard,1501.86,1350.23,10.1,74,99916.99
ORD-004462,2025-10-01,Medical,MED-010,North America,Direct,Transactional,1501.86,1408.88,6.19,92,129616.93
ORD-004463,2025-10-01,Medical,MED-010,EMEA,Distributor,Transactional,1501.86,1335.29,11.09,74,98811.37
ORD-004464,2025-10-01,Medical,MED-010,North America,Distributor,Standard,1501.86,1303.26,13.22,101,131629.25
ORD-004465,2025-10-01,Medical,MED-010,EMEA,Direct,Standard,1501.86,1337.11,10.97,45,60170.05
ORD-004466,2025-10-01,Medical,MED-010,EMEA,Direct,Strategic,1501.86,1208.49,19.53,108,130517.13
ORD-004467,2025-10-01,Medical,MED-010,North America,Direct,Strategic,1501.86,1217.78,18.92,116,141261.9
ORD-004468,2025-10-01,Medical,MED-010,EMEA,Direct,Standard,1501.86,1336.91,10.98,80,106952.65
ORD-004469,2025-10-01,Medical,MED-010,APAC,Direct,Strategic,1501.86,1197.69,20.25,146,174862.74
ORD-004470,2025-10-01,Industrial,IND-001,EMEA,Distributor,Standard,2980.25,2572.7,13.68,77,198097.95
ORD-004471,2025-10-01,Industrial,IND-001,North America,Direct,Standard,2980.25,2674.28,10.27,115,307542.5
ORD-004472,2025-10-01,Industrial,IND-001,EMEA,Distributor,Transactional,2980.25,2701.39,9.36,53,143173.51
ORD-004473,2025-10-01,Industrial,IND-001,EMEA,Direct,Standard,2980.25,2661.83,10.68,92,244887.95
ORD-004474,2025-10-01,Industrial,IND-001,North America,Direct,Standard,2980.25,2487.4,16.54,83,206453.88
ORD-004475,2025-10-01,Industrial,IND-001,EMEA,Direct,Transactional,2980.25,2811.27,5.67,67,188355.31
ORD-004476,2025-10-01,Industrial,IND-001,North America,Direct,Standard,2980.25,2676.3,10.2,61,163254.09
ORD-004477,2025-10-01,Industrial,IND-001,North America,Distributor,Transactional,2980.25,2578.04,13.5,81,208821.54
ORD-004478,2025-10-01,Industrial,IND-001,EMEA,Distributor,Standard,2980.25,2508.88,15.82,90,225798.99
ORD-004479,2025-10-01,Industrial,IND-001,EMEA,Direct,Transactional,2980.25,2801.12,6.01,52,145658.3
ORD-004480,2025-10-01,Industrial,IND-001,APAC,Direct,Transactional,2980.25,2755.16,7.55,46,126737.19
ORD-004481,2025-10-01,Industrial,IND-001,North America,Direct,Strategic,2980.25,2428.24,18.52,127,308386.1
ORD-004482,2025-10-01,Industrial,IND-001,EMEA,Distributor,Transactional,2980.25,2669.37,10.43,68,181517.3
ORD-004483,2025-10-01,Industrial,IND-001,EMEA,Distributor,Standard,2980.25,2528.73,15.15,79,199769.28
ORD-004484,2025-10-01,Industrial,IND-001,North America,Direct,Standard,2980.25,2593.77,12.97,78,202314.19
ORD-004485,2025-10-01,Industrial,IND-001,EMEA,Distributor,Standard,2980.25,2576.52,13.55,60,154591.46
ORD-004486,2025-10-01,Industrial,IND-002,APAC,Distributor,Transactional,802.21,689.18,14.09,54,37215.68
ORD-004487,2025-10-01,Industrial,IND-002,North America,Distributor,Standard,802.21,676.48,15.67,98,66295.33
ORD-004488,2025-10-01,Industrial,IND-002,EMEA,Distributor,Standard,802.21,674.59,15.91,88,59364.34
ORD-004489,2025-10-01,Industrial,IND-002,APAC,Distributor,Standard,802.21,668.72,16.64,93,62190.52
ORD-004490,2025-10-01,Industrial,IND-002,EMEA,Direct,Strategic,802.21,638.69,20.38,151,96442.88
ORD-004491,2025-10-01,Industrial,IND-002,North America,Distributor,Strategic,802.21,618.73,22.87,122,75485.5
ORD-004492,2025-10-01,Industrial,IND-002,EMEA,Distributor,Strategic,802.21,616.54,23.14,106,65353.36
ORD-004493,2025-10-01,Industrial,IND-002,APAC,Direct,Standard,802.21,706.35,11.95,50,35317.28
ORD-004494,2025-10-01,Industrial,IND-002,EMEA,Distributor,Transactional,802.21,719.19,10.35,53,38116.97
ORD-004495,2025-10-01,Industrial,IND-002,North America,Direct,Transactional,802.21,741.0,7.63,69,51129.09
ORD-004496,2025-10-01,Industrial,IND-002,APAC,Distributor,Transactional,802.21,727.53,9.31,50,36376.41
ORD-004497,2025-10-01,Industrial,IND-002,EMEA,Direct,Standard,802.21,730.72,8.91,97,70879.76
ORD-004498,2025-10-01,Industrial,IND-002,EMEA,Direct,Standard,802.21,725.68,9.54,85,61682.71
ORD-004499,2025-10-01,Industrial,IND-002,North America,Direct,Standard,802.21,703.36,12.32,102,71742.98
ORD-004500,2025-10-01,Industrial,IND-002,APAC,Direct,Strategic,802.21,645.21,19.57,140,90329.03
ORD-004501,2025-10-01,Industrial,IND-002,North America,Distributor,Standard,802.21,692.72,13.65,89,61652.14
ORD-004502,2025-10-01,Industrial,IND-002,EMEA,Distributor,Transactional,802.21,702.4,12.44,76,53382.75
ORD-004503,2025-10-01,Industrial,IND-002,North America,Distributor,Strategic,802.21,603.0,24.83,110,66329.6
ORD-004504,2025-10-01,Industrial,IND-002,North America,Distributor,Standard,802.21,705.03,12.11,95,66978.08
ORD-004505,2025-10-01,Industrial,IND-003,EMEA,Direct,Standard,1506.08,1350.14,10.35,95,128263.56
ORD-004506,2025-10-01,Industrial,IND-003,North America,Direct,Transactional,1506.08,1409.32,6.42,56,78921.97
ORD-004507,2025-10-01,Industrial,IND-003,EMEA,Direct,Standard,1506.08,1382.05,8.24,57,78776.63
ORD-004508,2025-10-01,Industrial,IND-003,APAC,Direct,Standard,1506.08,1331.96,11.56,87,115880.34
ORD-004509,2025-10-01,Industrial,IND-003,EMEA,Distributor,Strategic,1506.08,1184.58,21.35,184,217962.15
ORD-004510,2025-10-01,Industrial,IND-003,EMEA,Distributor,Strategic,1506.08,1187.88,21.13,122,144920.91
ORD-004511,2025-10-01,Industrial,IND-003,EMEA,Direct,Standard,1506.08,1290.7,14.3,81,104546.4
ORD-004512,2025-10-01,Industrial,IND-003,EMEA,Distributor,Standard,1506.08,1275.61,15.3,66,84190.39
ORD-004513,2025-10-01,Industrial,IND-003,EMEA,Direct,Strategic,1506.08,1225.09,18.66,89,109033.09
ORD-004514,2025-10-01,Industrial,IND-003,North America,Distributor,Transactional,1506.08,1367.7,9.19,68,93003.61
ORD-004515,2025-10-01,Industrial,IND-003,North America,Distributor,Standard,1506.08,1270.69,15.63,88,111820.97
ORD-004516,2025-10-01,Industrial,IND-003,EMEA,Distributor,Strategic,1506.08,1129.71,24.99,136,153640.45
ORD-004517,2025-10-01,Industrial,IND-003,North America,Distributor,Transactional,1506.08,1305.31,13.33,45,58738.9
ORD-004518,2025-10-01,Industrial,IND-003,North America,Distributor,Transactional,1506.08,1351.81,10.24,84,113552.01
ORD-004519,2025-10-01,Industrial,IND-003,North America,Direct,Standard,1506.08,1340.57,10.99,149,199744.29
ORD-004520,2025-10-01,Industrial,IND-003,North America,Direct,Standard,1506.08,1343.8,10.77,86,115566.82
ORD-004521,2025-10-01,Industrial,IND-003,APAC,Direct,Transactional,1506.08,1404.73,6.73,51,71641.06
ORD-004522,2025-10-01,Industrial,IND-003,North America,Distributor,Standard,1506.08,1309.9,13.03,77,100862.29
ORD-004523,2025-10-01,Industrial,IND-004,EMEA,Distributor,Strategic,1848.29,1402.74,24.11,125,175342.89
ORD-004524,2025-10-01,Industrial,IND-004,EMEA,Distributor,Transactional,1848.29,1634.54,11.57,58,94803.26
ORD-004525,2025-10-01,Industrial,IND-004,EMEA,Direct,Standard,1848.29,1675.44,9.35,80,134035.4
ORD-004526,2025-10-01,Industrial,IND-004,North America,Direct,Standard,1848.29,1640.62,11.24,86,141093.22
ORD-004527,2025-10-01,Industrial,IND-004,EMEA,Direct,Transactional,1848.29,1772.86,4.08,51,90415.73
ORD-004528,2025-10-01,Industrial,IND-004,APAC,Direct,Standard,1848.29,1608.95,12.95,92,148023.2
ORD-004529,2025-10-01,Industrial,IND-004,APAC,Direct,Transactional,1848.29,1688.01,8.67,38,64144.29
ORD-004530,2025-10-01,Industrial,IND-004,North America,Distributor,Standard,1848.29,1596.03,13.65,114,181947.39
ORD-004531,2025-10-01,Industrial,IND-004,APAC,Direct,Strategic,1848.29,1425.03,22.9,86,122552.76
ORD-004532,2025-10-01,Industrial,IND-004,North America,Distributor,Transactional,1848.29,1671.99,9.54,97,162182.86
ORD-004533,2025-10-01,Industrial,IND-004,APAC,Distributor,Standard,1848.29,1558.71,15.67,78,121579.44
ORD-004534,2025-10-01,Industrial,IND-004,APAC,Direct,Strategic,1848.29,1486.46,19.58,94,139727.16
ORD-004535,2025-10-01,Industrial,IND-004,North America,Distributor,Transactional,1848.29,1641.98,11.16,104,170765.87
ORD-004536,2025-10-01,Industrial,IND-004,EMEA,Distributor,Transactional,1848.29,1658.34,10.28,67,111108.97
ORD-004537,2025-10-01,Industrial,IND-004,EMEA,Distributor,Standard,1848.29,1625.68,12.04,91,147937.25
ORD-004538,2025-10-01,Industrial,IND-005,EMEA,Distributor,Standard,2261.94,1944.39,14.04,74,143884.69
ORD-004539,2025-10-01,Industrial,IND-005,North America,Distributor,Standard,2261.94,1934.22,14.49,130,251448.45
ORD-004540,2025-10-01,Industrial,IND-005,North America,Distributor,Standard,2261.94,1940.65,14.2,91,176599.11
ORD-004541,2025-10-01,Industrial,IND-005,North America,Distributor,Strategic,2261.94,1700.34,24.83,118,200639.9
ORD-004542,2025-10-01,Industrial,IND-005,North America,Direct,Transactional,2261.94,2114.48,6.52,55,116296.23
ORD-004543,2025-10-01,Industrial,IND-006,EMEA,Direct,Standard,3779.45,3289.93,12.95,75,246744.69
ORD-004544,2025-10-01,Industrial,IND-006,North America,Direct,Standard,3779.45,3442.91,8.9,114,392491.83
ORD-004545,2025-10-01,Industrial,IND-006,EMEA,Direct,Standard,3779.45,3371.7,10.79,69,232647.53
ORD-004546,2025-10-01,Industrial,IND-006,APAC,Distributor,Strategic,3779.45,2644.41,30.03,101,267085.24
ORD-004547,2025-10-01,Industrial,IND-006,North America,Direct,Transactional,3779.45,3527.46,6.67,90,317471.81
ORD-004548,2025-10-01,Industrial,IND-006,North America,Distributor,Standard,3779.45,3191.25,15.56,79,252109.04
ORD-004549,2025-10-01,Industrial,IND-006,North America,Distributor,Standard,3779.45,3265.87,13.59,96,313523.97
ORD-004550,2025-10-01,Industrial,IND-006,North America,Direct,Standard,3779.45,3376.95,10.65,95,320810.28
ORD-004551,2025-10-01,Industrial,IND-006,North America,Direct,Transactional,3779.45,3529.85,6.6,72,254149.14
ORD-004552,2025-10-01,Industrial,IND-006,EMEA,Distributor,Transactional,3779.45,3312.42,12.36,45,149058.68
ORD-004553,2025-10-01,Industrial,IND-006,EMEA,Direct,Strategic,3779.45,3080.73,18.49,92,283426.96
ORD-004554,2025-10-01,Industrial,IND-006,EMEA,Direct,Strategic,3779.45,3105.39,17.83,84,260852.66
ORD-004555,2025-10-01,Industrial,IND-006,EMEA,Direct,Strategic,3779.45,3068.88,18.8,140,429642.6
ORD-004556,2025-10-01,Industrial,IND-006,EMEA,Direct,Standard,3779.45,3407.33,9.85,98,333918.5
ORD-004557,2025-10-01,Industrial,IND-006,APAC,Distributor,Standard,3779.45,3169.18,16.15,54,171135.55
ORD-004558,2025-10-01,Industrial,IND-007,North America,Distributor,Standard,1079.7,914.28,15.32,104,95084.75
ORD-004559,2025-10-01,Industrial,IND-007,EMEA,Distributor,Standard,1079.7,927.21,14.12,82,76030.96
ORD-004560,2025-10-01,Industrial,IND-007,EMEA,Distributor,Strategic,1079.7,839.56,22.24,124,104104.95
ORD-004561,2025-10-01,Industrial,IND-007,APAC,Distributor,Transactional,1079.7,951.42,11.88,55,52327.95
ORD-004562,2025-10-01,Industrial,IND-007,EMEA,Direct,Strategic,1079.7,888.06,17.75,113,100350.33
ORD-004563,2025-10-01,Industrial,IND-007,North America,Direct,Transactional,1079.7,1015.45,5.95,62,62958.18
ORD-004564,2025-10-01,Industrial,IND-007,APAC,Direct,Transactional,1079.7,1007.85,6.65,52,52408.42
ORD-004565,2025-10-01,Industrial,IND-007,APAC,Distributor,Standard,1079.7,882.83,18.23,57,50321.23
ORD-004566,2025-10-01,Industrial,IND-007,EMEA,Distributor,Transactional,1079.7,985.05,8.77,87,85699.2
ORD-004567,2025-10-01,Industrial,IND-007,North America,Distributor,Transactional,1079.7,983.25,8.93,90,88492.38
ORD-004568,2025-10-01,Industrial,IND-007,EMEA,Direct,Transactional,1079.7,1024.87,5.08,71,72765.49
ORD-004569,2025-10-01,Industrial,IND-007,North America,Direct,Strategic,1079.7,874.0,19.05,136,118864.28
ORD-004570,2025-10-01,Industrial,IND-007,EMEA,Distributor,Standard,1079.7,917.85,14.99,101,92702.4
ORD-004571,2025-10-01,Industrial,IND-007,North America,Distributor,Transactional,1079.7,945.85,12.4,76,71884.63
ORD-004572,2025-10-01,Industrial,IND-007,North America,Distributor,Standard,1079.7,911.41,15.59,81,73824.61
ORD-004573,2025-10-01,Industrial,IND-007,North America,Direct,Standard,1079.7,959.18,11.16,73,70019.93
ORD-004574,2025-10-01,Industrial,IND-007,APAC,Distributor,Strategic,1079.7,808.22,25.14,110,88903.92
ORD-004575,2025-10-01,Industrial,IND-008,EMEA,Distributor,Standard,2530.13,2101.62,16.94,115,241686.28
ORD-004576,2025-10-01,Industrial,IND-008,EMEA,Distributor,Standard,2530.13,2135.19,15.61,84,179355.71
ORD-004577,2025-10-01,Industrial,IND-008,APAC,Distributor,Standard,2530.13,2103.56,16.86,91,191423.66
ORD-004578,2025-10-01,Industrial,IND-008,APAC,Direct,Standard,2530.13,2265.17,10.47,89,201600.49
ORD-004579,2025-10-01,Industrial,IND-008,North America,Direct,Transactional,2530.13,2327.04,8.03,53,123333.17
ORD-004580,2025-10-01,Industrial,IND-008,North America,Direct,Standard,2530.13,2278.13,9.96,74,168581.54
ORD-004581,2025-10-01,Industrial,IND-008,APAC,Direct,Standard,2530.13,2189.49,13.46,108,236465.17
ORD-004582,2025-10-01,Industrial,IND-008,North America,Direct,Standard,2530.13,2306.25,8.85,81,186805.85
ORD-004583,2025-10-01,Industrial,IND-008,EMEA,Direct,Transactional,2530.13,2380.21,5.93,80,190416.79
ORD-004584,2025-10-01,Industrial,IND-008,North America,Direct,Strategic,2530.13,2052.36,18.88,100,205235.98
ORD-004585,2025-10-01,Industrial,IND-008,APAC,Distributor,Standard,2530.13,2109.2,16.64,80,168735.81
ORD-004586,2025-10-01,Industrial,IND-008,North America,Distributor,Strategic,2530.13,1940.54,23.3,151,293021.78
ORD-004587,2025-10-01,Industrial,IND-009,APAC,Direct,Transactional,2890.62,2584.95,10.57,86,222305.84
ORD-004588,2025-10-01,Industrial,IND-009,APAC,Direct,Strategic,2890.62,2244.48,22.35,79,177313.72
ORD-004589,2025-10-01,Industrial,IND-009,EMEA,Distributor,Strategic,2890.62,2194.53,24.08,132,289678.1
ORD-004590,2025-10-01,Industrial,IND-009,North America,Distributor,Transactional,2890.62,2633.01,8.91,72,189576.45
ORD-004591,2025-10-01,Industrial,IND-009,North America,Direct,Strategic,2890.62,2429.26,15.96,128,310945.15
ORD-004592,2025-10-01,Industrial,IND-009,EMEA,Distributor,Standard,2890.62,2481.92,14.14,121,300312.23
ORD-004593,2025-10-01,Industrial,IND-009,APAC,Direct,Standard,2890.62,2467.37,14.64,55,135705.44
ORD-004594,2025-10-01,Industrial,IND-009,North America,Distributor,Transactional,2890.62,2560.54,11.42,54,138269.16
ORD-004595,2025-10-01,Industrial,IND-009,North America,Distributor,Standard,2890.62,2387.32,17.41,159,379584.13
ORD-004596,2025-10-01,Industrial,IND-009,EMEA,Direct,Transactional,2890.62,2658.24,8.04,71,188735.29
ORD-004597,2025-10-01,Industrial,IND-009,North America,Direct,Transactional,2890.62,2766.76,4.29,90,249007.96
ORD-004598,2025-10-01,Industrial,IND-009,North America,Direct,Strategic,2890.62,2358.87,18.4,93,219375.23
ORD-004599,2025-10-01,Industrial,IND-009,North America,Direct,Transactional,2890.62,2674.06,7.49,52,139051.14
ORD-004600,2025-10-01,Industrial,IND-009,EMEA,Direct,Transactional,2890.62,2705.7,6.4,71,192104.8
ORD-004601,2025-10-01,Industrial,IND-009,APAC,Direct,Strategic,2890.62,2260.48,21.8,92,207963.71
ORD-004602,2025-10-01,Industrial,IND-009,North America,Direct,Standard,2890.62,2648.38,8.38,63,166847.77
ORD-004603,2025-10-01,Industrial,IND-009,North America,Distributor,Standard,2890.62,2507.75,13.25,96,240743.64
ORD-004604,2025-10-01,Industrial,IND-009,APAC,Distributor,Transactional,2890.62,2544.42,11.98,59,150120.7
ORD-004605,2025-10-01,Industrial,IND-009,EMEA,Distributor,Strategic,2890.62,2271.97,21.4,120,272636.1
ORD-004606,2025-10-01,Industrial,IND-009,EMEA,Distributor,Transactional,2890.62,2525.51,12.63,64,161632.36
ORD-004607,2025-10-01,Industrial,IND-009,EMEA,Direct,Standard,2890.62,2620.69,9.34,65,170344.83
ORD-004608,2025-10-01,Industrial,IND-010,North America,Distributor,Standard,373.18,316.69,15.14,100,31669.36
ORD-004609,2025-10-01,Industrial,IND-010,EMEA,Distributor,Transactional,373.18,337.31,9.61,109,36767.07
ORD-004610,2025-10-01,Industrial,IND-010,APAC,Direct,Standard,373.18,328.25,12.04,64,21008.15
ORD-004611,2025-10-01,Industrial,IND-010,North America,Direct,Strategic,373.18,304.66,18.36,132,40215.14
ORD-004612,2025-10-01,Industrial,IND-010,North America,Distributor,Standard,373.18,321.98,13.72,76,24470.2
ORD-004613,2025-10-01,Industrial,IND-010,APAC,Direct,Standard,373.18,319.86,14.29,79,25268.91
ORD-004614,2025-10-01,Industrial,IND-010,North America,Distributor,Standard,373.18,324.63,13.01,122,39605.18
ORD-004615,2025-10-01,Industrial,IND-010,EMEA,Direct,Standard,373.18,324.32,13.09,71,23026.79
ORD-004616,2025-10-01,Industrial,IND-010,APAC,Direct,Strategic,373.18,298.05,20.13,91,27122.14
ORD-004617,2025-10-01,Industrial,IND-010,APAC,Distributor,Standard,373.18,307.47,17.61,103,31668.97
ORD-004618,2025-10-01,Industrial,IND-010,EMEA,Direct,Transactional,373.18,353.28,5.33,80,28262.09
ORD-004619,2025-10-01,Industrial,IND-010,EMEA,Direct,Strategic,373.18,298.44,20.03,84,25069.2
ORD-004620,2025-10-01,Industrial,IND-010,APAC,Direct,Standard,373.18,323.75,13.25,93,30108.37
ORD-004621,2025-10-01,Industrial,IND-010,North America,Direct,Transactional,373.18,346.23,7.22,70,24236.26
ORD-004622,2025-10-01,Industrial,IND-010,North America,Direct,Transactional,373.18,352.22,5.62,59,20781.27
ORD-004623,2025-10-01,Industrial,IND-010,APAC,Direct,Transactional,373.18,344.84,7.6,52,17931.58
ORD-004624,2025-10-01,Industrial,IND-010,APAC,Direct,Transactional,373.18,343.05,8.07,34,11663.8
ORD-004625,2025-10-01,Industrial,IND-010,North America,Direct,Standard,373.18,324.21,13.12,116,37608.79
ORD-004626,2025-10-01,Food & Beverage,FOO-001,North America,Distributor,Transactional,2960.39,2633.49,11.04,94,247547.84
ORD-004627,2025-10-01,Food & Beverage,FOO-001,North America,Distributor,Standard,2960.39,2529.25,14.56,100,252925.37
ORD-004628,2025-10-01,Food & Beverage,FOO-001,APAC,Direct,Strategic,2960.39,2441.79,17.52,77,188017.94
ORD-004629,2025-10-01,Food & Beverage,FOO-001,APAC,Distributor,Standard,2960.39,2492.69,15.8,64,159532.44
ORD-004630,2025-10-01,Food & Beverage,FOO-001,APAC,Direct,Transactional,2960.39,2762.99,6.67,48,132623.45
ORD-004631,2025-10-01,Food & Beverage,FOO-001,North America,Direct,Standard,2960.39,2705.95,8.59,128,346361.94
ORD-004632,2025-10-01,Food & Beverage,FOO-001,EMEA,Direct,Strategic,2960.39,2378.79,19.65,90,214090.78
ORD-004633,2025-10-01,Food & Beverage,FOO-001,APAC,Direct,Standard,2960.39,2569.5,13.2,72,185004.28
ORD-004634,2025-10-01,Food & Beverage,FOO-001,APAC,Distributor,Transactional,2960.39,2632.87,11.06,48,126377.98
ORD-004635,2025-10-01,Food & Beverage,FOO-001,APAC,Direct,Strategic,2960.39,2356.65,20.39,93,219168.75
ORD-004636,2025-10-01,Food & Beverage,FOO-001,North America,Distributor,Transactional,2960.39,2523.25,14.77,107,269988.27
ORD-004637,2025-10-01,Food & Beverage,FOO-001,EMEA,Distributor,Standard,2960.39,2481.22,16.19,120,297746.69
ORD-004638,2025-10-01,Food & Beverage,FOO-001,EMEA,Direct,Transactional,2960.39,2730.69,7.76,55,150188.15
ORD-004639,2025-10-01,Food & Beverage,FOO-001,North America,Direct,Standard,2960.39,2634.01,11.02,115,302911.51
ORD-004640,2025-10-01,Food & Beverage,FOO-001,EMEA,Direct,Standard,2960.39,2667.71,9.89,76,202745.77
ORD-004641,2025-10-01,Food & Beverage,FOO-001,EMEA,Distributor,Transactional,2960.39,2654.9,10.32,86,228321.5
ORD-004642,2025-10-01,Food & Beverage,FOO-001,EMEA,Direct,Standard,2960.39,2668.2,9.87,56,149419.24
ORD-004643,2025-10-01,Food & Beverage,FOO-001,North America,Distributor,Strategic,2960.39,2311.36,21.92,118,272740.58
ORD-004644,2025-10-01,Food & Beverage,FOO-001,North America,Direct,Transactional,2960.39,2759.53,6.78,67,184888.67
ORD-004645,2025-10-01,Food & Beverage,FOO-001,North America,Distributor,Transactional,2960.39,2618.96,11.53,40,104758.33
ORD-004646,2025-10-01,Food & Beverage,FOO-001,APAC,Direct,Standard,2960.39,2500.9,15.52,89,222580.28
ORD-004647,2025-10-01,Food & Beverage,FOO-001,North America,Direct,Standard,2960.39,2641.18,10.78,77,203370.72
ORD-004648,2025-10-01,Food & Beverage,FOO-001,North America,Distributor,Standard,2960.39,2502.62,15.46,111,277790.71
ORD-004649,2025-10-01,Food & Beverage,FOO-002,EMEA,Direct,Transactional,945.29,871.04,7.85,56,48778.5
ORD-004650,2025-10-01,Food & Beverage,FOO-002,EMEA,Distributor,Transactional,945.29,827.36,12.47,42,34749.33
ORD-004651,2025-10-01,Food & Beverage,FOO-002,EMEA,Distributor,Transactional,945.29,836.29,11.53,48,40141.83
ORD-004652,2025-10-01,Food & Beverage,FOO-002,APAC,Distributor,Standard,945.29,806.89,14.64,80,64551.0
ORD-004653,2025-10-01,Food & Beverage,FOO-002,North America,Distributor,Standard,945.29,796.9,15.7,94,74908.27
ORD-004654,2025-10-01,Food & Beverage,FOO-002,APAC,Direct,Standard,945.29,792.15,16.2,70,55450.73
ORD-004655,2025-10-01,Food & Beverage,FOO-002,EMEA,Distributor,Standard,945.29,819.35,13.32,113,92586.91
ORD-004656,2025-10-01,Food & Beverage,FOO-002,APAC,Direct,Standard,945.29,819.2,13.34,49,40140.82
ORD-004657,2025-10-01,Food & Beverage,FOO-002,APAC,Direct,Strategic,945.29,751.42,20.51,111,83407.18
ORD-004658,2025-10-01,Food & Beverage,FOO-002,EMEA,Direct,Standard,945.29,820.25,13.23,74,60698.26
ORD-004659,2025-10-01,Food & Beverage,FOO-002,North America,Distributor,Standard,945.29,811.24,14.18,66,53541.74
ORD-004660,2025-10-01,Food & Beverage,FOO-002,EMEA,Direct,Transactional,945.29,872.41,7.71,50,43620.66
ORD-004661,2025-10-01,Food & Beverage,FOO-002,APAC,Distributor,Standard,945.29,796.97,15.69,65,51803.32
ORD-004662,2025-10-01,Food & Beverage,FOO-002,EMEA,Distributor,Strategic,945.29,726.8,23.11,140,101751.36
ORD-004663,2025-10-01,Food & Beverage,FOO-002,APAC,Distributor,Standard,945.29,791.56,16.26,61,48285.03
ORD-004664,2025-10-01,Food & Beverage,FOO-002,North America,Distributor,Transactional,945.29,831.84,12.0,87,72370.13
ORD-004665,2025-10-01,Food & Beverage,FOO-002,APAC,Distributor,Strategic,945.29,687.1,27.31,124,85199.86
ORD-004666,2025-10-01,Food & Beverage,FOO-002,EMEA,Distributor,Standard,945.29,767.1,18.85,99,75943.34
ORD-004667,2025-10-01,Food & Beverage,FOO-002,EMEA,Direct,Standard,945.29,842.55,10.87,51,42969.82
ORD-004668,2025-10-01,Food & Beverage,FOO-003,EMEA,Direct,Transactional,458.95,431.96,5.88,69,29805.45
ORD-004669,2025-10-01,Food & Beverage,FOO-003,EMEA,Direct,Transactional,458.95,434.67,5.29,57,24776.11
ORD-004670,2025-10-01,Food & Beverage,FOO-003,EMEA,Direct,Transactional,458.95,417.31,9.07,53,22117.64
ORD-004671,2025-10-01,Food & Beverage,FOO-003,EMEA,Direct,Standard,458.95,416.55,9.24,70,29158.38
ORD-004672,2025-10-01,Food & Beverage,FOO-003,North America,Direct,Standard,458.95,410.27,10.61,90,36924.65
ORD-004673,2025-10-01,Food & Beverage,FOO-003,EMEA,Direct,Transactional,458.95,428.24,6.69,54,23125.2
ORD-004674,2025-10-01,Food & Beverage,FOO-003,North America,Direct,Transactional,458.95,434.21,5.39,50,21710.71
ORD-004675,2025-10-01,Food & Beverage,FOO-003,North America,Distributor,Standard,458.95,392.88,14.4,63,24751.59
ORD-004676,2025-10-01,Food & Beverage,FOO-003,North America,Direct,Standard,458.95,403.8,12.02,121,48860.26
ORD-004677,2025-10-01,Food & Beverage,FOO-003,APAC,Distributor,Strategic,458.95,344.11,25.02,74,25463.94
ORD-004678,2025-10-01,Food & Beverage,FOO-003,North America,Distributor,Standard,458.95,394.49,14.05,142,56016.92
ORD-004679,2025-10-01,Food & Beverage,FOO-003,APAC,Direct,Transactional,458.95,413.14,9.98,44,18177.96
ORD-004680,2025-10-01,Food & Beverage,FOO-003,EMEA,Direct,Standard,458.95,397.59,13.37,108,42940.03
ORD-004681,2025-10-01,Food & Beverage,FOO-003,EMEA,Direct,Transactional,458.95,430.73,6.15,59,25412.89
ORD-004682,2025-10-01,Food & Beverage,FOO-003,EMEA,Direct,Transactional,458.95,423.7,7.68,58,24574.84
ORD-004683,2025-10-01,Food & Beverage,FOO-004,EMEA,Distributor,Transactional,4534.31,3995.55,11.88,55,219755.39
ORD-004684,2025-10-01,Food & Beverage,FOO-004,APAC,Direct,Transactional,4534.31,4137.42,8.75,56,231695.43
ORD-004685,2025-10-01,Food & Beverage,FOO-004,EMEA,Distributor,Strategic,4534.31,3444.74,24.03,151,520155.22
ORD-004686,2025-10-01,Food & Beverage,FOO-004,EMEA,Distributor,Standard,4534.31,3775.19,16.74,118,445472.8
ORD-004687,2025-10-01,Food & Beverage,FOO-004,North America,Direct,Standard,4534.31,4057.7,10.51,101,409827.97
ORD-004688,2025-10-01,Food & Beverage,FOO-004,North America,Direct,Strategic,4534.31,3627.05,20.01,93,337315.54
ORD-004689,2025-10-01,Food & Beverage,FOO-004,APAC,Distributor,Strategic,4534.31,3390.0,25.24,97,328829.77
ORD-004690,2025-10-01,Food & Beverage,FOO-004,North America,Distributor,Standard,4534.31,3962.14,12.62,75,297160.63
ORD-004691,2025-10-01,Food & Beverage,FOO-004,APAC,Direct,Transactional,4534.31,4154.62,8.37,41,170339.58
ORD-004692,2025-10-01,Food & Beverage,FOO-004,EMEA,Direct,Transactional,4534.31,4214.35,7.06,44,185431.61
ORD-004693,2025-10-01,Food & Beverage,FOO-004,APAC,Direct,Transactional,4534.31,4140.15,8.69,77,318791.33
ORD-004694,2025-10-01,Food & Beverage,FOO-004,APAC,Distributor,Standard,4534.31,3780.96,16.61,108,408343.79
ORD-004695,2025-10-01,Food & Beverage,FOO-004,North America,Distributor,Strategic,4534.31,3419.56,24.58,128,437703.94
ORD-004696,2025-10-01,Food & Beverage,FOO-004,EMEA,Direct,Transactional,4534.31,4140.37,8.69,36,149053.44
ORD-004697,2025-10-01,Food & Beverage,FOO-004,North America,Direct,Standard,4534.31,4072.33,10.19,71,289135.55
ORD-004698,2025-10-01,Food & Beverage,FOO-005,North America,Distributor,Transactional,4611.53,4033.07,12.54,55,221819.04
ORD-004699,2025-10-01,Food & Beverage,FOO-005,EMEA,Distributor,Strategic,4611.53,3470.13,24.75,115,399065.46
ORD-004700,2025-10-01,Food & Beverage,FOO-005,APAC,Distributor,Standard,4611.53,3957.37,14.19,47,185996.23
ORD-004701,2025-10-01,Food & Beverage,FOO-005,EMEA,Direct,Strategic,4611.53,3744.4,18.8,79,295807.42
ORD-004702,2025-10-01,Food & Beverage,FOO-005,North America,Direct,Transactional,4611.53,4315.98,6.41,73,315066.52
ORD-004703,2025-10-01,Food & Beverage,FOO-005,EMEA,Direct,Standard,4611.53,4184.28,9.26,93,389138.3
ORD-004704,2025-10-01,Food & Beverage,FOO-005,APAC,Direct,Standard,4611.53,4149.03,10.03,58,240643.88
ORD-004705,2025-10-01,Food & Beverage,FOO-005,EMEA,Distributor,Standard,4611.53,4013.53,12.97,100,401352.79
ORD-004706,2025-10-01,Food & Beverage,FOO-005,North America,Direct,Standard,4611.53,4199.21,8.94,87,365331.56
ORD-004707,2025-10-01,Food & Beverage,FOO-005,EMEA,Distributor,Strategic,4611.53,3523.59,23.59,99,348835.39
ORD-004708,2025-10-01,Food & Beverage,FOO-005,APAC,Distributor,Strategic,4611.53,3386.38,26.57,61,206569.31
ORD-004709,2025-10-01,Food & Beverage,FOO-005,APAC,Distributor,Transactional,4611.53,4189.92,9.14,58,243015.42
ORD-004710,2025-10-01,Food & Beverage,FOO-005,North America,Distributor,Standard,4611.53,3924.65,14.89,97,380690.91
ORD-004711,2025-10-01,Food & Beverage,FOO-005,EMEA,Direct,Standard,4611.53,4135.99,10.31,95,392918.84
ORD-004712,2025-10-01,Food & Beverage,FOO-005,North America,Direct,Strategic,4611.53,3713.18,19.48,67,248782.76
ORD-004713,2025-10-01,Food & Beverage,FOO-005,North America,Direct,Transactional,4611.53,4217.85,8.54,59,248853.27
ORD-004714,2025-10-01,Food & Beverage,FOO-005,EMEA,Distributor,Transactional,4611.53,4027.68,12.66,72,289992.66
ORD-004715,2025-10-01,Food & Beverage,FOO-005,EMEA,Direct,Standard,4611.53,4052.45,12.12,97,393087.39
ORD-004716,2025-10-01,Food & Beverage,FOO-005,North America,Direct,Standard,4611.53,4145.7,10.1,83,344093.44
ORD-004717,2025-10-01,Food & Beverage,FOO-006,North America,Direct,Transactional,3886.52,3549.37,8.67,61,216511.61
ORD-004718,2025-10-01,Food & Beverage,FOO-006,APAC,Distributor,Strategic,3886.52,2913.78,25.03,106,308860.5
ORD-004719,2025-10-01,Food & Beverage,FOO-006,North America,Direct,Transactional,3886.52,3601.2,7.34,79,284494.68
ORD-004720,2025-10-01,Food & Beverage,FOO-006,EMEA,Distributor,Strategic,3886.52,2930.42,24.6,111,325277.13
ORD-004721,2025-10-01,Food & Beverage,FOO-006,EMEA,Direct,Transactional,3886.52,3595.18,7.5,61,219306.07
ORD-004722,2025-10-01,Food & Beverage,FOO-006,EMEA,Distributor,Strategic,3886.52,2980.25,23.32,99,295044.9
ORD-004723,2025-10-01,Food & Beverage,FOO-006,North America,Distributor,Transactional,3886.52,3443.15,11.41,71,244463.82
ORD-004724,2025-10-01,Food & Beverage,FOO-006,APAC,Direct,Standard,3886.52,3418.01,12.05,54,184572.62
ORD-004725,2025-10-01,Food & Beverage,FOO-006,EMEA,Direct,Standard,3886.52,3409.34,12.28,78,265928.42
ORD-004726,2025-10-01,Food & Beverage,FOO-006,North America,Direct,Transactional,3886.52,3626.64,6.69,49,177705.14
ORD-004727,2025-10-01,Food & Beverage,FOO-006,APAC,Distributor,Transactional,3886.52,3370.57,13.28,47,158416.57
ORD-004728,2025-10-01,Food & Beverage,FOO-006,North America,Distributor,Standard,3886.52,3389.38,12.79,137,464345.14
ORD-004729,2025-10-01,Food & Beverage,FOO-007,North America,Direct,Transactional,1563.57,1435.94,8.16,63,90464.32
ORD-004730,2025-10-01,Food & Beverage,FOO-007,EMEA,Distributor,Transactional,1563.57,1400.24,10.45,90,126021.65
ORD-004731,2025-10-01,Food & Beverage,FOO-007,APAC,Direct,Strategic,1563.57,1277.78,18.28,84,107333.82
ORD-004732,2025-10-01,Food & Beverage,FOO-007,North America,Distributor,Standard,1563.57,1345.12,13.97,83,111644.65
ORD-004733,2025-10-01,Food & Beverage,FOO-007,EMEA,Distributor,Transactional,1563.57,1453.98,7.01,78,113410.56
ORD-004734,2025-10-01,Food & Beverage,FOO-007,North America,Distributor,Transactional,1563.57,1402.51,10.3,78,109395.89
ORD-004735,2025-10-01,Food & Beverage,FOO-007,APAC,Direct,Standard,1563.57,1335.1,14.61,69,92121.91
ORD-004736,2025-10-01,Food & Beverage,FOO-007,EMEA,Distributor,Transactional,1563.57,1397.24,10.64,66,92217.71
ORD-004737,2025-10-01,Food & Beverage,FOO-007,EMEA,Direct,Strategic,1563.57,1298.58,16.95,134,174010.19
ORD-004738,2025-10-01,Food & Beverage,FOO-007,APAC,Direct,Transactional,1563.57,1372.85,12.2,96,131793.57
ORD-004739,2025-10-01,Food & Beverage,FOO-007,APAC,Direct,Strategic,1563.57,1237.92,20.83,50,61895.77
ORD-004740,2025-10-01,Food & Beverage,FOO-007,EMEA,Distributor,Standard,1563.57,1339.68,14.32,93,124590.66
ORD-004741,2025-10-01,Food & Beverage,FOO-007,North America,Direct,Standard,1563.57,1400.73,10.41,85,119062.46
ORD-004742,2025-10-01,Food & Beverage,FOO-007,APAC,Distributor,Standard,1563.57,1332.77,14.76,87,115951.27
ORD-004743,2025-10-01,Food & Beverage,FOO-007,North America,Distributor,Transactional,1563.57,1382.2,11.6,81,111958.4
ORD-004744,2025-10-01,Food & Beverage,FOO-007,APAC,Direct,Standard,1563.57,1396.25,10.7,79,110303.7
ORD-004745,2025-10-01,Food & Beverage,FOO-007,EMEA,Direct,Strategic,1563.57,1258.7,19.5,169,212719.48
ORD-004746,2025-10-01,Food & Beverage,FOO-008,North America,Direct,Strategic,609.37,479.31,21.34,97,46493.1
ORD-004747,2025-10-01,Food & Beverage,FOO-008,APAC,Direct,Transactional,609.37,557.66,8.49,50,27882.84
ORD-004748,2025-10-01,Food & Beverage,FOO-008,APAC,Direct,Standard,609.37,536.14,12.02,78,41818.86
ORD-004749,2025-10-01,Food & Beverage,FOO-008,EMEA,Distributor,Standard,609.37,533.6,12.43,75,40020.11
ORD-004750,2025-10-01,Food & Beverage,FOO-008,APAC,Direct,Strategic,609.37,475.4,21.98,99,47064.84
ORD-004751,2025-10-01,Food & Beverage,FOO-008,North America,Distributor,Strategic,609.37,463.9,23.87,147,68193.5
ORD-004752,2025-10-01,Food & Beverage,FOO-008,EMEA,Direct,Strategic,609.37,473.92,22.23,105,49761.64
ORD-004753,2025-10-01,Food & Beverage,FOO-008,EMEA,Distributor,Transactional,609.37,558.46,8.35,44,24572.08
ORD-004754,2025-10-01,Food & Beverage,FOO-008,North America,Distributor,Transactional,609.37,547.11,10.22,80,43768.68
ORD-004755,2025-10-01,Food & Beverage,FOO-008,EMEA,Direct,Standard,609.37,534.96,12.21,90,48146.38
ORD-004756,2025-10-01,Food & Beverage,FOO-008,North America,Distributor,Standard,609.37,522.01,14.34,89,46459.15
ORD-004757,2025-10-01,Food & Beverage,FOO-008,North America,Direct,Standard,609.37,530.51,12.94,64,33952.58
ORD-004758,2025-10-01,Food & Beverage,FOO-009,North America,Distributor,Standard,3314.0,2892.86,12.71,85,245892.89
ORD-004759,2025-10-01,Food & Beverage,FOO-009,North America,Distributor,Standard,3314.0,2789.14,15.84,101,281703.11
ORD-004760,2025-10-01,Food & Beverage,FOO-009,EMEA,Direct,Standard,3314.0,2979.92,10.08,63,187734.71
ORD-004761,2025-10-01,Food & Beverage,FOO-009,North America,Direct,Transactional,3314.0,3045.38,8.11,90,274084.16
ORD-004762,2025-10-01,Food & Beverage,FOO-009,APAC,Distributor,Transactional,3314.0,2929.72,11.6,59,172853.49
ORD-004763,2025-10-01,Food & Beverage,FOO-009,North America,Distributor,Transactional,3314.0,2909.97,12.19,94,273536.77
ORD-004764,2025-10-01,Food & Beverage,FOO-009,EMEA,Distributor,Transactional,3314.0,2962.58,10.6,65,192567.78
ORD-004765,2025-10-01,Food & Beverage,FOO-009,North America,Distributor,Standard,3314.0,2832.2,14.54,68,192589.61
ORD-004766,2025-10-01,Food & Beverage,FOO-009,North America,Distributor,Standard,3314.0,2824.39,14.77,93,262668.46
ORD-004767,2025-10-01,Food & Beverage,FOO-009,EMEA,Distributor,Standard,3314.0,2766.08,16.53,75,207455.97
ORD-004768,2025-10-01,Food & Beverage,FOO-009,North America,Distributor,Transactional,3314.0,2935.03,11.44,46,135011.19
ORD-004769,2025-10-01,Food & Beverage,FOO-009,North America,Direct,Transactional,3314.0,3117.65,5.92,70,218235.3
ORD-004770,2025-10-01,Food & Beverage,FOO-009,EMEA,Distributor,Standard,3314.0,2846.04,14.12,83,236220.95
ORD-004771,2025-10-01,Food & Beverage,FOO-009,EMEA,Direct,Standard,3314.0,3006.27,9.29,106,318665.0
ORD-004772,2025-10-01,Food & Beverage,FOO-010,North America,Direct,Standard,2188.54,1964.78,10.22,76,149323.48
ORD-004773,2025-10-01,Food & Beverage,FOO-010,APAC,Direct,Strategic,2188.54,1715.84,21.6,154,264238.95
ORD-004774,2025-10-01,Food & Beverage,FOO-010,EMEA,Distributor,Standard,2188.54,1844.16,15.74,77,142000.36
ORD-004775,2025-10-01,Food & Beverage,FOO-010,North America,Direct,Standard,2188.54,1951.19,10.85,92,179509.51
ORD-004776,2025-10-01,Food & Beverage,FOO-010,EMEA,Distributor,Standard,2188.54,1885.58,13.84,90,169702.2
ORD-004777,2025-10-01,Food & Beverage,FOO-010,EMEA,Direct,Standard,2188.54,1944.68,11.14,70,136127.92
ORD-004778,2025-10-01,Food & Beverage,FOO-010,EMEA,Direct,Strategic,2188.54,1774.56,18.92,135,239565.03
ORD-004779,2025-10-01,Food & Beverage,FOO-010,EMEA,Direct,Strategic,2188.54,1770.35,19.11,135,238997.75
ORD-004780,2025-10-01,Food & Beverage,FOO-010,EMEA,Direct,Transactional,2188.54,2011.98,8.07,62,124742.58
ORD-004781,2025-10-01,Food & Beverage,FOO-010,EMEA,Direct,Standard,2188.54,1977.26,9.65,76,150272.13
ORD-004782,2025-10-01,Food & Beverage,FOO-010,EMEA,Distributor,Transactional,2188.54,1920.38,12.25,68,130585.77
ORD-004783,2025-10-01,Food & Beverage,FOO-010,North America,Distributor,Standard,2188.54,1862.57,14.89,137,255171.54
ORD-004784,2025-10-01,Food & Beverage,FOO-010,North America,Distributor,Transactional,2188.54,1957.68,10.55,79,154656.33
ORD-004785,2025-10-01,Food & Beverage,FOO-010,North America,Distributor,Transactional,2188.54,1937.83,11.46,65,125958.66
ORD-004786,2025-10-01,Food & Beverage,FOO-010,EMEA,Direct,Standard,2188.54,1943.02,11.22,110,213732.71
ORD-004787,2025-10-01,Food & Beverage,FOO-010,EMEA,Direct,Strategic,2188.54,1729.58,20.97,105,181605.53
